    Finished `test` profile [unoptimized + debuginfo] target(s) in 0.44s
     Running unittests src/lib.rs (/target/debug/deps/rax-094640fccc97af0f)

running 7554 tests
test backend::emulator::aarch32::tests::state_round_trips_banked_and_system_registers ... ok
test backend::emulator::aarch32::tests::svc_is_taken_through_the_vector_table ... ok
test backend::emulator::aarch32::tests::wfi_halts_until_woken ... ok
test backend::emulator::aarch32::tests::undefined_instructions_are_returned_without_retiring ... ok
test backend::emulator::aarch32::tests::thumb_instructions_advance_by_their_length ... ok
test backend::emulator::aarch32::tests::code_and_data_anywhere_in_guest_memory_are_used ... ok
test backend::emulator::aarch32::tests::unmapped_accesses_fault_at_the_first_missing_byte_without_retiring ... ok
test backend::emulator::aarch64::tests::seeded_thread_id_registers_are_guest_visible ... ok
test backend::emulator::aarch64::tests::set_state_round_trips_modeled_sregs ... ok
test backend::emulator::aarch64::tests::ordinary_machine_delivers_unmapped_fault_to_guest ... ok
test backend::emulator::aarch64::tests::guest_thread_id_writes_are_reflected_in_state ... ok
test backend::emulator::aarch64::tests::fault_exit_preserves_system_delivery_for_other_events ... ok
test backend::emulator::aarch64::user_tests::a_crossing_store_that_faults_publishes_nothing ... ok
test backend::emulator::aarch64::user_tests::floating_point_is_enabled_at_el0 ... ok
test backend::emulator::aarch64::user_tests::translate_addr_applies_the_user_translation ... ok
test backend::emulator::aarch64::user_tests::new_user_executes_at_el0t ... ok
test backend::emulator::aarch64::user_tests::svc_retires_and_reports_a_system_call_with_the_pc_past_it ... ok
test backend::emulator::aarch64::user_tests::run_stops_at_the_system_call ... ok
test backend::emulator::aarch64::user_tests::page_permissions_are_enforced_with_the_exact_address ... ok
test backend::emulator::aarch64::user_tests::memory_recording_reports_user_accesses ... ok
test backend::emulator::aarch64::user_tests::brk_reports_a_breakpoint_exception_without_retiring ... ok
test backend::emulator::aarch64::user_tests::undefined_encodings_report_an_unknown_reason_exception ... ok
test backend::emulator::cortex_m::tests::state_round_trips_special_and_system_registers ... ok
test backend::emulator::cortex_m::tests::wfi_waits_until_woken ... ok
test backend::emulator::cortex_m::tests::unaligned_trap_applies_to_word_loads ... ok
test backend::emulator::cortex_m::tests::thumb_and_thumb2_code_executes_from_guest_memory ... ok
test backend::emulator::cortex_m::tests::bkpt_escalates_to_hardfault_returning_to_itself ... ok
test backend::emulator::cortex_m::tests::svc_that_cannot_preempt_escalates_to_hardfault ... ok
test backend::emulator::cortex_m::tests::process_stack_frames_and_exc_return ... ok
test backend::emulator::cortex_m::tests::exception_entry_realigns_the_stack_and_return_undoes_it ... ok
test backend::emulator::cortex_m::tests::imported_handler_mode_can_return ... ok
test backend::emulator::cortex_m::tests::enabled_usage_fault_reports_division_by_zero ... ok
test backend::emulator::cortex_m::tests::svc_enters_svcall_and_bx_lr_returns ... ok
test backend::emulator::cortex_m::tests::memory_faults_and_undefined_instructions_return_to_the_embedder ... ok
test backend::emulator::cortex_m::tests::illegal_exc_return_takes_invpc ... ok
test backend::emulator::cortex_m::tests::a_fault_at_hardfault_priority_locks_up ... ok
test config::tests::address_parses_hex_and_decimal ... ok
test config::tests::from_checkpoint_allows_cli_memory_override_after_metadata_match ... ok
test config::tests::from_checkpoint_rejects_oversized_embedded_memory ... ok
test config::tests::from_checkpoint_rejects_config_memory_mismatch ... ok
test config::tests::memory_size_parses_units ... ok
test config::tests::memory_size_rejects_bad_values ... ok
test devices::ac97::tests::control_register_bits_and_run ... ok
test devices::ac97::tests::bdbar_programming_byte_wise_and_alignment ... ok
test devices::ac97::tests::codec_ready_on_reset ... ok
test devices::ac97::tests::control_reset_bit_self_clears_and_resets_channel ... ok
test devices::ac97::tests::lvi_programming_and_civ_readonly ... ok
test devices::ac97::tests::global_control_and_status ... ok
test devices::ac97::tests::master_volume_read_write_and_mute_bit ... ok
test devices::ac97::tests::mono_volume_masks_to_mono_field ... ok
test devices::ac97::tests::nabm_channel_decode ... ok
test devices::ac97::tests::pcm_out_dma_fault_sets_fifo_error ... ok
test devices::ac97::tests::pcm_out_engine_idle_when_not_running ... ok
test devices::ac97::tests::lvi_write_while_running_clears_halt ... ok
test devices::ac97::tests::pcm_out_plays_buffers_and_advances_civ ... ok
test devices::ac97::tests::record_select_and_gain_general_purpose_rw ... ok
test devices::ac97::tests::pio_word_access_mixer ... ok
test devices::ac97::tests::pio_out_of_range_reads_ff ... ok
test devices::ac97::tests::pio_nabm_access ... ok
test devices::ac97::tests::reset_register_reports_capabilities ... ok
test devices::ac97::tests::vendor_id_registers ... ok
test devices::ac97::tests::volume_reserved_bits_masked_off ... ok
test devices::ac97::tests::writing_reset_register_restores_defaults ... ok
test devices::ac97::tests::status_rwc_bits_write_one_to_clear ... ok
test devices::ahci::tests::cap_reports_capabilities ... ok
test devices::ahci::tests::cap2_reads_zero ... ok
test devices::ahci::tests::cap_pi_vs_are_read_only ... ok
test devices::ahci::tests::disk_capacity ... ok
test devices::ahci::tests::fis_h2d_parse ... ok
test devices::ahci::tests::command_header_parse ... ok
test backend::emulator::riscv::cpu::state_tests::default_fields_leave_the_hart_unchanged ... ok
test backend::emulator::riscv::cpu::state_tests::privilege_csrs_and_vectors_round_trip ... ok
test backend::emulator::riscv::cpu::user_tests::translate_addr_applies_the_user_translation ... ok
test devices::ahci::tests::ghc_ae_and_ie_writable ... ok
test devices::ahci::tests::ghc_hr_resets_and_self_clears ... ok
test devices::ahci::tests::port_signature_is_sata_disk ... ok
test devices::ahci::tests::port_ssts_reports_device_present ... ok
test devices::ahci::tests::ports_implemented_is_port0 ... ok
test devices::ahci::tests::port_tfd_reports_ready ... ok
test devices::ahci::tests::ci_does_not_run_without_st ... ok
test devices::ahci::tests::pxcmd_st_fre_drive_cr_fr ... ok
test devices::ahci::tests::prd_parse_byte_count_is_one_based ... ok
test devices::ahci::tests::pxclb_pxfb_programming ... ok
test devices::ahci::tests::version_is_1_3 ... ok
test devices::ahci::tests::pxis_pxserr_write_one_clear ... ok
test backend::emulator::riscv::cpu::user_tests::run_stops_at_the_system_call ... ok
test backend::emulator::riscv::cpu::user_tests::user_mode_has_no_device_windows ... ok
test backend::emulator::riscv::cpu::user_tests::ebreak_reports_a_breakpoint_without_retiring ... ok
test backend::emulator::riscv::cpu::user_tests::ecall_reports_a_system_call_and_resumes_after_it ... ok
test devices::ahci::tests::read_dma_ext_out_of_range_errors ... ok
test backend::emulator::riscv::cpu::user_tests::a_crossing_store_that_faults_publishes_nothing ... ok
test backend::emulator::riscv::cpu::user_tests::illegal_and_privileged_instructions_stay_in_u_mode ... ok
test backend::emulator::riscv::cpu::user_tests::page_permissions_are_enforced_with_the_exact_address ... ok
test devices::bus::mmio_tests::mmio_register_rejects_overlap ... ok
test devices::dma::tests::clear_flip_flop_command ... ok
test devices::bus::mmio_tests::mmio_read_write_dispatches ... ok
test devices::bus::tests::register_rejects_overlap ... ok
test devices::bus::tests::read_write_dispatches ... ok
test devices::dma::tests::address_register_low_high_via_flip_flop ... ok
test devices::dma::tests::flip_flop_independent_per_controller ... ok
test devices::dma::tests::count_register_via_flip_flop ... ok
test devices::dma::tests::controller2_16bit_channel_registers ... ok
test devices::dma::tests::master_clear_resets_flip_flop_and_masks ... ok
test devices::dma::tests::clear_mask_register ... ok
test devices::ahci::tests::pxis_and_hba_is_write_one_clear ... ok
test devices::dma::tests::single_mask_bit ... ok
test devices::ahci::tests::identify_command_round_trip ... ok
test devices::dma::tests::mode_register ... ok
test devices::ahci::tests::read_dma_ext_scatter_gather ... ok
test devices::dma::tests::write_all_mask ... ok
test devices::dma::tests::physical_address_composition ... ok
test devices::ahci::tests::write_then_read_dma_ext_round_trip ... ok
test devices::dma::tests::status_request_bits_and_clear_on_read ... ok
test devices::crypto::tests::sha1_known_vectors ... ok
test devices::dma::tests::page_registers ... ok
test devices::e1000::tests::icr_write_clears_bits ... ok
test devices::e1000::tests::icr_read_clears ... ok
test devices::e1000::tests::eeprom_checksum_word_is_baba ... ok
test devices::e1000::tests::rx_disabled_rejects_frame ... ok
test devices::e1000::tests::mac_shadowed_into_receive_address ... ok
test devices::e1000::tests::rctl_tctl_enable_bits ... ok
test devices::e1000::tests::ctrl_read_write_roundtrip ... ok
test devices::e1000::tests::rx_full_ring_signals_overrun ... ok
test devices::e1000::tests::ims_imc_mask_gating ... ok
test devices::e1000::tests::eerd_reads_mac_words ... ok
test devices::e1000::tests::mta_read_write ... ok
test devices::e1000::tests::rx_then_interrupt_pending_when_unmasked ... ok
test devices::e1000::tests::status_is_link_up_and_read_only ... ok
test devices::e1000::tests::subword_write_preserves_other_bytes ... ok
test devices::e1000::tests::rx_injection_sets_rxt0_and_advances_rdh ... ok
test devices::fdc::tests::chs_to_offset_geometry ... ok
test devices::fdc::tests::image_size_is_1_44mb ... ok
test devices::e1000::tests::tx_disabled_does_nothing ... ok
test devices::fdc::tests::dor_motor_and_drive_select ... ok
test devices::fdc::tests::configure_accepts_params ... ok
test devices::crypto::tests::aes128_cbc_decrypt_nist ... ok
test devices::fdc::tests::read_data_out_of_range_aborts ... ok
test devices::fdc::tests::dumpreg_returns_ten_bytes ... ok
test devices::fdc::tests::invalid_command_returns_st0_invalid ... ok
test devices::crypto::tests::aes128_decrypt_block_fips197 ... ok
test devices::crypto::tests::aes256_decrypt_block_fips197 ... ok
test devices::e1000::tests::tx_multi_descriptor_frame_reassembled ... ok
test devices::e1000::tests::tx_context_descriptor_skipped ... ok
test devices::fdc::tests::reset_pends_four_sense_interrupts_and_irq ... ok
test devices::fdc::tests::recalibrate_then_sense_interrupt ... ok
test devices::fdc::tests::msr_rqm_dio_transitions ... ok
test devices::e1000::tests::tdt_write_drives_tx_processing ... ok
test devices::fdc::tests::version_returns_0x90 ... ok
test devices::fdc::tests::specify_accepts_params ... ok
test devices::fdc::tests::read_data_round_trip ... ok
test devices::fdc::tests::read_id_returns_chs ... ok
test devices::fdc::tests::seek_updates_cylinder ... ok
test backend::emulator::aarch32::tests::thumb_wait_hints_halt ... ok
test devices::fdc::tests::sense_drive_status_reports_track0_and_ready ... ok
test devices::fdc::tests::sense_drive_status_reports_write_protect ... ok
test devices::fdc::tests::write_then_read_back_same_sector ... ok
test devices::fdc::tests::write_data_round_trip ... ok
test devices::hpet::tests::test_32bit_access_split_of_capabilities ... ok
test devices::hpet::tests::test_byte_access_reassembles ... ok
test devices::hpet::tests::test_capabilities_readonly ... ok
test devices::hpet::tests::test_capabilities_layout ... ok
test devices::hpet::tests::test_byte_wise_write_reassembles ... ok
test devices::hpet::tests::test_config_reserved_bits_ignored ... ok
test devices::hpet::tests::test_32bit_write_preserves_other_half ... ok
test devices::hpet::tests::test_counter_write_while_halted ... ok
test devices::hpet::tests::test_config_legacy_routing_bit ... ok
test devices::hpet::tests::test_crossed_helper ... ok
test devices::hpet::tests::test_enable_preserves_exact_counter_crossing_boundary ... ok
test devices::hpet::tests::test_fsb_route_register_stored ... ok
test devices::hpet::tests::test_periodic_rearm_after_large_elapsed_window ... ok
test devices::hpet::tests::test_timer_config_capability_bits_preserved ... ok
test devices::hpet::tests::test_counter_halted_by_default ... ok
test devices::hpet::tests::test_periodic_one_tick_gap_rearms_without_iterating_missed_ticks ... ok
test devices::hpet::tests::test_timers_independent ... ok
test devices::hpet::tests::test_disabled_interrupt_does_not_fire ... ok
test devices::hpet::tests::test_oneshot_fires_and_status_rw1c_clears ... ok
test devices::hpet::tests::test_disable_latches_counter ... ok
test devices::hpet::tests::test_periodic_rearm ... ok
test devices::i8042::tests::i8042_aux_reply_queue_is_bounded ... ok
test devices::i8042::tests::i8042_disable_enable_keyboard ... ok
test devices::i8042::tests::i8042_aux_irq_gated_off_when_disabled ... ok
test devices::i8042::tests::i8042_aux_byte_sets_obf_and_aux_status ... ok
test devices::i8042::tests::i8042_command_byte_write_then_read ... ok
test devices::i8042::tests::i8042_a20_gate_via_output_port ... ok
test devices::i8042::tests::i8042_ibf_stays_clear_during_two_byte_command ... ok
test devices::i8042::tests::i8042_interface_tests_return_zero ... ok
test devices::i8042::tests::i8042_irq1_gated_off_when_disabled ... ok
test devices::hpet::tests::test_enable_starts_counter_and_is_monotonic ... ok
test devices::i8042::tests::i8042_irq1_raised_when_enabled ... ok
test devices::i8042::tests::i8042_keyboard_ack_queue_is_bounded ... ok
test devices::i8042::tests::i8042_keyboard_command_gets_ack ... ok
test devices::i8042::tests::i8042_pulse_0xfe_requests_reset ... ok
test devices::i8042::tests::i8042_reset_via_output_port_bit0_low ... ok
test devices::i8042::tests::i8042_scancode_fifo_sets_obf_and_pops_in_order ... ok
test devices::i8042::tests::i8042_read_output_port ... ok
test devices::i8042::tests::i8042_self_test_returns_0x55 ... ok
test devices::i8042::tests::i8042_unknown_ports_read_ff ... ok
test devices::i8042::tests::mouse_get_device_id_default_is_standard ... ok
test devices::i8042::tests::i8042_write_aux_routes_to_mouse_stream ... ok
test devices::i8042::tests::mouse_no_packet_when_reporting_disabled ... ok
test devices::i8042::tests::mouse_reset_sequence_ack_bat_id ... ok
test devices::i8042::tests::mouse_set_resolution_acks_command_and_param ... ok
test devices::i8042::tests::mouse_remote_mode_read_data_returns_packet ... ok
test devices::i8042::tests::mouse_enable_reporting_then_movement_produces_packet_and_irq12 ... ok
test devices::i8042::tests::mouse_set_sample_rate_acks_command_and_param ... ok
test devices::i8042::tests::mouse_status_request_returns_three_bytes ... ok
test devices::fw_cfg::tests::unknown_selector_reads_zero ... ok
test devices::fw_cfg::tests::id_reads_feature_bitmap_le ... ok
test devices::fw_cfg::tests::add_file_assigns_incrementing_selectors ... ok
test devices::fw_cfg::tests::selector_write_resets_offset ... ok
test devices::fw_cfg::tests::add_bytes_round_trip_via_selector_and_data ... ok
test devices::fw_cfg::tests::signature_reads_qemu_byte_by_byte ... ok
test devices::i8042::tests::mouse_intellimouse_magic_sequence_switches_id_and_packet_size ... ok
test devices::i8042::tests::mouse_simple_commands_each_ack ... ok
test devices::ide::tests::capacity_from_disk_length ... ok
test devices::ide::tests::initial_status_drdy ... ok
test devices::ide::tests::drive_select_reflected_in_register ... ok
test devices::ide::tests::identify_on_slave_aborts ... ok
test devices::ide::tests::unknown_command_aborts ... ok
test devices::fw_cfg::tests::add_file_appears_in_directory_with_be_size_and_select ... ok
test devices::ide::tests::read_out_of_range_aborts ... ok
test devices::ide::tests::srst_resets_signature ... ok
test devices::ide::tests::secondary_channel_ports ... ok
test devices::ide::tests::nien_masks_interrupt ... ok
test devices::ioapic::tests::test_rte_readonly_bits_preserved ... ok
test devices::ioapic::tests::test_ioregsel_iowin_indirect_access ... ok
test devices::ioapic::tests::test_rte_low_high_half_write_readback ... ok
test devices::ioapic::tests::test_id_only_writable_bits ... ok
test devices::ioapic::tests::test_set_irq_out_of_range_ignored ... ok
test devices::ioapic::tests::test_byte_access_widths ... ok
test devices::ide::tests::lba28_write_sector_round_trip ... ok
test devices::ioapic::tests::test_mask_gates_delivery ... ok
test devices::ioapic::tests::test_unmask_while_asserted_delivers ... ok
test devices::ioapic::tests::test_version_and_max_redir ... ok
test devices::ioapic::tests::test_version_register_readonly ... ok
test devices::ioapic::tests::test_set_irq_pending_vector ... ok
test devices::lapic::tests::test_apr_rrd_readonly ... ok
test devices::ide::tests::status_bsy_drq_transitions ... ok
test devices::ide::tests::lba28_read_sector_round_trip ... ok
test devices::ide::tests::lba48_read_round_trip ... ok
test devices::lapic::tests::test_ack_interrupt ... ok
test devices::lapic::tests::test_apic_enable_disable ... ok
test devices::ide::tests::write_then_read_back_via_ports ... ok
test devices::ide::tests::multi_sector_read_round_trip ... ok
test devices::lapic::tests::test_dfr_register ... ok
test devices::lapic::tests::test_all_irr_bits ... ok
test devices::lapic::tests::test_eoi_with_empty_isr ... ok
test devices::lapic::tests::test_complex_eoi_with_pending_irr ... ok
test devices::lapic::tests::test_get_pending_vector ... ok
test devices::lapic::tests::test_eoi_any_value ... ok
test devices::lapic::tests::test_eoi_clears_highest_isr ... ok
test devices::lapic::tests::test_esr_register ... ok
test devices::lapic::tests::test_dcr_mask ... ok
test devices::lapic::tests::test_complex_icr_full_64bit ... ok
test devices::ide::tests::atapi_read12_large_request_buffers_only_current_drq_chunk ... ok
test devices::lapic::tests::test_complex_multiple_nmi_pending ... ok
test devices::lapic::tests::test_icr_register ... ok
test devices::lapic::tests::test_invalid_register_offset ... ok
test devices::lapic::tests::test_icr_preserves_written_value ... ok
test devices::lapic::tests::test_id_register_read_write ... ok
test devices::ide::tests::identify_returns_sane_block ... ok
test devices::lapic::tests::test_complex_tpr_affects_ppr ... ok
test devices::lapic::tests::test_ipi_all_excluding_self ... ok
test devices::lapic::tests::test_ipi_all_including_self ... ok
test devices::lapic::tests::test_ipi_logical_destination ... ok
test devices::lapic::tests::test_ipi_logical_no_match ... ok
test devices::lapic::tests::test_ipi_logical_partial_match ... ok
test devices::lapic::tests::test_ipi_init_deassert_ignored ... ok
test devices::lapic::tests::test_ipi_logical_self_match ... ok
test devices::lapic::tests::test_ipi_init ... ok
test devices::lapic::tests::test_ipi_lowest_priority ... ok
test devices::lapic::tests::test_ipi_physical_destination ... ok
test devices::lapic::tests::test_ipi_overwrite_pending ... ok
test devices::lapic::tests::test_ipi_rapid_succession ... ok
test devices::lapic::tests::test_ipi_self_nmi ... ok
test devices::lapic::tests::test_ipi_self_fixed ... ok
test devices::lapic::tests::test_ipi_sipi ... ok
test devices::lapic::tests::test_ipi_all_delivery_modes_to_self ... ok
test devices::lapic::tests::test_ipi_smi ... ok
test devices::lapic::tests::test_irr_same_class_different_vectors ... ok
test devices::lapic::tests::test_irr_priority_all_classes ... ok
test devices::lapic::tests::test_isr_tmr_irr_register_indexing ... ok
test devices::lapic::tests::test_isr_tmr_irr_registers ... ok
test devices::lapic::tests::test_ldr_register ... ok
test devices::lapic::tests::test_lvt_registers ... ok
test devices::lapic::tests::test_lvt_all_registers ... ok
test devices::lapic::tests::test_complex_timer_with_interrupts ... ok
test devices::lapic::tests::test_concurrent_ipi_and_timer ... ok
test devices::lapic::tests::test_multiple_interrupts_priority ... ok
test devices::lapic::tests::test_new_lapic_initial_state ... ok
test devices::lapic::tests::test_nested_interrupts_isr_tracking ... ok
test devices::lapic::tests::test_nmi_pending_state ... ok
test devices::lapic::tests::test_physical_self_target ... ok
test devices::lapic::tests::test_lapic_device_write_4byte ... ok
test devices::lapic::tests::test_mmio_device_boundary_addresses ... ok
test devices::lapic::tests::test_lapic_device_read_2byte ... ok
test devices::lapic::tests::test_lapic_device_read_1byte ... ok
test devices::lapic::tests::test_mmio_device_unaligned_read ... ok
test devices::lapic::tests::test_lapic_device_write_1byte ... ok
test devices::lapic::tests::test_mmio_device_write_sizes ... ok
test devices::lapic::tests::test_mmio_device_invalid_size ... ok
test devices::lapic::tests::test_mmio_device_read_sizes ... ok
test devices::lapic::tests::test_new_lapic_with_different_ids ... ok
test devices::lapic::tests::test_lapic_device_read_4byte ... ok
test devices::lapic::tests::test_read_all_irr_registers ... ok
test devices::lapic::tests::test_ppr_with_nested_isr ... ok
test devices::lapic::tests::test_ppr_calculation ... ok
test devices::lapic::tests::test_read_all_isr_registers ... ok
test devices::lapic::tests::test_set_irr ... ok
test devices::lapic::tests::test_spurious_vector_reserved_bits ... ok
test devices::lapic::tests::test_svr_register ... ok
test devices::lapic::tests::test_register_alignment ... ok
test devices::lapic::tests::test_timer_ccr_returns_zero_when_no_initial ... ok
test devices::lapic::tests::test_take_pending_ipi ... ok
test devices::lapic::tests::test_timer_current_count_decreases ... ok
test devices::lapic::tests::test_complex_disable_with_pending ... ok
test devices::lapic::tests::test_read_all_tmr_registers ... ok
test devices::lapic::tests::test_register_gaps_return_zero ... ok
test devices::lapic::tests::test_timer_initial_count_one ... ok
test devices::lapic::tests::test_timer_initial_count_max_value ... ok
test devices::lapic::tests::test_timer_masked ... ok
test devices::lapic::tests::test_sipi_vector_calculation ... ok
test devices::lapic::tests::test_timer_mode_encoding ... ok
test devices::lapic::tests::test_timer_mode_change_while_running ... ok
test devices::lapic::tests::test_timer_initial_count_starts_timer ... ok
test devices::lapic::tests::test_timer_zero_initial_count ... ok
test devices::lapic::tests::test_torture_ipi_storm ... ok
test devices::lapic::tests::test_torture_register_random_access ... ok
test devices::lapic::tests::test_torture_timer_reconfiguration ... ok
test devices::lapic::tests::test_timer_all_divisors_produce_different_rates ... ok
test devices::lapic::tests::test_timer_divisor_encoding ... ok
test devices::lapic::tests::test_tpr_register ... ok
test devices::lapic::tests::test_vector_boundaries ... ok
test devices::lapic::tests::test_version_register_readonly ... ok
test devices::lapic::tests::test_torture_rapid_irr_set_clear ... ok
test devices::lapic::tests::test_timer_disabled_apic_no_interrupt ... ok
test devices::nvme::tests::cap_reports_capabilities ... ok
test devices::lapic::tests::test_timer_mask_while_pending ... ok
test devices::nvme::tests::cap_vs_are_read_only ... ok
test devices::nvme::tests::aqa_asq_acq_programming ... ok
test devices::lapic::tests::test_timer_masked_no_interrupt ... ok
test devices::lapic::tests::test_timer_restart_clears_pending ... ok
test devices::nvme::tests::doorbell_write_tracking ... ok
test devices::nvme::tests::admin_sq_rejects_out_of_range_tail_doorbell ... ok
test devices::lapic::tests::test_timer_oneshot_expiration ... ok
test devices::lapic::tests::test_timer_vector_change_while_running ... ok
test devices::nvme::tests::intms_set_and_clear ... ok
test devices::nvme::tests::namespace_capacity ... ok
test devices::nvme::tests::version_is_1_4 ... ok
test devices::nvme::tests::submission_entry_parse_extracts_fields ... ok
test devices::nvme::tests::enable_sets_ready_disable_clears ... ok
test devices::nvme::tests::set_features_num_queues_returns_count ... ok
test devices::nvme::tests::invalid_admin_opcode_completes_with_error ... ok
test devices::nvme::tests::admin_identify_namespace_reports_size ... ok
test devices::nvme::tests::admin_identify_controller_flow ... ok
test devices::pci::tests::config_space_helpers_roundtrip ... ok
test devices::lapic::tests::test_timer_periodic_repeats ... ok
test devices::nvme::tests::io_sq_rejects_out_of_range_tail_doorbell ... ok
test devices::pic::tests::acknowledge_real_master_line_sets_isr ... ok
test devices::lapic::tests::test_timer_periodic_multiple_expirations ... ok
test devices::nvme::tests::nvm_read_out_of_range_fails ... ok
test devices::pic::tests::auto_eoi_does_not_set_isr ... ok
test devices::pic::tests::defaults_all_masked ... ok
test devices::pic::tests::cascade_delivers_slave_vector_and_sets_both_isr ... ok
test devices::pci::tests::config_data_byte_word_dword_access ... ok
test devices::pci::tests::address_latch_byte_writes_assemble ... ok
test devices::pci::tests::address_latch_decode ... ok
test devices::pci::tests::host_bridge_vendor_device_class ... ok
test devices::pci::tests::add_function_registers_device ... ok
test devices::pci::tests::unoccupied_slot_reads_all_ones ... ok
test devices::pic::tests::active_irq_includes_pending_and_in_service_requests ... ok
test devices::pci::tests::config_data_partial_write_preserves_dword ... ok
test devices::pic::tests::icw1_without_icw4_goes_ready_after_icw3 ... ok
test devices::pic::tests::edge_triggered_line_requires_a_new_rising_edge ... ok
test devices::pic::tests::cascade_eoi_master_and_slave ... ok
test devices::pci::tests::bar_sizing_io ... ok
test devices::pci::tests::bar_sizing_mem32 ... ok
test devices::pci::tests::bar_sizing_mem64_prefetch ... ok
test devices::pic::tests::icw_level_triggered_and_single_mode ... ok
test devices::pic::tests::master_vector_and_isr ... ok
test devices::nvme::tests::create_io_queues_and_round_trip_data ... ok
test devices::pic::tests::priority_resolution_honors_isr ... ok
test devices::pic::tests::non_specific_eoi_clears_highest ... ok
test devices::pic::tests::ocw3_poll_mode_acknowledges ... ok
test devices::pic::tests::icw_full_sequence_sets_state ... ok
test devices::pic::tests::ocw3_read_irr_and_isr ... ok
test devices::pic::tests::rotation_changes_priority_order ... ok
test devices::pic::tests::repeated_edge_pulses_latch_repeated_requests ... ok
test devices::pic::tests::special_mask_mode_allows_lower_priority ... ok
test devices::pic::tests::ocw1_imr_masking ... ok
test devices::pic::tests::rotate_on_non_specific_eoi ... ok
test devices::pic::tests::spurious_master_irq7 ... ok
test devices::pic::tests::specific_eoi_clears_named ... ok
test devices::pic::tests::spurious_slave_irq15 ... ok
test devices::pic::tests::rotate_on_specific_eoi_and_set_priority ... ok
test devices::pit::tests::test_bcd_roundtrip_helpers ... ok
test devices::pic::tests::slave_eoi_via_device_refreshes_cascade ... ok
test devices::pit::tests::test_clear_interrupt ... ok
test devices::pit::tests::test_channel2_gate_getter_setter ... ok
test devices::pit::tests::test_command_access_mode_parsing ... ok
test devices::pit::tests::test_bcd_bit_decoded ... ok
test devices::pit::tests::test_command_channel_selection ... ok
test devices::pit::tests::test_bcd_reload_decode ... ok
test devices::pit::tests::test_has_pending_interrupt ... ok
test devices::pit::tests::test_bios_default_18hz_configuration ... ok
test devices::pit::tests::test_channel_2_read_write ... ok
test devices::pit::tests::test_channel2_gate_change_reloads ... ok
test devices::pit::tests::test_high_byte_only_write ... ok
test devices::pit::tests::test_channels_independent ... ok
test devices::pit::tests::test_io_port_mapping ... ok
test devices::pit::tests::test_high_byte_only_read ... ok
test devices::pit::tests::test_counter_latch_preserves_until_read ... ok
test devices::pit::tests::test_counter_latch_command ... ok
test devices::pit::tests::test_command_operating_modes ... ok
test devices::pit::tests::test_low_byte_only_write ... ok
test devices::pit::tests::test_lobyte_hibyte_write_sequence ... ok
test devices::pit::tests::test_low_byte_only_read ... ok
test devices::pit::tests::test_channel2_out_readable ... ok
test devices::pit::tests::test_latch_does_not_change_mode ... ok
test devices::pit::tests::test_default_channel_settings ... ok
test devices::pit::tests::test_mode2_rate_generator_out_pulse ... ok
test devices::pit::tests::test_multiple_latch_commands_ignored ... ok
test devices::pit::tests::test_mode3_square_wave_out_toggles ... ok
test devices::pit::tests::test_pit_frequency_constant ... ok
test devices::pit::tests::test_pit_new_default_state ... ok
test devices::pit::tests::test_read_flip_flop_unlatched_lohi ... ok
test devices::pit::tests::test_mode0_out_low_then_high ... ok
test devices::pit::tests::test_standard_100hz_configuration ... ok
test devices::pit::tests::test_reload_value_zero_means_65536 ... ok
test devices::pit::tests::test_mode4_strobe_out_high_then_one_tick_low ... ok
test devices::pit::tests::test_write_latch_cleared_on_mode_change ... ok
test devices::pit::tests::test_tick_fires_after_terminal_count_mode0 ... ok
test devices::pit::tests::test_readback_status_null_count_bit ... ok
test devices::pit::tests::test_readback_latch_count ... ok
test devices::pit::tests::test_status_byte_fields ... ok
test devices::pit::tests::test_readback_latch_status ... ok
test devices::rtc::tests::bcd_helper ... ok
test devices::pl011::tests::amba_ids_probe ... ok
test devices::rtc::tests::alarm_matches_in_bcd_mode ... ok
test devices::rtc::tests::general_cmos_ram_read_write_roundtrip ... ok
test devices::rtc::tests::hours_12h_mode_sets_pm_bit ... ok
test devices::rtc::tests::alarm_matches_with_wildcards ... ok
test devices::pl011::tests::tx_interrupt_when_unmasked ... ok
test devices::rtc::tests::index_write_masks_to_7f_and_tracks_nmi ... ok
test devices::rtc::tests::known_timestamp_breaks_down_correctly ... ok
test devices::rtc::tests::format_value_respects_data_mode ... ok
test devices::rtc::tests::memory_size_bytes_are_sane ... ok
test devices::rtc::tests::hours_24h_mode ... ok
test devices::rtc::tests::periodic_disabled_when_rate_zero ... ok
test devices::rtc::tests::periodic_period_for_rate_6_is_1024hz ... ok
test devices::rtc::tests::periodic_flag_not_raised_when_pie_disabled ... ok
test devices::rtc::tests::alarm_interrupt_raises_irq8 ... ok
test devices::rtc::tests::reg_c_is_read_only_on_write ... ok
test devices::rtc::tests::register_a_uip_is_read_only_on_write ... ok
test devices::pit::tests::test_readback_multiple_channels_count ... ok
test devices::rtc::tests::century_register_is_reasonable ... ok
test devices::rtc::tests::periodic_interrupt_raises_irq8_when_enabled ... ok
test devices::rtc::tests::reading_time_registers_produces_valid_bcd ... ok
test devices::rtc::tests::reg_c_read_clears_flags ... ok
test devices::rtc::tests::set_bit_freezes_update_and_alarm ... ok
test devices::rtc::tests::register_d_is_read_only ... ok
test devices::pl011::tests::rx_flow_and_interrupt ... ok
test devices::rtc::tests::register_d_reports_valid_ram ... ok
test devices::rtc::tests::unhandled_port_reads_ff ... ok
test devices::rtc::tests::update_ended_interrupt_raises_irq8 ... ok
test devices::rtc::tests::unix_epoch_breaks_down_correctly ... ok
test devices::s5l8900::aes_engine_tests::aes_engine_uid_keytype ... ok
test devices::s3c64xx::tests::vic_enable_and_status ... ok
test devices::s5l8900::timer_tests::timer_uses_programmed_count_without_immediate_irq ... ok
test devices::s5l8900::timer_tests::timer_respects_minimum_instruction_spacing ... ok
test devices::s3c64xx::tests::uart_rx_irq_flow ... ok
test devices::s5l8900::timer_tests::timer_clamps_tiny_programmed_count_like_qemu ... ok
test devices::s3c64xx::tests::pwm_timer4_event ... ok
test devices::s5l8900::sysic_dos_tests::sysic_gpio_group_endpoint_offsets_do_not_panic ... ok
test devices::s5l8900::spi_dos_tests::spi_rxcnt_does_not_overrun_rx_fifo ... ok
AAtest devices::s5l8900::pl192_tests::pl192_repeated_acknowledge_pushes_priority_stack_like_qemu ... ok
Atest devices::s5l8900::pl192_tests::pl192_daisy_irq_surfaces_after_same_priority_direct_irq_finishes ... ok
test devices::serial::tests::serial_fifo_trigger_levels ... ok
test devices::serial::tests::serial_iir_global_interrupt_mask ... ok
test devices::serial::tests::serial_iir_fifo_enabled_bits ... ok
test devices::serial::tests::serial_fifo_reset ... ok
test devices::serial::tests::serial_ier_bits_masked ... ok
test devices::serial::tests::serial_fifo_enable ... ok
test devices::serial::tests::serial_iir_no_interrupt ... ok
test devices::serial::tests::serial_divisor_read_back ... ok
test devices::serial::tests::serial_iir_rda_priority_over_thre ... ok
test devices::serial::tests::serial_lcr_write_read ... ok
test devices::serial::tests::serial_iir_rda_interrupt ... ok
test devices::serial::tests::serial_iir_thre_interrupt ... ok
test devices::serial::tests::serial_loopback_mode ... ok
test devices::s5l8900::aes_engine_tests::aes_engine_register_protocol_cbc ... ok
test devices::serial::tests::serial_loopback_modem_signals ... ok
test devices::serial::tests::serial_lsr_data_ready_with_input ... ok
test devices::serial::tests::serial_lsr_initial_state ... ok
test devices::serial::tests::serial_lsr_overrun_error ... ok
test devices::serial::tests::serial_msr_delta_bits ... ok
test devices::serial::tests::serial_read_multiple_chars ... ok
test devices::serial::tests::serial_mcr_bits_masked ... ok
test devices::serial::tests::serial_lsr_fifo_no_overrun_until_full ... ok
test devices::serial::tests::serial_port_out_of_range ... ok
test devices::serial::tests::serial_scratch_write_read ... ok
test devices::serial::tests::serial_typical_init_sequence ... ok
test devices::serial::tests::serial_tracks_dlab_and_divisor ... ok
test devices::serial::tests::serial_mmio_basic ... ok
test devices::serial::tests::serial_single_byte_below_trigger_interrupts ... ok
test devices::sysctl::tests::test_port_a_no_reset_without_bit0 ... ok
test devices::serial::tests::serial_mmio_lsr ... ok
test devices::sysctl::tests::test_port_b_iochk_parity_bits_zero ... ok
test devices::sysctl::tests::test_port_b_refresh_bit_toggles ... ok
test devices::sysctl::tests::test_post_scratch_range ... ok
test devices::sysctl::tests::test_port_b_ch2_gate_and_speaker_writes ... ok
test devices::sysctl::tests::test_post_scratch_read_write ... ok
test devices::sysctl::tests::test_a20_toggle_via_port_a ... ok
test devices::sysctl::tests::test_new_defaults ... ok
test devices::sysctl::tests::test_fast_reset_via_port_a ... ok
test devices::sysctl::tests::test_full_reset_via_cf9 ... ok
test devices::sysctl::tests::test_port_b_write_ignores_high_bits ... ok
test devices::sysctl::tests::test_port_b_ch2_out_setter ... ok
test devices::sysctl::tests::test_reset_via_cf9 ... ok
test devices::sysctl::tests::test_unhandled_port_reads_ff ... ok
test devices::uhci::tests::out_of_window_access_ignored ... ok
test devices::uhci::tests::power_on_state_is_halted ... ok
test devices::uhci::tests::frame_processing_noop_when_stopped ... ok
test devices::uhci::tests::usbintr_writable_bits ... ok
test devices::uhci::tests::low_speed_attach_sets_lsda ... ok
test devices::uhci::tests::second_port_is_independent ... ok
test devices::uhci::tests::usbcmd_run_stop_drives_hchalted ... ok
test devices::uhci::tests::usbsts_write_one_to_clear ... ok
test devices::uhci::tests::portsc_connect_enable_reset_and_change_rwc ... ok
test devices::uhci::tests::frame_processing_detects_looping_schedule ... ok
test devices::uhci::tests::greset_clears_state ... ok
test devices::uhci::tests::hcreset_clears_state ... ok
test devices::uhci::tests::frame_processing_walks_qh_td_chain ... ok
test devices::uhci::tests::frame_processing_terminated_list_advances_frame ... ok
test devices::uhci::tests::attach_detach_port_state ... ok
test devices::uhci::tests::frbaseadd_alignment_and_frnum_programming ... ok
test devices::vga::tests::mmio_linear_round_trip ... ok
test devices::vga::tests::text_buffer_cell_access ... ok
test devices::vga::tests::framebuffer_sizing_and_mem_access ... ok
test devices::vga::tests::misc_output_read_after_write ... ok
test devices::virtio::blk::tests::device_id_is_block ... ok
test devices::virtio::blk::tests::capacity_from_disk_length ... ok
test devices::vga::tests::dac_pel_mask_round_trip ... ok
test devices::vga::tests::input_status_1_resets_flip_flop_and_progresses ... ok
test devices::vga::tests::dac_palette_write_readback ... ok
test devices::vga::tests::crtc_index_data_round_trip ... ok
test devices::vga::tests::graphics_controller_indexed_regs ... ok
test devices::vga::tests::attribute_controller_flip_flop ... ok
test devices::vga::tests::sequencer_indexed_regs ... ok
test devices::virtio::blk::tests::header_parse_extracts_type_and_sector ... ok
test devices::virtio::blk::tests::unsupported_request_reports_unsupp ... ok
test devices::virtio::blk::tests::read_only_device_rejects_writes ... ok
test devices::virtio::blk::tests::out_of_range_sector_reports_ioerr ... ok
test devices::virtio::tests::magic_version_vendor ... ok
test devices::virtio::tests::device_id_reports_device ... ok
test devices::virtio::tests::device_features_word_select ... ok
test devices::virtio::blk::tests::config_capacity_read_through_transport ... ok
test devices::virtio::tests::feature_negotiation_round_trips ... ok
test devices::virtio::tests::byte_wise_register_access_reassembles ... ok
test devices::virtio::tests::feature_negotiation_masks_unoffered ... ok
test devices::virtio::tests::interrupt_ack_write_one_to_clear ... ok
test devices::virtio::tests::write_only_registers_read_zero ... ok
test devices::virtio::blk::tests::write_then_read_round_trips_through_dma ... ok
test devices::virtio::tests::queue_address_registers_assemble_64bit ... ok
test devices::virtio::tests::queue_selection_num_max_and_ready ... ok
test devices::virtio::tests::status_bits_accumulate_and_reset ... ok
test isa::arm::aarch32::cp15::tests::test_cp15_ttbr ... ok
test isa::arm::aarch32::cp15::tests::test_cp15_tlb_ops ... ok
test isa::arm::aarch32::cp15::tests::test_cp15_id_registers ... ok
test isa::arm::aarch32::cp15::tests::test_id_register_readonly ... ok
test host::terminal::tests::restore_terminal_clears_raw_state_for_crash_handlers ... ok
test isa::arm::aarch32::cp15::tests::test_cp15_cache_ops ... ok
test isa::arm::aarch32::cp15::tests::test_cp15_context ... ok
test isa::arm::aarch32::cp15::tests::test_cpacr_vfp ... ok
test isa::arm::aarch32::cpu::tests::test_add_with_carry ... ok
test isa::arm::aarch32::cpu::tests::test_expand_imm_c ... ok
test isa::arm::aarch32::cpu::tests::test_byte_reverse ... ok
test isa::arm::aarch32::cpu::tests::test_psr_roundtrip ... ok
test isa::arm::aarch32::cp15::tests::test_sctlr_bits ... ok
test isa::arm::aarch32::cpu::tests::test_shift_asr ... ok
test isa::arm::aarch32::cp15::tests::test_cp15_sctlr ... ok
test isa::arm::aarch32::cpu::tests::test_condition_passed ... ok
test isa::arm::aarch32::cpu::tests::test_shift_lsl ... ok
test isa::arm::aarch32::cpu::tests::test_shift_lsr ... ok
test isa::arm::aarch32::cpu::tests::test_shift_ror ... ok
test isa::arm::aarch32::cpu::tests::test_shift_rrx ... ok
test isa::arm::aarch32::cpu::tests::test_sign_extend ... ok
test devices::virtio::blk::tests::full_queue_drive_via_transport ... ok
test isa::arm::aarch32::instructions::tests::msr_writes_ge_by_its_byte_mask ... ok
test isa::arm::aarch32::instructions::tests::svc_and_bkpt_immediates_follow_the_instruction_set ... ok
test isa::arm::aarch32::instructions::tests::pl0_vmrs_and_vmsr_reach_only_fpscr ... ok
test isa::arm::aarch32::instructions::tests::t32_coprocessor_moves_reach_the_system_registers ... ok
test isa::arm::aarch32::instructions::tests::hints_barriers_and_udf_execute_as_the_architecture_defines ... ok
test isa::arm::aarch32::instructions::tests::mrrc_reads_the_generic_counters_as_cntkctl_allows ... ok
test isa::arm::aarch32::instructions::tests::pl0_cp15_reaches_only_the_thread_ids_and_enabled_barriers ... ok
test isa::arm::aarch32::instructions::tests::t32_msr_and_mrs_move_the_apsr ... ok
test isa::arm::aarch32::instructions::tests::t32_stmia_and_ldmdb_of_sp_move_it_their_own_way ... ok
test isa::arm::aarch32::instructions::tests::acquire_release_and_exclusive_accesses_are_aligned ... ok
test host::console::tests::literal_ctrl_a ... ok
test host::console::tests::unknown_escape_passes_both_bytes ... ok
test host::console::tests::escape_split_across_polls ... ok
test host::console::tests::plain_bytes_pass_through ... ok
test host::console::tests::escape_snapshot_and_quit ... ok
test isa::arm::aarch32::instructions::tests::t32_ldrd_and_strd_use_the_encoded_second_register ... ok
test isa::arm::aarch32::instructions::tests::t32_vldr_literal_reads_from_the_aligned_pc_plus_four ... ok
test isa::arm::aarch32::instructions::tests::t32_literal_load_uses_aligned_pc_plus_four_and_signed_u_offset ... ok
test isa::arm::aarch32::instructions::tests::t32_table_branches_index_from_the_pc_plus_four ... ok
test isa::arm::aarch32::instructions::tests::test_a64_noop_hints_continue ... ok
test isa::arm::aarch32::instructions::tests::test_a64_barriers_continue ... ok
test isa::arm::aarch32::instructions::tests::test_condition_ne ... ok
test isa::arm::aarch32::instructions::tests::test_add_immediate ... ok
test isa::arm::aarch32::instructions::tests::test_bitfield_invalid_bounds_are_undefined ... ok
test isa::arm::aarch32::instructions::tests::test_adds_sets_flags ... ok
test isa::arm::aarch32::instructions::tests::test_cmp_sets_flags ... ok
test isa::arm::aarch32::instructions::tests::test_branch ... ok
test isa::arm::aarch32::instructions::tests::test_exception_handling ... ok
test isa::arm::aarch32::instructions::tests::test_bfc_bfi ... ok
test isa::arm::aarch32::instructions::tests::test_ldr_str ... ok
test isa::arm::aarch32::instructions::tests::test_a32_blx_immediate_preserves_halfword_target ... ok
test isa::arm::aarch32::instructions::tests::t32_exclusives_use_the_t32_register_layout ... ok
test isa::arm::aarch32::instructions::tests::test_mov_immediate ... ok
test isa::arm::aarch32::instructions::tests::test_ldrex_strex ... ok
test isa::arm::aarch32::instructions::tests::test_privileged_mcr_mrc_cp15_still_access_state ... ok
test isa::arm::aarch32::instructions::tests::test_strex_fails_without_ldrex ... ok
test isa::arm::aarch32::instructions::tests::test_msr_cpsr_control_does_not_change_execution_state ... ok
test isa::arm::aarch32::instructions::tests::test_fiq_stm_user_bank_stores_shared_high_registers ... ok
test isa::arm::aarch32::instructions::tests::test_bitfield_full_width_bounds ... ok
test isa::arm::aarch32::instructions::tests::test_fiq_ldm_user_bank_restores_shared_high_registers ... ok
test isa::arm::aarch32::instructions::tests::test_svc ... ok
test isa::arm::aarch32::instructions::tests::test_mul ... ok
test isa::arm::aarch32::instructions::tests::multi_word_accesses_need_word_alignment ... ok
test isa::arm::aarch32::instructions::tests::test_thumb_it_false_predicate_skips_following_instruction ... ok
test isa::arm::aarch32::instructions::tests::test_user_mode_mcr_cp15_is_undefined_and_does_not_mutate_state ... ok
test isa::arm::aarch32::instructions::tests::test_sub_immediate ... ok
test isa::arm::aarch32::instructions::tests::test_user_mode_mrc_cp15_is_undefined_and_does_not_expose_state ... ok
test isa::arm::aarch32::instructions::tests::test_sdiv_udiv ... ok
test isa::arm::aarch32::instructions::tests::test_thumb_it_instruction_does_not_retire_its_own_state ... ok
test isa::arm::aarch32::instructions::tests::test_privileged_rfe_still_restores_cpsr_and_branches ... ok
test isa::arm::aarch32::mmu_v6::tests::disabled_is_identity ... ok
test isa::arm::aarch32::instructions::tests::test_thumb_undefined_exception_lr_points_after_halfword ... ok
test isa::arm::aarch32::instructions::tests::test_user_or_system_mode_rfe_is_undefined_and_does_not_change_mode ... ok
test isa::arm::aarch32::instructions::tests::test_user_or_system_mode_srs_is_undefined_and_does_not_write_memory ... ok
test isa::arm::aarch32::vfp::tests::test_fpscr_flags ... ok
test isa::arm::aarch32::instructions::tests::t16_data_processing_in_an_it_block_leaves_the_flags ... ok
test isa::arm::aarch32::vfp::tests::test_fpscr_rounding_mode ... ok
test isa::arm::aarch32::vfp::tests::test_neon_vadd_i ... ok
test isa::arm::aarch32::vfp::tests::test_neon_bitwise ... ok
test isa::arm::aarch32::vfp::tests::test_vcvt_f32_s32 ... ok
test isa::arm::aarch32::vfp::tests::test_vadd_f32 ... ok
test isa::arm::aarch32::instructions::tests::thumb_cps_masks_only_above_user_mode_and_bxj_is_bx ... ok
test isa::arm::aarch32::vfp::tests::test_vcmp_f32 ... ok
test isa::arm::aarch32::vfp::tests::test_vcvt_s32_f32 ... ok
test isa::arm::aarch32::vfp::tests::test_vfp_state_q_registers ... ok
test isa::arm::aarch32::vfp::tests::test_vdiv_f32 ... ok
test isa::arm::aarch32::vfp::tests::test_vmul_f32 ... ok
test isa::arm::aarch32::vfp::tests::test_vfp_state_d_registers ... ok
test isa::arm::aarch32::vfp::tests::test_vfp_state_s_registers ... ok
test isa::arm::aarch32::vfp::tests::test_vdup ... ok
test isa::arm::aarch32::instructions::tests::thumb_adr_is_the_word_aligned_pc_plus_or_minus_its_offset ... ok
test isa::arm::aarch32::instructions::tests::thumb_pc_reads_are_the_instruction_address_plus_four ... ok
test isa::arm::aarch32::vfp::tests::test_vsub_f32 ... ok
test isa::arm::aarch32::instructions::tests::t32_advanced_simd_reads_its_u_bit_from_bit_28 ... ok
test isa::arm::aarch64::cpu::tests::branch::test_b_negative ... ok
test isa::arm::aarch64::cpu::tests::branch::test_adrp ... ok
test isa::arm::aarch64::cpu::tests::branch::test_b_ne ... ok
test isa::arm::aarch64::cpu::tests::branch::test_bl ... ok
test isa::arm::aarch64::cpu::tests::branch::test_adr ... ok
test isa::arm::aarch64::cpu::tests::branch::test_b_cond_not_taken ... ok
test isa::arm::aarch64::cpu::tests::branch::test_b_cond_taken ... ok
test isa::arm::aarch64::cpu::tests::branch::test_b ... ok
test isa::arm::aarch64::cpu::tests::branch::test_cbnz_taken ... ok
test isa::arm::aarch64::cpu::tests::branch::test_cbz_not_taken ... ok
test isa::arm::aarch64::cpu::tests::branch::test_cbz_taken ... ok
test isa::arm::aarch64::cpu::tests::branch::test_blr ... ok
test isa::arm::aarch64::cpu::tests::branch::test_cbz_32bit ... ok
test isa::arm::aarch64::cpu::tests::branch::test_pauth_branches_need_feat_pauth ... ok
test isa::arm::aarch64::cpu::tests::branch::test_ret_xn ... ok
test isa::arm::aarch32::mmu_v6::tests::section_translation ... ok
test isa::arm::aarch32::mmu_v6::tests::small_page_translation ... ok
test isa::arm::aarch64::cpu::tests::branch::test_tbnz_taken ... ok
test isa::arm::aarch64::cpu::tests::branch::test_ret ... ok
test isa::arm::aarch64::cpu::tests::branch::test_tbz_high_bit ... ok
test isa::arm::aarch64::cpu::tests::branch::test_tbz_not_taken ... ok
test isa::arm::aarch64::cpu::tests::branch::test_tbz_taken ... ok
test isa::arm::aarch64::cpu::tests::branch::test_pauth_eret_is_undefined_at_el0 ... ok
test isa::arm::aarch64::cpu::tests::branch::test_pauth_returns_use_the_link_register ... ok
test isa::arm::aarch64::cpu::tests::branch::test_pauth_branches_jump_to_the_register ... ok
test isa::arm::aarch64::cpu::tests::branch::test_pauth_branch_reserved_forms_are_undefined ... ok
test isa::arm::aarch32::instructions::tests::neon_alignment_qualifiers_fault_before_any_access ... ok
test isa::arm::aarch64::cpu::tests::data::issue_187_pstate_uao_and_pan_require_advertised_features ... ok
test isa::arm::aarch64::cpu::system::clrex_tests::clrex_non_xzr_rt_is_undefined_without_clearing_reservation ... ok
test isa::arm::aarch64::cpu::system::clrex_tests::clrex_then_ldxr_rearms_local_monitor ... ok
test isa::arm::aarch64::cpu::tests::data::test_adc ... ok
test isa::arm::aarch64::cpu::system::clrex_tests::clrex_all_immediates_clear_ldxr_reservation_before_stxr ... ok
test isa::arm::aarch64::cpu::tests::data::test_adc_no_carry ... ok
test isa::arm::aarch64::cpu::tests::data::test_add_imm_64 ... ok
test isa::arm::aarch64::cpu::tests::data::test_add_imm_32 ... ok
test isa::arm::aarch64::cpu::tests::data::test_add_imm_shifted ... ok
test isa::arm::aarch64::cpu::tests::data::test_adcs ... ok
test isa::arm::aarch64::cpu::tests::data::test_adds_imm_sets_flags ... ok
test isa::arm::aarch64::cpu::tests::data::test_add_extended_sxtw ... ok
test isa::arm::aarch64::cpu::system::clrex_tests::ordinary_barriers_do_not_clear_local_monitor ... ok
test isa::arm::aarch64::cpu::tests::data::test_adds_shifted ... ok
test backend::emulator::cortex_m::oracle_tests::cortex_m4_matches_the_qemu_oracle ... ok
test isa::arm::aarch64::cpu::tests::data::test_add_shifted ... ok
test isa::arm::aarch64::cpu::tests::data::test_add_lsl ... ok
test isa::arm::aarch64::cpu::tests::data::test_add_extended ... ok
test isa::arm::aarch64::cpu::tests::data::test_and_lsl ... ok
test isa::arm::aarch64::cpu::tests::data::test_and_shifted ... ok
test isa::arm::aarch64::cpu::tests::data::test_bic ... ok
test isa::arm::aarch64::cpu::tests::data::test_and_imm ... ok
test isa::arm::aarch64::cpu::tests::data::test_ands_reg ... ok
test isa::arm::aarch64::cpu::tests::data::test_cmp ... ok
test isa::arm::aarch64::cpu::tests::data::test_ands_imm ... ok
test isa::arm::aarch64::cpu::tests::data::test_eor_imm ... ok
test isa::arm::aarch64::cpu::tests::data::sve_multiply_immediate_uses_signed_imm8 ... ok
test isa::arm::aarch64::cpu::tests::data::test_eor_reg ... ok
test isa::arm::aarch64::cpu::tests::data::test_bfm_self_bfi_replicates_byte ... ok
test isa::arm::aarch64::cpu::tests::data::test_bfm_bfi_inserts_without_clearing_lower_bits ... ok
test isa::arm::aarch64::cpu::tests::data::test_movn ... ok
test isa::arm::aarch64::cpu::tests::data::test_extr ... ok
test isa::arm::aarch64::cpu::tests::data::test_mov_reg ... ok
test isa::arm::aarch64::cpu::tests::data::test_bfm ... ok
test isa::arm::aarch64::cpu::tests::data::test_asrv ... ok
test isa::arm::aarch64::cpu::tests::data::test_lslv ... ok
test isa::arm::aarch64::cpu::tests::data::test_lsrv ... ok
test isa::arm::aarch64::cpu::tests::data::test_madd ... ok
test isa::arm::aarch64::cpu::tests::data::test_movz_shifted ... ok
test isa::arm::aarch64::cpu::tests::data::test_movk ... ok
test isa::arm::aarch64::cpu::tests::data::test_msub ... ok
test isa::arm::aarch64::cpu::tests::data::test_movz ... ok
test isa::arm::aarch64::cpu::tests::data::test_mul ... ok
test isa::arm::aarch64::cpu::tests::data::test_orr_reg ... ok
test isa::arm::aarch64::cpu::tests::data::test_neg ... ok
test isa::arm::aarch64::cpu::tests::data::test_ror_via_extr ... ok
test isa::arm::aarch64::cpu::tests::data::test_orr_imm ... ok
test isa::arm::aarch64::cpu::tests::data::test_sbc ... ok
test isa::arm::aarch64::cpu::tests::data::test_sbc_borrow ... ok
test isa::arm::aarch64::cpu::tests::data::test_sbcs ... ok
test isa::arm::aarch64::cpu::tests::data::test_sbfm_asr ... ok
test isa::arm::aarch64::cpu::tests::data::test_sub_shifted ... ok
test isa::arm::aarch64::cpu::tests::data::test_subs_shifted ... ok
test isa::arm::aarch64::cpu::tests::data::test_ubfm_lsl_discards_rotated_out_high_bit ... ok
test isa::arm::aarch64::cpu::tests::data::test_sbfm_sxtb ... ok
test isa::arm::aarch64::cpu::tests::data::test_ubfm_lsr ... ok
test isa::arm::aarch64::cpu::tests::data::test_rorv ... ok
test isa::arm::aarch64::cpu::tests::data::test_subs_imm_negative ... ok
test isa::arm::aarch64::cpu::tests::data::test_sub_imm ... ok
test isa::arm::aarch64::cpu::tests::data::test_ubfm_uxtb ... ok
test isa::arm::aarch64::cpu::tests::data::test_ubfm_lsr_zero_fills_rotated_high_bits ... ok
test isa::arm::aarch64::cpu::tests::data::casp64_unaligned_wrap_address_faults ... ok
test isa::arm::aarch64::cpu::tests::memory::test_ldr_imm ... ok
test isa::arm::aarch64::cpu::tests::memory::test_ldp_64 ... ok
test isa::arm::aarch64::cpu::tests::memory::test_ldp_32 ... ok
test isa::arm::aarch64::cpu::tests::memory::test_ldp_post_index ... ok
test isa::arm::aarch64::cpu::tests::memory::tbi0_ignores_the_top_byte_of_data_addresses ... ok
test isa::arm::aarch64::cpu::tests::memory::test_ldr_32 ... ok
test isa::arm::aarch64::cpu::tests::memory::tbi0_does_not_cover_the_ttbr1_half ... ok
test isa::arm::aarch64::cpu::tests::memory::tbi_faults_report_the_tagged_address ... ok
test isa::arm::aarch64::cpu::tests::memory::tbid0_keeps_instruction_addresses_significant ... ok
test isa::arm::aarch64::cpu::tests::memory::test_ldr_literal_32 ... ok
test isa::arm::aarch64::cpu::tests::memory::test_ldr_literal_64 ... ok
test isa::arm::aarch64::cpu::tests::data::casp32_effective_addresses_wrap ... ok
test isa::arm::aarch64::cpu::tests::memory::test_ldr_post_index ... ok
test isa::arm::aarch64::cpu::tests::memory::test_ldrb ... ok
test isa::arm::aarch64::cpu::tests::memory::test_ldrsw ... ok
test isa::arm::aarch64::cpu::tests::memory::test_ldraa_needs_feat_pauth_and_an_aligned_sp ... ok
test isa::arm::aarch64::cpu::tests::memory::test_stp_64 ... ok
test isa::arm::aarch64::cpu::tests::memory::test_stp_pre_index ... ok
test isa::arm::aarch64::cpu::tests::memory::test_str_imm ... ok
test isa::arm::aarch64::cpu::tests::memory::test_ldrsb ... ok
test isa::arm::aarch64::cpu::tests::memory::test_strb ... ok
test isa::arm::aarch64::cpu::tests::memory::test_ldrsw_literal ... ok
test isa::arm::aarch64::cpu::tests::memory::test_ldraa_ldrab_offsets_and_writeback ... ok
test isa::arm::aarch64::cpu::tests::memory::without_tbi_a_tagged_data_address_faults ... ok
test isa::arm::aarch64::cpu::tests::memory::test_str_32 ... ok
test isa::arm::aarch64::cpu::tests::memory::test_ldrh ... ok
test isa::arm::aarch64::cpu::tests::memory::test_ldrsh ... ok
test isa::arm::aarch64::cpu::tests::memory::test_str_pre_index ... ok
test isa::arm::aarch64::cpu::tests::memory::test_strh ... ok
test isa::arm::aarch64::cpu::tests::memory::test_xpaclri_strips_lr_instruction_pac ... ok
test isa::arm::aarch64::cpu::tests::memory::neon_ldst_structures_effective_addresses_wrap ... ok
test isa::arm::aarch64::cpu::tests::data::simd_f64_fma_zero_addend_sets_underflow_for_tiny_product ... ok
test isa::arm::aarch64::cpu::tests::misc::neon_ldst_single_rejects_nonzero_rm_no_offset ... ok
test isa::arm::aarch64::cpu::tests::misc::addvl_sp_still_updates_sp ... ok
test isa::arm::aarch64::cpu::tests::misc::rdvl_xzr_does_not_update_sp ... ok
test isa::arm::aarch64::cpu::tests::misc::issue_49_import_sregs_sanitizes_tcr_sizes_for_mmu ... ok
test isa::arm::aarch64::cpu::tests::misc::issue_187_unadvertised_uao_does_not_override_permissions ... ok
test isa::arm::aarch64::cpu::tests::misc::sve_clast_no_active_preserves_gpr ... ok
test isa::arm::aarch64::cpu::tests::memory::tbi0_applies_through_stage_1_translation ... ok
test isa::arm::aarch64::cpu::tests::misc::rdffr_rejects_0x24_family ... ok
test isa::arm::aarch64::cpu::tests::misc::simd_dot_rejects_non_word_size ... ok
test isa::arm::aarch64::cpu::tests::misc::simd_modified_imm_rejects_reserved_bits ... ok
test isa::arm::aarch64::cpu::tests::misc::simd_sqrdmlah_sqrdmlsh_set_qc_on_saturation ... ok
test isa::arm::aarch64::cpu::tests::misc::sve2_xtn_rejects_reserved_encodings ... ok
test isa::arm::aarch64::cpu::tests::misc::sve_fscale_rejects_byte_elements ... ok
test isa::arm::aarch64::cpu::tests::misc::sve2_int_pairwise_rejects_reserved_encodings ... ok
test isa::arm::aarch64::cpu::tests::misc::sve_integer_immediate_arithmetic_rejects_reserved_forms ... ok
test isa::arm::aarch64::cpu::tests::misc::issue_39_ldtr_sttr_use_unprivileged_permission_checks ... ok
test isa::arm::aarch64::cpu::tests::misc::issue_39_lrcpc3_pair_uses_unprivileged_permission_checks ... ok
test isa::arm::aarch64::cpu::tests::misc::sve_fscale_preserves_half_nan_payloads ... ok
test isa::arm::aarch64::cpu::tests::misc::sve_ftsmul_f64_updates_status ... ok
test isa::arm::aarch64::cpu::tests::misc::sve_prefetch_register_offset_rejects_rm31 ... ok
test isa::arm::aarch64::cpu::tests::misc::test_32bit_operations ... ok
test isa::arm::aarch64::cpu::tests::misc::sve_saturating_immediate_arithmetic_updates_destructive_operand ... ok
test isa::arm::aarch64::cpu::tests::misc::sve_ftmad_preserves_half_nan_payloads ... ok
test isa::arm::aarch64::cpu::tests::misc::sve_unpredicated_wide_shift_uses_covered_dword_amounts ... ok
test isa::arm::aarch64::cpu::tests::misc::test_bitmask_decode ... ok
test isa::arm::aarch64::cpu::tests::misc::sve_whilels_wraparound_keeps_full_prefix ... ok
test isa::arm::aarch64::cpu::tests::misc::sve_fscale_updates_status ... ok
test isa::arm::aarch64::cpu::tests::misc::simd_float_fused_sets_underflow_status_for_lost_product ... ok
test isa::arm::aarch64::cpu::tests::misc::simd_fmlal_rejects_reserved_size ... ok
test isa::arm::aarch64::cpu::tests::misc::test_br ... ok
test isa::arm::aarch64::cpu::tests::misc::sve_minmax_immediate_arithmetic_updates_destructive_operand ... ok
test isa::arm::aarch64::cpu::tests::misc::sve_ld234_rejects_bit20_set ... ok
test isa::arm::aarch64::cpu::tests::misc::sve_unpredicated_shift_immediate_decodes_tsize ... ok
test isa::arm::aarch64::cpu::tests::misc::test_arm_cpu_trait ... ok
test isa::arm::aarch64::cpu::tests::misc::test_ccmn ... ok
test isa::arm::aarch64::cpu::tests::misc::sve_gather_scatter_reject_unallocated_combos ... ok
test isa::arm::aarch64::cpu::tests::misc::test_cmn ... ok
test isa::arm::aarch64::cpu::tests::misc::test_ccmp_false ... ok
test isa::arm::aarch64::cpu::tests::misc::test_condition_flags ... ok
test isa::arm::aarch64::cpu::tests::misc::test_cinc ... ok
test isa::arm::aarch64::cpu::tests::misc::test_csel_false ... ok
test isa::arm::aarch64::cpu::tests::misc::test_ccmp_true ... ok
test isa::arm::aarch64::cpu::tests::misc::test_condition_evaluation ... ok
test isa::arm::aarch64::cpu::tests::misc::test_cpu_creation ... ok
test isa::arm::aarch64::cpu::tests::misc::test_crc32 ... ok
test isa::arm::aarch64::cpu::tests::misc::simd_rsqrts_sets_inexact_for_lost_product ... ok
test isa::arm::aarch64::cpu::tests::misc::test_cset ... ok
test isa::arm::aarch64::cpu::tests::misc::test_csetm ... ok
test isa::arm::aarch64::cpu::tests::misc::test_csinc_false ... ok
test isa::arm::aarch64::cpu::tests::misc::test_csinc_true ... ok
test isa::arm::aarch64::cpu::tests::misc::test_csinv ... ok
test isa::arm::aarch64::cpu::tests::misc::sve_ldff1_gather_suppresses_non_first_fault ... ok
test isa::arm::aarch64::cpu::tests::misc::test_csel_true ... ok
test isa::arm::aarch64::cpu::tests::misc::test_csneg ... ok
test isa::arm::aarch64::cpu::tests::misc::test_dsb ... ok
test isa::arm::aarch64::cpu::tests::misc::test_eon ... ok
test isa::arm::aarch64::cpu::tests::misc::test_isb ... ok
test isa::arm::aarch64::cpu::tests::misc::test_dmb ... ok
test isa::arm::aarch64::cpu::tests::misc::test_max_values ... ok
test isa::arm::aarch64::cpu::tests::misc::test_mneg ... ok
test isa::arm::aarch64::cpu::tests::misc::test_memory_operations ... ok
test isa::arm::aarch64::cpu::tests::misc::test_mvn ... ok
test isa::arm::aarch64::cpu::tests::misc::test_function_call ... ok
test isa::arm::aarch64::cpu::tests::misc::simd_float_compare_nan_sets_invalid_status ... ok
test isa::arm::aarch64::cpu::tests::misc::test_ngc ... ok
test isa::arm::aarch64::cpu::tests::misc::test_register_access ... ok
test isa::arm::aarch64::cpu::tests::misc::test_nop ... ok
test isa::arm::aarch64::cpu::tests::misc::test_simple_program ... ok
test isa::arm::aarch64::cpu::tests::misc::test_signed_overflow ... ok
test isa::arm::aarch64::cpu::tests::misc::test_sdiv_by_zero ... ok
test isa::arm::aarch64::cpu::tests::misc::test_orn ... ok
test isa::arm::aarch64::cpu::tests::misc::test_smaddl ... ok
test isa::arm::aarch64::cpu::tests::misc::test_smulh ... ok
test isa::arm::aarch64::cpu::tests::misc::test_tst ... ok
test isa::arm::aarch64::cpu::tests::misc::test_stack_pointer ... ok
test isa::arm::aarch64::cpu::tests::misc::test_sdiv ... ok
test isa::arm::aarch64::cpu::tests::misc::test_smull ... ok
test isa::arm::aarch64::cpu::tests::misc::test_udiv ... ok
test isa::arm::aarch64::cpu::tests::misc::test_udiv_by_zero ... ok
test isa::arm::aarch64::cpu::tests::misc::test_zero_register_as_dest ... ok
test isa::arm::aarch64::cpu::tests::misc::test_umaddl ... ok
test isa::arm::aarch64::cpu::tests::misc::test_zero_register_as_source ... ok
test isa::arm::aarch64::cpu::tests::misc::test_umulh ... ok
test isa::arm::aarch64::cpu::tests::misc::test_umull ... ok
test isa::arm::aarch64::cpu::tests::misc::test_loop ... ok
test isa::arm::aarch64::cpu::tests::simd::simd_indexed_sdot_rejects_scalar_form ... ok
test isa::arm::aarch64::cpu::tests::simd::simd_scalar_abs_neg_rejects_non_doubleword_size ... ok
test isa::arm::aarch64::cpu::tests::simd::simd_scalar_sqdmlal_sets_qc_on_saturation ... ok
test isa::arm::aarch64::cpu::tests::simd::simd_fmulx_sets_underflow_for_tiny_f64_result ... ok
test isa::arm::aarch64::cpu::tests::simd::simd_fp8fma_by_element_requires_v9_4_profile ... ok
test isa::arm::aarch64::cpu::tests::simd::simd_copy_ins_rejects_q0 ... ok
test isa::arm::aarch64::cpu::tests::misc::test_breakpoint ... ok
test isa::arm::aarch64::cpu::tests::simd::simd_two_reg_scalar_rejects_vector_only_narrow_widen_slots ... ok
test isa::arm::aarch64::cpu::tests::simd::simd_scalar_cmp_zero_rejects_non_doubleword_size ... ok
test isa::arm::aarch64::cpu::tests::simd::simd_two_reg_scalar_narrowing_writes_low_lane ... ok
test isa::arm::aarch64::cpu::tests::simd::sve_fp_compare_zero_ordered_qnan_sets_ioc ... ok
test isa::arm::aarch64::cpu::tests::simd::simd_frintts_sets_fpsr_status ... ok
test isa::arm::aarch64::cpu::tests::simd::simd_fp16_fma_lost_product_sets_inexact ... ok
test isa::arm::aarch64::cpu::tests::simd::sve_integer_immediate_arithmetic_updates_destructive_vector ... ok
test isa::arm::aarch64::cpu::tests::simd::sve_fp_abs_compare_ordered_qnan_sets_ioc ... ok
test isa::arm::aarch64::cpu::tests::simd::simd_scalar_fp16_pairwise_add_rejects_reserved_size_bit ... ok
test isa::arm::aarch64::cpu::tests::simd::sve_dup_scalar_register_broadcasts_xn_or_sp ... ok
test isa::arm::aarch64::cpu::tests::simd::sve_ld1rq_effective_address_wraps_no_panic ... ok
test isa::arm::aarch64::cpu::tests::simd::sve_logical_immediate_updates_destructive_vector ... ok
test isa::arm::aarch64::cpu::tests::simd::sve_fcvt_d2h_preserves_nan_payload ... ok
test isa::arm::aarch64::cpu::tests::simd::sve_fp_unpredicated_vector_add_executes ... ok
test isa::arm::aarch64::cpu::tests::simd::sve_ld1_st1_immediate_offset_scales_by_memory_footprint ... ok
test isa::arm::aarch64::cpu::tests::simd::simd_float_narrow_sets_fpsr_status ... ok
test isa::arm::aarch64::cpu::tests::simd::sve_fp_estimate_updates_status ... ok
test isa::arm::aarch64::cpu::tests::simd::sve_int_to_fp16_overflow_sets_ofc_ixc ... ok
test isa::arm::aarch64::cpu::tests::simd::test_f32_to_bf16_with_fpcr_rounding_modes ... ok
test isa::arm::aarch64::cpu::tests::sve::sve_integer_compare_zw_updates_predicate_and_flags ... ok
test isa::arm::aarch64::cpu::tests::simd::sve_zip_uzp_trn_rejects_reserved_opc ... ok
test isa::arm::aarch64::cpu::tests::simd::simd_scalar_shift_imm_rejects_non_doubleword_size ... ok
test isa::arm::aarch64::cpu::tests::simd::sve_last_scalar_selects_active_or_wrapped_element ... ok
test isa::arm::aarch64::cpu::tests::sve::sve_predicate_sel_s_form_is_undefined ... ok
test isa::arm::aarch64::cpu::tests::sve::sve_predicated_wide_shift_uses_covered_dword_amounts ... ok
test isa::arm::aarch64::cpu::tests::simd::sve_ld1r_address_addition_wraps_no_panic ... ok
test isa::arm::aarch64::cpu::tests::sve::sve_pred_whole_register_ldst_address_wraps_no_panic ... ok
test isa::arm::aarch64::cpu::tests::simd::sve_fp_pairwise_rejects_reserved_encodings ... ok
test isa::arm::aarch64::cpu::tests::simd::simd_scalar_fp16_pairwise_maxmin_rejects_reserved_size_bit ... ok
test isa::arm::aarch64::cpu::tests::sve::sve_fp_predicated_immediate_add_executes ... ok
test isa::arm::aarch64::cpu::tests::system::issue_187_el0_cannot_forge_uao_or_pan ... ok
test isa::arm::aarch64::cpu::tests::sve::test_sve2_dupq_quadword_no_panic ... ok
test isa::arm::aarch64::cpu::tests::system::test_el0_clidr_el1_read_traps ... ok
test isa::arm::aarch64::cpu::tests::system::issue_39_unprivileged_access_uses_el0_permission_checks ... ok
test isa::arm::aarch64::cpu::tests::sve::sve_predicate_permute_rejects_reserved_predicate_bits ... ok
test isa::arm::aarch64::cpu::tests::sve::sve_predicate_rev_rejects_reserved_predicate_bits ... ok
test isa::arm::aarch64::cpu::tests::sve::test_sve2_bgrp_all_ones_mask_no_panic ... ok
test isa::arm::aarch64::cpu::tests::system::test_el0_drps_traps ... ok
test isa::arm::aarch64::cpu::tests::system::test_el0_eret_traps ... ok
test isa::arm::aarch64::cpu::tests::sve::test_sve2_flogb_double_no_panic ... ok
test isa::arm::aarch64::gic::tests::test_dist_registers ... ok
test isa::arm::aarch64::cpu::tests::system::issue_187_exception_entry_clears_uao_until_eret ... ok
test isa::arm::aarch64::exceptions::tests::test_vector_offset ... ok
test isa::arm::aarch64::exceptions::tests::test_spsr_build_parse ... ok
test isa::arm::aarch64::cpu::tests::system::rng_mrs_sets_z_when_value_unavailable ... ok
test isa::arm::aarch64::cpu::tests::sve::test_sve2_sqshl_s_positive_saturation_no_panic ... ok
test isa::arm::aarch64::exceptions::tests::test_syndrome_svc ... ok
test isa::arm::aarch64::exceptions::tests::test_syndrome_data_abort ... ok
test isa::arm::aarch64::cpu::tests::system::test_el0_feature_hints_and_barriers_continue ... ok
test isa::arm::aarch64::gic::tests::test_gic_creation ... ok
test isa::arm::aarch64::cpu::tests::system::sve_brkn_rejects_reserved_bits ... ok
test isa::arm::aarch64::cpu::tests::system::test_el0_privileged_pstate_immediate_traps ... ok
test isa::arm::aarch64::cpu::tests::system::test_el0_privileged_op1_3_sys_traps ... ok
test isa::arm::aarch64::mmu::tests::test_granule_sizes ... ok
test isa::arm::aarch64::mmu::tests::test_mmu_config_sanitizes_tsz_ranges ... ok
test isa::arm::aarch64::mmu::tests::test_mmu_disabled ... ok
test isa::arm::aarch64::cpu::tests::system::test_el0_pstate_immediate_controls_continue ... ok
test isa::arm::aarch64::sysregs::tests::test_sysregs_default ... ok
test isa::arm::aarch64::cpu::tests::system::test_el0_pstate_register_controls_continue ... ok
test isa::arm::aarch64::cpu::tests::sve::sve_fp16_predicated_fmulx_uses_mulx_semantics ... ok
test isa::arm::aarch64::mmu::tests::test_pte_valid ... ok
test isa::arm::aarch64::mmu::tests::test_pte_permissions ... ok
test isa::arm::aarch64::sysregs::tests::test_timer_interrupt ... ok
test isa::arm::aarch64::cpu::tests::sve::sve_fp_predicated_immediate_maxnm_uses_zero ... ok
test isa::arm::aarch64::tests::test_spsr_modes ... ok
test isa::arm::aarch64::tests::test_vector_offsets ... ok
test isa::arm::aarch64::sysregs::tests::test_timer_tick ... ok
test isa::arm::aarch64::gic::tests::test_interrupt_state ... ok
test isa::arm::common::cpu::tests::test_aarch64_support ... ok
test isa::arm::aarch64::mmu::tests::test_decode_mair ... ok
test isa::arm::common::cpu::tests::test_exception_priorities ... ok
test isa::arm::common::cpu::tests::test_processor_state_pstate_roundtrip ... ok
test isa::arm::common::cpu::tests::test_mve_support ... ok
test isa::arm::common::cpu::tests::test_arm_version_properties ... ok
test isa::arm::common::features::tests::feature_sets ... ok
test isa::arm::common::cpu::tests::test_processor_state_cpsr_roundtrip ... ok
test isa::arm::common::cpu::tests::test_sve_support ... ok
test isa::arm::aarch64::sysregs::tests::test_sysregs_read_write ... ok
test isa::arm::common::isa::tests::version_aarch64_support ... ok
test isa::arm::common::isa::tests::version_profile ... ok
test isa::arm::common::cpu::tests::test_exception_numbers ... ok
test isa::arm::common::features::tests::feature_queries ... ok
test isa::arm::common::isa::tests::exception_level ... ok
test isa::arm::common::isa::tests::mode_decoding ... ok
test isa::arm::aarch64::gic::tests::test_eoi_and_deactivate_ignore_unallocated_intids ... ok
test isa::arm::common::memory::mpu::tests::test_mpu_region_v7m ... ok
test isa::arm::common::memory::mpu::tests::test_mpu_region_v8m ... ok
test isa::arm::common::memory::regions::tests::test_access_permission ... ok
test isa::arm::common::memory::mpu::tests::test_mpu_type ... ok
test isa::arm::common::memory::regions::tests::test_ap_bits_v7m ... ok
test isa::arm::aarch64::gic::tests::test_sgi ... ok
test isa::arm::common::memory::tests::test_exclusive_monitor ... ok
test isa::arm::common::memory::tests::test_exclusive_memory ... ok
test isa::arm::aarch64::gic::tests::test_spi ... ok
test isa::arm::common::memory::tests::test_flat_memory_basic ... ok
test isa::arm::common::memory::regions::tests::test_memory_region_overlaps ... ok
test isa::arm::common::memory::regions::tests::test_memory_region_contains ... ok
test isa::arm::common::state::tests::cpsr_mode ... ok
test isa::arm::common::state::tests::exc_return_check ... ok
test isa::arm::common::memory::regions::tests::test_memory_attributes ... ok
test isa::arm::common::state::tests::pstate_el ... ok
test isa::arm::common::state::tests::xpsr_exception ... ok
test isa::arm::common::sysreg::tests::cp15_encoding ... ok
test isa::arm::common::sysreg::tests::sysreg_roundtrip ... ok
test isa::arm::common::sysreg::tests::sysreg_encoding ... ok
test isa::arm::cortex_m::cpu::tests::test_flags ... ok
test isa::arm::cortex_m::cpu::tests::test_cpu_creation ... ok
test isa::arm::cortex_m::cpu::tests::test_cpu_reset ... ok
test isa::arm::common::memory::mpu::tests::test_mpu_registers ... ok
test isa::arm::cortex_m::cpu::tests::test_breakpoint ... ok
test isa::arm::cortex_m::cpu::tests::test_svc ... ok
test isa::arm::cortex_m::cpu::tests::test_conditional_branch ... ok
test isa::arm::cortex_m::cpu::tests::test_add_imm ... ok
test isa::arm::cortex_m::cpu::tests::test_thumb32_and_imm ... ok
test isa::arm::cortex_m::cpu::tests::test_mov_imm ... ok
test isa::arm::cortex_m::cpu::tests::test_thumb32_add_imm ... ok
test isa::arm::cortex_m::cpu::tests::test_push_pop ... ok
test isa::arm::common::sysreg::tests::sysreg_decode ... ok
test isa::arm::cortex_m::cpu::tests::test_thumb32_clz ... ok
test isa::arm::cortex_m::cpu::tests::test_thumb32_ldm ... ok
test isa::arm::cortex_m::cpu::tests::test_thumb32_bl ... ok
test isa::arm::cortex_m::cpu::tests::test_thumb32_ldr_imm12 ... ok
test isa::arm::cortex_m::cpu::tests::test_thumb32_mla ... ok
test isa::arm::cortex_m::cpu::tests::test_thumb32_ldrd ... ok
test isa::arm::cortex_m::cpu::tests::test_thumb32_mul ... ok
test isa::arm::cortex_m::cpu::tests::test_thumb32_orr_imm ... ok
test isa::arm::cortex_m::cpu::tests::test_thumb32_rbit ... ok
test isa::arm::cortex_m::cpu::tests::test_thumb32_sdiv ... ok
test isa::arm::cortex_m::cpu::tests::test_thumb32_mov_imm ... ok
test isa::arm::common::memory::mpu::tests::test_mpu_background_region ... ok
test isa::arm::common::memory::mpu::tests::test_mpu_privileged_only ... ok
test isa::arm::common::memory::mpu::tests::test_mpu_access_check ... ok
test isa::arm::cortex_m::cpu::tests::test_thumb32_smull ... ok
test isa::arm::common::memory::mpu::tests::test_mpu_region_priority ... ok
test isa::arm::common::memory::mpu::tests::test_mpu_execute_never ... ok
test isa::arm::cortex_m::cpu::tests::test_thumb32_sub_imm ... ok
test isa::arm::cortex_m::cpu::tests::test_thumb32_udiv ... ok
test isa::arm::cortex_m::cpu::tests::test_thumb32_umull ... ok
test isa::arm::cortex_m::cpu::tests::test_wfi ... ok
test isa::arm::cortex_m::cpu::tests::test_thumb32_str_imm12 ... ok
test isa::arm::cortex_m::cpu::tests::test_thumb32_strd ... ok
test isa::arm::cortex_m::cpu::tests::test_thumb32_stm ... ok
test isa::arm::cortex_m::exec::alu::tests::add_with_carry_reports_carry_and_overflow ... ok
test isa::arm::cortex_m::exec::alu::tests::thumb_expand_imm_covers_replication_and_rotation ... ok
test isa::arm::cortex_m::exec::alu::tests::saturation_clamps_and_reports ... ok
test isa::arm::cortex_m::exec::tests::stack_pointer_writes_ignore_bits_1_0 ... ok
test isa::arm::cortex_m::exec::tests::unprivileged_code_cannot_change_masks_or_read_stack_pointers ... ok
test isa::arm::cortex_m::exec::tests::handler_mode_cannot_select_the_process_stack ... ok
test isa::arm::cortex_m::exec::alu::tests::shift_c_handles_amounts_of_32_and_more ... ok
test isa::arm::cortex_m::exec::tests::clear_epsr_t_faults_on_the_next_instruction ... ok
test isa::arm::cortex_m::nvic::tests::test_nvic_pending ... ok
test isa::arm::cortex_m::nvic::tests::test_nvic_enable_disable ... ok
test isa::arm::cortex_m::exec::tests::wfe_consumes_a_pending_event ... ok
test isa::arm::cortex_m::nvic::tests::test_nvic_priority ... ok
test isa::arm::cortex_m::nvic::tests::test_nvic_ipr_register ... ok
test isa::arm::cortex_m::scb::tests::test_scb_aircr ... ok
test isa::arm::cortex_m::exec::tests::it_blocks_reject_unpredictable_members ... ok
test isa::arm::cortex_m::scb::tests::test_scb_ccr ... ok
test isa::arm::cortex_m::nvic::tests::test_nvic_exception_entry_return ... ok
test isa::arm::cortex_m::scb::tests::test_cortex_m_variants ... ok
test isa::arm::cortex_m::nvic::tests::test_nvic_pending_exception ... ok
test isa::arm::cortex_m::exec::tests::dsp_instructions_need_armv7e_m ... ok
test isa::arm::cortex_m::exec::tests::armv6m_executes_only_its_thumb_subset ... ok
test isa::arm::cortex_m::scb::tests::test_scb_cfsr ... ok
test isa::arm::cortex_m::scb::tests::test_scb_cpuid ... ok
test isa::arm::cortex_m::scb::tests::test_scb_memmanage_fault ... ok
test isa::arm::cortex_m::scb::tests::test_scb_fault_enables ... ok
test isa::arm::cortex_m::nvic::tests::test_nvic_system_priority ... ok
test isa::arm::cortex_m::nvic::tests::test_nvic_register_access ... ok
test isa::arm::cortex_m::scb::tests::test_scb_reset_request ... ok
test isa::arm::cortex_m::scb::tests::test_scb_vtor ... ok
test isa::arm::cortex_m::systick::tests::test_systick_basic ... ok
test isa::arm::cortex_m::scb::tests::test_scb_systick ... ok
test isa::arm::cortex_m::systick::tests::test_systick_calib ... ok
test isa::arm::cortex_m::nvic::tests::test_nvic_priority_masking ... ok
test isa::arm::cortex_m::scb::tests::test_scb_pendsv ... ok
test isa::arm::cortex_m::tests::test_cortex_m4_basic ... ok
test isa::arm::cortex_m::systick::tests::test_systick_disabled ... ok
test isa::arm::cortex_m::tests::test_cortex_m0_basic ... ok
test isa::arm::cortex_m::tests::test_scb_basic ... ok
test isa::arm::cortex_m::systick::tests::test_systick_multiple_underflows ... ok
test isa::arm::cortex_m::systick::tests::test_systick_countdown ... ok
test isa::arm::cortex_m::tests::test_interrupt_injection ... ok
test isa::arm::cortex_m::systick::tests::test_systick_interrupt ... ok
test isa::arm::cortex_m::tests::test_systick_basic ... ok
test isa::arm::cortex_m::systick::tests::test_systick_register_access ... ok
test isa::arm::cortex_m::systick::tests::test_systick_timing ... ok
test isa::arm::decoder::aarch32::tests::test_and_reg ... ok
test isa::arm::decoder::aarch32::tests::test_clz ... ok
test isa::arm::decoder::aarch32::tests::test_add_imm ... ok
test isa::arm::decoder::aarch32::tests::test_add_reg ... ok
test isa::arm::decoder::aarch32::tests::test_bx ... ok
test isa::arm::decoder::aarch32::tests::extra_literal_imm8_high_nibble_does_not_alias_exclusive_decode ... ok
test isa::arm::decoder::aarch32::tests::test_cmp_reg ... ok
test isa::arm::decoder::aarch32::tests::test_b ... ok
test isa::arm::decoder::aarch32::tests::test_bl ... ok
test isa::arm::decoder::aarch32::tests::test_conditional ... ok
test isa::arm::decoder::aarch32::tests::test_mov_imm ... ok
test isa::arm::decoder::aarch32::tests::test_ldrb ... ok
test isa::arm::decoder::aarch32::tests::test_ldr_imm ... ok
test isa::arm::decoder::aarch32::tests::test_mov_reg ... ok
test isa::arm::decoder::aarch32::tests::test_pop ... ok
test isa::arm::decoder::aarch32::tests::test_mvn ... ok
test isa::arm::decoder::aarch32::tests::test_push ... ok
test isa::arm::decoder::aarch32::tests::test_orr_reg ... ok
test isa::arm::decoder::aarch32::tests::test_nop ... ok
test isa::arm::decoder::aarch32::tests::exclusive_family_still_requires_and_accepts_fixed_1001_nibble ... ok
test isa::arm::decoder::aarch32::tests::test_str_imm ... ok
test isa::arm::decoder::aarch32::tests::test_sub_reg ... ok
test isa::arm::decoder::aarch32::tests::test_mul ... ok
test isa::arm::decoder::aarch32::tests::bit_field_encodings_check_op2_and_udf_is_undefined ... ok
test isa::arm::decoder::aarch32::tests::load_acquire_and_store_release_forms ... ok
test isa::arm::decoder::aarch32::tests::test_shifted_reg ... ok
test isa::arm::decoder::aarch32::tests::miscellaneous_space_is_not_data_processing ... ok
test isa::arm::decoder::aarch32::tests::test_svc ... ok
test isa::arm::decoder::aarch32::tests::test_integer_divide_operands ... ok
test isa::arm::decoder::aarch32::tests::data_processing_register_shift_decodes_rs_for_every_opcode_and_shift ... ok
test isa::arm::decoder::aarch64::tests::test_adr_basic ... ok
test isa::arm::decoder::aarch64::tests::test_add_sub_extended_reserved_fixed_bits_decode_unknown ... ok
test isa::arm::decoder::aarch64::tests::test_adr_vs_adrp_bit31_difference ... ok
test isa::arm::decoder::aarch64::tests::test_adrp_basic ... ok
test isa::arm::decoder::aarch64::tests::test_adc ... ok
test isa::arm::decoder::aarch64::tests::test_adr_different_register ... ok
test isa::arm::decoder::aarch64::tests::test_32bit_operations ... ok
test isa::arm::decoder::aarch64::tests::test_adr_negative_offset ... ok
test isa::arm::decoder::aarch64::tests::test_add_imm ... ok
test isa::arm::decoder::aarch64::tests::test_adrp_different_register ... ok
test isa::arm::decoder::aarch64::tests::test_adrp_page_aligned ... ok
test isa::arm::decoder::aarch64::tests::issue_48_rejects_reserved_scalar_fp_ptype ... ok
test isa::arm::decoder::aarch64::tests::test_and_shifted_reg ... ok
test isa::arm::decoder::aarch64::tests::test_add_imm_zero_sp_aliases_to_mov ... ok
test isa::arm::decoder::aarch64::tests::test_add_sub_imm_tags ... ok
test isa::arm::decoder::aarch64::tests::test_asr_reg ... ok
test isa::arm::decoder::aarch64::tests::test_b ... ok
test isa::arm::decoder::aarch64::tests::test_bl ... ok
test isa::arm::decoder::aarch64::tests::test_cbnz ... ok
test isa::arm::decoder::aarch64::tests::test_cbz ... ok
test isa::arm::decoder::aarch64::tests::test_atomic_swp_decode ... ok
test isa::arm::decoder::aarch64::tests::test_br ... ok
test isa::arm::decoder::aarch64::tests::test_blr ... ok
test isa::arm::decoder::aarch64::tests::test_brk ... ok
test isa::arm::decoder::aarch64::tests::issue_48_decodes_scalar_fp_subclasses_by_subfields ... ok
test isa::arm::decoder::aarch64::tests::test_atomic_casp_decode ... ok
test isa::arm::decoder::aarch64::tests::test_bfm_xzr_extract_low_keeps_bfxil_alias ... ok
test isa::arm::decoder::aarch64::tests::test_atomic_cas_decode ... ok
test isa::arm::decoder::aarch64::tests::test_bitfield_extend_aliases_use_two_register_operands ... ok
test isa::arm::decoder::aarch64::tests::test_cmp_imm ... ok
test isa::arm::decoder::aarch64::tests::test_clrex_decode ... ok
test isa::arm::decoder::aarch64::tests::test_cond_compare_reserved_s_bit_decode_undefined ... ok
test isa::arm::decoder::aarch64::tests::test_atomic_ldapr_decode ... ok
test isa::arm::decoder::aarch64::tests::test_clz ... ok
test isa::arm::decoder::aarch64::tests::test_dp_1_source_rejects_reserved_opcode2_values ... ok
test isa::arm::decoder::aarch64::tests::test_conditional_branch ... ok
test isa::arm::decoder::aarch64::tests::test_csel ... ok
test isa::arm::decoder::aarch64::tests::test_csinv_keeps_source_operands ... ok
test isa::arm::decoder::aarch64::tests::test_ldr_imm ... ok
test isa::arm::decoder::aarch64::tests::test_dgh_hint_decode ... ok
test isa::arm::decoder::aarch64::tests::test_extract_reserved_opc_decode_undefined ... ok
test isa::arm::decoder::aarch64::tests::test_csetm_omits_source_operands ... ok
test isa::arm::decoder::aarch64::tests::test_cond_select_aliases_invert_condition_operand ... ok
test isa::arm::decoder::aarch64::tests::test_ldp ... ok
test isa::arm::decoder::aarch64::tests::test_logical_imm_reserved_all_ones_mask_is_undefined ... ok
test isa::arm::decoder::aarch64::tests::test_lsl_reg ... ok
test isa::arm::decoder::aarch64::tests::test_lsr_reg ... ok
test isa::arm::decoder::aarch64::tests::test_logical_shifted_mov_alias_requires_lsl_zero ... ok
test isa::arm::decoder::aarch64::tests::test_madd ... ok
test isa::arm::decoder::aarch64::tests::test_mov_imm ... ok
test isa::arm::decoder::aarch64::tests::test_mvn ... ok
test isa::arm::decoder::aarch64::tests::test_mov_reg ... ok
test isa::arm::decoder::aarch64::tests::test_neg ... ok
test isa::arm::decoder::aarch64::tests::test_logical_imm_64bit_rotation_decode ... ok
test isa::arm::decoder::aarch64::tests::test_mul ... ok
test isa::arm::common::memory::tests::test_standard_memory ... ok
test isa::arm::decoder::aarch64::tests::test_nop ... ok
test isa::arm::decoder::aarch64::tests::test_high_multiply_omits_ra_operand ... ok
test isa::arm::decoder::aarch64::tests::test_orr_shifted_reg ... ok
test isa::arm::decoder::aarch64::tests::test_long_multiply_negative_aliases ... ok
test isa::arm::decoder::aarch64::tests::test_ordered_ldst_decode_rejects_widened_bucket ... ok
test isa::arm::decoder::aarch64::tests::test_ret ... ok
test isa::arm::decoder::aarch64::tests::test_pacga_register_31_decode ... ok
test isa::arm::decoder::aarch64::tests::test_loregion_ordered_ldst_decode ... ok
test isa::arm::decoder::aarch64::tests::test_rbit ... ok
test isa::arm::decoder::aarch64::tests::test_lrcpc3_pair_decode ... ok
test isa::arm::decoder::aarch64::tests::test_ordered_ldst_decode_ignores_rs_and_rt2_fields ... ok
test isa::arm::decoder::aarch64::tests::test_mte_dp2_register_31_decode ... ok
test isa::arm::decoder::aarch64::tests::test_rev ... ok
test isa::arm::decoder::aarch64::tests::test_sdiv ... ok
test isa::arm::decoder::aarch64::tests::test_shifted_subs_prefers_cmp_over_negs_when_rd_is_zr ... ok
test isa::arm::decoder::aarch64::tests::test_store_exclusive_release_decode_operands ... ok
test isa::arm::decoder::aarch64::tests::test_str_imm ... ok
test isa::arm::decoder::aarch64::tests::test_sbc_xzr_source_decodes_ngc_aliases ... ok
test isa::arm::decoder::aarch64::tests::test_stp ... ok
test isa::arm::decoder::aarch64::tests::test_sub_imm ... ok
test isa::arm::decoder::aarch64::tests::test_mte_tag_memory_decode ... ok
test isa::arm::decoder::aarch64::tests::test_sb_decode ... ok
test isa::arm::decoder::aarch64::tests::test_svc ... ok
test isa::arm::decoder::aarch64::tests::test_tbnz ... ok
test isa::arm::decoder::aarch64::tests::test_tbz ... ok
test isa::arm::decoder::aarch64::tests::test_tst_shifted_reg ... ok
test isa::arm::decoder::aarch64::tests::test_udiv ... ok
test isa::arm::decoder::operand::tests::test_immediate ... ok
test isa::arm::decoder::aarch64::tests::test_wfxt_decode ... ok
test isa::arm::decoder::aarch64::tests::test_scalar_fp_decoder_classifies_by_subfields ... ok
test isa::arm::decoder::aarch64::tests::test_stgp_decode ... ok
test isa::arm::decoder::operand::tests::test_register_list ... ok
test isa::arm::decoder::tests::test_condition_decode ... ok
test isa::arm::decoder::aarch64::tests::test_sve_pred_true_false_fixed_fields_decode_unknown ... ok
test isa::arm::decoder::tests::test_condition_invert ... ok
test isa::arm::decoder::operand::tests::test_aarch32_register_names ... ok
test isa::arm::decoder::aarch64::tests::test_sve_int_mla_mls_decode ... ok
test isa::arm::decoder::tests::test_shift_type_decode ... ok
test isa::arm::decoder::operand::tests::test_register_names ... ok
test isa::arm::decoder::tests::test_mnemonic_display ... ok
test isa::arm::decoder::aarch64::tests::test_logical_imm_mov_alias_respects_move_wide_preference ... ok
test isa::arm::decoder::aarch64::tests::test_pauth_dp1_decode ... ok
test isa::arm::decoder::aarch64::tests::test_simd_two_reg_misc_distinct_mnemonics ... ok
test isa::arm::decoder::operand::tests::test_fp_register_names ... ok
test isa::arm::decoder::tests::test_extend_type_decode ... ok
test isa::arm::decoder::aarch64::tests::test_ordered_unscaled_decode ... ok
test isa::arm::decoder::thumb::tests::t32_push_and_pop_are_stmdb_and_ldmia_of_sp_with_writeback ... ok
test isa::arm::decoder::thumb::tests::test_16bit_add_reg ... ok
test isa::arm::decoder::thumb::tests::t32_coprocessor_space_maps_to_its_a32_encoding ... ok
test isa::arm::decoder::thumb::tests::test_16bit_cmp_imm ... ok
test isa::arm::decoder::thumb::tests::test_16bit_bx_lr ... ok
test isa::arm::decoder::thumb::tests::test_16bit_mov_imm ... ok
test isa::arm::decoder::thumb::tests::test_16bit_beq ... ok
test isa::arm::decoder::thumb::tests::test_16bit_b ... ok
test isa::arm::decoder::thumb::tests::test_16bit_nop ... ok
test isa::arm::decoder::thumb::tests::t16_cps_decodes_and_setend_does_not ... ok
test isa::arm::decoder::aarch64::tests::test_unmodeled_simd_three_same_integer_ops_decode_unknown ... ok
test isa::arm::decoder::thumb::tests::test_16bit_pop ... ok
test isa::arm::decoder::thumb::tests::test_16bit_ldr_imm ... ok
test isa::arm::decoder::thumb::tests::test_16bit_lsl ... ok
test isa::arm::decoder::thumb::tests::test_16bit_push ... ok
test isa::arm::decoder::thumb::tests::test_16bit_svc ... ok
test isa::arm::decoder::aarch64::tests::test_unprivileged_load_store_decode ... ok
test isa::arm::decoder::thumb::tests::test_32bit_bl ... ok
test isa::arm::decoder::thumb::tests::test_32bit_ldr_imm ... ok
test isa::arm::decoder::thumb::tests::test_32bit_push_multiple ... ok
test isa::arm::decoder::thumb::tests::t32_coprocessor_space_decodes_as_its_a32_equivalent ... ok
test isa::arm::decoder::thumb::tests::test_is_32bit ... ok
test isa::arm::decoder::thumb::tests::t32_misc_control_decodes_hints_barriers_and_status_moves ... ok
test isa::arm::decoder::thumb::tests::test_16bit_cbz_cbnz_decode_displacements_as_branch_labels ... ok
test isa::hexagon::semantics::shift_ext::tests::ashiftr_64_guards_oversized_shift ... ok
test isa::arm::decoder::thumb::tests::test_32bit_literal_loads_decode_full_positive_and_negative_imm12 ... ok
test isa::arm::decoder::thumb::tests::test_32bit_mov_imm ... ok
test isa::arm::decoder::thumb::tests::test_32bit_add_imm ... ok
test isa::arm::decoder::thumb::tests::t32_exclusives_table_branches_and_acquire_release_decode ... ok
test isa::arm::decoder::thumb::tests::test_32bit_register_extends_preserve_exact_operation ... ok
test isa::riscv::compressed::tests::c_mv_add ... ok
test isa::riscv::compressed::tests::c_addi ... ok
test isa::riscv::compressed::tests::c_ebreak ... ok
test isa::riscv::compressed::tests::c_li ... ok
test isa::riscv::compressed::tests::c_ntl_hints ... ok
test isa::hexagon::semantics::tests::hvx_out_of_range_access_marks_instruction_invalid ... ok
test isa::hexagon::semantics::hvx_v6mpy::tests::v6mpy_rejects_odd_pair_base_no_abort ... ok
test isa::hexagon::decode::pair_base_tests::tfr_control_pair_rejects_odd_register_base ... ok
test isa::hexagon::semantics::tests::hvx_pair_helpers_reject_odd_pair_bases ... ok
test isa::riscv::compressed::tests::rv32c_reserved_shifts_are_illegal ... ok
test isa::riscv::compressed::tests::zcb_aliases_require_dependent_extensions ... ok
test isa::hexagon::semantics::shift::tests::immediate_shift_count_ignores_constant_extender ... ok
test isa::riscv::compressed::tests::zclsd_rv32_pair_load_store_overlap_slots ... ok
test isa::riscv::compressed::tests::rv32_compressed_single_precision_memory_requires_f ... ok
test isa::hexagon::semantics::shift_ext::tests::valignib_offset_does_not_underflow_with_extender ... ok
test isa::hexagon::semantics::shift_ext::tests::shift_ext_immediate_count_ignores_constant_extender ... ok
test isa::riscv::compressed::tests::compressed_double_memory_encodings_require_d ... ok
test isa::riscv::cpu::csr_ops::tests::counter_enable_csrs_are_32_bit_and_gate_lower_privilege_reads ... ok
test isa::riscv::cpu::csr_ops::tests::misa_reports_enabled_h_and_v_independently ... ok
test isa::hexagon::semantics::hvx_hist::tests::vhist_requires_tmp_load_into_v0 ... ok
test isa::riscv::cpu::csr_ops::tests::mepc_masks_the_configured_ialign_on_reads_and_mret ... ok
test isa::riscv::compressed::tests::zcmp_zcmt_decode_overlap_slot ... ok
test isa::riscv::cpu::csr_ops::tests::status_interrupt_and_delegation_csrs_canonicalize_warl_fields ... ok
test isa::riscv::cpu::csr_ops::tests::mtvec_warl_readback_never_exposes_a_reserved_mode ... ok
test isa::riscv::cpu::csr_ops::tests::sret_privilege_and_tsr_failures_do_not_commit_state ... ok
test isa::riscv::cpu::csr_ops::tests::csr_instructions_enforce_the_encoded_minimum_privilege ... ok
test isa::riscv::cpu::csr_ops::tests::sepc_masks_ialign_and_sret_restores_only_supervisor_stack ... ok
test isa::riscv::cpu::execution::tests::wfi_does_not_stall_for_a_locally_enabled_pending_interrupt ... ok
test isa::hexagon::semantics::tests::invalid_hvx_pair_dispatch_is_rejected_without_writes ... ok
test isa::riscv::cpu::state_transfer::tests::csrs_round_trip_through_their_warl_rules ... ok
test isa::riscv::cpu::execution::tests::unavailable_csrs_trap_before_register_commit ... ok
test isa::riscv::cpu::tests::addi_and_add ... ok
test isa::riscv::cpu::execution::tests::instruction_fetch_enforces_the_configured_ialign ... ok
test isa::riscv::cpu::state_transfer::tests::vector_state_round_trips_and_checks_its_size ... ok
test isa::riscv::cpu::csr_ops::tests::csr_availability_tracks_xlen_and_declaring_extensions ... ok
test isa::riscv::cpu::execution::tests::only_normally_completed_instructions_increment_instret ... ok
test isa::riscv::cpu::fp_moves::tests::rv32_zfa_doubleword_moves_preserve_both_halves ... ok
test isa::riscv::cpu::tests::add_sub_words ... ok
test isa::riscv::cpu::tests::csr_readwrite_and_illegal ... ok
test isa::riscv::cpu::tests::branch_taken ... ok
test isa::riscv::cpu::tests::amo_add ... ok
test isa::riscv::cpu::tests::branch_alignment_traps_only_when_taken_without_compressed_extension ... ok
test isa::riscv::cpu::tests::clz_cpop ... ok
test isa::riscv::cpu::tests::fcsr_subfields ... ok
test isa::riscv::cpu::tests::ecall_exit_can_be_delivered_as_machine_trap ... ok
test isa::riscv::cpu::tests::amocas_word_double_and_quad ... ok
test isa::riscv::cpu::tests::cbo_zero_zeroes_aligned_cache_block ... ok
test isa::riscv::cpu::execution::tests::failed_store_conditionals_check_address_without_writing ... ok
test isa::riscv::cpu::execution::tests::failed_store_conditionals_use_write_probe_without_mmio_read ... ok
test isa::riscv::cpu::tests::load_store_roundtrip ... ok
test isa::riscv::cpu::tests::hazard3_power_hints_are_gated ... ok
test isa::riscv::cpu::tests::hazard3_bextm_and_bextmi_extract_multiple_bits ... ok
test isa::riscv::cpu::tests::div_overflow ... ok
test isa::riscv::cpu::tests::mul_div_rem ... ok
test isa::riscv::cpu::tests::cache_and_wait_hints_retire_without_state_changes ... ok
test isa::riscv::cpu::tests::branches_all_conditions ... ok
test isa::riscv::cpu::tests::hypervisor_virtual_load_store_use_flat_memory ... ok
test isa::riscv::cpu::tests::machine_external_interrupt_enters_rv32_vectored_mtvec ... ok
test isa::riscv::cpu::tests::jal_jalr_link_and_target ... ok
test isa::riscv::cpu::tests::lui_auipc ... ok
test isa::riscv::cpu::tests::rv32_add_wraps_32 ... ok
test isa::riscv::cpu::tests::rv32_no_word_ops ... ok
test isa::riscv::cpu::tests::q_decode_only_ops_trap_on_execute ... ok
test isa::riscv::cpu::tests::rv32_fallthrough_pc_wraps_at_xlen ... ok
test isa::riscv::cpu::tests::rv32_load_sign_extends_to_32 ... ok
test isa::riscv::cpu::tests::rv32_mulh_div ... ok
test isa::riscv::cpu::tests::privileged_fences_are_flat_memory_noops ... ok
test isa::riscv::cpu::tests::rv32_slt_signed ... ok
test isa::riscv::cpu::tests::rv32_shift_amount_masked_5_bits ... ok
test isa::riscv::cpu::tests::sra_arith ... ok
test isa::riscv::cpu::tests::rv32_sra_signed_32 ... ok
test isa::riscv::cpu::tests::andes_gp_relative_load_store_and_addigp ... ok
test isa::riscv::cpu::tests::sstatus_cannot_escalate_sret_via_mpp ... ok
test isa::riscv::cpu::tests::rv32_zclsd_compressed_pair_load ... ok
test isa::riscv::cpu::tests::sstatus_preserves_machine_only_mstatus_bits ... ok
test isa::riscv::cpu::tests::system_ecall_ebreak_fence ... ok
test isa::riscv::cpu::tests::rv32_zilsd_pair_load_store ... ok
test isa::riscv::cpu::tests::rv32_zbkb_zip_unzip_interleave_bits ... ok
test isa::riscv::cpu::tests::supervisor_interrupt_csrs_are_delegated_views ... ok
test isa::riscv::cpu::tests::vector_config ... ok
test isa::hexagon::cpu::vcpu_impl::tests::step_insn_executes_and_counts_one_packet ... ok
test isa::hexagon::semantics::tests::issue_162_rejects_odd_pair_bases_across_hvx_families ... ok
test isa::riscv::cpu::tests::rv32_aes32_scalar_crypto ... ok
test isa::riscv::cpu::tests::vfncvt_fp8_result_rejects_sew8 ... ok
test isa::riscv::cpu::tests::rv32_sha512_pair_crypto ... ok
test isa::riscv::cpu::tests::xida_sltw_compares_low_words_signed ... ok
test isa::riscv::cpu::tests::vcompress_rejects_reserved_states ... ok
test isa::riscv::cpu::tests::vmask_logical_rejects_masked_encoding ... ok
test isa::riscv::cpu::tests::xsoteria_decode_gated_rv32_and_flag ... ok
test isa::riscv::cpu::tests::xsoteria_decode_golden_bytes ... ok
test isa::riscv::cpu::tests::xsoteria_grev_full_reverse_and_rev8 ... ok
test isa::riscv::cpu::tests::xsoteria_bit_set_clear ... ok
test isa::riscv::cpu::tests::mask_reductions_reject_nonzero_vstart ... ok
test isa::riscv::cpu::tests::vlseg_rejects_oversized_register_group ... ok
test isa::riscv::cpu::tests::xsoteria_pcnt_clz_fls ... ok
test isa::riscv::cpu::tests::andes_bitfield_lea_branch_and_byte_scans ... ok
test isa::riscv::cpu::tests::vslidedown_oversized_offset_zeroes_lane ... ok
test isa::riscv::cpu::tests::vadc_vsbc_reject_unmasked_encoding ... ok
test isa::riscv::cpu::tests::vmvr_rejects_reserved_encodings ... ok
test isa::riscv::cpu::tests::vrgather_rejects_overlapping_operands ... ok
test isa::riscv::cpu::tests::warm_reset_clears_arch_state_keeps_nothing ... ok
test isa::riscv::cpu::tests::xthead_vdot_documented_vmaqa_executes ... ok
test isa::riscv::cpu::tests::xthead_vdot_mask_is_byte_granular ... ok
test isa::riscv::cpu::tests::xthead_vdot_rejects_bad_sew_and_undocumented_packed_exec ... ok
test isa::riscv::cpu::vector_config::tests::every_vector_configuration_form_resets_vstart ... ok
test isa::riscv::cpu::tests::zcmp_register_moves_and_zcmt_table_jumps ... ok
test isa::riscv::cpu::vector_config::tests::unsupported_vtype_still_resets_vstart_when_vill_is_recorded ... ok
test isa::riscv::cpu::tests::zcmp_push_pop_and_return ... ok
test isa::riscv::cpu::tests::xsoteria_csr_scratch_permissive_only_when_enabled ... ok
test isa::riscv::cpu::vector_permute::tests::whole_register_move_snapshots_overlapping_source_group ... ok
test isa::riscv::cpu::vector_permute::tests::whole_register_move_resumes_in_sew_sized_elements ... ok
test isa::riscv::cpu::vector_memory::tests::mask_transfer_respects_vill_and_whole_register_groups_are_validated ... ok
test isa::riscv::cpu::vector_memory::tests::vector_memory_faults_publish_the_faulting_element ... ok
test isa::riscv::cpu::vector_memory::tests::mask_and_whole_register_fault_indices_use_their_effective_elements ... ok
test isa::riscv::cpu::vector_memory::tests::mask_load_and_store_use_byte_indexed_vstart ... ok
test isa::riscv::cpu::tests::xthead_scalar_arithmetic_and_fmv ... ok
test isa::riscv::cpu::vector_memory::tests::segment_fault_only_first_traps_at_zero_and_trims_later_faults ... ok
test isa::riscv::cpu::vector_memory::tests::memory_operands_validate_data_index_and_segment_groups ... ok
test isa::riscv::cpu::tests::xthead_indexed_integer_and_fp_memory ... ok
test isa::riscv::cpu::vector_memory::tests::indexed_segment_fields_use_sew_while_indices_use_encoded_eew ... ok
test isa::riscv::cpu::vector_memory::tests::whole_register_transfer_uses_encoded_eew_and_ignores_vill ... ok
test isa::riscv::cpu::vector_validation::tests::same_width_integer_groups_must_be_aligned ... ok
test isa::riscv::cpu::vector_validation::tests::mask_prefix_constraints_are_checked_before_execution ... ok
test isa::riscv::cpu::vector_validation::tests::carry_and_borrow_require_vm_zero_and_nonzero_destination ... ok
test isa::riscv::cpu::vector_validation::tests::reserved_frm_traps_before_vl_and_vstart_short_circuits ... ok
test isa::riscv::cpu::vector_validation::tests::masked_nonmask_destinations_cannot_overlap_v0 ... ok
test isa::riscv::cpu::vector_validation::tests::viota_enforces_nonrestartable_and_operand_overlap_rules ... ok
test isa::riscv::cpu::vector_validation::tests::vid_requires_reserved_vs2_field_to_name_v0 ... ok
test isa::riscv::cpu::vector_validation::tests::scalar_move_forms_reserve_masked_encodings ... ok
test isa::riscv::cpu::vector_validation::tests::averaging_integer_groups_must_be_aligned ... ok
test isa::riscv::cpu::vector_validation::tests::vmv_forms_require_reserved_vs2_field_to_name_v0 ... ok
test isa::riscv::cpu::vector_validation::tests::narrowing_rejects_misaligned_groups_and_reserved_lmul ... ok
test isa::riscv::cpu::vector_validation::tests::slide_up_rejects_overlap_and_misaligned_groups_but_down_allows_overlap ... ok
test isa::riscv::cpu::vector_validation::tests::vrgatherei16_validates_exact_index_emul_and_source_aliasing ... ok
test isa::riscv::cpu::vector_validation::tests::mask_results_validate_sources_and_lowest_register_overlap ... ok
test isa::riscv::decode::hypervisor::tests::hlvx_wu_is_legal_on_both_xlens_with_h ... ok
test isa::riscv::cpu::vector_validation::tests::widening_rejects_low_part_and_fractional_source_overlap ... ok
test isa::riscv::cpu::vector_validation::tests::vector_fp_validation_rejects_unsupported_eew8_without_overrejecting_conversions ... ok
test isa::riscv::cpu::vector_validation::tests::vector_extensions_validate_scaled_source_emul ... ok
test isa::riscv::cpu::vector_validation::tests::vfncvt_fp16_to_unsigned_integer8_rounds_saturates_and_accrues_flags ... ok
test isa::riscv::decode::tests::andes_decode_gp_relative_and_custom2 ... ok
test isa::riscv::cpu::vector_validation::tests::narrowing_overlap_uses_exact_rational_emul ... ok
test isa::riscv::cpu::vector_validation::tests::widening_group_boundaries_use_exact_rational_emul ... ok
test isa::riscv::decode::tests::andes_takes_custom0_priority_over_hazard3_like_ida ... ok
test isa::riscv::decode::tests::decode_addi ... ok
test isa::riscv::decode::tests::decode_branch_imm ... ok
test isa::riscv::decode::tests::decode_cbo_zero_requires_zicboz_and_full_funct12 ... ok
test isa::riscv::cpu::vector_validation::tests::widening_reductions_allow_any_scalar_destination_register ... ok
test isa::riscv::decode::tests::decode_add_sub ... ok
test isa::riscv::decode::op_imm::tests::rv32_rejects_shamt_bit_five_for_every_shift_immediate_family ... ok
test isa::riscv::decode::tests::decode_cbo_management_and_prefetch_hints ... ok
test isa::riscv::decode::tests::decode_m_mul ... ok
test isa::riscv::cpu::vector_validation::tests::remaining_same_width_families_validate_every_vector_group ... ok
test isa::riscv::decode::tests::decode_rv32_aes32_scalar_crypto_is_gated ... ok
test isa::riscv::decode::tests::decode_privileged_fence_and_hypervisor_tables ... ok
test isa::riscv::decode::tests::decode_rv32_zilsd_load_store_pairs ... ok
test isa::riscv::decode::tests::decode_slli_rv64 ... ok
test isa::riscv::decode::tests::decode_xida_sltw_is_opt_in_rv64_only ... ok
test isa::riscv::decode::tests::decode_zbkb_zip_unzip_rv32_only ... ok
test isa::riscv::decode::tests::hazard3_rejects_reserved_custom0_fields ... ok
test isa::riscv::decode::tests::hazard3_decode_power_hints_and_custom0 ... ok
test isa::riscv::decode::tests::xsoteria_rejects_bad_funct ... ok
test isa::riscv::decode::tests::xsoteria_unary_requires_zero_rs2_field ... ok
test isa::riscv::decode::tests::xsoteria_immediate_field_decodes_to_imm ... ok
test isa::riscv::decode::tests::decode_rv32_sha512_pair_crypto_is_gated ... ok
test isa::riscv::decode::tests::vector_memory_decode_is_independent_of_f_and_accepts_segment_fof ... ok
test isa::riscv::decode::tests::decode_zawrs_zihintpause_zihintntl_and_zacas ... ok
test isa::riscv::cpu::vector_validation::tests::every_reduction_rejects_nonzero_vstart_and_validates_vector_source ... ok
test isa::riscv::cpu::vector_validation::tests::widening_wide_source_forms_allow_same_width_alias ... ok
test isa::riscv::decode::tests::xthead_custom0_priority_matches_ida ... ok
test isa::riscv::decode::zfa_moves::tests::doubleword_moves_require_rv32_d_and_zfa ... ok
test isa::riscv::decode::tests::xthead_decode_scalar_and_memory_tables ... ok
test isa::riscv::decode::tests::xthead_decode_vdot_tables_after_fmem ... ok
test isa::riscv::float::tests::bits_u64_copy_respects_bits_width ... ok
test isa::riscv::decode::tests::decode_q_extension_is_opt_in_and_excludes_q_moves ... ok
test isa::riscv::memory::tests::flat_roundtrip_widths ... ok
test isa::x86_64::apx::tests::rex2_opcode_reservations_cover_exact_map_rows_and_prefix_bytes ... ok
test isa::riscv::float::tests::ftoi8_rounding_saturation_and_flags_are_exact ... ok
test isa::riscv::memory::tests::out_of_bounds ... ok
test isa::riscv::disasm::tests::disasm_xida_sltw_when_enabled ... ok
test isa::x86_64::apx::tests::rex2_xsave_reservations_require_exact_memory_groups ... ok
test isa::riscv::disasm::tests::disasm_rv32_zfa_doubleword_moves_and_hlvx_wu ... ok
test isa::riscv::disasm::tests::disasm_zcmp_zcmt_and_pair_load_store ... ok
test isa::riscv::disasm::tests::disasm_hazard3_vendor_ops ... ok
test isa::riscv::disasm::tests::disasm_andes_vendor_ops ... ok
test isa::riscv::cpu::vector_validation::tests::widening_arithmetic_covers_integer_fp_and_conversion_families ... ok
test isa::riscv::disasm::tests::disasm_q_extension_when_enabled ... ok
test isa::riscv::disasm::tests::disasm_privileged_and_zbkb_zip_unzip ... ok
test isa::riscv::disasm::tests::disasm_xthead_vendor_ops ... ok
test isa::riscv::disasm::tests::disasm_samples ... ok
test isa::x86_64::cpu::decode_cache_invalidation_tests::invalidate_code_page_clears_rip0_entry ... ok
test isa::x86_64::bios::tests::cd_activation_is_per_vcpu ... ok
test isa::x86_64::cpu::decode_cache_invalidation_tests::decode_cache_hit_refetches_current_guest_bytes ... ok
test isa::x86_64::cpu::leave_tests::direct_leave16_uses_full_rbp_address_and_merges_only_bp ... ok
test isa::x86_64::cpu::leave_tests::direct_leave_pop_fault_is_noncommitting ... ok
test isa::riscv::cpu::vector_validation::tests::every_decoded_opfvv_and_opfvf_encoding_validates_frm ... ok
test isa::x86_64::cpu::mmx_xmm_transfer_tests::direct_cross_file_transfers_commit_values_and_mmx_tag_after_success ... ok
test isa::x86_64::cpu::leave_tests::direct_leave_obeys_long_mode_width_prefix_order_and_preserves_state ... ok
test isa::x86_64::cpu::enter_tests::direct_enter_final_probe_and_late_read_fault_leave_registers_restartable ... ok
test isa::x86_64::cpu::enter_tests::direct_enter_rex_order_width_nesting_and_flags_are_exact ... ok
test isa::x86_64::cpu::enter_tests::compatibility_enter_uses_ss_base_for_display_reads_and_stack_writes ... ok
test isa::x86_64::cpu::mxcsr_restore_tests::direct_mxcsr_restore_fxrstor_accepts_all_supported_bits_and_pending_unmasked_status ... ok
test isa::x86_64::cpu::mxcsr_restore_tests::direct_mxcsr_restore_standard_ignores_only_the_unspecified_header_tail ... ok
test isa::x86_64::cpu::enter_tests::direct_enter_noncanonical_stack_range_raises_ss_before_memory_access ... ok
test isa::x86_64::cpu::mxcsr_restore_tests::direct_mxcsr_restore_ignores_invalid_memory_when_mxcsr_is_unselected_or_initialized ... ok
test isa::x86_64::cpu::leave_tests::direct_rex2_leave_checks_apx_before_any_stack_commit ... ok
test isa::x86_64::cpu::leave_tests::direct_leave_ss_and_ac_faults_are_noncommitting ... ok
test isa::x86_64::cpu::ptwrite_tests::deterministic_cpuid_profile_does_not_advertise_ptwrite ... ok
test isa::x86_64::cpu::ptwrite_tests::direct_ptwrite_feature_fault_precedes_address_faults ... ok
test isa::x86_64::cpu::ptwrite_tests::direct_ptwrite_faults_before_register_or_memory_observation ... ok
test isa::x86_64::cpu::mxcsr_restore_tests::direct_mxcsr_restore_snapshot_roundtrips_supported_mxcsr_and_all_existing_fields ... ok
test isa::x86_64::cpu::mxcsr_restore_tests::direct_mxcsr_restore_snapshot_rejects_reserved_bits_without_mutation ... ok
test isa::x86_64::cpu::rex2_admission_tests::direct_rex2_emms_is_dynamic_and_cache_stable ... ok
test isa::x86_64::cpu::mxcsr_restore_tests::direct_mxcsr_restore_header_faults_precede_selected_mxcsr_page_faults ... ok
test isa::x86_64::cpu::mxcsr_restore_tests::direct_mxcsr_restore_only_selected_memory_values_can_page_fault ... ok
test isa::x86_64::cpu::stack_segment_tests::non_long_mode_stack_helpers_use_ss_base ... ok
test isa::x86_64::cpu::sti_tests::a_faulting_shadowed_instruction_consumes_the_sti_shadow ... ok
test isa::x86_64::cpu::mxcsr_restore_tests::direct_mxcsr_restore_earlier_legality_faults_precede_operand_reads_and_commit ... ok
test isa::x86_64::cpu::stack_segment_tests::long_mode_stack_helpers_ignore_ss_base ... ok
test isa::x86_64::cpu::sti_tests::sti_cli_sequence_never_exposes_an_interruptible_boundary ... ok
test isa::x86_64::cpu::sti_tests::sti_hlt_consumes_the_shadow_before_halt_and_allows_wakeup ... ok
test isa::x86_64::cpu::sti_tests::sti_nop_exposes_interrupts_only_after_the_nop_boundary ... ok
test isa::x86_64::cpu::sti_tests::sti_pvi_sets_vif_without_enabling_physical_interrupts_or_shadow ... ok
test isa::x86_64::cpu::sti_tests::sti_with_if_already_set_creates_no_interrupt_shadow ... ok
test isa::x86_64::cpu::mxcsr_restore_tests::direct_mxcsr_restore_selection_distinguishes_standard_and_compacted_forms ... ok
test isa::x86_64::cpu::sti_tests::sti_pvi_vip_fault_is_noncommitting_and_ends_a_prior_shadow ... ok
test isa::x86_64::cpu::sti_tests::sti_shadow_round_trips_snapshots_but_external_state_injection_clears_it ... ok
test isa::x86_64::cpu::sti_tests::maskable_injection_is_blocked_but_nmi_delivery_consumes_the_sti_shadow ... ok
test isa::x86_64::cpu::waitpkg_tests::direct_waitpkg_probes_umonitor_memory_and_clears_only_wait_status_flags ... ok
test isa::x86_64::cpu::waitpkg_tests::direct_waitpkg_tsd_bypasses_are_exact ... ok
test isa::x86_64::cpu::waitpkg_tests::direct_waitpkg_non_long_address_sizes_and_virtual_8086_tsd_are_exact ... ok
test isa::x86_64::cpu::waitpkg_tests::direct_waitpkg_faults_are_precise_and_noncommitting ... ok
test isa::x86_64::cpu::vcpu_impl::tests::snapshot_restore_reinstates_the_saved_lazy_flags ... ok
test isa::x86_64::cpu::vcpu_impl::tests::set_state_replaces_lazily_derived_flags ... ok
test isa::x86_64::cpu::mxcsr_restore_tests::direct_mxcsr_restore_rejects_each_reserved_bit_before_any_payload_commit ... ok
test isa::x86_64::cpu::xop_tests::direct_packed_xop_reserved_fields_raise_ud_before_nm_or_memory_observation ... ok
test isa::x86_64::cpu::xop_tests::direct_packed_xop_feature_faults_precede_nm_and_memory_faults ... ok
test isa::x86_64::cpu::rex2_admission_tests::direct_rex2_control_debug_transfers_use_full_extensions_on_cold_and_cache_hits ... ok
test isa::x86_64::cpu::xop_tests::direct_packed_xop_memory_enforces_canonical_and_alignment_priority ... ok
test isa::x86_64::cpu::rex2_admission_tests::direct_rex2_control_debug_nonexistent_selectors_ud_before_all_state ... ok
test isa::x86_64::cpu::xop_tests::direct_vpcmov_compatibility_mode_ignores_is4_high_bit_and_keeps_w_role ... ok
test isa::x86_64::cpu::xop_tests::direct_vpcmov_memory_forms_preserve_roles_alignment_and_fault_precision ... ok
test isa::x86_64::cpu::xop_tests::direct_vpcmov_reserved_and_dynamic_faults_precede_memory_observation ... ok
test isa::x86_64::cpu::xop_tests::direct_vpcmov_executes_both_widths_w_roles_aliases_and_high_registers ... ok
test isa::x86_64::cpu::xop_vpcom_tests::direct_vpcom_feature_enabled_memory_fault_is_noncommitting ... ok
test isa::x86_64::cpu::xop_vpcom_tests::direct_vpcom_compatibility_mode_honors_xop_register_restrictions ... ok
test isa::x86_64::cpu::xop_tests::direct_packed_xop_executes_every_assigned_cell_and_both_w_operand_orders ... ok
test isa::x86_64::cpu::xop_vpcom_tests::direct_vpcom_memory_is_one_aligned_full_width_read_with_exact_rip ... ok
test isa::x86_64::cpu::xop_vpcom_tests::direct_vpcom_reserved_and_dynamic_faults_precede_nm_and_memory ... ok
test isa::x86_64::cpu::xop_vpcom_tests::direct_vpcom_executes_every_element_family_and_immediate_image ... ok
test isa::x86_64::cpu::xop_vpcom_tests::direct_vpcom_preserves_all_destination_source_aliases ... ok
test isa::x86_64::decode::dispatch::evex::apx_count_tests::direct_apx_count_memory_fault_is_noncommitting_and_preserves_lazy_flags ... ok
test isa::x86_64::decode::dispatch::evex::apx_count_tests::direct_apx_count_reserved_fields_fault_without_commit ... ok
test isa::x86_64::decode::dispatch::evex::apx_count_tests::direct_apx_count_materializes_only_the_flags_each_form_defines ... ok
test isa::x86_64::decode::dispatch::evex::apx_count_tests::direct_apx_count_uses_egpr_register_and_memory_index_extensions ... ok
test isa::x86_64::decode::dispatch::evex::apx_cet_tests::direct_profile_disabled_apx_wrss_and_wruss_raise_ud_before_modrm_fetch ... ok
test isa::x86_64::decode::dispatch::evex::align_tests::vector_align_memory_broadcast_remains_supported ... ok
test isa::x86_64::decode::dispatch::evex::apx_crc32_tests::direct_apx_crc32_invalid_fields_and_disabled_apx_fault_without_commit ... ok
test isa::x86_64::decode::dispatch::evex::apx_crc32_tests::direct_apx_crc32_memory_fault_is_noncommitting ... ok
test isa::x86_64::decode::dispatch::evex::align_tests::vector_align_reserved_fields_raise_precise_ud_without_commit ... ok
test isa::x86_64::cpu::rex2_admission_tests::direct_rex2_reservations_are_exhaustive_precise_and_cached_without_commit ... ok
test isa::x86_64::decode::dispatch::evex::amx_disabled_tests::every_assigned_amx_avx512_cell_raises_ud_before_modrm_fetch ... ok
test isa::x86_64::decode::dispatch::evex::apx_crc32_tests::direct_apx_crc32_byte_register_codes_exclude_legacy_high_bytes ... ok
test isa::x86_64::decode::dispatch::evex::apx_crc32_tests::direct_apx_crc32_memory_uses_fs_and_addr32_egpr_addresses ... ok
test isa::x86_64::decode::dispatch::evex::apx_count_tests::direct_apx_count_covers_every_width_nf_state_source_class_and_flag_contract ... ok
test isa::x86_64::decode::dispatch::evex::apx_crc32_tests::direct_apx_crc32_covers_scalable_widths_egprs_and_redundant_66 ... ok
test isa::x86_64::decode::dispatch::evex::apx_invpcid_tests::direct_apx_invpcid_rejects_every_reserved_field_prefix_and_register_form ... ok
test isa::x86_64::decode::dispatch::evex::apx_invpcid_tests::direct_compatibility_mode_invpcid_uses_r32_and_32_bit_default_addresses ... ok
test isa::x86_64::decode::dispatch::evex::apx_invpcid_tests::direct_apx_invpcid_accepts_wig_and_exact_egpr_sib_operands ... ok
test isa::x86_64::decode::dispatch::evex::apx_invpcid_tests::direct_legacy_invpcid_preserves_flags_and_accepts_all_defined_types ... ok
test isa::x86_64::decode::dispatch::evex::apx_movbe_tests::direct_apx_movbe_reserved_fields_fault_without_commit ... ok
test isa::x86_64::decode::dispatch::evex::apx_movbe_tests::direct_apx_movbe_apx_and_memory_faults_are_precise_and_noncommitting ... ok
test isa::x86_64::decode::dispatch::evex::apx_movbe_tests::direct_apx_movbe_uses_egpr_and_memory_index_extensions ... ok
test isa::x86_64::decode::dispatch::evex::apx_invpcid_tests::direct_invpcid_fault_priority_and_descriptor_checks_are_noncommitting ... ok
test isa::x86_64::decode::dispatch::evex::apx_movdir_tests::direct_apx_movdir_fault_priority_is_precise_and_noncommitting ... ok
test isa::x86_64::decode::dispatch::evex::apx_movdir_tests::direct_apx_movdir_address_size_and_fs_apply_to_the_correct_operands ... ok
test isa::x86_64::decode::dispatch::evex::apx_movdir_tests::direct_apx_movdir_reserved_fields_and_disabled_feature_fault_without_commit ... ok
test isa::x86_64::decode::dispatch::evex::apx_movbe_tests::direct_apx_movbe_covers_both_directions_widths_and_source_classes ... ok
test isa::x86_64::decode::dispatch::evex::apx_movdir_tests::direct_apx_movdir64b_copies_from_egpr_address_to_egpr_destination ... ok
test isa::x86_64::decode::dispatch::evex::apx_movdir_tests::direct_apx_movdiri_executes_both_widths_and_egpr_sib_addresses ... ok
test isa::x86_64::decode::dispatch::evex::apx_group3_tests::direct_apx_group3_mul_imul_cover_widths_sources_overflow_and_nf ... ok
test isa::x86_64::decode::dispatch::evex::align_tests::vector_align_covers_every_shape_extension_alias_mask_and_immediate_boundary ... ok
test isa::x86_64::decode::dispatch::evex::apx_movrs_tests::direct_apx_movrs_honors_fs_addr32_and_egpr_sib_extensions ... ok
test isa::x86_64::decode::dispatch::evex::apx_movrs_tests::direct_legacy_movrs_distinguishes_high_bytes_from_rex_low_bytes ... ok
test isa::x86_64::decode::dispatch::evex::apx_movrs_tests::direct_apx_movrs_feature_and_memory_faults_are_precise_and_noncommitting ... ok
test isa::x86_64::decode::dispatch::evex::apx_group3_tests::direct_apx_group3_div_idiv_cover_double_width_dividend_sources_and_nf ... ok
test isa::x86_64::decode::dispatch::evex::apx_movrs_tests::direct_legacy_movrs_covers_every_width_partial_write_and_flags ... ok
test isa::x86_64::decode::dispatch::evex::apx_movrs_tests::direct_movrs_reserved_forms_fault_without_commit ... ok
test isa::x86_64::decode::dispatch::evex::apx_movrs_tests::direct_apx_movrs_covers_every_width_egpr_addressing_and_flags ... ok
test isa::x86_64::decode::dispatch::evex::apx_reserved_tests::profile_disabled_apx_f8_forms_raise_ud_before_modrm_fetch ... ok
test isa::x86_64::decode::dispatch::evex::apx_reserved_tests::rex2_lea_remains_available_in_legacy_map0 ... ok
test isa::x86_64::decode::dispatch::evex::apx_group3_tests::direct_apx_group3_divide_errors_are_precise_and_noncommitting ... ok
test isa::x86_64::decode::dispatch::evex::apx_nf_tests::every_apx_nf_group3_not_form_is_precise_ud_at_modrm ... ok
test isa::x86_64::decode::dispatch::evex::apx_nf_tests::every_apx_nf_adc_sbb_register_opcode_is_precise_ud_before_modrm ... ok
test isa::x86_64::decode::dispatch::evex::apx_reserved_tests::every_unassigned_apx_map4_opcode_raises_ud_before_modrm_fetch ... ok
test isa::x86_64::decode::dispatch::evex::bw_immediate_tests::bw_immediate_reserved_fields_raise_precise_ud_without_commit ... ok
test isa::x86_64::decode::dispatch::evex::bw_immediate_tests::dbpsadbw_maximum_sad_is_1020 ... ok
test isa::x86_64::decode::dispatch::evex::bw_immediate_tests::bw_immediate_memory_sources_remain_supported ... ok
test isa::x86_64::decode::dispatch::evex::apx_nf_tests::every_apx_nf_group1_adc_sbb_form_is_precise_ud_at_modrm ... ok
test isa::x86_64::decode::dispatch::evex::apx_nf_tests::apx_nf_exclusion_is_narrow_for_legal_neighbors_and_required_nf0_forms ... ok
test isa::x86_64::decode::dispatch::evex::apx_nf_tests::every_apx_group3_implicit_nd_form_is_precise_ud_at_modrm ... ok
test isa::x86_64::decode::dispatch::evex::bw_shuffle_madd_tests::bw_shuffle_madd_memory_sources_remain_supported ... ok
test isa::x86_64::decode::dispatch::evex::bw_shuffle_madd_tests::madd_saturation_and_wrap_boundaries_are_exact ... ok
test isa::x86_64::decode::dispatch::evex::bw_shuffle_madd_tests::bw_shuffle_madd_reserved_fields_raise_precise_ud_without_commit ... ok
test isa::x86_64::decode::dispatch::evex::bw_shuffle_madd_tests::bw_shuffle_madd_covers_shapes_wig_extensions_aliases_masks_and_edges ... ok
test isa::x86_64::decode::dispatch::evex::chunk_insert_tests::chunk_insert_memory_sources_remain_supported ... ok
test isa::x86_64::decode::dispatch::evex::chunk_extract_tests::chunk_extract_memory_destinations_remain_supported ... ok
test isa::x86_64::decode::dispatch::evex::apx_nf_tests::every_apx_nf_group2_rcl_rcr_form_is_precise_ud_at_modrm ... ok
test isa::x86_64::decode::dispatch::evex::chunk_insert_tests::chunk_insert_reserved_fields_raise_precise_ud_without_commit ... ok
test isa::x86_64::decode::dispatch::evex::chunk_shuffle_tests::chunk_shuffle_memory_broadcast_remains_supported ... ok
test isa::x86_64::decode::dispatch::evex::chunk_shuffle_tests::chunk_shuffle_reserved_fields_raise_precise_ud_without_commit ... ok
test isa::x86_64::decode::dispatch::evex::fp_class_tests::fp_class_masked_memory_suppresses_inactive_faults_and_commits_last ... ok
test isa::x86_64::decode::dispatch::evex::chunk_extract_tests::chunk_extract_reserved_fields_raise_precise_ud_without_commit ... ok
test isa::x86_64::decode::dispatch::evex::gpr_broadcast_tests::gpr_broadcast_reserved_fields_raise_precise_ud_without_commit ... ok
test isa::x86_64::decode::dispatch::evex::mask_broadcast_tests::mask_broadcast_reserved_fields_raise_precise_ud ... ok
test isa::x86_64::decode::dispatch::evex::nt_load_tests::nt_load_alignment_fault_precedes_memory_and_commits_nothing ... ok
test isa::x86_64::decode::dispatch::evex::nt_load_tests::nt_load_covers_all_widths_low_high_destinations_and_upper_zeroing ... ok
test isa::x86_64::decode::dispatch::evex::nt_load_tests::nt_load_reserved_fields_raise_precise_ud_without_commit ... ok
test isa::x86_64::decode::dispatch::evex::pair_intersect_tests::pair_intersect_memory_fault_is_precise_and_noncommitting ... ok
test isa::x86_64::cpu::mxcsr_restore_tests::parity::direct_smir_selected_mxcsr_read_fault_classification_at_o0_o1_o2 ... ok
test isa::x86_64::decode::dispatch::evex::pair_intersect_tests::pair_intersect_odd_destination_aliases_preceding_even_pair ... ok
test isa::x86_64::cpu::mxcsr_restore_tests::parity::direct_smir_mxcsr_restore_compacted_xstate_bit63_is_allowed_at_o0_o1_o2 ... ok
test isa::x86_64::decode::dispatch::evex::tests::apx_adc_reg_materializes_lazy_cf ... ok
test isa::x86_64::decode::dispatch::evex::pair_intersect_tests::pair_intersect_reserved_fields_and_disabled_feature_raise_precise_ud ... ok
test isa::x86_64::decode::dispatch::evex::mask_broadcast_tests::mask_broadcast_expands_every_shape_extension_and_k_source ... ok
test isa::x86_64::decode::dispatch::evex::tests::apx_cfcmov_memory_destination_suppresses_false_fault_like_llvm ... ok
test isa::x86_64::decode::dispatch::evex::pair_intersect_tests::pair_intersect_memory_uses_full_and_broadcast_compressed_disp8_scales ... ok
test isa::x86_64::decode::dispatch::evex::pair_intersect_tests::pair_intersect_covers_all_shapes_destinations_extensions_aliases_and_matches ... ok
test isa::x86_64::decode::dispatch::evex::fp_class_tests::fp_class_reserved_fields_raise_precise_ud_without_commit ... ok
test isa::x86_64::decode::dispatch::evex::tests::apx_cmov_nd_memory_source_still_faults_when_false ... ok
test isa::x86_64::decode::dispatch::evex::tests::apx_cfcmov_two_operand_directions_and_false_zero_like_llvm ... ok
test isa::x86_64::decode::dispatch::evex::tests::apx_cmov_nd_uses_vvvv_destination_like_llvm ... ok
test isa::x86_64::decode::dispatch::evex::tests::apx_conditional_map4_rejects_invalid_pp2_like_llvm ... ok
test isa::x86_64::decode::dispatch::evex::tests::apx_cfcmov_memory_source_suppresses_false_fault_like_llvm ... ok
test isa::x86_64::decode::dispatch::evex::tests::apx_imul_clears_stale_lazy_flags_for_following_condition ... ok
test isa::x86_64::decode::dispatch::evex::tests::apx_map4_setzu_and_evex_setcc_split_by_nd_like_llvm ... ok
test isa::x86_64::decode::dispatch::evex::tests::apx_sbb_imm_materializes_lazy_cf ... ok
test isa::x86_64::decode::dispatch::evex::tests::apx_push2_wraps_aligned_rsp_without_wrapping_the_transfer ... ok
test isa::x86_64::decode::dispatch::evex::tests::apx_ctest_default_flags_clear_stale_lazy_flags ... ok
test isa::x86_64::decode::dispatch::evex::tests::apx_shld_imm_rip_relative_includes_imm8_in_target ... ok
test isa::x86_64::decode::dispatch::evex::tests::apx_shrd_imm_rip_relative_includes_imm8_in_target ... ok
test isa::x86_64::decode::dispatch::evex::tests::evex_fixed_packed_compare_reserved_fields_raise_precise_ud ... ok
test isa::x86_64::decode::dispatch::evex::tests::evex_lane_shuffle_reserved_fields_raise_precise_ud ... ok
test isa::x86_64::decode::dispatch::evex::tests::apx_reserved_pop2_and_group45_forms_raise_precise_ud ... ok
test isa::x86_64::decode::dispatch::evex::tests::evex_fixed_packed_compare_wig_executes_w0_and_w1_identically ... ok
test isa::x86_64::decode::dispatch::evex::tests::evex_mask_blend_reserved_fields_raise_precise_ud ... ok
test isa::x86_64::decode::dispatch::evex::tests::evex_mask_to_vector_ignores_k_source_extension_fields ... ok
test isa::x86_64::decode::dispatch::evex::tests::evex_mask_blends_select_exact_elements_and_zero_upper_state ... ok
test isa::x86_64::decode::dispatch::evex::tests::evex_mask_to_vector_reserved_fields_raise_precise_ud ... ok
test isa::x86_64::decode::dispatch::evex::tests::evex_packed_extend_reserved_fields_raise_precise_ud ... ok
test isa::x86_64::decode::dispatch::evex::bw_immediate_tests::bw_immediates_cover_shapes_wig_extensions_aliases_masks_and_selectors ... ok
test isa::x86_64::decode::dispatch::evex::chunk_shuffle_tests::chunk_shuffle_covers_shapes_extensions_aliases_masks_and_all_selectors ... ok
test isa::x86_64::decode::dispatch::evex::tests::evex_vpmulhrsw_wig_executes_w0_and_w1_identically ... ok
test isa::x86_64::decode::dispatch::evex::tests::evex_word_lane_shuffles_treat_w_as_ignored ... ok
test isa::x86_64::decode::dispatch::evex::tests::evex_vpshufd_memory_broadcast_remains_legal ... ok
test isa::x86_64::decode::dispatch::evex::tests::evex_vector_to_mask_reserved_fields_raise_precise_ud ... ok
test isa::x86_64::decode::dispatch::evex::tests::f32_to_bf16_matches_vcvtne_rounding_edges ... ok
test isa::x86_64::decode::dispatch::evex::tests::evex_packed_extend_wig_executes_w0_and_w1_identically ... ok
test isa::x86_64::decode::dispatch::evex::tests::evex_vector_to_mask_collects_sign_bits_and_clears_high_mask_bits ... ok
test isa::x86_64::decode::dispatch::evex::tests::evex_mask_to_vector_expands_all_shapes_and_clears_upper_lanes ... ok
test isa::x86_64::decode::dispatch::vex::convert_tests::vcvtph2ps_reserved_w_and_vvvv_fault_before_memory_or_state_access ... ok
test isa::x86_64::decode::dispatch::vex::convert_tests::vcvtph2ps_masked_invalid_quiets_snan_and_clears_unchanged_low_destination ... ok
test isa::x86_64::decode::dispatch::vex::convert_tests::vcvtph2ps_later_memory_fault_precedes_invalid_status_and_destination_commit ... ok
test isa::x86_64::decode::dispatch::vex::convert_tests::vcvtph2ps_unmasked_invalid_obeys_osxmmexcpt_without_destination_commit ... ok
test isa::x86_64::decode::dispatch::vex::convert_tests::vcvtps2ph_late_memory_fault_precedes_status_and_partial_store ... ok
test isa::x86_64::decode::dispatch::vex::convert_tests::vcvtps2ph_unmasked_invalid_obeys_osxmmexcpt_without_any_destination_commit ... ok
test isa::x86_64::decode::dispatch::vex::convert_tests::vcvtps2ph_dynamic_rounding_honors_daz_ignores_ftz_and_clears_unchanged_upper ... ok
test isa::x86_64::decode::dispatch::vex::convert_tests::vcvtps2ph_masked_conversion_reports_all_defined_status_classes ... ok
test isa::x86_64::decode::dispatch::vex::convert_tests::vcvtps2ph_immediate_rounding_modes_cover_ties_and_overflow_direction ... ok
test isa::x86_64::decode::fpu_addr_tests::compat32_fldcw_and_fnstcw_use_absolute_disp32 ... ok
test isa::x86_64::decode::fpu_addr_tests::compat16_address_override_selects_absolute_disp32 ... ok
test isa::x86_64::decode::fpu_addr_tests::compat_disp32_uses_data_segment_or_explicit_override_after_offset ... ok
test isa::x86_64::decode::fpu_addr_tests::long_mode_retains_rip_relative_addressing_with_or_without_67 ... ok
test isa::x86_64::decode::dispatch::vex::crypto_tests::direct_vex_vpclmulqdq_accepts_wig_w1 ... ok
test isa::x86_64::decode::dispatch::vex::crypto_tests::direct_vex_vpclmulqdq_zeroes_every_bit_above_vl ... ok
test isa::x86_64::decode::tests::effective_stack_segment_tracks_defaults_and_explicit_overrides ... ok
test isa::x86_64::decode::tests::fpu_rex_b_does_not_extend_the_sib_no_base_encoding ... ok
test isa::x86_64::decode::fpu_addr_tests::compat32_absolute_operand_faults_even_if_rip_relative_decoy_is_mapped ... ok
test isa::x86_64::decode::tests::modrm_disp_truncation_is_gp_at_boundary ... ok
test isa::x86_64::decode::fpu_addr_tests::compat32_fldcw_load_and_fnstcw_store_touch_only_absolute_operands ... ok
test isa::x86_64::decode::tests::real_mode_addr32_ebp_base_defaults_to_ss ... ok
test isa::x86_64::decode::fpu_addr_tests::sib_no_base_remains_absolute_in_both_modes ... ok
test isa::x86_64::decode::tests::real_mode_addr32_sib_esp_base_defaults_to_ss ... ok
test isa::x86_64::decode::tests::real_mode_segment_override_beats_stack_default ... ok
test isa::x86_64::decode::tests::real_mode_sib_no_base_defaults_to_ds ... ok
test isa::x86_64::decode::tests::rex_b_does_not_extend_the_sib_no_base_encoding ... ok
test isa::x86_64::decode::tests::rex2_truncated_payload_is_gp_at_boundary ... ok
test isa::x86_64::decode::tests::test_addr67_reg_indirect_truncates_to_32_bits ... ok
test isa::x86_64::decode::tests::test_addr67_rip_relative_masks_to_32_bits ... ok
test isa::x86_64::decode::tests::test_addr67_sib_base_index_scale_disp_truncates ... ok
test isa::x86_64::decode::tests::test_addr_plain_64bit_unaffected ... ok
test isa::x86_64::decode::tests::test_is_prefix ... ok
test isa::x86_64::decode::tests::test_rex2_decode ... ok
test isa::x86_64::decode::tests::test_legacy_prefix_after_rex_clears_rex_state ... ok
test isa::x86_64::decode::tests::test_evex_sib_base_index_extensions ... ok
test isa::x86_64::decode::dispatch::evex::chunk_extract_tests::chunk_extract_covers_shapes_extensions_aliases_masks_and_selectors ... ok
test isa::x86_64::exception::tests::legacy_gate_decode_distinguishes_16_and_32_bit_forms_and_reserved_bits ... ok
test isa::x86_64::exception::tests::gate_target_must_be_canonical_and_present ... ok
test isa::x86_64::exception::tests::software_gate_dpl_is_checked_but_external_delivery_ignores_it ... ok
test isa::x86_64::exception::tests::legacy_software_gate_checks_dpl_and_presence_in_architectural_order ... ok
test isa::x86_64::exception::tests::nested_exception_matrix_matches_contributory_and_page_fault_rules ... ok
test isa::x86_64::exception::tests::gate_validation_rejects_every_reserved_surface_before_presence ... ok
test isa::x86_64::decode::dispatch::evex::chunk_insert_tests::chunk_insert_covers_shapes_extensions_aliases_masks_and_selectors ... ok
test isa::x86_64::execute::control::far::tests::far_call_gate_target_allows_only_architectural_privilege_transitions ... ok
test isa::x86_64::execute::control::far::tests::ia32e_compatibility_target_loads_eip_even_from_m16_64_pointer ... ok
test isa::x86_64::execute::control::jump::tests::long_mode_jmp_far_ptr16_injects_ud ... ok
test isa::x86_64::execute::control::jump::tests::long_mode_jmp_far_ptr_injects_ud ... ok
test isa::x86_64::execute::control::far::tests::ia32e_call_gate_enforces_reserved_privilege_presence_and_target_contracts ... ok
test isa::x86_64::execute::control::jump::tests::long_mode_jcc_not_taken_preserves_high_rip_bits ... ok
test isa::x86_64::execute::control::jump::tests::long_mode_jmp_rel32_preserves_high_rip_bits ... ok
test isa::x86_64::execute::control::jump::tests::long_mode_jmp_rel8_preserves_high_rip_bits ... ok
test isa::x86_64::execute::data::mov::tests::canonical_48_boundaries_cover_both_sign_extensions ... ok
test isa::x86_64::execute::control::far::tests::direct_code_descriptor_enforces_privilege_presence_mode_and_offset ... ok
test isa::x86_64::execute::io::permission::tests::real_mode_iopl_and_virtual_8086_select_the_bitmap_exactly ... ok
test isa::x86_64::execute::io::permission::tests::allowed_direct_scalar_io_preserves_flags_and_uses_little_endian_data ... ok
test isa::x86_64::execute::io::permission::tests::tss_bitmap_reads_are_supervisor_accesses_and_page_fault_precise ... ok
test isa::x86_64::execute::io::permission::tests::io_bitmap_checks_every_byte_bit_in_unaligned_transfers ... ok
test isa::x86_64::execute::io::permission::tests::malformed_or_absent_tss_permission_maps_deny_fail_closed ... ok
test isa::x86_64::execute::io::permission::tests::scalar_and_string_permission_faults_do_not_commit_architectural_state ... ok
test isa::x86_64::execute::io::permission::tests::zero_count_rep_string_io_bypasses_permission_and_memory_access ... ok
test isa::x86_64::execute::simd::avx512::fp_ternary_math::tests::scale_f_special_values_follow_the_operand_table ... ok
test isa::x86_64::cpu::mxcsr_restore_tests::parity::direct_smir_mxcsr_restore_unsupported_header_bits_remain_gp_at_o0_o1_o2 ... ok
test isa::x86_64::execute::simd::avx512::vsib::vsib_tests::vsib_all_48_shapes_commit_each_completed_lane_and_resume_without_repeating_accesses ... ok
test isa::x86_64::execute::simd::avx512::vsib::vsib_tests::vsib_addr32_wraps_after_signed_index_scale_and_compressed_displacement_before_fs ... ok
test isa::x86_64::execute::simd::avx512::vsib::vsib_tests::vsib_32bit_mode_uses_default_ds_or_ss_and_rejects_16bit_addresses ... ok
test isa::x86_64::execute::simd::avx512::vsib::vsib_tests::vsib_32bit_mode_ignores_r_prime_and_b_but_rejects_v_prime_zero ... ok
test isa::x86_64::execute::simd::avx512::vsib::vsib_tests::vsib_first_active_lane_fault_preserves_entire_destination_and_high_mask ... ok
test isa::x86_64::decode::dispatch::vex::crypto_tests::direct_vex_vpclmulqdq_covers_all_immediates_widths_wig_extensions_and_aliases ... ok
test isa::x86_64::execute::simd::avx512::vsib::vsib_tests::vsib_full_masks_cover_all_lane_positions_and_data_widths ... ok
test isa::x86_64::execute::simd::avx512::vsib::vsib_tests::vsib_apx_actual_egpr_base_requires_apx_and_64bit_mode_even_when_mask_is_zero ... ok
test isa::x86_64::execute::simd::avx512::vsib::vsib_smir_tests::evex_vsib_smir_scatter_accepts_index_source_alias_and_snapshots_each_lane ... ok
test isa::x86_64::cpu::mxcsr_restore_tests::parity::direct_smir_mxcsr_restore_reserved_bits_fault_only_when_loaded_at_o0_o1_o2 ... ok
test isa::x86_64::execute::simd::avx512::vsib::vsib_tests::vsib_no_base_disp32_ignores_evex_b_and_consumes_the_entire_displacement ... ok
test isa::x86_64::execute::simd::avx512::vsib::vsib_tests::vsib_scatter_all_24_shapes_allow_source_index_alias ... ok
test isa::x86_64::execute::simd::avx512::vsib::vsib_tests::vsib_scatter_partially_overlapping_elements_commit_in_lane_order ... ok
test isa::x86_64::decode::dispatch::evex::gpr_broadcast_tests::gpr_broadcast_covers_every_shape_extension_mask_and_ignored_x ... ok
test isa::x86_64::execute::simd::avx512::vsib::vsib_smir_tests::evex_vsib_smir_all_48_shapes_preserve_fault_progress_and_restart_at_o0_o1_o2 ... ok
test isa::x86_64::execute::simd::avx512_comi_tests::evex_comi_handles_fp16_denormals_fp32_fp64_daz_and_sae ... ok
test isa::x86_64::execute::simd::avx512::vsib::vsib_smir_tests::evex_vsib_smir_addr32_no_base_truncates_index_before_segment_addition ... ok
test isa::x86_64::execute::simd::avx512::vsib::vsib_tests::vsib_gather_rejects_destination_index_alias_even_for_an_empty_mask ... ok
test isa::x86_64::execute::simd::avx512_comi_tests::evex_comi_memory_form_reads_scalar_and_commits_only_after_access ... ok
test isa::x86_64::execute::simd::avx512_comi_tests::evex_comi_unmasked_exception_is_precise_and_obeys_osxmmexcpt ... ok
test isa::x86_64::execute::simd::avx512_fp16_widen::tests::raw_widening_is_exhaustive_for_every_binary16_encoding ... ok
test isa::x86_64::execute::simd::avx512_comi_tests::evex_comi_rejects_reserved_fields_before_address_or_state_access ... ok
test isa::x86_64::execute::simd::avx512::vsib::vsib_tests::vsib_zero_active_masks_suppress_faults_and_clear_only_completion_outputs ... ok
test isa::x86_64::execute::simd::avx512_comi_tests::evex_comi_covers_truth_table_nan_classes_llig_extensions_aliases_and_state ... ok
test isa::x86_64::execute::simd::avx512_fp16_widen_tests::unmasked_invalid_and_denormal_exceptions_are_precise_and_obey_osxmmexcpt ... ok
test isa::x86_64::execute::simd::avx512_fp16_widen_tests::reserved_fields_fail_before_effective_address_or_architectural_state_access ... ok
test isa::x86_64::execute::simd::avx512_fp16_widen_tests::sae_is_512_bit_status_suppressing_for_all_ignored_ll_values ... ok
test isa::x86_64::execute::simd::avx512::vsib::vsib_tests::vsib_unused_b4_and_x4_do_not_require_apx_or_modify_vector_indices ... ok
test isa::x86_64::execute::simd::avx512_fp_compare_tests::evex_fp_compare_rejects_reserved_controls_before_memory_or_state_access ... ok
test isa::x86_64::execute::simd::avx512_fp16_widen_tests::memory_masks_suppress_accesses_broadcast_exactly_and_preserve_fault_priority ... ok
test isa::x86_64::execute::simd::avx512_fp_compare_tests::evex_scalar_fp_compare_accepts_exact_llig_sae_control_domain ... ok
test isa::x86_64::execute::simd::avx512_fp_compare_tests::evex_packed_fp_compare_uses_exact_width_and_sae_controls ... ok
test isa::x86_64::execute::simd::avx512_fp16_widen_tests::widening_covers_widths_extensions_masks_aliases_specials_and_full_state ... ok
test isa::x86_64::execute::simd::avx512::vsib::vsib_tests::vsib_verifier_never_reaches_wrong_pc_inactive_or_out_of_range_lane ... ok
test isa::x86_64::execute::simd::avx512::vsib::vsib_tests::vsib_verifier_replays_independent_prefix_without_accessing_terminal_lane ... ok
test isa::x86_64::decode::dispatch::evex::fp_class_tests::fp_class_covers_all_shapes_classes_daz_masks_extensions_and_aliases ... ok
test isa::x86_64::execute::simd::avx512_int_to_fp_tests::reserved_controls_fault_before_state_or_memory_access ... ok
test isa::x86_64::execute::simd::avx512_sat_convert::tests::exact_scalar_helper_covers_signed_unsigned_boundaries ... ok
test isa::x86_64::execute::simd::avx512_sat_convert::tests::nontruncating_f32_byte_thresholds_are_bit_precise_for_every_rounding_mode ... ok
test isa::x86_64::execute::simd::avx512_int_to_fp_tests::register_embedded_rounding_attempt_is_fixed_512_bit_exact_and_ignores_all_ll_values ... ok
test isa::x86_64::execute::simd::avx512_nt_tests::legacy_movntdqa_enforces_alignment_and_stages_the_complete_load ... ok
test isa::x86_64::execute::simd::avx512_fp_special_tests::scalar_evex_special_functions_apply_exact_register_sae_domain ... ok
test isa::x86_64::execute::simd::avx512_fp_special_tests::scalar_evex_special_functions_accept_memory_only_when_b_is_clear ... ok
test isa::x86_64::execute::simd::avx512_nt_tests::vex_movntdqa_alignment_and_later_faults_are_precise_and_noncommitting ... ok
test isa::x86_64::execute::simd::avx512_sat_convert_tests::a_later_memory_fault_precedes_status_and_every_destination_commit ... ok
test isa::x86_64::execute::simd::avx512_nt_tests::vex_movntdqa_all_destinations_widths_and_wig_values_zero_upper_bits ... ok
test isa::x86_64::execute::simd::avx512_sat_convert_tests::feature_gate_and_reserved_fields_fail_before_address_or_state_access ... ok
test isa::x86_64::execute::simd::avx512_sat_convert_tests::unmasked_invalid_and_precision_are_precise_and_obey_osxmmexcpt ... ok
test isa::x86_64::execute::simd::avx512_sat_convert_tests::masks_zero_or_merge_whole_dword_slots_and_aliases_snapshot_the_source ... ok
test isa::x86_64::execute::simd::avx512_nt_tests::evex_movntdqa_all_vector_lengths_align_and_commit_atomically ... ok
test isa::x86_64::execute::simd::gfni::tests::gf_inv_is_inverse ... ok
test isa::x86_64::execute::simd::gfni::tests::affine_identity_matrix ... ok
test isa::x86_64::execute::simd::gfni::tests::gf_mul_known_values ... ok
test isa::x86_64::execute::simd::avx512::vsib::vsib_tests::vsib_apx_b4_selects_egpr_bases_without_changing_vector_index_or_mask_semantics ... ok
test isa::x86_64::execute::simd::gfni::tests::affine_matches_aes_sbox ... ok
test isa::x86_64::execute::simd::avx512_sat_convert_tests::nontruncating_forms_apply_all_mxcsr_and_embedded_rounding_modes ... ok
test isa::x86_64::execute::simd::sse4a::tests::direct_sse4a_dynamic_faults_are_precise_and_noncommitting ... ok
test isa::x86_64::execute::simd::sse4a::tests::direct_sse4a_reserved_shapes_raise_ud_without_state_commit ... ok
test isa::x86_64::execute::simd::sse4a::tests::direct_sse4a_bitfield_forms_cover_controls_aliases_and_extended_xmm ... ok
test isa::x86_64::execute::simd::xop::tests::signed_counts_reduce_modulo_element_width_without_overflow ... ok
test isa::x86_64::execute::simd::xop::tests::vector_counts_use_each_elements_low_byte ... ok
test isa::x86_64::execute::simd::avx512_sat_convert_tests::memory_forms_apply_masks_broadcast_and_compressed_disp8_before_conversion ... ok
test isa::x86_64::execute::simd::sse4a::tests::direct_sse4a_movnt_reserved_shapes_precede_ts_and_memory_faults_do_not_commit ... ok
test isa::x86_64::execute::simd::sse4a::tests::direct_sse4a_movnt_dynamic_faults_are_precise_and_noncommitting ... ok
test isa::x86_64::execute::simd::avx512_sat_convert_tests::sae_and_daz_have_exact_dynamic_mxcsr_behavior ... ok
test isa::x86_64::execute::simd::sse4a::tests::direct_sse4a_movnt_stores_exact_scalar_width_and_extended_xmm ... ok
test isa::x86_64::execute::system::control_regs::control_write_validation_tests::compatibility_mode_can_leave_ia32e_but_64_bit_code_and_pcide_cannot ... ok
test isa::x86_64::execute::system::cpuid::tests::cpuid_advertises_implemented_debug_extensions_control ... ok
test isa::x86_64::execute::system::control_regs::control_write_validation_tests::supported_cr4_profile_is_explicit_and_reserved_fields_fault ... ok
test isa::x86_64::execute::string::movs::tests::long_mode_movsb_honors_fs_source_override_base ... ok
test isa::x86_64::execute::string::movs::tests::non_long_mode_movsb_uses_es_destination_base ... ok
test isa::x86_64::execute::string::movs::tests::long_mode_movsb_ignores_ds_source_override_base ... ok
test isa::x86_64::execute::system::cpuid::tests::cpuid_sse4a_bit_tracks_feature_gate ... ok
test isa::x86_64::execute::string::movs::tests::long_mode_movsb_ignores_es_destination_base ... ok
test isa::x86_64::execute::simd::avx512_sat_convert_tests::register_forms_cover_widths_extensions_boundaries_status_and_upper_zeroing ... ok
test isa::x86_64::execute::system::cpuid::tests::cpuid_tbm_bit_tracks_feature_gate ... ok
test isa::x86_64::execute::system::cpuid::tests::cpuid_xop_bit_tracks_feature_gate_independently_from_tbm ... ok
test isa::x86_64::execute::system::cpuid::tests::cpuid_advertises_implemented_hint_and_cache_features ... ok
test isa::x86_64::execute::system::msr::tests::canonical_48_boundaries_are_exact ... ok
test isa::x86_64::execute::system::descriptor::tests::real_and_virtual_8086_segment_images_are_selector_derived ... ok
test isa::x86_64::execute::system::descriptor::tests::stack_descriptor_requires_writable_data_and_exact_cpl_rpl_dpl ... ok
test isa::x86_64::execute::system::descriptor::tests::selector_verification_uses_type_and_privilege_but_ignores_presence ... ok
test isa::x86_64::execute::system::descriptor::tests::ordinary_segment_descriptor_decode_preserves_cache_and_sets_accessed ... ok
test isa::x86_64::execute::system::descriptor::tests::ordinary_data_descriptor_type_privilege_and_presence_faults_are_exact ... ok
test isa::x86_64::execute::system::msr::tests::bios_signature_discovery_accepts_only_the_architectural_clear ... ok
test isa::x86_64::execute::system::msr::tests::efer_writes_preserve_lma_and_reject_reserved_or_live_lme_changes ... ok
test isa::x86_64::execute::simd::avx512::vsib::vsib_tests::vsib_reserved_fields_raise_ud_before_memory_or_completion_changes ... ok
test isa::x86_64::execute::system::descriptor::tests::selector_query_extended_descriptor_and_values_are_exact ... ok
test isa::x86_64::execute::system::msr::tests::misc_enable_reset_and_read_only_profile_bits_are_exact ... ok
test isa::x86_64::execute::system::msr::tests::unknown_and_noncanonical_msr_accesses_fault_without_state ... ok
test isa::x86_64::execute::system::msr::tests::platform_and_supervisor_xstate_msrs_match_cpuid_profile ... ok
test isa::x86_64::execute::system::msr::tests::umwait_control_matches_advertised_waitpkg_profile ... ok
test isa::x86_64::execute::system::msr::tests::write_effects_classify_serialization_and_gs_shadow_exactly ... ok
test isa::x86_64::execute::system::msr::tests::pat_accepts_all_memory_types_and_rejects_every_reserved_encoding ... ok
test isa::x86_64::execute::system::stack_flags::tests::push_images_clear_vm_rf_and_upper_bits_only_for_dword_or_qword ... ok
test isa::x86_64::execute::system::descriptor::tests::selector_query_type_matrices_privilege_and_presence_are_exact ... ok
test isa::x86_64::execute::system::stack_flags::tests::popf_privilege_table_preserves_protected_fields_and_clears_rf ... ok
test isa::x86_64::execute::system::stack_flags::tests::vme_push_and_pop_virtualize_if_and_fault_after_read_conditions ... ok
test isa::x86_64::execute::system::timing::tests::legacy_pmc_selector_and_width_boundaries_are_exact ... ok
test isa::x86_64::execute::system::timing::tests::legacy_pmc_privilege_gate_models_pce_and_real_mode ... ok
test isa::x86_64::execute::simd::avx512_sat_convert_tests::direct_execution_and_canonical_smir_match_register_masks_and_sae ... ok
test isa::x86_64::linear::tests::instruction_fetch_wraps_at_4gib ... ok
test isa::x86_64::linear::tests::a_page_crossing_access_wraps_at_4gib ... ok
test isa::x86_64::linear::tests::implicit_destinations_wrap_and_use_their_segments ... ok
test isa::x86_64::memory::fault::tests::partial_access_retains_the_source_diagnosis ... ok
test isa::x86_64::memory_tests::crossing_write_preflights_later_virtual_page_before_committing_ram ... ok
test isa::x86_64::memory_tests::crossing_write_preflights_all_pages_before_committing_ram ... ok
test isa::x86_64::memory_tests::crossing_write_commits_every_chunk_after_successful_preflight ... ok
test isa::x86_64::linear::tests::sixty_four_bit_mode_neither_wraps_nor_uses_legacy_bases ... ok
test isa::x86_64::linear::tests::memory_operands_wrap_at_4gib ... ok
test isa::x86_64::linear::tests::the_stack_wraps_at_4gib ... ok
Host SIMD capabilities:
  SSE2:     true
  SSE3:     true
  SSSE3:    true
  SSE4.1:   true
  SSE4.2:   true
  AVX:      true
  AVX2:     true
  FMA:      true
  AVX-512F: false
  AVX-512BW:false
  AVX-512VL:false
  NEON:     false
test isa::x86_64::simd_native::tests::test_host_capabilities ... ok
  ADDPS YMM dispatch: PASS
test isa::x86_64::simd_native::tests::test_addps_ymm_dispatch ... ok
  Integer overflow (dword): PASS
test isa::x86_64::simd_native::tests::test_integer_overflow_dword ... ok
  ADDPS SSE: PASS
  ADDPS AVX YMM: PASS
test isa::x86_64::linear::tests::vex_gathers_use_32_bit_addresses_and_ds_outside_64bit_mode ... ok
  DIVPS SSE: PASS
  ADDPS dispatch: PASS
  Integer overflow (byte): PASS
test isa::x86_64::simd_native::tests::test_addps_all_variants ... ok
test isa::x86_64::simd_native::tests::test_integer_overflow_byte ... ok
test isa::x86_64::decode::dispatch::vex::crypto_tests::direct_vex_gfni_matches_llvm_encodings_and_independent_field_equations ... ok
test isa::x86_64::memory_tests::physical_access_fault_names_the_unmapped_address_once ... ok
  DIVPD SSE2: PASS
  ADDPD SSE2: PASS
  DIVPD dispatch: PASS
test isa::x86_64::simd_native::tests::test_divpd_all_variants ... ok
  MULPD SSE2: PASS
  NEON vs scalar ADDPD: PASS
  DIVPS AVX YMM: PASS
  ADDPD dispatch: PASS
test isa::x86_64::simd_native::tests::test_addpd_all_variants ... ok
test isa::x86_64::simd_native::tests::test_neon_vs_scalar_addpd ... ok
  MULPS SSE: PASS
  DIVPS dispatch: PASS
  NEON vs scalar ADDPS: PASS
test isa::x86_64::simd_native::tests::test_neon_vs_scalar_addps ... ok
  NEON vs scalar DIVPD: PASS
test isa::x86_64::simd_native::tests::test_neon_vs_scalar_divpd ... ok
  NEON vs scalar DIVPS: PASS
test isa::x86_64::simd_native::tests::test_neon_vs_scalar_divps ... ok
  MULPD dispatch: PASS
test isa::x86_64::simd_native::tests::test_mulpd_all_variants ... ok
test isa::x86_64::simd_native::tests::test_divps_all_variants ... ok
  NEON vs scalar MULPD: PASS
test isa::x86_64::simd_native::tests::test_neon_vs_scalar_mulpd ... ok
  MULPS AVX YMM: PASS
  Integer overflow (word): PASS
test isa::x86_64::simd_native::tests::test_integer_overflow_word ... ok
  MULPS dispatch: PASS
test isa::x86_64::simd_native::tests::test_mulps_all_variants ... ok
  NEON vs scalar MULPS: PASS
test isa::x86_64::simd_native::tests::test_neon_vs_scalar_mulps ... ok
  NEON vs scalar PADDB: PASS
test isa::x86_64::simd_native::tests::test_neon_vs_scalar_paddb ... ok
  NEON vs scalar PADDD: PASS
test isa::x86_64::simd_native::tests::test_neon_vs_scalar_paddd ... ok
  NEON vs scalar PADDW: PASS
test isa::x86_64::simd_native::tests::test_neon_vs_scalar_paddw ... ok
  NEON vs scalar PCMPEQB: PASS
test isa::x86_64::simd_native::tests::test_neon_vs_scalar_pcmpeqb ... ok
  NEON vs scalar PAND: PASS
test isa::x86_64::simd_native::tests::test_neon_vs_scalar_pand ... ok
  NEON vs scalar PADDQ: PASS
  NEON vs scalar PANDN: PASS
  NEON vs scalar PCMPEQD: PASS
  NEON vs scalar PMADDWD: PASS
  NEON vs scalar PMULLW: PASS
  NEON vs scalar PMULLD: PASS
  NEON vs scalar POR: PASS
test isa::x86_64::simd_native::tests::test_neon_vs_scalar_paddq ... ok
  NEON vs scalar PMAXUB: PASS
  NEON vs scalar PMINUB: PASS
test isa::x86_64::simd_native::tests::test_neon_vs_scalar_pandn ... ok
test isa::x86_64::simd_native::tests::test_neon_vs_scalar_pcmpeqd ... ok
test isa::x86_64::simd_native::tests::test_neon_vs_scalar_pmaddwd ... ok
test isa::x86_64::simd_native::tests::test_neon_vs_scalar_pmullw ... ok
test isa::x86_64::simd_native::tests::test_neon_vs_scalar_pmulld ... ok
test isa::x86_64::simd_native::tests::test_neon_vs_scalar_por ... ok
test isa::x86_64::simd_native::tests::test_neon_vs_scalar_pmaxub ... ok
  NEON vs scalar PSLLD: PASS
test isa::x86_64::simd_native::tests::test_neon_vs_scalar_pminub ... ok
  NEON vs scalar PSHUFB: PASS
test isa::x86_64::simd_native::tests::test_neon_vs_scalar_pslld ... ok
test isa::x86_64::simd_native::tests::test_neon_vs_scalar_pshufb ... ok
  NEON vs scalar PSUBB: PASS
test isa::x86_64::simd_native::tests::test_neon_vs_scalar_psubb ... ok
  NEON vs scalar PSLLQ: PASS
test isa::x86_64::linear::tests::string_instructions_wrap_and_use_es ... ok
test isa::x86_64::simd_native::tests::test_neon_vs_scalar_psllq ... ok
  NEON vs scalar PSRLD: PASS
  NEON vs scalar PSUBW: PASS
  NEON vs scalar PSRLQ: PASS
test isa::x86_64::simd_native::tests::test_neon_vs_scalar_psrld ... ok
test isa::x86_64::simd_native::tests::test_neon_vs_scalar_psubw ... ok
test isa::x86_64::simd_native::tests::test_neon_vs_scalar_psrlq ... ok
  NEON vs scalar PSRLW: PASS
test isa::x86_64::simd_native::tests::test_neon_vs_scalar_psrlw ... ok
  NEON vs scalar PSUBD: PASS
test isa::x86_64::simd_native::tests::test_neon_vs_scalar_psubd ... ok
  NEON vs scalar PSLLW: PASS
  NEON vs scalar PSUBQ: PASS
test isa::x86_64::simd_native::tests::test_neon_vs_scalar_psllw ... ok
  PADDB SSE2: PASS
test isa::x86_64::simd_native::tests::test_neon_vs_scalar_psubq ... ok
  NEON vs scalar PXOR: PASS
test isa::x86_64::simd_native::tests::test_neon_vs_scalar_pxor ... ok
  PADDD SSE2: PASS
  PADDD dispatch: PASS
  PADDW SSE2: PASS
  PADDW dispatch: PASS
  PADDQ SSE2: PASS
  PADDQ dispatch: PASS
  PAND SSE2: PASS
test isa::x86_64::simd_native::tests::test_paddd_all_variants ... ok
  PANDN SSE2: PASS
  PANDN dispatch: PASS
test isa::x86_64::simd_native::tests::test_paddw_all_variants ... ok
test isa::x86_64::simd_native::tests::test_paddq_all_variants ... ok
test isa::x86_64::simd_native::tests::test_pandn_all_variants ... ok
  NEON vs scalar SUBPD: PASS
  PAND dispatch: PASS
  PCMPEQB SSE2: PASS
  PCMPEQB dispatch: PASS
test isa::x86_64::simd_native::tests::test_neon_vs_scalar_subpd ... ok
test isa::x86_64::simd_native::tests::test_pand_all_variants ... ok
  NEON vs scalar SUBPS: PASS
  PCMPEQD SSE2: PASS
  PCMPEQD dispatch: PASS
  PMAXUB SSE2: PASS
  PMAXUB dispatch: PASS
  PMADDWD SSE2: PASS
  PMADDWD dispatch: PASS
  PMINUB SSE2: PASS
  PMINUB dispatch: PASS
  PMULLD SSE4.1: PASS
  PMULLD dispatch: PASS
  PMULLW SSE2: PASS
  PMULLW dispatch: PASS
  PADDB AVX2 YMM: PASS
  POR SSE2: PASS
  PSHUFB SSSE3: PASS
  PADDB dispatch: PASS
  POR dispatch: PASS
  PSHUFB AVX2 YMM: PASS
  PSHUFB dispatch: PASS
test isa::x86_64::simd_native::tests::test_pcmpeqb_all_variants ... ok
test isa::x86_64::simd_native::tests::test_neon_vs_scalar_subps ... ok
test isa::x86_64::simd_native::tests::test_pcmpeqd_all_variants ... ok
test isa::x86_64::simd_native::tests::test_pmaxub_all_variants ... ok
  PSHUFB index wrap: PASS
test isa::x86_64::simd_native::tests::test_pmaddwd_all_variants ... ok
test isa::x86_64::simd_native::tests::test_pminub_all_variants ... ok
test isa::x86_64::simd_native::tests::test_pmulld_all_variants ... ok
  PSLLD SSE2: PASS
  PSLLD dispatch: PASS
test isa::x86_64::simd_native::tests::test_pmullw_all_variants ... ok
  PSLLQ SSE2: PASS
  PSLLQ dispatch: PASS
  PSLLW SSE2: PASS
  PSLLW dispatch: PASS
test isa::x86_64::simd_native::tests::test_paddb_all_variants ... ok
test isa::x86_64::simd_native::tests::test_por_all_variants ... ok
  PSHUFB MSB masking: PASS
test isa::x86_64::simd_native::tests::test_pshufb_all_variants ... ok
test isa::x86_64::simd_native::tests::test_pshufb_index_wrap ... ok
  PSRLD SSE2: PASS
  PSRLD dispatch: PASS
test isa::x86_64::simd_native::tests::test_pslld_all_variants ... ok
test isa::x86_64::simd_native::tests::test_psllq_all_variants ... ok
test isa::x86_64::simd_native::tests::test_psllw_all_variants ... ok
test isa::x86_64::simd_native::tests::test_pshufb_msb_masking ... ok
  PSRLQ SSE2: PASS
  PSRLQ dispatch: PASS
test isa::x86_64::simd_native::tests::test_psrld_all_variants ... ok
test isa::x86_64::simd_native::tests::test_psrlq_all_variants ... ok
test isa::x86_64::cpu::mxcsr_restore_tests::parity::direct_smir_mxcsr_restore_selection_and_valid_values_at_o0_o1_o2 ... ok
  PSRLW SSE2: PASS
  PSRLW dispatch: PASS
test isa::x86_64::simd_native::tests::test_psrlw_all_variants ... ok
  PSUBB SSE2: PASS
  PSUBB dispatch: PASS
  Shift bounds (dword): PASS
test isa::x86_64::simd_native::tests::test_psubb_all_variants ... ok
  PXOR SSE2: PASS
  PXOR dispatch: PASS
test isa::x86_64::simd_native::tests::test_shift_bounds_dword ... ok
test isa::x86_64::simd_native::tests::test_pxor_all_variants ... ok
  Shift bounds (word): PASS
  SUBPD SSE2: PASS
  SUBPD dispatch: PASS
test isa::x86_64::simd_native::tests::test_subpd_all_variants ... ok
  SUBPS SSE: PASS

=== SIMD Variant Test Summary ===
Host capabilities:
  SSE2:     true
  SSE3:     true
  SSSE3:    true
  SSE4.1:   true
  SSE4.2:   true
  AVX:      true
  AVX2:     true
  FMA:      true
  AVX-512F: false
  YMM ADDPD correctness: PASS
test isa::x86_64::simd_native::tests::test_ymm_addpd_correctness ... ok
  Shift bounds (qword): PASS
test isa::x86_64::simd_native::tests::test_shift_bounds_word ... ok
test isa::x86_64::simd_native::tests::test_shift_bounds_qword ... ok
  YMM ADDPS correctness: PASS
  YMM DIVPS correctness: PASS
test isa::x86_64::simd_native::tests::test_ymm_addps_correctness ... ok
test isa::x86_64::simd_native::tests::test_ymm_divps_correctness ... ok
  YMM MULPS correctness: PASS
test isa::x86_64::simd_native::tests::test_ymm_mulps_correctness ... ok
  SUBPS AVX YMM: PASS
  SUBPS dispatch: PASS
test isa::x86_64::simd_native::tests::test_subps_all_variants ... ok
  YMM overflow wrap: PASS
test isa::x86_64::simd_native::tests::test_ymm_overflow_wrap ... ok
  YMM PADDB correctness: PASS
test isa::x86_64::simd_native::tests::test_ymm_paddb_correctness ... ok
  YMM PADDQ correctness: PASS
  YMM PAND correctness: PASS
test isa::x86_64::simd_native::tests::test_ymm_paddq_correctness ... ok
  YMM PCMPEQD correctness: PASS
test isa::x86_64::simd_native::tests::test_ymm_pand_correctness ... ok
  YMM logical ops correctness: PASS
test isa::x86_64::simd_native::tests::test_ymm_pcmpeqd_correctness ... ok
  YMM PMADDWD correctness: PASS
test isa::x86_64::simd_native::tests::test_ymm_logical_ops_correctness ... ok
  YMM PADDW correctness: PASS
test isa::x86_64::simd_native::tests::test_ymm_pmaddwd_correctness ... ok
  YMM PADDD correctness: PASS
  YMM PMAXUB correctness: PASS
test isa::x86_64::simd_native::tests::test_ymm_paddw_correctness ... ok
test isa::x86_64::simd_native::tests::test_ymm_paddd_correctness ... ok
test isa::x86_64::simd_native::tests::test_ymm_pmaxub_correctness ... ok
  YMM PCMPEQB correctness: PASS
test isa::x86_64::simd_native::tests::test_ymm_pcmpeqb_correctness ... ok
  YMM PMULLD correctness: PASS
test isa::x86_64::simd_native::tests::test_ymm_pmulld_correctness ... ok
  YMM POR correctness: PASS
test isa::x86_64::simd_native::tests::test_ymm_por_correctness ... ok
  YMM PMINUB correctness: PASS
test isa::x86_64::simd_native::tests::test_ymm_pminub_correctness ... ok
  YMM PANDN correctness: PASS
test isa::x86_64::simd_native::tests::test_ymm_pandn_correctness ... ok
  YMM PSHUFB correctness: PASS
test isa::x86_64::simd_native::tests::test_ymm_pshufb_correctness ... ok
  YMM PXOR correctness: PASS
test isa::x86_64::simd_native::tests::test_ymm_pxor_correctness ... ok
  YMM SUBPS correctness: PASS
  YMM PMULLW correctness: PASS
test isa::x86_64::threaded::tests::test_threaded_batch_size ... ok
test isa::x86_64::simd_native::tests::test_ymm_subps_correctness ... ok
test isa::x86_64::simd_native::tests::test_ymm_pmullw_correctness ... ok
  YMM PSUBW correctness: PASS
test isa::x86_64::simd_native::tests::test_ymm_psubw_correctness ... ok
  YMM PSUBQ correctness: PASS
test isa::x86_64::simd_native::tests::test_ymm_psubq_correctness ... ok
  YMM PSUBB correctness: PASS
test isa::x86_64::simd_native::tests::test_ymm_psubb_correctness ... ok
  YMM PSUBD correctness: PASS
test isa::x86_64::simd_native::tests::test_ymm_psubd_correctness ... ok

Tested variants: scalar, SSE2, SSSE3, SSE4.1, AVX, AVX2
=================================

test isa::x86_64::simd_native::tests::test_simd_variant_summary ... ok
test isa::x86_64::threaded::tests::threaded_dispatch_enforces_rex2_and_lock_admission_on_cache_hits ... ok
test isa::x86_64::user_gdt::tests::compatibility_mode_switches_cs ... ok
test isa::x86_64::user_gdt::tests::embedding_gdt_entries_preserve_reserved_selectors_and_cache ... ok
test isa::x86_64::user_gdt::tests::the_gdt_holds_linux_user_descriptors ... ok
test isa::x86_64::user_gdt::tests::lsl_reads_the_cpu_and_node ... ok
test isa::x86_64::user_mode_tests::cpuid_reflects_the_user_mode_xcr0 ... ok
test isa::x86_64::user_mode_tests::fetch_requires_execute_permission ... ok
test isa::x86_64::user_gdt::tests::a_tls_entry_bases_gs_in_compatibility_mode ... ok
test isa::x86_64::user_mode_tests::int_0x80_reports_software_interrupt ... ok
test isa::x86_64::user_mode_tests::int3_reports_trap_with_following_return_rip ... ok
test isa::x86_64::user_mode_tests::fs_base_addresses_thread_local_storage ... ok
test isa::x86_64::user_mode_tests::fetch_fault_reports_first_inaccessible_byte ... ok
test isa::x86_64::user_mode_tests::divide_error_is_a_fault_at_the_div ... ok
test isa::x86_64::user_gdt::tests::user_selectors_load_and_kernel_ones_fault ... ok
test isa::x86_64::user_mode_tests::step_insn_reports_events_like_run ... ok
test isa::x86_64::user_mode_tests::remapping_the_translation_is_observed_immediately ... ok
test isa::x86_64::user_mode_tests::non_canonical_access_raises_gp0_not_a_page_fault ... ok
test isa::x86_64::user_mode_tests::permission_faults_are_precise ... ok
test isa::x86_64::user_mode_tests::page_crossing_store_into_readonly_page_commits_nothing ... ok
test isa::x86_64::user_mode_tests::set_xcr0_applies_xsetbv_rules ... ok
test isa::x86_64::user_mode_tests::system_emulation_is_unaffected_without_user_mode ... ok
test isa::x86_64::user_mode_tests::sysenter_exits_without_register_effects ... ok
test isa::x86_64::user_mode_tests::syscall_exits_with_sysret_equivalent_state ... ok
test isa::x86_64::user_mode_tests::user_mode_installs_linux_ring3_state ... ok
test isa::x86_64::user_gdt::tests::a_changed_tls_entry_is_reloaded_where_it_is_held ... ok
test isa::x86_64::user_mode_tests::ud2_reports_invalid_opcode_fault ... ok
test isa::x86_64::user_mode_tests::privileged_instructions_raise_gp0_at_cpl3 ... ok
test isa::x86_64::user_mode_tests::x87_nm_and_mf_take_priority_over_noncanonical_ss_operand ... ok
test isa::x86_64::user_mode_tests::x87_canonical_unmapped_ss_operand_remains_guest_access_not_ss ... ok
test isa::x86_64::user_mode_tests::x87_noncanonical_fault_class_tracks_effective_segment ... ok
test isa::x86_64::user_mode_tests::x87_control_images_crossing_noncanonical_tail_are_ss0_and_noncommitting ... ok
test isa::x86_64::user_mode_tests::xgetbv_and_avx_are_available_as_under_linux ... ok
test isa::x86_64::user_mode_tests::x87_control_image_66_prefix_selects_shorter_store_width ... ok
test isa::x86_64::user_mode_tests::x87_noncanonical_tail_of_two_and_ten_byte_operands_is_ss0 ... ok
test isa::x86_64::user_xstate::x87_tests::user_x87_init_installs_every_raw_control_word_without_normalization ... ok
test isa::x86_64::user_mode_tests::host_code_patch_takes_effect_after_invalidation ... ok
test machine::gsc::image::tests::multi_slot_picks_first_rw_entry ... ok
test isa::x86_64::user_mode_tests::fxrstor_image_loads_the_legacy_region ... ok
test machine::gsc::image::tests::rd_u32_reads_le_and_bounds_checks ... ok
test machine::fdt::tests::alignment_of_props ... ok
test machine::gsc::image::tests::single_slot_uses_header_entry ... ok
test machine::gsc::image::tests::unsigned_blob_falls_back_to_address_zero ... ok
test machine::gsc::image::tests::signed_image_maps_at_ro_base ... ok
test isa::x86_64::user_mode_tests::xsave_image_matches_the_xsave_instruction ... ok
test isa::x86_64::user_xstate::x87_tests::user_x87_init_matches_admitted_guest_fninit_then_fldcw ... ok
test isa::x86_64::user_xstate::x87_tests::user_x87_init_preserves_physical_payloads_for_every_top ... ok
test machine::fdt::tests::minimal_tree_layout ... ok
test isa::x86_64::user_xstate::x87_tests::user_x87_init_preserves_non_x87_state_and_bypasses_instruction_fault_checks ... ok
test isa::x86_64::user_mode_tests::xrstor_image_accepts_the_compacted_form ... ok
test isa::x86_64::user_mode_tests::x87_restores_keep_empty_registers_empty ... ok
test isa::x86_64::user_mode_tests::xrstor_image_round_trips_and_initializes_absent_components ... ok
test isa::x86_64::user_mode_tests::xrstor_image_refuses_what_xrstor_faults_on ... ok
OK3test isa::x86_64::user_mode_tests::xrstor_image_matches_the_xrstor_instruction ... ok
test machine::gsc::runtime::tests::core_irq_claim_tracks_armed_uart_rx ... ok
test machine::gsc::runtime::tests::ap_ro_crypto_stub_supplies_range_digest_compare_result ... ok
test machine::gsc::runtime::tests::end_to_end_rv32_xsoteria_uart_console ... ok
test machine::gsc::runtime::tests::ap_ro_stub_supplies_cached_status_info_words ... ok
test machine::gsc::runtime::tests::ap_spi_transaction_clears_busy_and_returns_status_byte ... ok
test machine::gsc::runtime::tests::ap_spi_fast_read_uses_backing_ap_flash_image ... ok
test machine::gsc::runtime::tests::ap_spi_status_registers_are_write_one_to_clear ... ok
test machine::gsc::runtime::tests::ap_ro_stub_forces_kernel_verifier_return_to_ok ... ok
test machine::gsc::runtime::tests::ap_ro_info_stub_only_supplies_cached_status_info_words ... ok
test machine::gsc::runtime::tests::drbg_reports_done_and_nonzero_output ... ok
test machine::gsc::runtime::tests::ap_spi_fast_read_returns_erased_flash_without_image ... ok
test machine::gsc::runtime::tests::ap_ro_crypto_stub_supplies_root_key_digest_compare_result ... ok
test machine::gsc::runtime::tests::fifo_ram_window_round_trips ... ok
test machine::gsc::runtime::tests::flash_control1_programs_second_slot ... ok
test machine::gsc::runtime::tests::fuse_defaults_and_trng_are_available ... ok
test machine::gsc::runtime::tests::globalsec_active_image_regions_are_available ... ok
test machine::gsc::runtime::tests::flash_info_bank_is_separate_from_xip_flash ... ok
test machine::gsc::runtime::tests::gpio_interrupt_state_is_write_one_to_clear ... ok
test machine::gsc::runtime::tests::gsc_fifo_reset_busy_bits_clear_on_read ... ok
test machine::gsc::runtime::tests::flash_read_and_erase_family_ops_work ... ok
test machine::gsc::runtime::tests::global_reset_preserves_persistent_pmu_scratch ... ok
test machine::gsc::runtime::tests::pmu_reset_magic_is_detected ... ok
test machine::gsc::runtime::tests::flash_program_op_uses_payload_registers_and_clears_control ... ok
test machine::gsc::runtime::tests::gsc_fifo_interrupt_state_is_write_one_to_clear ... ok
test machine::gsc::runtime::tests::pmu_chip_id_and_wake_source_are_fixed ... ok
test machine::gsc::runtime::tests::ready_map_returns_fixed_status ... ok
test machine::gsc::runtime::tests::rbox_interrupt_state_is_write_one_to_clear ... ok
test machine::gsc::runtime::tests::mmio_registers_remember_writes ... ok
test machine::gsc::runtime::tests::rstsrc_reads_por_then_clears_via_clrrst ... ok
test machine::gsc::runtime::tests::rbox_ready_and_control_status_complete_immediately ... ok
test machine::gsc::runtime::tests::timer_compare_write_tracks_64bit_deadline ... ok
test machine::gsc::runtime::tests::usb_status_and_reset_registers_self_clear ... ok
test machine::gsc::runtime::tests::second_timer_counter_advances ... ok
test machine::gsc::runtime::tests::timer_counter_advances_with_published_time ... ok
test machine::gsc::runtime::tests::synthetic_cryptolib_rom_is_installed ... ok
test machine::gsc::runtime::tests::pmu_reset_loop_is_bounded ... ok
test machine::gsc::runtime::tests::gpio_input_banks_are_stable_status_words ... ok
test machine::pc::acpi::tests::facs_has_no_sdt_checksum_but_valid_length ... ok
test machine::gsc::runtime::tests::uart_state_tracks_rx_queue ... ok
test machine::pc::acpi::tests::hpet_fields_are_correct ... ok
test machine::pc::acpi::tests::fadt_references_facs_and_dsdt ... ok
test machine::pc::acpi::tests::mcfg_allocation_entry_is_correct ... ok
test machine::pc::acpi::tests::rsdp_signature_and_checksums ... ok
test machine::pc::acpi::tests::dsdt_has_valid_header_and_body ... ok
test machine::pc::acpi::tests::signatures_are_correct ... ok
test machine::pc::acpi::tests::madt_io_apic_address_is_correct ... ok
test machine::pc::acpi::tests::madt_has_expected_entries ... ok
test machine::pc::acpi::tests::orchestrator_struct_wrapper_is_consistent ... ok
test machine::pc::bios_boot::tests::rejects_non_boot_iso ... ok
test machine::pc::acpi::tests::sdt_header_checksums_sum_to_zero ... ok
test machine::gsc::runtime::tests::spin_breaker_alternates_polarity ... ok
test machine::pc::acpi::tests::rsdt_length_matches_entry_count ... ok
test machine::pc::bios_boot::tests::parse_no_emulation_boot_image ... ok
test machine::pc::tests::build_e820_layout ... ok
test machine::s5l8900::runtime::dos_bounds_tests::deterministic_timer_is_the_default ... ok
test machine::pc::bios_boot::tests::real_mode_setup_loads_image_and_state ... ok
test machine::s5l8900::runtime::dos_bounds_tests::dma_range_in_bounds_rejects_oversized_sizes ... ok
test machine::s5l8900::runtime::dos_bounds_tests::dma_bound_uses_s5l_ram_base_and_excludes_padding ... ok
test machine::pc::acpi::tests::xsdt_length_matches_entry_count ... ok
test machine::s5l8900::runtime::dos_bounds_tests::timer_speedup_defaults_to_reference_pace ... ok
test machine::s5l8900::runtime::dos_bounds_tests::timer_speedup_allows_explicit_diagnostic_override ... ok
test machine::s3c64xx::runtime::tests::set_state_restores_live_vfp_state ... ok
test machine::s3c64xx::runtime::tests::get_state_serializes_live_vfp_state ... ok
test oracle::x86_frame::tests::leave_schema_exposes_width_feature_requirement_and_exact_successor ... ok
test machine::pc::acpi::tests::orchestrator_places_tables_and_pointers_resolve ... ok
test machine::s5l8900::runtime::dos_bounds_tests::dmadump_append_respects_cumulative_file_limit ... ok
test oracle::call_target::tests::addr32_memory_target_retains_c_api_compatible_kind_and_width_marker ... ok
test machine::gsc::runtime::tests::parse_tpm_cmds_splits_hex_commands ... ok
test oracle::address::tests::addr32_preserves_address_kind_and_adds_explicit_width_marker ... ok
test oracle::x86_legacy::tests::rex_bytes_are_inc_and_dec_outside_64_bit_mode ... ok
test smir::interpret::tests::apx::smir_x86_adx_matches_width_carry_chain_and_flag_contracts ... ok
test oracle::x86_legacy::tests::relative_targets_wrap_to_the_operand_size ... ok
test oracle::x86_legacy::tests::invalid_forms_trap_and_truncation_fails ... ok
test smir::interpret::tests::arm::interworking_call_targets_use_explicit_pc_and_w32_indirect_masking ... ok
test smir::interpret::tests::apx::lifted_apx_ndd_single_shift_cl_alias_executes_widths_and_nf_exactly ... ok
test machine::pc::tests::iso_boot_uses_kvm_setup_addresses ... ok
test smir::interpret::tests::arm::lifted_t16_adr_matches_the_direct_executor ... ok
test smir::interpret::tests::apx::lifted_apx_group3_divide_errors_remain_noncommitting_at_o0_o1_o2 ... ok
test smir::interpret::tests::apx::lifted_apx_ndd_double_shifts_execute_aliases_partial_writes_and_nf_exactly ... ok
test machine::s5l8900::runtime::dos_bounds_tests::adm_irq_propagates_to_daisy_synchronously ... ok
test machine::s5l8900::runtime::dos_bounds_tests::engine_8900_oversized_data_len_is_skipped ... ok
test machine::s5l8900::runtime::dos_bounds_tests::aes_oversized_insize_is_skipped ... ok
test smir::interpret::tests::apx::lifted_apx_group3_implicit_matches_nf_contract_at_o0_o1_o2 ... ok
test smir::interpret::tests::evex::binary::lifted_evex_packed_embedded_control_is_512_bit_and_state_silent ... ok
test smir::interpret::tests::evex::binary::lifted_evex_scalar_minmax_sae_preserves_raw_src2_nan_without_mxcsr_status ... ok
test smir::interpret::tests::arm::lifted_t16_selective_nzcv_ops_interpret_all_prior_flag_states ... ok
test smir::interpret::tests::evex::binary::lifted_packed_binary_dynamic_status_and_unmasked_exceptions_are_atomic ... ok
test smir::interpret::tests::arm::lifted_t16_register_shifts_interpret_low_byte_boundaries_and_aliases ... ok
test smir::interpret::tests::evex::binary::lifted_evex_scalar_binary_masks_faults_and_exceptions_atomically ... ok
test oracle::x86_legacy::tests::lengths_and_control_flow_match_llvm ... ok
test smir::interpret::tests::evex::binary::lifted_vex_scalar_binary_operations_use_exact_mxcsr_semantics_and_lane_contract ... ok
test smir::interpret::tests::evex::binary::lifted_legacy_and_vex_packed_binary_operations_preserve_exact_destination_boundaries ... ok
test smir::interpret::tests::evex::binary::lifted_evex_scalar_binary_er_rounds_exactly_merges_upper_bits_and_is_state_silent ... ok
test smir::interpret::tests::evex::binary_priority::packed_arithmetic_nan_precedence_is_lane_local_when_status_is_aggregated ... ok
test smir::interpret::tests::arm::lifted_t32_register_shifts_interpret_independent_aliases_and_flag_modes ... ok
test isa::x86_64::execute::simd::avx512::vsib::vsib_smir_tests::evex_vsib_smir_apx_requires_only_used_egpr_base_not_unused_x4 ... ok
test smir::interpret::tests::evex::binary::lifted_evex_packed_binary_masks_suppress_inactive_faults_and_exceptions ... ok
test smir::interpret::tests::evex::binary_priority::minmax_nan_precedence_selects_src2_without_denormal_status ... ok
test smir::interpret::tests::evex::binary_priority::divide_by_zero_precedence_suppresses_same_lane_denormal_status ... ok
test smir::interpret::tests::evex::binary_priority::arithmetic_nan_precedence_suppresses_same_lane_denormal_status_for_every_core ... ok
test smir::interpret::tests::evex::binary::optimizer_retains_dead_dynamic_x86_fp_binary_status_at_o0_o1_o2 ... ok
test smir::interpret::tests::evex::binary::x86_fp_binary_cores_cover_rounding_special_values_daz_and_minmax_selection ... ok
test smir::interpret::tests::evex::binary::vfp16_arithmetic_accrues_exact_status_honors_sae_and_traps_before_commit ... ok
test smir::interpret::tests::evex::binary::optimized_evex_scalar_binary_er_matches_o0_o1_o2 ... ok
test smir::interpret::tests::evex::part1::lifted_evex_scalar_masked_moves_suppress_memory_faults_and_stores ... ok
test smir::interpret::tests::evex::binary::x86_fp_div_rounding_matches_independent_rational_reference_grid ... ok
test smir::interpret::tests::evex::part1::lifted_evex_packed_fp_convert_suppresses_masked_memory_faults_per_lane ... ok
test smir::interpret::tests::evex::part1::lifted_evex_packed_fp_convert_honors_masks_high_regs_and_embedded_rounding ... ok
test smir::interpret::tests::evex::part1::lifted_evex_scalar_masks_merge_zero_fault_suppress_and_address_high_registers ... ok
test smir::interpret::tests::evex::part1::executes_evex_vplzcnt_zero_values_masks_broadcast_and_fault_atomicity ... ok
test smir::interpret::tests::evex::part1::lifted_evex_packed_integer_logic_masks_broadcast_and_fault_suppression_are_exact ... ok
test smir::interpret::tests::evex::fp_compare::vector_compare_nan_precedes_same_lane_denormal_but_not_other_lanes ... ok
test smir::interpret::tests::evex::fp_compare::fp16_vector_compare_ignores_daz_and_masks_denormal_status_per_lane ... ok
test smir::interpret::tests::evex::part1::executes_evex_two_table_permute_overwrite_masks_and_complete_memory_faults ... ok
test smir::interpret::tests::evex::part1::lifted_evex_packed_logic_masks_broadcast_and_fault_suppression_are_exact ... ok
test smir::interpret::tests::evex::part1::executes_evex_vpopcnt_elements_masks_broadcast_and_fault_atomicity ... ok
test isa::x86_64::decode::dispatch::vex::convert_tests::vcvtps2ph_direct_matches_smir_for_all_immediates_controls_and_fp32_boundaries ... ok
test smir::interpret::tests::evex::part1::lifted_packed_fp16_precision_masks_suppress_faults_and_traps_atomically ... ok
test smir::interpret::tests::evex::part1::lifted_evex_scalar_precision_family_executes_masks_er_sae_faults_and_exceptions ... ok
test smir::interpret::tests::evex::part1::lifted_packed_fp16_precision_conversions_are_exact_and_honor_daz_ftz_er_sae ... ok
test smir::interpret::tests::evex::part1::x86_fp16_to_integer_exact_boundaries_cover_rounding_signedness_and_status ... ok
test smir::interpret::tests::evex::part1::lifted_legacy_vex_evex_packed_subtract_wraps_masks_and_faults_exactly ... ok
test smir::interpret::tests::evex::part1::lifted_legacy_vex_evex_packed_add_wraps_masks_broadcasts_and_faults_exactly ... ok
test smir::interpret::tests::evex::part1::lifted_legacy_vex_evex_scalar_and_packed_sqrt_execute_exact_lanes ... ok
test smir::interpret::tests::evex::part1::lifted_x86_packed_fp16_to_int_is_exact_masked_atomic_and_sae_aware ... ok
test smir::interpret::tests::evex::part2::executes_evex_map5_fp16_embedded_rounding_independent_of_mxcsr ... ok
test smir::interpret::tests::evex::part2::executes_evex_mask_blends_select_sources_zero_and_suppress_e4_faults ... ok
test smir::interpret::tests::evex::part2::executes_evex_packed_fp_arithmetic_masks_broadcasts_aliases_and_e4_faults ... ok
test smir::interpret::tests::evex::part2::executes_evex_map5_fp16_arithmetic_masks_and_zeroes_upper_state ... ok
test smir::interpret::tests::evex::part1::lifted_x86_packed_int_to_fp16_is_exact_masked_atomic_and_sae_aware ... ok
test smir::interpret::tests::evex::part2::executes_evex_fp16_minmax_selection_exceptions_masks_and_scalar_merge ... ok
test smir::interpret::tests::evex::part2::executes_evex_integer_narrow_all_modes_ratios_masks_aliases_memory_and_faults ... ok
test smir::interpret::tests::evex::part2::executes_evex_scatter_vsib_masks_signed_indices_and_partial_faults ... ok
test smir::interpret::tests::evex::part2::executes_evex_integer_test_masks_all_elements_polarities_masks_and_faults ... ok
test smir::interpret::tests::evex::part2::executes_evex_packed_sqrt_masks_zeroes_and_suppresses_e4_faults ... ok
test smir::interpret::tests::evex::part1::lifted_evex_aligned_moves_execute_masks_and_type_e1_fault_order ... ok
test smir::interpret::tests::evex::part2::executes_evex_multishift_qb_controls_masks_broadcast_and_e4nf_faults ... ok
test smir::interpret::tests::evex::part2::executes_evex_pair_intersect_duplicates_pairing_and_e4nf_faults ... ok
test smir::interpret::tests::evex::part2::executes_evex_packed_funnel_shifts_all_forms_masks_memory_and_faults ... ok
test smir::interpret::tests::evex::part1::lifted_evex_unaligned_fp_moves_execute_masks_fault_suppression_and_partial_stores ... ok
test smir::interpret::tests::evex::part2::executes_evex_ternary_logic_all_tables_masks_aliases_memory_and_faults ... ok
test smir::interpret::tests::evex::part2::lifted_evex_vmovsh_executes_aliases_masks_load_store_and_fault_suppression ... ok
test smir::interpret::tests::evex::part1::lifted_evex_unaligned_integer_moves_execute_all_element_masks_and_faults ... ok
test smir::interpret::tests::evex::part2::executes_evex_packed_rotates_counts_masks_aliases_broadcasts_and_faults ... ok
test smir::interpret::tests::evex::part2::executes_evex_compress_expand_all_elements_aliases_dense_memory_and_faults ... ok
test smir::interpret::tests::evex::part2::lifted_evex_fp16_scalar_arithmetic_executes_ops_masks_aliases_and_faults ... ok
test smir::interpret::tests::evex::part2::executes_evex_vector_align_wrap_masks_aliases_broadcast_and_e4nf_faults ... ok
test smir::interpret::tests::evex::part3::executes_evex_mask_vector_conversions_all_elements_widths_and_high_registers ... ok
test smir::interpret::tests::evex::part2::lifted_evex_fp16_sqrt_executes_masks_merges_aliases_and_suppresses_faults ... ok
test smir::interpret::tests::evex::part3::lifted_evex_fp16_complex_zero_mask_suppresses_memory_fault ... ok
test smir::interpret::tests::evex::part3::lifted_evex_shuffle_128_chunks_executes_selectors_masks_broadcasts_and_e4nf_faults ... ok
test smir::interpret::tests::evex::part3::lifted_avx512_four_fma_orders_exceptions_and_suppresses_whole_tuple_faults ... ok
test smir::interpret::tests::evex::part2::executes_vpmadd52_low_high_accumulator_masks_broadcast_and_fault_atomicity ... ok
test smir::interpret::tests::evex::part3::lifted_evex_fp16_fma_executes_and_zero_mask_suppresses_memory_faults ... ok
test smir::interpret::tests::evex::part2::executes_evex_vpconflict_prefix_dependencies_and_fault_atomicity ... ok
test smir::interpret::tests::evex::part3::lifted_evex_chunk_extract_insert_execute_masks_aliases_tuples_and_e6nf_faults ... ok
test smir::interpret::tests::evex::part3::lifted_evex_fp_class_executes_all_classes_daz_masks_and_fault_suppression ... ok
test smir::interpret::tests::evex::part3::lifted_x86_fixup_imm_preserves_old_dst_masks_upper_lanes_and_masked_reporting ... ok
test smir::interpret::tests::evex::part3::lifted_x86_fp16_approx_preserves_masks_scalar_merge_mxcsr_and_fault_suppression ... ok
test smir::interpret::tests::evex::part3::x86_fp16_to_fp32_is_exhaustive_over_binary16_encoding_space ... ok
test smir::interpret::tests::evex::part3::lifted_legacy_vex_evex_movd_movq_execute_zeroing_widths_and_faults_exactly ... ok
test smir::interpret::tests::evex::part3::x86_fp16_approx_exhaustively_satisfies_special_cases_and_error_bound ... ok
test smir::interpret::tests::evex::saturating_convert::lifted_bf16_saturation_is_fixed_rounding_daz_and_mxcsr_independent ... ok
test smir::interpret::tests::evex::part3::lifted_avx512_four_dot_product_wraps_saturates_masks_aliases_and_suppresses_faults ... ok
test smir::interpret::tests::evex::part3::x86_fp16_fma_is_single_round_mask_aware_and_exception_precise ... ok
test smir::interpret::tests::evex::part3::x86_fixup_imm_exact_semantics_cover_tokens_responses_daz_and_reports ... ok
test smir::interpret::tests::evex::part3::lifted_avx512_four_fma_executes_sequential_rounding_masks_scalar_and_aliases ... ok
test smir::interpret::tests::evex::part3::x86_fp16_complex_preserves_boundary_rounding_pair_masks_scalar_copy_and_masked_exceptions ... ok
test smir::interpret::tests::evex::saturating_convert::lifted_saturating_conversion_masks_exceptions_and_commits_atomically ... ok
test smir::interpret::tests::evex::saturating_convert::lifted_nontruncating_byte_conversion_resolves_mxcsr_and_embedded_rounding ... ok
test smir::interpret::tests::evex::saturating_convert::lifted_i32_i64_saturation_preserves_narrowing_and_widening_lane_geometry ... ok
test smir::interpret::tests::evex::saturating_convert::lifted_saturating_conversion_honors_daz_and_masked_memory_fault_suppression ... ok
test smir::interpret::tests::evex::saturating_convert::lifted_saturating_byte_conversions_use_dword_slots_and_exact_status ... ok
test smir::interpret::tests::evex::saturating_convert::malformed_scalar_saturation_ir_fails_closed_without_committing ... ok
test smir::interpret::tests::evex::saturating_convert::lifted_scalar_saturation_unmasked_exceptions_are_precise_and_sae_suppresses_them ... ok
test smir::interpret::tests::evex::saturating_convert::lifted_fp16_saturation_uses_word_slots_ieee_subnormals_and_exact_thresholds ... ok
test smir::interpret::tests::evex::saturating_convert::lifted_scalar_saturation_clamps_signed_unsigned_nan_and_infinity_exactly ... ok
test smir::interpret::tests::evex::sqrt::lifted_dynamic_scalar_sqrt_mask_suppresses_invalid_before_compute ... ok
test smir::interpret::tests::evex::sqrt::lifted_dynamic_sqrt_uses_mxcsr_rounding_status_and_atomic_traps ... ok
test smir::interpret::tests::evex::saturating_convert::optimized_nontruncating_conversion_matches_o0_o1_o2 ... ok
test smir::interpret::tests::evex::saturating_convert::optimized_saturating_conversion_matches_o0_o1_o2 ... ok
test smir::interpret::tests::evex::saturating_convert::saturating_conversion_helper_handles_nan_infinity_and_i64_u64_boundaries ... ok
test smir::interpret::tests::evex::saturating_convert::optimized_narrowing_and_widening_saturation_match_o0_o1_o2 ... ok
test smir::interpret::tests::evex::saturating_convert::lifted_scalar_saturation_honors_daz_apx_addresses_and_memory_fault_order ... ok
test smir::interpret::tests::evex::sqrt::lifted_evex_sqrt_er_preserves_mask_merge_flags_and_mxcsr ... ok
test smir::interpret::tests::evex::sqrt::lifted_evex_packed_sqrt_broadcast_executes_masks_and_fault_suppression ... ok
test smir::interpret::tests::evex::sqrt::x86_sqrt_dynamic_exceptions_are_atomic_and_sae_is_state_silent ... ok
test smir::interpret::tests::evex::saturating_convert::optimized_scalar_saturation_matches_o0_o1_o2 ... ok
test smir::interpret::tests::evex::sqrt::optimized_evex_sqrt_er_matches_o0_o1_o2 ... ok
test smir::interpret::tests::evex::saturating_convert::nontruncating_byte_helper_uses_pre_round_avx10_2_saturation_thresholds ... ok
test smir::interpret::tests::evex::sqrt::optimizer_retains_dead_dynamic_x86_sqrt_mxcsr_effect ... ok
test smir::interpret::tests::evex::sqrt::lifted_evex_sqrt_er_executes_all_families_rounding_modes_and_lanes ... ok
test smir::interpret::tests::evex::saturating_convert::bf16_saturation_exhaustively_matches_avx10_2_pseudocode ... ok
test smir::interpret::tests::evex::sqrt::x86_sqrt_integer_root_rounds_exactly_and_classifies_special_values ... ok
test smir::interpret::tests::leave::leave16_uses_full_rbp_as_address_and_merges_only_bp ... ok
test smir::interpret::tests::leave::leave_pop_fault_and_pretranslation_faults_do_not_commit_registers ... ok
test smir::interpret::tests::leave::invalid_shape_mode_and_disabled_apx_do_not_commit ... ok
test smir::interpret::tests::leave::leave64_commits_frame_and_preserves_unrelated_state_and_flags ... ok
test smir::interpret::tests::opmask::ktest_and_kortest_set_only_cf_zf_and_clear_of_sf_af_pf_for_every_width ... ok
test smir::interpret::tests::opmask::kmov_zero_extends_every_destination_class_and_transfers_exact_memory_widths ... ok
test smir::interpret::tests::opmask::opmask_metadata_is_exact_and_generic_jit_admission_remains_fail_closed ... ok
test smir::interpret::tests::opmask::kmov_memory_faults_are_precise_and_noncommitting_at_o0_o1_o2 ... ok
test smir::interpret::tests::evex::sqrt::x86_sqrt_rounding_matches_independent_ieee_reference_grid ... ok
test smir::interpret::tests::evex::part3::lifted_evex_immediate_integer_compares_execute_predicates_masks_and_fault_suppression ... ok
test smir::interpret::tests::riscv::rvfp_invalid_rounding_mode_traps_without_writes ... ok
test smir::interpret::tests::riscv::rv_vector_vfncvt_fp16_to_integer8_commits_values_and_flags ... ok
test smir::interpret::tests::riscv::rv_vector_load_uses_current_scalar_vreg_address ... ok
test smir::interpret::tests::riscv::rv_whole_register_load_ignores_vill_and_uses_encoded_eew_vstart ... ok
test smir::interpret::tests::riscv::rv_vector_vid_reserved_vs2_exits_without_committing_state ... ok
test smir::interpret::tests::riscv::rv_vector_fp_sew8_exits_without_committing_state ... ok
test smir::interpret::tests::riscv::rv_vector_reserved_encoding_exits_without_committing_state ... ok
test smir::interpret::tests::riscv::rv_vector_widening_overlap_exits_without_committing_state ... ok
test smir::interpret::tests::riscv::rv_vector_load_fault_commits_completed_elements_and_faulting_vstart ... ok
test smir::interpret::tests::opmask::binary_not_unpack_and_shift_match_exact_width_semantics_at_o0_o1_o2 ... ok
test smir::interpret::tests::riscv::rvfp_rv32_integer_destination_is_zero_extended_to_xlen ... ok
test smir::interpret::tests::scalar::fp::part1::lea_scaled_index_address_wraps ... ok
test smir::interpret::tests::scalar::addr32::addr32_memory_call_targets_wrap_before_segment_addition ... ok
test smir::interpret::tests::scalar::fp::part1::lifted_sqrt_memory_faults_preserve_destinations_and_flags ... ok
test smir::interpret::tests::scalar::addr32::x86_lea_interpretation_applies_destination_width ... ok
test smir::interpret::tests::scalar::fp::part1::lifted_comi_ucomi_memory_faults_preserve_all_flags ... ok
test smir::interpret::tests::scalar::fp::part1::lifted_comi_ucomi_set_exact_x86_flags_and_preserve_registers ... ok
test smir::interpret::tests::scalar::fp::part1::lifted_loop_family_executes_conditions_counter_width_and_preserves_flags ... ok
test smir::interpret::tests::evex::part3::lifted_legacy_evex_packed_immediate_shifts_execute_masks_and_fault_classes ... ok
test smir::interpret::tests::scalar::fp::part1::fp_to_int_honors_rounding_mode ... ok
test smir::interpret::tests::scalar::fp::part1::lifted_vcvtps2ph_register_memory_mask_rounding_sae_and_fault_atomicity ... ok
test smir::interpret::tests::scalar::fp::part1::lifted_x86_int_to_fp_memory_fault_preserves_destination_and_flags ... ok
test smir::interpret::tests::scalar::fp::part1::lifted_x86_fp_to_int_memory_fault_preserves_destination_and_flags ... ok
test smir::interpret::tests::scalar::fp::part1::lifted_x86_scalar_fp_convert_memory_fault_preserves_destination_and_flags ... ok
test smir::interpret::tests::scalar::fp::part1::lifted_x86_fp_to_int_honors_mxcsr_width_truncation_and_indefinite ... ok
test smir::interpret::tests::scalar::fp::part1::lifted_x86_scalar_fp_convert_honors_rounding_merge_and_upper_state ... ok
test smir::interpret::tests::scalar::addr32::lifted_modrm_addr32_zero_extends_wraps_and_adds_segment_after_offset ... ok
test smir::interpret::tests::scalar::fp::part1::x87_u128_integer_sqrt_satisfies_floor_invariant ... ok
test smir::interpret::tests::scalar::fp::part1::lifted_xgetbv_xsetbv_roundtrip_dependencies_and_faults ... ok
test smir::interpret::tests::scalar::fp::part1::lifted_x86_int_to_fp_honors_mxcsr_merge_zeroing_and_source_width ... ok
test smir::interpret::tests::scalar::fp::part1::lifted_compacted_xsave_family_layout_restore_and_validation ... ok
test smir::interpret::tests::scalar::fp::part1::lifted_xsave_xsaveopt_xrstor_roundtrip_masks_initialization_and_faults ... ok
test smir::interpret::tests::scalar::fp::part1::x87_narrow_ieee_conversion_covers_rounding_boundaries_and_special_values ... ok
test smir::interpret::tests::scalar::fp::part1::executes_bf16_converts_dot_masks_rounding_aliases_and_fault_classes ... ok
test smir::interpret::tests::scalar::fp::part2::lifted_x86_exp2_preserves_masks_fault_suppression_sae_and_exception_atomicity ... ok
test smir::interpret::tests::scalar::fp::part2::lifted_scalar_vector_movq_executes_aliasing_upper_state_memory_and_faults_exactly ... ok
test smir::interpret::tests::evex::part3::lifted_vex_evex_gather_executes_vsib_masks_and_restartable_faults ... ok
test smir::interpret::tests::scalar::fp::part2::lifted_x86_range_preserves_scalar_merge_fault_suppression_and_exception_atomicity ... ok
test smir::interpret::tests::scalar::fp::part1::x86_scalar_precision_softfloat_core_is_exact_across_f16_f32_f64 ... ok
test smir::interpret::tests::scalar::fp::part2::lifted_x86_recip28_preserves_scalar_merge_masks_sae_and_fault_atomicity ... ok
test smir::interpret::tests::arm::lifted_a32_data_processing_register_shifts_cover_all_semantics_and_aliases ... ok
test smir::interpret::tests::scalar::fp::part2::lifted_x86_scale_f_preserves_scalar_merge_and_exception_atomicity ... ok
test smir::interpret::tests::scalar::fp::part2::lifted_x86_recip14_preserves_widths_scalar_merge_masks_mxcsr_and_fault_suppression ... ok
test smir::interpret::tests::scalar::fp::part2::smir_x86_scalar_shifts_apply_the_operand_count_mask ... ok
test smir::interpret::tests::scalar::fp::part2::smir_hex_fp_recip_eval_matches_sem ... ok
test smir::interpret::tests::scalar::fp::part2::x86_scale_f_exact_semantics_cover_floor_specials_daz_ftz_and_rounding ... ok
test smir::interpret::tests::scalar::fp::part2::x86_recip14_matches_intel_reference_all_segments_mxcsr_and_special_values ... ok
test smir::interpret::tests::scalar::fp::part3::lifted_x86_fp_compare_commits_every_truth_table_result_and_masked_invalid_status ... ok
test smir::interpret::tests::scalar::fp::part3::lifted_x86_fp_compare_unmasked_exceptions_are_precise_and_sae_is_non_accruing ... ok
test smir::interpret::tests::scalar::fp::part3::lifted_x86_fp_compare_handles_fp16_denormals_and_fp32_daz_precisely ... ok
test smir::interpret::tests::scalar::fp::part2::x86_exp2_matches_intel_reference_polynomial_and_segment_error_bound ... ok
test smir::interpret::tests::scalar::fp::part2::x86_exp2_semantics_cover_error_bound_exact_specials_denormals_and_overflow ... ok
test smir::interpret::tests::scalar::fp::part3::lifted_x86_fp_compare_nan_precedence_suppresses_same_lane_denormal_status ... ok
test smir::interpret::tests::scalar::fp::x86_fp_to_int::lifted_scalar_fp_to_int_commits_masked_invalid_and_precision_status ... ok
test smir::interpret::tests::scalar::fp::x86_fp_to_int::lifted_scalar_fp_to_int_applies_daz_only_to_binary32_and_binary64 ... ok
test smir::interpret::tests::scalar::fp::part2::smir_hex_fp_eval_matches_sem ... ok
test smir::interpret::tests::scalar::fp::part2::x86_recip28_matches_intel_reference_all_segments_and_special_values ... ok
test smir::interpret::tests::scalar::fp::x86_fp_convert::lifted_scalar_fp_convert_commits_masked_status_and_exact_lane_state ... ok
test smir::interpret::tests::scalar::fp::x86_fp_convert::synthetic_invalid_scalar_fp_convert_ir_fails_closed_without_committing ... ok
test smir::interpret::tests::scalar::fp::x86_fp_convert::lifted_scalar_fp_convert_unmasked_exception_is_precise_and_noncommitting ... ok
test smir::interpret::tests::scalar::fp::x86_fp_convert::lifted_scalar_fp_convert_sae_and_inactive_masks_suppress_exceptions ... ok
test smir::interpret::tests::scalar::fp::x86_fp_to_int::lifted_scalar_fp_to_int_sae_suppresses_status_and_unmasked_traps ... ok
test smir::interpret::tests::scalar::fp::x86_int_to_fp::lifted_scalar_binary64_w0_is_exact_and_ignores_attempted_embedded_rounding ... ok
test smir::interpret::tests::scalar::fp::x86_fp_to_int::lifted_scalar_fp_to_int_unmasked_exception_is_precise_and_noncommitting ... ok
test smir::interpret::tests::scalar::fp::x86_int_to_fp::lifted_scalar_int_to_fp_commits_masked_precision_and_overflow_status ... ok
test smir::interpret::tests::scalar::fp::x86_int_to_fp::lifted_scalar_int_to_fp_sae_suppresses_status_and_unmasked_traps ... ok
test smir::interpret::tests::scalar::fp::x86_int_to_fp::lifted_scalar_int_to_fp_unmasked_exception_is_precise_and_noncommitting ... ok
test smir::interpret::tests::scalar::hex::smir_hex_sf_fma_lib_matches_sem ... ok
test smir::interpret::tests::scalar::fp::x86_int_to_fp::synthetic_invalid_scalar_int_to_fp_ir_fails_closed_without_committing ... ok
test smir::interpret::tests::scalar::memory::issue_23_xadd_mem_faulting_store_preserves_flags_and_source ... ok
test smir::interpret::tests::scalar::memory::atomic_cmpxadd_false_condition_stores_old_and_preserves_add_alias ... ok
test smir::interpret::tests::scalar::memory::atomic_cmpxadd_updates_memory_dst_and_flags ... ok
test smir::interpret::tests::scalar::memory::issue_23_xadd_mem_successful_store_commits_flags_and_source ... ok
test smir::interpret::tests::scalar::memory::issue_112_optimized_load_after_pred_store_reads_fresh_memory ... ok
test smir::interpret::tests::scalar::memory::lifted_bit_tests_execute_partial_register_and_signed_memory_offsets ... ok
test smir::interpret::tests::scalar::memory::lifted_crc32c_executes_widths_high_bytes_aliases_memory_faults_and_flags ... ok
test smir::interpret::tests::scalar::fp::part2::lifted_round_family_executes_mxcsr_daz_exceptions_merges_and_faults ... ok
test smir::interpret::tests::scalar::memory::lifted_half_vector_moves_execute_merges_stores_upper_rules_and_faults ... ok
test smir::interpret::tests::scalar::memory::lifted_0f3a_extracts_execute_lanes_widths_tuples_faults_and_flags ... ok
test smir::interpret::tests::scalar::fp::part2::lifted_fp_compare_family_executes_all_predicates_masks_mxcsr_sae_and_faults ... ok
test smir::interpret::tests::scalar::memory::lifted_locked_memory_rmw_faults_preserve_flags_memory_and_registers ... ok
test smir::interpret::tests::scalar::memory::lifted_memory_rmw_success_commits_results_and_flags ... ok
test smir::interpret::tests::scalar::memory::lifted_locked_memory_rmw_success_commits_atomic_results_and_flags ... ok
test smir::interpret::tests::scalar::memory::lifted_movnti_executes_sizes_unaligned_addresses_and_faults_atomically ... ok
test smir::interpret::tests::scalar::memory::lifted_moffs_pop_rm_and_group4_execute_memory_register_effects ... ok
test smir::interpret::tests::scalar::memory::lifted_memory_rmw_store_faults_preserve_flags_memory_and_registers ... ok
test smir::interpret::tests::scalar::memory::lifted_x86_minmax_memory_faults_preserve_destinations_and_flags ... ok
test smir::interpret::tests::scalar::memory::test_apply_lane_op_word ... ok
test smir::interpret::tests::scalar::fp::part2::lifted_dot_products_execute_masks_rounding_mxcsr_atomicity_and_faults ... ok
test smir::interpret::tests::scalar::memory::lifted_x86_minmax_preserves_source2_nan_zero_and_lane_semantics ... ok
test smir::interpret::tests::scalar::memory::test_pred_load_commit_and_cancel ... ok
test smir::interpret::tests::scalar::memory::test_apply_lane_op_byte ... ok
test smir::interpret::tests::scalar::memory::lifted_xchg_swaps_legacy_high_bytes_register_and_memory_forms ... ok
test smir::interpret::tests::scalar::memory::test_pred_store_commit_and_cancel ... ok
test smir::interpret::tests::scalar::fp::x86_round_scale::lifted_fp16_round_scale_to_signed_zero_reports_precision_without_underflow ... ok
test smir::interpret::tests::scalar::memory::vector_lane_insert_extract_preserve_other_bits_and_extend_exactly ... ok
test smir::interpret::tests::scalar::misc::clmul_64x64_produces_exact_128_bit_polynomial_product ... ok
test smir::interpret::tests::scalar::misc::compute_address_wraps_signed_offsets ... ok
test smir::interpret::tests::scalar::misc::crc32c_primitive_matches_castagnoli_known_answers_and_widths ... ok
test smir::interpret::tests::scalar::misc::cas_pair_failure_has_no_writeback_and_success_is_fault_precise ... ok
test smir::interpret::tests::scalar::memory::lifted_movntdqa_executes_widths_alignment_upper_state_and_faults ... ok
test smir::interpret::tests::scalar::misc::gp_relative_address_wraps_negative_offsets ... ok
test smir::interpret::tests::scalar::fp::part2::lifted_horizontal_integer_family_executes_ordering_wrapping_saturation_and_faults ... ok
test smir::interpret::tests::scalar::fp::x86_round_scale::lifted_round_scale_executes_grids_mxcsr_masks_sae_and_faults ... ok
test smir::interpret::tests::scalar::memory::lifted_non_temporal_vector_stores_execute_widths_alignment_and_faults ... ok
test smir::interpret::tests::scalar::memory::vcmp_executes_all_integer_conditions_and_ieee_float_lane_masks ... ok
test smir::interpret::tests::scalar::misc::lifted_cbw_cwde_cdqe_execute_with_x86_partial_write_semantics ... ok
test smir::interpret::tests::scalar::misc::issue_108_optimized_satn_keeps_usr_ovf_when_result_dead ... ok
test smir::interpret::tests::scalar::misc::lifted_bit_test_updates_execute_immediate_lock_and_fault_ordering ... ok
test smir::interpret::tests::scalar::misc::issue_21_cmpxchg32_match_preserves_rax_high ... ok
test smir::interpret::tests::scalar::misc::issue_21_cmpxchg32_mismatch_preserves_dst_high ... ok
test smir::interpret::tests::scalar::misc::lifted_cwd_cdq_cqo_execute_partial_writes_and_preserve_flags ... ok
test smir::interpret::tests::scalar::misc::lifted_binary_alu_reads_and_writes_legacy_high_bytes ... ok
test smir::interpret::tests::scalar::memory::test_memory_operations ... ok
test smir::interpret::tests::scalar::memory::lifted_duplicate_moves_execute_patterns_masks_memory_and_faults ... ok
test smir::interpret::tests::scalar::misc::lifted_group4_legacy_high_bytes_and_rex_low_bytes_are_distinct ... ok
test smir::interpret::tests::scalar::fp::part2::lifted_psign_family_executes_wrapping_control_aliases_and_faults ... ok
test smir::interpret::tests::scalar::misc::lifted_cmpxchg_xadd_handle_legacy_high_bytes_and_aliases ... ok
test smir::interpret::tests::scalar::misc::lifted_lahf_sahf_execute_status_flag_transfers ... ok
test smir::interpret::tests::scalar::misc::lifted_rdtsc_reads_cycle_counter_and_zero_extends_edx_eax ... ok
test smir::interpret::tests::scalar::misc::lifted_enter_executes_all_frame_phases_and_fault_ordering ... ok
test smir::interpret::tests::scalar::misc::lifted_mov_forms_read_and_write_legacy_high_bytes ... ok
test smir::interpret::tests::scalar::misc::lifted_setcc_writes_legacy_high_bytes_and_rex_low_bytes ... ok
test smir::interpret::tests::scalar::misc::lifted_popcnt_tzcnt_lzcnt_execute_results_aliases_and_flags ... ok
test smir::interpret::tests::scalar::misc::lifted_test_reads_legacy_high_bytes_without_modifying_registers ... ok
test smir::interpret::tests::scalar::misc::lifted_immediate_shift_and_group3_forms_handle_legacy_high_bytes ... ok
test smir::interpret::tests::scalar::fp::part2::lifted_pavgb_pavgw_execute_rounded_unsigned_masks_alignment_and_faults ... ok
test smir::interpret::tests::scalar::memory::lifted_maskmovdqu_executes_selected_stores_addresses_and_fault_suppression ... ok
test smir::interpret::tests::scalar::misc::non_x86_divs_min_overflow_wraps_without_trap ... ok
test smir::interpret::tests::scalar::misc::lifted_x86_xchg_preserves_word_uppers_and_zero_extends_dword_self_exchange ... ok
test smir::interpret::tests::scalar::misc::lifted_xlat_executes_address_size_segment_and_fault_semantics ... ok
test smir::interpret::tests::scalar::misc::lifted_group9_cmpxchg_random_seed_and_rdpid_semantics ... ok
test smir::interpret::tests::scalar::misc::smir_bit_scan_updates_only_zf_and_preserves_undefined_status_flags ... ok
test smir::interpret::tests::scalar::misc::lifted_vzero_execute_maxvl_register_limits_and_preserve_flags ... ok
test smir::interpret::tests::scalar::misc::test_basic_arithmetic ... ok
test smir::interpret::tests::scalar::misc::smir_x86_rcl_rcr_match_rotate_through_carry_oracle_cases ... ok
test smir::interpret::tests::scalar::misc::test_clmul_pmpyw_and_vpmpyh ... ok
test smir::interpret::tests::evex::part3::lifted_evex_gfni_executes_field_algebra_masks_and_memory_fault_classes ... ok
test smir::interpret::tests::scalar::misc::lifted_x86_cache_control_preserves_state_and_faults_on_invalid_address ... ok
test smir::interpret::tests::scalar::misc::smir_x86_rol_ror_preserve_of_for_raw_multi_counts ... ok
test smir::interpret::tests::scalar::misc::test_cmpy_w128_sat_worst_case ... ok
test smir::interpret::tests::scalar::misc::test_vaddsub_mixed_sat ... ok
test smir::interpret::tests::scalar::misc::test_sat_n_clamp_and_ovf ... ok
test smir::interpret::tests::scalar::misc::smir_x86_bls_matches_result_and_partial_flag_contracts ... ok
test smir::interpret::tests::scalar::misc::test_vcarry_addcarryo ... ok
test smir::interpret::tests::scalar::misc::test_conditional_branch ... ok
test smir::interpret::tests::scalar::misc::test_vdealb4w ... ok
test smir::interpret::tests::scalar::misc::test_vcmptoq_byte_eq ... ok
test smir::interpret::tests::scalar::misc::test_sat_orig_shl_sweep_and_special ... ok
test smir::interpret::tests::scalar::misc::test_vcondmove_cancel ... ok
test smir::interpret::tests::scalar::misc::test_vlut_byte ... ok
test smir::interpret::tests::scalar::misc::executes_direct_masked_vbmi_permute_operand_roles ... ok
test smir::interpret::tests::scalar::misc::test_vmulsublane ... ok
test smir::interpret::tests::scalar::misc::test_vmulevenwiden ... ok
test smir::interpret::tests::scalar::misc::test_vmulsublanefrac ... ok
test smir::interpret::tests::scalar::misc::test_vmulsublanesh ... ok
test smir::interpret::tests::scalar::misc::test_vhist ... ok
test smir::interpret::tests::scalar::misc::test_vmulword64pair ... ok
test smir::interpret::tests::scalar::misc::test_vpack_even_byte ... ok
test smir::interpret::tests::scalar::misc::test_bidir_shift_bit_exact ... ok
test smir::interpret::tests::scalar::misc::test_vpacksat_hub ... ok
test smir::interpret::tests::scalar::misc::test_vrotr ... ok
test smir::interpret::tests::scalar::misc::test_vqfromvandr ... ok
test smir::interpret::tests::scalar::misc::test_vpairreducemul ... ok
test smir::interpret::tests::scalar::misc::test_vpairpairreducemul ... ok
test smir::interpret::tests::scalar::misc::test_vsatdw_clamp ... ok
test smir::interpret::tests::scalar::misc::test_vsetq ... ok
test smir::interpret::tests::scalar::misc::test_vprefixqb ... ok
test smir::interpret::tests::scalar::misc::x86_count_ir_honors_full_partial_and_suppressed_flag_updates ... ok
test smir::interpret::tests::scalar::misc::test_vshiftv_halfword ... ok
test smir::interpret::tests::scalar::misc::lifted_vtestps_vtestpd_execute_sign_only_truth_table_and_faults ... ok
test smir::interpret::tests::scalar::misc::test_vshiftacc ... ok
test smir::interpret::tests::scalar::misc::test_vswap_pair ... ok
test smir::interpret::tests::scalar::misc::test_vwhist256_sat ... ok
test smir::interpret::tests::scalar::misc::x86_unsigned_narrow_treats_high_bit_sources_as_unsigned ... ok
test smir::interpret::tests::scalar::misc::test_vrotreducemulpair ... ok
test smir::interpret::tests::scalar::shift_group6::sal_group6_zero_count_preserves_a_pending_lazy_flag_producer ... ok
test smir::interpret::tests::scalar::misc::x86_range_exact_semantics_cover_controls_nans_daz_and_ties ... ok
test smir::interpret::tests::scalar::misc::test_vslidereducemul ... ok
test smir::interpret::tests::scalar::tsx::lifted_xtest_overwrites_all_status_flags_and_preserves_other_state ... ok
test smir::interpret::tests::scalar::tsx::xtest_ir_metadata_is_exact_and_not_cross_host_whitelisted ... ok
test smir::interpret::tests::scalar::misc::lifted_0f3a_inserts_execute_merges_masks_aliases_tuples_faults_and_flags ... ok
test smir::interpret::tests::simd::misc::smir_pdep_pext_result_ops_preserve_x86_flags ... ok
test smir::interpret::tests::simd::misc::test_valign_right_shift4 ... ok
test smir::interpret::tests::simd::misc::test_valign_vror ... ok
test smir::interpret::tests::simd::misc::test_vlane_hexagon_vreg_end_to_end ... ok
test smir::interpret::tests::simd::convert::test_vnarrowshiftsat_wh_shift_round_sat ... ok
test smir::interpret::tests::simd::misc::test_vlane_oversized_lane_count_does_not_abort ... ok
test smir::interpret::tests::scalar::tsx::lifted_rtm_gp0_paths_fault_atomically_at_the_instruction_pc ... ok
test smir::interpret::tests::simd::misc::smir_bextr_bzhi_flagful_ops_update_defined_x86_flags ... ok
test smir::interpret::tests::simd::misc::test_vmaskzero_oracc ... ok
test smir::interpret::tests::simd::misc::test_vnarrowshiftsat_truncate ... ok
test smir::interpret::tests::simd::misc::test_vmaskzero ... ok
test smir::interpret::tests::scalar::misc::x87_legacy_environment_images_match_16_and_32_bit_protected_layouts ... ok
test smir::interpret::tests::simd::misc::test_vmulshiftsat_vmpyuhvs ... ok
test smir::interpret::tests::simd::misc::test_vmulshiftsat_vmpyhvsrs ... ok
test smir::interpret::tests::scalar::shift_group6::lifted_sal_group6_matches_shl_except_for_its_defined_emulator_af_policy ... ok
test smir::interpret::tests::simd::misc::test_vnarrowshiftsat_unsigned_source ... ok
test smir::interpret::tests::simd::misc::test_vnarrowshiftsat_unsigned_clamp ... ok
test smir::interpret::tests::simd::misc::test_vlaneunary_ops ... ok
test smir::interpret::tests::simd::misc::test_vreducemul_signed ... ok
test smir::interpret::tests::simd::misc::test_vnarrowshiftv_per_lane ... ok
test smir::interpret::tests::simd::misc::test_vwidenmul_signedness ... ok
test smir::interpret::tests::simd::misc::test_vwidenext_sequential ... ok
test smir::interpret::tests::simd::packed::fp_addsub_horizontal::lifted_haddps_unmasked_precision_traps_before_any_destination_write ... ok
test smir::interpret::tests::scalar::misc::lifted_phminposuw_executes_unsigned_ties_aliases_alignment_and_faults ... ok
test smir::interpret::tests::simd::packed::fp_addsub_horizontal::lifted_haddps_reports_unmasked_precomputation_before_postcomputation_status ... ok
test smir::interpret::tests::simd::packed::fp_addsub_horizontal::lifted_haddps_accrues_denormal_and_precision_status_and_preserves_legacy_upper_state ... ok
test smir::interpret::tests::scalar::tsx::xtest_interpretation_matches_at_every_optimization_level ... ok
test smir::interpret::tests::simd::packed::part1::lifted_legacy_and_vex_movmsk_execute_exact_bits_zero_extend_and_preserve_flags ... ok
test smir::interpret::tests::scalar::misc::x86_dot_product_softfloat_core_matches_ieee_nearest_and_directed_edges ... ok
test smir::interpret::tests::simd::packed::fp_addsub_horizontal::paired_fp_ir_rejects_nonexistent_masks_widths_and_embedded_controls ... ok
test smir::interpret::tests::simd::packed::part1::lifted_legacy_packed_sse_load_fault_preserves_full_destination ... ok
test smir::interpret::tests::simd::packed::part1::lifted_legacy_and_vex_pmovmskb_execute_exact_bits_and_zero_extend ... ok
test smir::interpret::tests::simd::packed::part1::lifted_legacy_and_vex_lddqu_preserve_or_zero_upper_and_fault_atomically ... ok
test smir::interpret::tests::simd::packed::mxcsr::lifted_legacy_vex_and_rex2_mxcsr_roundtrip_and_fault_atomicity ... ok
test smir::interpret::tests::simd::packed::part1::lifted_packed_sse_arithmetic_and_moves_execute ... ok
test smir::interpret::tests::simd::packed::part1::lifted_vex_scalar_memory_faults_preserve_destination_flags_and_memory ... ok
test smir::interpret::tests::simd::packed::part1::executes_avx_permute_domains_masks_aliases_and_e4nf_fault_precision ... ok
test smir::interpret::tests::simd::packed::part1::lifted_scalar_sse_memory_faults_preserve_destination_flags_and_memory ... ok
test smir::interpret::tests::simd::packed::part1::lifted_scalar_sse_moves_and_arithmetic_preserve_or_clear_upper_lanes_exactly ... ok
test smir::interpret::tests::simd::packed::part1::lifted_vex_scalar_arithmetic_all_ops_and_memory_sources_execute ... ok
test smir::interpret::tests::simd::packed::part1::lifted_legacy_and_vex_packed_integer_logic_executes_exact_bits_and_faults_atomically ... ok
test smir::interpret::tests::simd::packed::part1::lifted_x86_packed_fp_convert_memory_fault_preserves_destination_and_flags ... ok
test smir::interpret::tests::simd::packed::part1::lifted_vex_scalar_moves_and_arithmetic_merge_xmm_and_zero_avx_upper_state ... ok
test smir::interpret::tests::simd::packed::part1::lifted_legacy_packed_sse_preserves_shared_state_above_bit_127 ... ok
test smir::interpret::tests::simd::packed::part1::lifted_saturating_packed_add_subtract_clamps_all_signed_unsigned_boundaries ... ok
test smir::interpret::tests::simd::packed::part1::lifted_x86_packed_fp_convert_honors_lanes_rounding_and_upper_state ... ok
test smir::interpret::tests::simd::packed::part1::lifted_x86_packed_fp32_fp64_to_int_is_exact_atomic_and_daz_sae_aware ... ok
test smir::interpret::tests::simd::packed::part2::lifted_mmx_movq_executes_directions_rex_memory_state_and_faults ... ok
test smir::interpret::tests::simd::packed::part2::lifted_mmx_pmovmskb_extracts_byte_signs_and_enters_mmx_state ... ok
test smir::interpret::tests::simd::packed::part1::lifted_x86_packed_int_to_fp32_fp64_is_exact_masked_atomic_and_sae_aware ... ok
test smir::interpret::tests::simd::packed::part2::executes_vpshufbitqmb_lane_domains_opmask_zeroing_memory_and_faults ... ok
test smir::interpret::tests::simd::packed::part2::lifted_mmx_pinsrw_pextrw_execute_rex_lanes_state_memory_and_faults ... ok
test smir::interpret::tests::simd::packed::part2::executes_load_broadcasts_tuple_order_masks_gpr_aliases_and_e6_fault_suppression ... ok
test smir::interpret::tests::simd::packed::part2::smir_andn_updates_only_defined_x86_flags ... ok
test smir::interpret::tests::simd::packed::part2::smir_bextr_bzhi_result_ops_preserve_x86_flags_and_edge_counts ... ok
test smir::interpret::tests::simd::packed::part2::executes_packed_variable_shifts_boundaries_signedness_masks_and_aliases ... ok
test smir::interpret::tests::simd::packed::part1::executes_avx_vnni_int8_int16_signedness_saturation_aliases_memory_and_faults ... ok
test smir::interpret::tests::simd::packed::part2::test_vbroadcast_gpr_to_words ... ok
test smir::interpret::tests::simd::packed::part2::test_vwidenext_interleave_sign ... ok
test smir::interpret::tests::simd::packed::part2::test_vwidenext_interleave_zero ... ok
test smir::interpret::tests::simd::packed::part2::test_vlanecond_byte ... ok
test smir::interpret::tests::simd::packed::part2::test_vnarrowshiftsat_wh_interleave ... ok
test smir::interpret::tests::simd::packed::part2::test_vshuffleeo_even_byte ... ok
test smir::interpret::tests::simd::packed::part2::test_vreducemul_byte4_to_word ... ok
test smir::interpret::tests::simd::packed::part2::test_vwidenmul_half_to_word ... ok
test smir::interpret::tests::simd::packed::part2::test_vwidenmul_byte_layout ... ok
test smir::interpret::tests::simd::packed::part2::test_vshuffle2_byte_roundtrip ... ok
test smir::interpret::tests::simd::packed::part1::interprets_vpermute_single_and_two_table_domains ... ok
test smir::interpret::tests::simd::packed::part2::test_vwidenaddsub_byte_layout ... ok
test smir::interpret::tests::simd::packed::part2::vshuffle_uses_explicit_lanes_two_source_indices_and_zeroes_inactive_state ... ok
test smir::interpret::tests::simd::packed::part2::vinterleave_selects_halves_independently_in_each_lane_block ... ok
test smir::interpret::tests::simd::packed::part2::lifted_legacy_and_vex_packed_integer_compares_execute_signedness_widths_and_faults ... ok
test smir::interpret::tests::simd::packed::part1::executes_vnni_dot_signedness_saturation_masks_broadcast_and_fault_atomicity ... ok
test smir::interpret::tests::scalar::misc::lifted_get_exponent_executes_exact_specials_daz_masks_sae_and_faults ... ok
test smir::interpret::tests::scalar::misc::lifted_get_mantissa_executes_controls_specials_daz_masks_sae_and_faults ... ok
test smir::interpret::tests::scalar::misc::lifted_reduce_executes_remainders_special_cases_exceptions_masks_and_faults ... ok
test smir::interpret::tests::simd::packed::part3::lifted_mmx_packed_multiply_executes_widths_aliases_state_and_faults ... ok
test smir::interpret::tests::simd::packed::part3::lifted_mmx_average_and_pmaddwd_execute_rounding_wrap_aliases_and_faults ... ok
test smir::interpret::tests::simd::packed::part3::lifted_packed_extend_families_execute_sign_zero_masks_aliases_and_faults ... ok
test smir::interpret::tests::simd::packed::part2::lifted_legacy_and_vex_packed_unpacks_interleave_per_128_bit_lane ... ok
test smir::interpret::tests::simd::packed::part3::lifted_ptest_vptest_executes_flag_truth_table_widths_alignment_and_faults ... ok
test smir::interpret::tests::simd::packed::part3::lifted_palignr_executes_immediates_grouping_masks_aliases_and_faults ... ok
test smir::interpret::tests::simd::packed::part3::lifted_pshufb_executes_msb_zeroing_lane_locality_masks_and_faults ... ok
test smir::interpret::tests::simd::packed::part3::lifted_pmaddubsw_executes_products_saturation_masks_aliases_and_faults ... ok
test smir::interpret::tests::simd::packed::part3::lifted_packed_minmax_executes_signedness_masks_aliases_broadcasts_and_faults ... ok
test smir::interpret::tests::simd::packed::part3::lifted_original_packed_minmax_executes_values_masks_e4_and_faults ... ok
test smir::interpret::tests::simd::packed::part3::vfma_executes_fused_f32_f64_and_sign_controls ... ok
test smir::interpret::tests::simd::packed::part3::lifted_vex_fma3_executes_orders_sign_families_alternation_scalar_and_faults ... ok
test smir::interpret::tests::simd::packed::part3::lifted_pmuludq_executes_even_unsigned_lanes_widths_and_masks ... ok
test smir::interpret::tests::simd::packed::part3::lifted_vperm2x128_executes_controls_aliases_memory_and_faults ... ok
test smir::interpret::tests::simd::packed::part3::lifted_pmuldq_executes_even_signed_lanes_masks_aliases_and_faults ... ok
test smir::interpret::tests::simd::packed::part3::lifted_pmulhrsw_executes_rounding_masks_aliases_and_faults ... ok
test smir::interpret::tests::simd::packed::part3::reciprocal_estimates_execute_special_cases_and_accuracy_bound ... ok
test smir::interpret::tests::simd::packed::part3::lifted_pmulld_pmulq_execute_widths_masks_broadcasts_and_fault_suppression ... ok
test smir::interpret::tests::simd::packed::part4::lifted_aesni_vaes_executes_fips_vectors_lanes_upper_state_and_faults ... ok
test smir::interpret::tests::simd::packed::part3::lifted_variable_blends_execute_mask_bits_aliases_widths_and_faults ... ok
test smir::interpret::tests::simd::packed::part3::lifted_pmullw_executes_widths_masks_alignment_and_fault_suppression ... ok
test smir::interpret::tests::simd::packed::part3::lifted_pabs_family_executes_minima_masks_broadcasts_and_faults ... ok
test smir::interpret::tests::simd::packed::part3::lifted_pmulhw_pmulhuw_execute_signedness_masks_alignment_and_faults ... ok
test smir::interpret::tests::simd::packed::part4::lifted_reciprocal_estimates_execute_merges_upper_state_alignment_and_faults ... ok
test smir::interpret::tests::simd::packed::part4::lifted_sha512_executes_schedule_rounds_aliases_and_preserves_flags ... ok
test smir::interpret::tests::simd::packed::part4::lifted_immediate_blends_execute_raw_masks_repetition_aliases_and_faults ... ok
test smir::interpret::tests::simd::packed::part4::lifted_fp_unpack_family_executes_lane_blocks_masks_broadcast_and_e4nf_faults ... ok
test smir::interpret::tests::simd::packed::part4::lifted_avx_ne_convert_executes_exact_bits_widths_mxcsr_and_faults ... ok
test smir::interpret::tests::simd::packed::part4::lifted_pclmulqdq_executes_selectors_blocks_aliases_memory_and_faults ... ok
test smir::interpret::tests::simd::packed::part3::lifted_saturating_packs_execute_lane_groups_masks_and_fault_boundaries ... ok
test smir::interpret::tests::simd::packed::part4::lifted_x86_rsqrt14_preserves_widths_scalar_merge_masks_daz_and_fault_suppression ... ok
test smir::interpret::tests::simd::packed::part4::lifted_x86_rsqrt28_preserves_scalar_merge_masks_sae_and_fault_atomicity ... ok
test smir::interpret::tests::simd::packed::part4::lifted_sse3_addsub_horizontal_executes_values_lane_groups_alignment_and_upper_state ... ok
test smir::interpret::tests::simd::packed::saturating_pack_faults::evex_saturating_packs_use_e4nf_complete_memory_accesses ... ok
test smir::interpret::tests::simd::packed::part4::lifted_psadbw_executes_all_widths_aliases_upper_state_and_faults ... ok
test smir::interpret::tests::simd::packed::part3::vdotproduct_executes_vnni_accumulation_wrapping_saturation_and_signed_words ... ok
test smir::interpret::tests::simd::sse::interprets_vshufflebitqm_writes_k_mask ... ok
test smir::interpret::tests::simd::sse::lifted_maskmovq_addr32_wraps_each_lane_before_fs_segmentation ... ok
test smir::interpret::tests::simd::sse::test_vblend_mux ... ok
test smir::interpret::tests::simd::packed::part4::x86_rsqrt14_matches_intel_reference_all_segments_mxcsr_and_special_values ... ok
test smir::interpret::tests::simd::packed::part4::x86_rsqrt28_matches_intel_reference_all_segments_and_special_values ... ok
test smir::interpret::tests::sse4a::malformed_sse4a_controls_fail_closed_without_destination_commit ... ok
test smir::interpret::tests::sse4a::malformed_sse4a_movnt_ops_fail_closed_before_memory_access ... ok
test smir::interpret::tests::sse4a::lifted_sse4a_movnt_stores_exact_scalar_width_at_o0_o1_o2 ... ok
test smir::interpret::tests::sse4a::sse4a_movnt_guard_faults_before_memory_write_at_every_optimization_level ... ok
test smir::interpret::tests::sse4a::lifted_sse4a_forms_match_low_qword_semantics_at_o0_o1_o2 ... ok
test smir::interpret::tests::simd::packed::part4::lifted_mpsadbw_executes_block_selectors_aliases_alignment_faults_and_flags ... ok
test smir::interpret::tests::sse4a::sse4a_guard_exits_before_destination_or_flag_commit_for_every_dynamic_fault ... ok
test smir::interpret::tests::string::lifted_movzx_movsx_read_legacy_high_bytes_and_rex_low_bytes ... ok
test smir::interpret::tests::simd::packed::part4::lifted_vex_masked_memory_executes_zeroing_stores_and_element_faults ... ok
test smir::interpret::tests::simd::packed::part4::lifted_sm3_executes_schedule_rounds_aliases_memory_and_faults ... ok
test smir::interpret::tests::stack_flags::vme_pop_post_read_gp_and_push_virtualization_are_precise ... ok
test smir::interpret::tests::stack_flags::pushed_image_can_be_modified_and_popped_as_one_complete_transaction ... ok
test smir::interpret::tests::stack_flags::stack_address_and_memory_faults_leave_rsp_and_flags_uncommitted ... ok
test smir::interpret::tests::stack_flags::pop_privilege_filter_updates_only_permitted_fields ... ok
test smir::interpret::tests::stack_flags::push_images_and_rex_w_precedence_match_intel_masks_at_o0_o1_o2 ... ok
test smir::interpret::tests::simd::packed::part4::lifted_two_source_shuffles_execute_selectors_masks_broadcast_and_faults ... ok
test smir::interpret::tests::three_dnow::lifted_3dnow_pavgusb_and_pswapd_execute_and_order_memory_faults ... ok
test smir::interpret::tests::string::lifted_string_faults_preserve_current_element_restart_state ... ok
test smir::interpret::tests::string::lifted_string_scas_cmps_rep_termination_and_flags ... ok
test smir::interpret::tests::three_dnow::lifted_3dnow_atomic_operation_preserves_flags_top_and_fault_atomicity ... ok
test smir::interpret::tests::string::lifted_string_movs_stos_lods_execute_rep_df_segment_and_addr32 ... ok
test smir::interpret::tests::x86_fma::lifted_vex_fma4_reads_all_aliased_sources_before_destination_write ... ok
test smir::interpret::tests::simd::packed::part4::lifted_packed_shift_count_executes_full_counts_masks_mem128_and_faults ... ok
test smir::interpret::tests::simd::packed::part4::lifted_sm4_executes_standard_vectors_widths_aliases_memory_and_faults ... ok
test smir::interpret::tests::x86_fma::lifted_vex_fma4_unmasked_exception_is_precise_and_noncommitting ... ok
test smir::interpret::tests::x86_fma::lifted_evex_fma3_executes_nondefault_rc_with_sae_and_scalar_merge ... ok
test smir::interpret::tests::tbm::immediate_bextr_lifted_semantics_cover_width_and_control_edges ... ok
test smir::interpret::tests::tbm::dynamic_tbm_guard_exits_before_register_or_memory_side_effects ... ok
test smir::interpret::tests::x86_fma::x86_fma_embedded_rounding_uses_sae_masked_underflow_response_for_ftz ... ok
test smir::interpret::tests::simd::packed::part4::lifted_vdbpsadbw_executes_dword_shuffle_sad_masks_aliases_and_faults ... ok
test smir::interpret::tests::x86_fma::x86_fma_alternating_kinds_select_addition_and_subtraction_by_lane ... ok
test smir::interpret::tests::x86_fma::lifted_vex_fma4_packed_kinds_are_fused_and_clear_above_vl ... ok
test smir::interpret::tests::simd::packed::part4::lifted_pmaddwd_executes_wrap_widths_masks_complete_memory_and_faults ... ok
test smir::interpret::tests::x86_fma::x86_fma_reports_precomputation_before_postcomputation_exceptions ... ok
test smir::interpret::tests::x86_fma::x86_fma_models_daz_ftz_overflow_underflow_precision_and_zero_sign ... ok
test smir::interpret::tests::x86_fma::x86_fma_unmasked_exception_is_precise_and_embedded_rounding_is_sae ... ok
test smir::interpret::tests::x86_fma::malformed_x86_fma_ir_fails_closed_and_remains_optimizer_observable ... ok
test smir::interpret::tests::x86_fma::lifted_vex_fma4_w_swaps_sources_and_scalar_l_is_ignored_with_zero_upper ... ok
test smir::interpret::tests::x86_fma::x86_fma_quiet_nan_preempts_non_nan_invalid_product_classification ... ok
test smir::interpret::tests::x86_fma::x86_fp16_fma_nan_precedence_is_lane_local_when_status_is_aggregated ... ok
test smir::interpret::tests::x86_fma::x86_fma_rounds_binary32_and_binary64_from_mxcsr_or_embedded_control ... ok
test smir::interpret::tests::x86_fma::x86_fp16_fma_nan_priority_uses_mnemonic_arithmetic_order ... ok
test smir::interpret::tests::x86_fma::x86_fma_retains_the_single_round_fused_residual ... ok
test smir::interpret::tests::x86_fma::x86_fma_nan_precedence_suppresses_same_lane_denormal_status_for_all_formats ... ok
test smir::interpret::tests::x86_fma::x86_fp16_fma_rejects_the_fma4_only_order_without_committing ... ok
test smir::interpret::tests::x86_fma::x86_fma_writemask_suppresses_inactive_lane_arithmetic_and_status ... ok
test smir::interpret::tests::x86_fma::x86_fma_nan_priority_follows_the_123_132_213_231_arithmetic_order ... ok
test smir::interpret::tests::x87::part1::lifted_femms_empties_tags_without_modifying_other_defined_state ... ok
test smir::interpret::tests::x87::part1::lifted_emms_empties_tags_and_preserves_aliased_payloads_and_x87_state ... ok
test smir::interpret::tests::tbm::all_map9_tbm_semantics_match_amd_pseudocode_at_o0_o1_o2 ... ok
test smir::interpret::tests::x87::fxsave_restore::fxrstor_real_read_faults_remain_memory_faults_at_o0_o1_o2 ... ok
test smir::interpret::tests::x87::fxsave_restore::fxrstor_alignment_and_reserved_mxcsr_are_gp_at_o0_o1_o2 ... ok
test smir::interpret::tests::x87::fxsave_restore::fxrstor_valid_mxcsr_including_unmasked_pending_status_loads_at_o0_o1_o2 ... ok
test smir::interpret::tests::x87::control::x87_no_wait_controls_request_exact_direct_replay_before_any_commit ... ok
test smir::interpret::tests::x87::fxsave_restore::lifted_fxsave_fxrstor_preserve_exact_state_layout_tags_and_faults ... ok
test smir::interpret::tests::three_dnow::three_d_now_atomic_family_covers_all_defined_suffix_semantics_and_numeric_bounds ... ok
test smir::interpret::tests::x87::part1::lifted_x87_environment_control_state_memory_and_fault_atomicity ... ok
test smir::interpret::tests::x87::part1::lifted_x87_fcmov_conditions_copy_exact_state_and_gate_stack_faults ... ok
test smir::interpret::tests::x87::part1::lifted_x87_exact_sign_and_top_rotation_operations_preserve_raw_state ... ok
test smir::interpret::tests::x87::part1::lifted_x87_fild_widens_all_integer_widths_exactly_and_atomically ... ok
test smir::interpret::tests::x87::part1::lifted_x87_exact_register_and_m80_transfers_preserve_payload_tags_and_environment ... ok
test smir::interpret::tests::x87::part1::lifted_x87_ficom_ficomp_widen_signed_integers_exactly ... ok
test smir::interpret::tests::x87::part1::lifted_x87_fxam_classifies_all_binary80_classes_and_empty_sign ... ok
test smir::interpret::tests::x87::part1::lifted_x87_stack_metadata_waiting_faults_exit_without_committing ... ok
test smir::interpret::tests::x87::part1::lifted_legacy_x87_register_forms_match_canonical_state_and_free_pop_exactly ... ok
test smir::interpret::tests::x87::part1::lifted_x87_ftst_compares_zero_and_honors_exception_masks ... ok
test smir::interpret::tests::x87::part1::lifted_x87_fld_single_double_widens_exactly_and_reports_source_classes ... ok
test smir::interpret::tests::x87::part1::lifted_x87_fcom_fucom_order_binary80_and_apply_pop_counts ... ok
test smir::interpret::tests::simd::packed::part4::lifted_packed_immediate_shuffles_execute_lanes_aliases_memory_and_faults ... ok
test smir::interpret::tests::x87::part1::lifted_x87_legacy_environment_save_restore_side_effects_and_fault_atomicity ... ok
test smir::interpret::tests::x87::control::x87_payload_operations_request_replay_before_payload_or_environment_commit ... ok
test smir::interpret::tests::x87::part2::lifted_x87_exact_transfers_handle_masked_unmasked_stack_faults_and_memory_faults ... ok
test smir::interpret::tests::x87::part2::lifted_x87_compare_nan_denormal_stack_and_eflags_exception_policies ... ok
test smir::interpret::tests::x87::part1::lifted_x87_load_constants_match_all_fcw_rounding_modes_exactly ... ok
test smir::interpret::tests::simd::packed::part4::lifted_vex_packed_immediate_shifts_execute_overshifts_and_128_bit_lanes ... ok
test smir::interpret::tests::x87::part2::lifted_x87_fbld_fbstp_exact_bcd_rounding_exceptions_and_faults ... ok
test smir::interpret::tests::x87::part2::lifted_x87_fist_fistp_fisttp_round_range_fault_and_pop_semantics ... ok
test smir::interpret::tests::x87::part2::lifted_x87_fst_fstp_narrow_flags_masks_pop_environment_and_faults ... ok
test smir::interpret::tests::x87::part2::lifted_x87_frndint_exact_rounding_special_values_and_exception_masks ... ok
test smir::interpret::tests::x87::part2::lifted_x87_fxtract_exact_decomposition_special_values_and_stack_faults ... ok
test smir::interpret::tests::x87::part2::lifted_x87_fsqrt_exact_pc_rc_special_and_exception_semantics ... ok
test smir::interpret::tests::x87::part3::lifted_x87_fyl2x_domain_exception_priority_and_pop_commit ... ok
test smir::interpret::tests::x87::part3::lifted_x87_logarithms_form_the_final_result_before_range_exceptions ... ok
test smir::interpret::tests::x87::part3::lifted_x87_fpatan_signed_zero_infinity_quadrants_and_tiny_ratio ... ok
test smir::interpret::tests::x87::part2::lifted_x87_fscale_exact_scaling_rounding_exceptions_and_reconstruction ... ok
test smir::interpret::tests::x86_fma::x86_fma_binary64_round_nearest_matches_independent_fused_oracle ... ok
test smir::interpret::tests::x87::part3::lifted_x87_transcendental_special_values_masks_and_stack_faults ... ok
test smir::interpret::tests::x87::part3::lifted_x87_transcendental_pc_rc_rounding_is_explicit_and_monotonic ... ok
test smir::interpret::tests::x87::part3::lifted_x87_transcendental_exact_points_stack_shapes_and_environment ... ok
test smir::interpret::tests::x87::part2::lifted_x87_fprem_fprem1_exact_partial_flags_and_exception_semantics ... ok
test smir::interpret::tests::xop::malformed_xop_ir_operands_fail_closed_without_destination_commit ... ok
test smir::interpret::tests::xop::malformed_xop_alignment_ir_fails_closed_without_address_observation ... ok
test smir::interpret::tests::x87::part2::lifted_x87_fmul_fmulp_fimul_exact_rounding_range_fault_and_pop_semantics ... ok
test smir::interpret::tests::xop::xop_alignment_ir_checks_the_complete_access_range_independently_of_alignment ... ok
test smir::interpret::tests::x87::part3::lifted_x87_trigonometric_range_boundary_is_precise_and_noncommitting ... ok
test smir::interpret::tests::xop::register_aliases_snapshot_both_sources_before_destination_commit ... ok
test smir::interpret::tests::xop::immediate_rotate_counts_cover_signed_extremes_and_modulo_widths ... ok
test smir::interpret::tests::xop::memory_alignment_and_canonicality_faults_precede_memory_and_destination_commit ... ok
test smir::interpret::tests::x87::part3::lifted_x87_transcendentals_satisfy_intel_ulp_bounds_against_binary128_oracles ... ok
test smir::interpret::tests::x87::part2::lifted_x87_fdiv_fdivr_exact_rounding_special_fault_and_pop_semantics ... ok
test smir::interpret::tests::xop::xop_guard_is_dynamic_precise_and_noncommitting_for_every_failed_condition ... ok
test smir::ir::call::tests::addr32_memory_target_reports_every_address_register ... ok
test smir::ir::context::tests::test_aarch64_context ... ok
test smir::interpret::tests::x87::part3::lifted_x87_transcendentals_match_native_x87_within_combined_error_bounds ... ok
test smir::ir::context::tests::test_x86_context ... ok
test smir::interpret::tests::x87::part3::lifted_x87_transcendentals_retain_binary80_inputs_and_match_independent_f64_oracles ... ok
test smir::ir::context::tests::test_riscv_context ... ok
test smir::ir::context::tests::x86_x87_state_defaults_and_environment_resets_preserve_raw_registers ... ok
test smir::ir::context::tests::x86_x87_abridged_tags_use_physical_order_and_reconstruct_classes ... ok
test smir::ir::flags::tests::bmi_partial_flag_definitions_materialize_the_preceding_lazy_producer ... ok
test smir::ir::flags::tests::selective_lazy_updates_exhaustively_merge_requested_status_bits ... ok
test smir::ir::flags::tests::test_add_flags ... ok
test smir::ir::flags::tests::test_condition_eval ... ok
test smir::ir::flags::tests::test_rflags_conversion ... ok
test smir::ir::flags::tests::test_logic_flags ... ok
test smir::ir::flags::tests::test_sub_flags ... ok
test smir::interpret::tests::xop::all_variable_cells_and_operand_orders_match_signed_count_semantics_at_o0_o1_o2 ... ok
test smir::interpret::tests::xop_vpcmov::memory_forms_match_reference_for_both_w_roles_and_complete_transfer_widths ... ok
test smir::interpret::tests::xop_vpcmov::register_forms_match_reference_at_o0_o1_o2_for_widths_roles_and_aliases ... ok
test smir::ir::memory::tests::test_flat_memory ... ok
test smir::ir::memory::tests::test_bytes_conversion ... ok
test smir::ir::ops::fp_side_effects::tests::scalar_fp_convert_classifies_status_sae_and_invalid_ir ... ok
test smir::ir::memory::tests::test_alignment_check ... ok
test smir::ir::ops::fp_side_effects::tests::scalar_int_to_fp_classifies_status_exactness_and_invalid_ir ... ok
test smir::ir::memory::tests::test_exclusive_monitor ... ok
test smir::ir::ops::fp_side_effects::tests::scalar_fp_to_int_is_side_effecting_exactly_without_sae ... ok
test smir::ir::ops::tests::test_op_dests ... ok
test smir::interpret::tests::xop_vpcmov::dynamic_guard_and_alignment_faults_precede_memory_and_destination_commit ... ok
test smir::interpret::tests::xop_vpcom::vpcom_dynamic_guard_and_alignment_faults_are_precise_and_noncommitting ... ok
test smir::ir::ops::tests::x86_fp16_fma_metadata_tracks_sources_mask_destination_and_mxcsr_effects ... ok
test smir::ir::ops::x86_sat_convert_types::tests::canonical_controls_distinguish_bf16_from_ieee_formats ... ok
test smir::ir::ops::tests::x86_fp16_complex_metadata_tracks_accumulator_merge_mask_and_mxcsr_status ... ok
test smir::ir::tests::test_function_builder ... ok
test smir::ir::ops::tests::x86_three_d_now_metadata_tracks_atomic_destructive_operands ... ok
test smir::ir::ops::tests::x86_string_dests_are_kind_and_rep_precise ... ok
test smir::ir::ops::tests::x86_four_iteration_metadata_tracks_sources_accumulators_masks_and_side_effects ... ok
test smir::ir::ops::x86_sat_convert_types::tests::canonical_shapes_cover_equal_narrowing_and_widening_payloads ... ok
test smir::interpret::tests::x87::part2::lifted_x87_fadd_fsub_exact_rounding_special_fault_and_pop_semantics ... ok
test smir::ir::tests::test_terminator_successors ... ok
test smir::ir::tests::x86_evex_broadcast_replay_classifier_tracks_vl_and_dq_exactly ... ok
test isa::hexagon::cpu::vcpu_impl::tests::a_long_run_yields_between_batches_instead_of_failing ... ok
test smir::ir::tests::x86_evex_fp_replay_classifier_is_exact_and_fail_closed ... ok
test smir::ir::tests::x86_evex_integer_arithmetic_replay_classifier_is_exact_and_fail_closed ... ok
test smir::ir::tests::x86_evex_immediate_count_shift_replay_classifier_is_exact_and_fail_closed ... ok
test smir::ir::tests::x86_evex_integer_pack_replay_classifier_is_exact_and_fail_closed ... ok
test smir::ir::tests::x86_evex_integer_multiply_replay_classifier_is_exact_and_fail_closed ... ok
test smir::ir::ops::tests::cas_pair_metadata_tracks_all_results_and_memory_effects ... ok
test smir::ir::tests::x86_evex_integer_interleave_replay_classifier_is_exact_and_fail_closed ... ok
test smir::ir::tests::x86_evex_integer_minmax_replay_classifier_is_exact_and_fail_closed ... ok
test smir::ir::tests::x86_evex_logic_replay_classifier_tracks_vl_and_dq_exactly ... ok
test smir::ir::tests::x86_evex_narrow_broadcast_replay_classifier_is_exact_and_fail_closed ... ok
test smir::ir::tests::x86_evex_packed_abs_replay_classifier_is_exact_and_fail_closed ... ok
test smir::ir::tests::x86_evex_packed_average_replay_classifier_is_exact_and_fail_closed ... ok
test smir::interpret::tests::xop_vpcom::memory_vpcom_matches_reference_and_constant_predicates_still_fault ... ok
test smir::ir::tests::x86_evex_scalar_fp16_fma_replay_classifier_is_exact_and_fail_closed ... ok
test smir::ir::tests::x86_evex_scalar_fma_replay_classifier_is_exact_and_fail_closed ... ok
test smir::ir::tests::x86_evex_packed_fp16_fma_replay_classifier_is_exact_and_fail_closed ... ok
test smir::ir::types::tests::test_address ... ok
test smir::ir::types::tests::test_op_width ... ok
test smir::ir::tests::x86_evex_packed_rotate_replay_classifier_is_exact_and_fail_closed ... ok
test smir::interpret::tests::xop_vpcom::register_vpcom_matches_reference_at_every_optimization_level_and_alias ... ok
test smir::ir::tests::x86_evex_packed_fma_replay_classifier_is_exact_and_fail_closed ... ok
test smir::interpret::tests::x87::part3::lifted_x87_transcendental_dense_dyadic_grid_is_accurate_monotonic_and_symmetric ... ok
test smir::ir::types::tests::cas_failure_order_removes_release_semantics ... ok
test smir::ir::types::tests::test_condition_invert ... ok
test smir::ir::tests::x86_evex_packed_test_replay_classifier_is_exact_and_fail_closed ... ok
test smir::ir::tests::x86_evex_packed_compare_replay_classifier_is_exact_and_fail_closed ... ok
test smir::ir::ops::tests::x86_x87_control_metadata_tracks_hidden_state_and_memory_effects ... ok
test smir::ir::tests::x86_evex_shared_count_shift_replay_classifier_is_exact_and_fail_closed ... ok
test smir::ir::x86_native_replay::classifiers::cmpccxadd::tests::nonexact_vex_and_every_evex_frontier_fail_closed ... ok
test smir::ir::x86_native_replay::classifiers::cmpccxadd::tests::segment_override_and_default_base_select_the_exact_fault_class ... ok
test smir::ir::x86_native_replay::classifiers::cmpccxadd::tests::complete_prefixed_address_shapes_classify_exactly ... ok
test smir::ir::x86_native_replay::classifiers::cmpccxadd::tests::classifies_every_condition_width_comparison_and_addend_register_cell ... ok
test smir::ir::x86_native_replay::classifiers::evex_movntdqa_memory::tests::reserved_register_and_nonexact_encodings_fail_closed ... ok
test smir::ir::x86_native_replay::classifiers::evex_movntdqa_memory::tests::llvm_23_and_apx_address_anchors_classify_exactly ... ok
test smir::ir::x86_native_replay::classifiers::evex_psadbw_memory::tests::malformed_or_semantically_different_encodings_fail_closed ... ok
test smir::ir::x86_native_replay::classifiers::evex_movntdqa_memory::tests::classifies_every_destination_base_and_width_cell ... ok
test smir::ir::x86_native_replay::classifiers::evex_alignr_memory::tests::rewrites_match_four_independent_llvm_23_anchors ... ok
test smir::ir::x86_native_replay::classifiers::evex_scalar_fma_llig::tests::canonicalizes_only_dynamic_scalar_fma_llig ... ok
test smir::ir::x86_native_replay::classifiers::evex_movntdqa_memory::tests::exhausts_map_opcode_prefix_w_and_vector_length_selector_space ... ok
test smir::ir::x86_native_replay::classifiers::evex_scalar_fma_llig::tests::rejects_packed_memory_and_non_fma_shapes ... ok
test smir::ir::x86_native_replay::classifiers::evex_psadbw_memory::tests::accepts_prefix_sib_displacement_and_apx_address_extensions ... ok
test smir::ir::x86_native_replay::classifiers::evex_alignr_memory::tests::classifier_exhaustively_covers_18_432_wig_width_register_and_mask_cells ... ok
test smir::ir::x86_native_replay::classifiers::evex_bw_shuffle_madd_memory::tests::rewrites_match_six_independent_llvm_23_anchors ... ok
test smir::ir::x86_native_replay::classifiers::fp_compare::tests::legacy_classifier_rejects_every_prefix_opcode_operand_and_length_frontier ... ok
test smir::ir::x86_native_replay::classifiers::fp_compare_memory::tests::accepts_complete_prefixed_sib_and_displacement_shape ... ok
test smir::ir::types::tests::test_vreg_alloc ... ok
test smir::ir::x86_native_replay::classifiers::fp16_narrow::tests::memory_classifier_rejects_reserved_register_and_nonexact_images ... ok
test smir::ir::x86_native_replay::classifiers::fp_compare_memory::tests::classifies_all_320_fp_flag_compare_register_element_opcode_w_and_base_cells ... ok
test smir::ir::x86_native_replay::classifiers::fp_compare_memory::tests::fp_flag_compare_complete_shape_and_malformed_encodings_fail_closed ... ok
test smir::ir::x86_native_replay::classifiers::evex_two_table_permute_memory::tests::rewrites_match_six_independent_llvm_23_anchors ... ok
test smir::ir::x86_native_replay::classifiers::fp_compare_memory::tests::scalar_classifier_accepts_complete_shape_and_rejects_unpredictable_l1 ... ok
test smir::ir::x86_native_replay::classifiers::evex_psadbw_memory::tests::classifies_all_24576_operand_width_wig_and_apx_address_cells ... ok
test smir::ir::x86_native_replay::classifiers::evex_alignr_memory::tests::classifier_preserves_address_controls_and_rejects_nonowned_shapes ... ok
test smir::ir::x86_native_replay::classifiers::fp_compare_memory::tests::malformed_reserved_scalar_or_semantically_different_encodings_fail_closed ... ok
test smir::ir::x86_native_replay::classifiers::evex_bw_shuffle_madd_memory::tests::classifier_preserves_address_controls_and_rejects_nonowned_shapes ... ok
test smir::ir::x86_native_replay::classifiers::evex_two_table_permute_memory::tests::classifier_preserves_address_controls_and_rejects_nonowned_shapes ... ok
test smir::ir::x86_native_replay::classifiers::fp_compare_memory::tests::scalar_classifier_rejects_packed_reserved_and_malformed_encodings ... ok
test smir::ir::x86_native_replay::classifiers::fp_horizontal::tests::malformed_or_semantically_different_memory_encodings_fail_closed ... ok
test smir::ir::x86_native_replay::classifiers::fp16_narrow::tests::memory_classifier_accepts_defined_address_prefixes_and_shapes ... ok
test smir::ir::x86_native_replay::classifiers::fp_estimate::tests::complete_address_shapes_and_malformed_vex_estimate_encodings_fail_closed ... ok
test smir::ir::x86_native_replay::classifiers::fp_horizontal::tests::accepts_c5_and_complete_prefixed_sib_displacement_shapes ... ok
test smir::ir::x86_native_replay::classifiers::fp_round::tests::malformed_reserved_register_and_nonexact_memory_shapes_fail_closed ... ok
test smir::ir::x86_native_replay::classifiers::fp_horizontal::tests::classifies_every_destination_source_kind_format_width_and_w_cell ... ok
test smir::ir::x86_native_replay::classifiers::fp_shuffle_memory::tests::malformed_or_semantically_different_encodings_fail_closed ... ok
test smir::ir::x86_native_replay::classifiers::fp_shuffle_memory::tests::accepts_c5_and_complete_prefixed_sib_displacement_shapes ... ok
test smir::ir::x86_native_replay::classifiers::fp_round::tests::complete_prefixed_modrm_sib_displacement_shapes_are_accepted ... ok
test smir::ir::x86_native_replay::classifiers::fp_round::tests::every_immediate_maps_to_the_architectural_round_controls ... ok
test smir::ir::x86_native_replay::classifiers::evex_bw_shuffle_madd_memory::tests::classifier_exhaustively_covers_55_296_kind_width_register_mask_and_w_cells ... ok
test smir::ir::x86_native_replay::classifiers::fp_compare_memory::tests::classifies_every_scalar_c4_c5_register_format_predicate_and_w_cell ... ok
test smir::ir::x86_native_replay::classifiers::fp_round::tests::memory_classifier_covers_every_w_l_destination_and_scalar_merge_shape ... ok
test smir::ir::x86_native_replay::classifiers::fp_compare::tests::legacy_classifier_exhaustively_accepts_4352_canonical_register_encodings ... ok
test smir::ir::x86_native_replay::classifiers::fp_sqrt::tests::complete_address_shapes_and_malformed_vex_sqrt_encodings_fail_closed ... ok
test smir::ir::x86_native_replay::classifiers::gfni::tests::evex_affine_memory_classifier_preserves_address_controls_and_fails_closed ... ok
test smir::ir::x86_native_replay::classifiers::fp_sqrt::tests::classifies_all_2880_vex_sqrt_operand_format_width_w_and_base_cells ... ok
test smir::ir::x86_native_replay::classifiers::fp_estimate::tests::classifies_all_5440_vex_estimate_operand_opcode_width_w_and_base_cells ... ok
test smir::ir::x86_native_replay::classifiers::gfni::tests::evex_affine_memory_rewrites_match_six_independent_llvm_23_anchors ... ok
test smir::ir::x86_native_replay::classifiers::gfni::tests::vex_classifier_rejects_memory_non_vex_incomplete_and_trailing_forms ... ok
test smir::ir::x86_native_replay::classifiers::gfni::tests::vex_classifier_accepts_all_affine_immediates_and_ignored_x ... ok
test smir::ir::x86_native_replay::classifiers::gfni::tests::memory_classifier_fails_closed_for_register_wrong_fields_and_malformed_lengths ... ok
test smir::ir::x86_native_replay::classifiers::gfni::tests::memory_classifier_exhaustively_covers_all_1_536_kind_width_register_and_immediate_cells ... ok
test smir::ir::x86_native_replay::classifiers::legacy_blend::tests::classifier_rejects_every_prefix_map_opcode_operand_and_length_frontier ... ok
test smir::ir::x86_native_replay::classifiers::fp_compare_memory::tests::classifies_every_c4_c5_register_format_width_predicate_and_w_cell ... ok
test smir::ir::tests::x86_evex_fp_replay_spans_require_block_provenance_and_contiguity ... ok
test smir::ir::x86_native_replay::classifiers::gfni::tests::evex_affine_memory_classifier_exhaustively_covers_36_864_semantic_cells ... ok
test smir::ir::x86_native_replay::classifiers::legacy_high_byte::tests::classifier_exhausts_all_32_high_byte_crc32_register_cells ... ok
test smir::ir::x86_native_replay::classifiers::gfni::tests::memory_classifier_accepts_all_modrm_sib_displacements_prefixes_and_affine_immediates ... ok
test smir::ir::x86_native_replay::classifiers::legacy_high_byte::tests::classifier_rejects_every_unsafe_or_unsupported_frontier ... ok
test smir::ir::x86_native_replay::classifiers::legacy_high_byte::tests::classifier_reports_exact_high_byte_multiply_metadata ... ok
test smir::ir::x86_native_replay::classifiers::non_memory_prefix::tests::canonicalizer_rejects_absence_duplicates_and_prefix_only_images ... ok
test smir::ir::x86_native_replay::classifiers::non_memory_prefix::tests::canonicalizer_preserves_all_other_bytes_and_prefix_order ... ok
test smir::ir::x86_native_replay::classifiers::legacy_high_byte::tests::classifier_reports_exact_group2_operation_parent_and_count_source ... ok
test smir::ir::x86_native_replay::classifiers::legacy_high_byte::tests::classifier_covers_immediate_unary_and_map0f_families ... ok
test smir::ir::x86_native_replay::classifiers::vex_alignr::tests::classifier_accepts_all_256_immediates_and_ignores_vex_w_and_x ... ok
test smir::ir::x86_native_replay::classifiers::scalar_convert_memory::tests::generation_dependent_reserved_and_nonexact_shapes_fail_closed ... ok
test smir::ir::x86_native_replay::classifiers::scalar_convert_memory::tests::complete_address_shapes_and_ignored_fields_are_preserved_exactly ... ok
test smir::ir::x86_native_replay::classifiers::vex_alignr::tests::classifier_rejects_every_structural_frontier ... ok
test smir::ir::x86_native_replay::classifiers::vex_alignr::tests::memory_classifier_accepts_complete_prefixed_sib_displacement_shape ... ok
test smir::ir::x86_native_replay::classifiers::non_memory_prefix::tests::canonicalizer_removes_each_segment_and_address_group_in_either_order ... ok
test smir::ir::x86_native_replay::classifiers::vex_alignr::tests::classifier_exhaustively_covers_32_768_prefix_and_register_combinations ... ok
test smir::ir::x86_native_replay::classifiers::legacy_high_byte::tests::setcc_classifier_exhausts_conditions_ignored_reg_bits_prefixes_and_high_bytes ... ok
test smir::ir::x86_native_replay::classifiers::vex_alignr::tests::memory_classifier_rejects_every_structural_frontier ... ok
test smir::ir::x86_native_replay::classifiers::vex_avx_ymm16_upper_clear::tests::excludes_legacy_memory_and_already_owned_vex_families ... ok
test smir::ir::x86_native_replay::classifiers::vex_byte_shuffle::tests::accepts_complete_prefixed_sib_and_displacement_shape ... ok
test smir::ir::x86_native_replay::classifiers::scalar_convert_memory::tests::classifier_covers_all_families_forms_destinations_and_merge_sources ... ok
test smir::ir::x86_native_replay::classifiers::vex_avx_ymm16_upper_clear::tests::extracts_c5_c4_reg_and_scalar_store_rm_destinations ... ok
test smir::ir::x86_native_replay::classifiers::vex_byte_shuffle::tests::malformed_or_semantically_different_encodings_fail_closed ... ok
test smir::ir::x86_native_replay::classifiers::vex_byte_shuffle::tests::classifies_all_2048_destination_source_width_w_and_base_cells ... ok
test smir::ir::x86_native_replay::classifiers::vex_cross_lane_128::tests::classifier_accepts_all_256_immediates_and_ignores_only_vex_x ... ok
test smir::ir::x86_native_replay::classifiers::vex_cross_lane_128::tests::classifier_rejects_every_structural_and_reserved_frontier ... ok
test smir::ir::x86_native_replay::classifiers::vex_cross_lane_128::tests::memory_classifier_fails_closed_at_every_structural_frontier ... ok
test smir::ir::x86_native_replay::classifiers::vex_cross_lane_128::tests::memory_classifier_matches_llvm_23_examples_and_feature_width_split ... ok
test smir::ir::x86_native_replay::classifiers::vex_cross_lane_128::tests::classifier_exhaustively_covers_131_072_prefix_opcode_and_register_combinations ... ok
test smir::ir::tests::x86_evex_fp16_fma_replay_spans_carry_exact_host_requirements ... ok
test smir::ir::x86_native_replay::classifiers::legacy_high_byte::tests::classifier_exhaustively_accepts_supported_register_cells ... ok
test smir::ir::x86_native_replay::classifiers::vex_extract_memory::tests::reserved_fields_register_destinations_and_nonexact_images_fail_closed ... ok
test smir::ir::x86_native_replay::classifiers::vex_extract_memory::tests::classifies_and_rewrites_every_chunk_source_opcode_and_immediate ... ok
test smir::ir::x86_native_replay::classifiers::vex_fma4::tests::memory_classifier_fails_closed_at_every_structural_frontier ... ok
test smir::ir::x86_native_replay::classifiers::gfni::tests::vex_classifier_exhaustively_rejects_wrong_map_pp_opcode_w_and_length ... ok
test smir::ir::x86_native_replay::classifiers::vex_fma4::tests::memory_classifier_matches_llvm_23_and_complete_prefixed_address_shapes ... ok
test smir::ir::x86_native_replay::classifiers::vex_fma4::tests::memory_classifier_preserves_every_ignored_is4_low_nibble ... ok
test smir::ir::x86_native_replay::classifiers::gfni::tests::vex_dedicated_and_aggregate_spans_require_exact_contiguous_provenance ... ok
test smir::ir::x86_native_replay::classifiers::vex_fp_dot_product::tests::classifier_accepts_all_immediates_wig_ignored_x_and_llvm_encodings ... ok
test smir::ir::x86_native_replay::classifiers::vex_fp_dot_product::tests::classifier_rejects_memory_incomplete_trailing_non_vex_and_invalid_l1 ... ok
test smir::ir::x86_native_replay::classifiers::vex_extract_memory::tests::classifies_and_rewrites_every_scalar_source_form_and_immediate ... ok
test smir::ir::x86_native_replay::classifiers::vex_fp_dot_product::tests::memory_classifier_accepts_llvm_23_and_complete_prefixed_address_shapes ... ok
test smir::ir::x86_native_replay::classifiers::vex_fp_dot_product::tests::memory_classifier_rejects_semantically_different_or_malformed_encodings ... ok
test smir::ir::x86_native_replay::classifiers::vex_alignr::tests::dedicated_and_aggregate_spans_require_exact_contiguous_provenance ... ok
test smir::ir::x86_native_replay::classifiers::vex_half_move_memory::tests::complete_prefixed_rip_sib_addr32_and_ignored_w_shapes_classify ... ok
test smir::ir::x86_native_replay::classifiers::vex_half_move_memory::tests::l1_stores_register_sources_reserved_prefixes_and_nonexact_images_fail_closed ... ok
test smir::ir::x86_native_replay::classifiers::vex_cross_lane_128::tests::dedicated_and_aggregate_spans_require_exact_contiguous_provenance ... ok
test smir::ir::x86_native_replay::classifiers::vex_half_move_memory::tests::classifies_all_192_store_source_format_opcode_and_form_cells ... ok
test smir::ir::x86_native_replay::classifiers::vex_horizontal_integer::tests::accepts_complete_prefixed_sib_and_displacement_shape ... ok
test smir::ir::x86_native_replay::classifiers::vex_half_move_memory::tests::classifies_all_3072_destination_source_format_opcode_and_form_cells ... ok
test smir::ir::x86_native_replay::classifiers::vex_half_move_memory::tests::store_complete_addresses_and_reserved_fields_classify_fail_closed ... ok
test smir::ir::x86_native_replay::classifiers::vex_horizontal_integer::tests::malformed_or_semantically_different_encodings_fail_closed ... ok
test smir::ir::x86_native_replay::classifiers::vex_horizontal_integer::tests::classifies_every_destination_source_kind_width_and_w_cell ... ok
test smir::ir::x86_native_replay::classifiers::vex_ifma52::tests::classifiers_reject_wrong_map_prefix_w_opcode_operand_and_boundaries ... ok
test smir::ir::x86_native_replay::classifiers::vex_ifma52::tests::memory_classifier_accepts_segment_address_size_sib_and_displacements ... ok
test smir::ir::x86_native_replay::classifiers::vex_immediate_blend::tests::memory_classifier_accepts_complete_prefixed_sib_displacement_shape ... ok
test smir::ir::x86_native_replay::classifiers::vex_immediate_blend::tests::memory_classifier_rejects_every_structural_frontier ... ok
test smir::ir::x86_native_replay::classifiers::vex_immediate_permute::tests::complete_prefixed_sib_rip_and_addr32_shapes_rewrite_exactly ... ok
test smir::ir::x86_native_replay::classifiers::vex_immediate_permute::tests::malformed_or_semantically_different_memory_shapes_fail_closed ... ok
test smir::ir::x86_native_replay::classifiers::evex_two_table_permute_memory::tests::classifier_exhaustively_covers_184_320_family_width_register_mask_and_tuple_cells ... ok
test smir::ir::x86_native_replay::classifiers::vex_integer_dot::tests::classifiers_reject_wrong_map_prefix_w_opcode_operand_and_boundaries ... ok
test smir::ir::x86_native_replay::classifiers::vex_integer_dot::tests::matches_independent_llvm_23_vex_register_and_memory_encodings ... ok
test smir::ir::x86_native_replay::classifiers::vex_alignr::tests::memory_classifier_covers_all_register_width_w_and_immediate_cells ... ok
test smir::ir::x86_native_replay::classifiers::vex_ifma52::tests::register_classifier_exhaustively_covers_all_131_072_prefix_and_modrm_cells ... ok
test smir::ir::x86_native_replay::classifiers::legacy_high_byte::tests::group3_test_classifier_exhausts_prefixes_extensions_high_bytes_and_immediates ... ok
test smir::ir::x86_native_replay::classifiers::vex_fp_dot_product::tests::classifier_exhaustively_covers_262_144_extension_w_vvvv_l_opcode_modrm_shapes ... ok
test smir::ir::x86_native_replay::classifiers::vex_integer_dot_ext::tests::classifier_accepts_llvm_encodings_and_ignored_x_but_rejects_other_forms ... ok
test smir::ir::x86_native_replay::classifiers::vex_integer_dot_ext::tests::memory_classifier_accepts_all_llvm_23_encodings_and_complete_address_prefixes ... ok
test smir::ir::x86_native_replay::classifiers::fp_shuffle_memory::tests::classifies_every_register_format_width_w_and_immediate_cell ... ok
test smir::ir::x86_native_replay::classifiers::gfni::tests::vex_classifier_exhaustively_covers_196_608_extension_vvvv_l_and_modrm_shapes ... ok
test smir::ir::x86_native_replay::classifiers::vex_integer_minmax::tests::accepts_complete_prefixed_sib_and_displacement_shapes ... ok
test smir::ir::x86_native_replay::classifiers::vex_fp_dot_product::tests::classifier_exhaustively_rejects_wrong_map_pp_opcode_length_and_vdppd_l1 ... ok
test smir::ir::x86_native_replay::classifiers::vex_integer_minmax::tests::malformed_or_semantically_different_memory_encodings_fail_closed ... ok
test smir::ir::x86_native_replay::classifiers::vex_integer_multiply_add::tests::accepts_complete_prefixed_sib_and_displacement_shapes ... ok
test smir::ir::x86_native_replay::classifiers::vex_integer_multiply_add::tests::classifies_every_destination_source_kind_width_form_and_w_cell ... ok
test smir::ir::x86_native_replay::classifiers::vex_integer_multiply_add::tests::malformed_or_semantically_different_memory_encodings_fail_closed ... ok
test smir::ir::x86_native_replay::classifiers::vex_integer_pack::tests::accepts_complete_prefixed_sib_and_displacement_shapes ... ok
test smir::ir::x86_native_replay::classifiers::vex_integer_minmax::tests::classifies_every_destination_source_kind_width_form_and_w_cell ... ok
test smir::ir::x86_native_replay::classifiers::vex_integer_pack::tests::malformed_or_semantically_different_memory_encodings_fail_closed ... ok
test smir::ir::x86_native_replay::classifiers::vex_interleave::tests::accepts_complete_prefixed_sib_and_displacement_shapes ... ok
test smir::ir::x86_native_replay::classifiers::vex_integer_pack::tests::classifies_every_destination_source_kind_width_form_and_w_cell ... ok
test smir::ir::x86_native_replay::classifiers::vex_interleave::tests::malformed_or_semantically_different_memory_encodings_fail_closed ... ok
test smir::ir::x86_native_replay::classifiers::vex_lane_shuffle::tests::accepts_complete_prefixed_sib_and_displacement_shape ... ok
test smir::ir::x86_native_replay::classifiers::vex_interleave::tests::classifies_every_destination_source_kind_width_form_and_w_cell ... ok
test smir::ir::x86_native_replay::classifiers::vex_lane_shuffle::tests::classifies_all_480_duplicate_destination_width_kind_w_and_base_cells ... ok
test smir::ir::x86_native_replay::classifiers::vex_lane_shuffle::tests::malformed_reserved_or_different_duplicate_encodings_fail_closed ... ok
test smir::ir::x86_native_replay::classifiers::vex_lane_shuffle::tests::malformed_reserved_or_semantically_different_encodings_fail_closed ... ok
test smir::ir::x86_native_replay::classifiers::vex_integer_dot::tests::register_classifier_exhaustively_covers_all_262_144_prefix_and_modrm_cells ... ok
test smir::ir::x86_native_replay::classifiers::vex_masked_memory::tests::complete_prefixed_addresses_classify_and_structural_frontiers_fail_closed ... ok
test smir::ir::x86_native_replay::classifiers::vex_movntdqa::tests::classifies_every_destination_base_width_wig_and_ignored_x_cell ... ok
test smir::ir::x86_native_replay::classifiers::vex_movntdqa::tests::llvm_23_and_complete_prefixed_address_shapes_classify_exactly ... ok
test smir::ir::x86_native_replay::classifiers::vex_movntdqa::tests::reserved_register_and_nonexact_encodings_fail_closed ... ok
test smir::ir::x86_native_replay::classifiers::vex_ifma52::tests::memory_classifier_exhaustively_covers_all_98_304_defined_address_cells ... ok
test smir::ir::x86_native_replay::classifiers::vex_mpsadbw::tests::llvm_23_and_complete_prefixed_address_shapes_classify_exactly ... ok
test smir::ir::x86_native_replay::classifiers::vex_mpsadbw::tests::malformed_or_semantically_different_encodings_fail_closed ... ok
test smir::ir::x86_native_replay::classifiers::vex_ne_convert::tests::classifiers_reject_reserved_fields_register_substitution_and_bad_boundaries ... ok
test smir::ir::x86_native_replay::classifiers::vex_ne_convert::tests::llvm_23_encodings_classify_with_exact_memory_sizes_and_stack_rewrites ... ok
test smir::ir::x86_native_replay::classifiers::vex_integer_dot_ext::tests::classifier_exhaustively_rejects_wrong_map_pp_opcode_w_and_length ... ok
test smir::ir::x86_native_replay::classifiers::vex_fp_dot_product::tests::memory_classifier_covers_all_393_216_register_width_w_and_immediate_cells ... ok
test smir::ir::x86_native_replay::classifiers::vex_pabs::tests::accepts_complete_prefixed_sib_and_displacement_shapes ... ok
test smir::ir::x86_native_replay::classifiers::vex_pabs::tests::classifies_every_destination_width_w_and_element_cell ... ok
test smir::ir::x86_native_replay::classifiers::vex_lane_shuffle::tests::classifies_all_122880_destination_width_kind_immediate_w_and_base_cells ... ok
test smir::ir::x86_native_replay::classifiers::vex_ne_convert::tests::register_classifier_exhaustively_covers_all_65_536_prefix_and_modrm_cells ... ok
test smir::ir::x86_native_replay::classifiers::vex_pabs::tests::malformed_or_semantically_different_encodings_fail_closed ... ok
test smir::ir::x86_native_replay::classifiers::vex_pavg::tests::malformed_or_semantically_different_encodings_fail_closed ... ok
test smir::ir::x86_native_replay::classifiers::vex_pavg::tests::accepts_complete_prefixed_sib_and_displacement_shape ... ok
test smir::ir::x86_native_replay::classifiers::vex_pavg::tests::classifies_every_c4_c5_destination_source_width_w_and_element_cell ... ok
test smir::ir::x86_native_replay::classifiers::vex_phminposuw::tests::reserved_register_and_nonexact_encodings_fail_closed ... ok
test smir::ir::x86_native_replay::classifiers::vex_pmul_high_word::tests::accepts_complete_prefixed_sib_and_displacement_shape ... ok
test smir::ir::x86_native_replay::classifiers::vex_phminposuw::tests::classifies_and_rewrites_every_destination_base_extension_and_wig_cell ... ok
test smir::ir::x86_native_replay::classifiers::vex_cross_lane_128::tests::memory_classifier_exhaustively_covers_262_144_operand_and_immediate_cells ... ok
test smir::ir::x86_native_replay::classifiers::vex_phminposuw::tests::llvm_23_and_complete_prefixed_address_shapes_rewrite_exactly ... ok
test smir::ir::x86_native_replay::classifiers::vex_pmul_high_word::tests::classifies_every_destination_source_kind_width_form_and_w_cell ... ok
test smir::ir::x86_native_replay::classifiers::vex_pmul_high_word::tests::malformed_or_semantically_different_encodings_fail_closed ... ok
test smir::ir::x86_native_replay::classifiers::vex_pmul_low::tests::accepts_complete_prefixed_sib_and_displacement_shapes ... ok
test smir::ir::x86_native_replay::classifiers::vex_pmul_low::tests::malformed_or_semantically_different_encodings_fail_closed ... ok
test smir::ir::x86_native_replay::classifiers::vex_pmulhrsw::tests::malformed_or_semantically_different_encodings_fail_closed ... ok
test smir::ir::x86_native_replay::classifiers::vex_pmulhrsw::tests::classifies_every_destination_source_width_and_w_cell ... ok
test smir::ir::x86_native_replay::classifiers::vex_pmulhrsw::tests::accepts_complete_prefixed_sib_and_displacement_shape ... ok
test smir::ir::x86_native_replay::classifiers::vex_psadbw::tests::accepts_complete_prefixed_sib_and_displacement_shape ... ok
test smir::ir::x86_native_replay::classifiers::vex_pmul_low::tests::classifies_every_destination_source_element_width_form_and_w_cell ... ok
test smir::ir::x86_native_replay::classifiers::vex_psadbw::tests::classifies_every_c4_c5_destination_source_width_and_w_cell ... ok
test smir::ir::x86_native_replay::classifiers::vex_integer_dot_ext::tests::memory_classifier_exhaustively_rejects_wrong_map_pp_opcode_w_and_length ... ok
test smir::ir::x86_native_replay::classifiers::vex_psadbw::tests::malformed_or_semantically_different_encodings_fail_closed ... ok
test smir::ir::x86_native_replay::classifiers::vex_psign::tests::accepts_complete_prefixed_sib_and_displacement_shape ... ok
test smir::ir::x86_native_replay::classifiers::vex_integer_dot_ext::tests::classifier_exhaustively_covers_786_432_extension_vvvv_l_and_modrm_shapes ... ok
test smir::ir::x86_native_replay::classifiers::vex_psign::tests::malformed_or_semantically_different_encodings_fail_closed ... ok
test smir::ir::x86_native_replay::classifiers::vex_psign::tests::classifies_every_destination_source_width_w_and_element_cell ... ok
test smir::ir::x86_native_replay::classifiers::vex_ptest::tests::malformed_or_semantically_different_memory_shapes_fail_closed ... ok
test smir::ir::x86_native_replay::classifiers::vex_masked_memory::tests::classifies_every_family_width_mask_vector_and_base_cell ... ok
test smir::ir::x86_native_replay::classifiers::vex_scalar_insert::tests::classifier_accepts_all_immediates_wig_values_and_ignored_x_values ... ok
test smir::ir::x86_native_replay::classifiers::vex_scalar_fp_memory::tests::complete_addresses_ignored_fields_and_reserved_fields_are_exact ... ok
test smir::ir::x86_native_replay::classifiers::vex_ptest::tests::complete_prefixed_sib_rip_and_addr32_shapes_rewrite_exactly ... ok
test smir::ir::x86_native_replay::classifiers::vex_scalar_fp_memory::tests::classifies_all_288_form_vector_width_and_direction_cells ... ok
test smir::ir::x86_native_replay::classifiers::vex_ptest::tests::memory_classifier_exhaustively_covers_3_072_encoding_cells ... ok
test smir::ir::x86_native_replay::classifiers::vex_scalar_insert::tests::classifier_rejects_every_structural_reserved_and_host_owned_frontier ... ok
test smir::ir::x86_native_replay::classifiers::vex_scalar_insert::tests::classifier_exhaustively_covers_all_65_536_c5_prefix_and_modrm_shapes ... ok
test smir::ir::x86_native_replay::classifiers::vex_scalar_insert_memory::tests::compact_and_complete_prefixed_address_shapes_classify_exactly ... ok
test smir::ir::x86_native_replay::classifiers::vex_scalar_insert_memory::tests::kind_metadata_masks_lanes_and_widths_exactly ... ok
test smir::ir::x86_native_replay::classifiers::vex_scalar_integer_memory::tests::complete_addresses_and_reserved_fields_classify_fail_closed ... ok
test smir::ir::x86_native_replay::classifiers::vex_scalar_insert_memory::tests::malformed_or_semantically_different_encodings_fail_closed ... ok
test smir::ir::x86_native_replay::classifiers::vex_scalar_integer_memory::tests::classifies_all_192_form_vector_alias_and_width_cells ... ok
test smir::ir::x86_native_replay::classifiers::vex_shared_count_shift::tests::accepts_complete_prefixed_sib_and_displacement_shapes ... ok
test smir::ir::x86_native_replay::classifiers::vex_mpsadbw::tests::classifies_all_262_144_destination_source_width_w_and_immediate_cells ... ok
test smir::ir::x86_native_replay::classifiers::vex_shared_count_shift::tests::malformed_or_semantically_different_memory_encodings_fail_closed ... ok
test smir::ir::x86_native_replay::classifiers::vex_scalar_insert::tests::dedicated_and_aggregate_spans_require_exact_contiguous_provenance ... ok
test smir::ir::x86_native_replay::classifiers::vex_variable_blend::tests::memory_classifier_fails_closed_at_every_structural_frontier ... ok
test smir::ir::x86_native_replay::classifiers::vex_shared_count_shift::tests::classifies_every_destination_source_kind_width_form_and_w_cell ... ok
test smir::ir::x86_native_replay::classifiers::vex_sm3_sm4::tests::register_and_memory_classifiers_reject_structural_frontiers ... ok
test smir::ir::x86_native_replay::classifiers::vex_sm3_sm4::tests::memory_classifier_accepts_complete_segment_address_and_displacement_shapes ... ok
test smir::ir::x86_native_replay::classifiers::vex_variable_permute::tests::classifier_rejects_every_structural_and_reserved_frontier ... ok
test smir::ir::x86_native_replay::classifiers::vex_variable_blend::tests::memory_classifier_matches_llvm_23_and_complete_prefixed_address_shapes ... ok
test smir::ir::x86_native_replay::classifiers::vex_fma4::tests::memory_classifier_exhaustively_covers_655_360_operand_and_is4_register_cells ... ok
test smir::ir::x86_native_replay::classifiers::vex_variable_permute::tests::memory_classifier_fails_closed_at_every_structural_frontier ... ok
test smir::ir::x86_native_replay::classifiers::vex_variable_shift::tests::classifier_accepts_llvm_23_memory_encodings_and_rejects_non_memory_or_bad_length ... ok
test smir::ir::x86_native_replay::classifiers::vex_variable_permute::tests::memory_classifier_matches_llvm_23_and_prefixed_address_shapes ... ok
test smir::ir::x86_native_replay::classifiers::vex_scalar_insert::tests::classifier_exhaustively_covers_262_144_c4_prefix_opcode_and_modrm_shapes ... ok
test smir::ir::x86_native_replay::classifiers::vex_variable_permute::tests::classifier_exhaustively_covers_131_072_prefix_opcode_and_register_combinations ... ok
test smir::ir::x86_native_replay::classifiers::vex_integer_dot::tests::memory_classifier_exhaustively_covers_all_196_608_defined_address_cells ... ok
test smir::ir::x86_native_replay::classifiers::vex_vpermil2::tests::memory_classifier_rejects_every_structural_frontier ... ok
test smir::ir::x86_native_replay::classifiers::vex_variable_permute::tests::dedicated_and_aggregate_spans_require_exact_contiguous_provenance ... ok
test smir::ir::x86_native_replay::classifiers::vex_widening_dword_multiply::memory_tests::accepts_complete_prefixed_sib_and_displacement_shapes ... ok
test smir::ir::x86_native_replay::classifiers::vex_vpermil2::tests::memory_classifier_preserves_complete_address_and_segment_shapes ... ok
test smir::ir::x86_native_replay::classifiers::vex_widening_dword_multiply::memory_tests::malformed_or_semantically_different_memory_encodings_fail_closed ... ok
test smir::ir::x86_native_replay::classifiers::vex_widening_dword_multiply::memory_tests::classifies_every_destination_source_signedness_width_form_and_w_cell ... ok
test smir::ir::x86_native_replay::classifiers::vpclmulqdq::tests::memory_classifier_fails_closed_at_every_byte_structure_boundary ... ok
test smir::ir::x86_native_replay::classifiers::vpclmulqdq::tests::memory_classifier_exhaustively_accepts_all_modrm_sib_and_displacement_lengths ... ok
test smir::ir::x86_native_replay::classifiers::vpclmulqdq::tests::memory_classifier_rewrites_independently_assembled_vex_evex_and_apx_forms ... ok
test smir::ir::x86_native_replay::classifiers::vpclmulqdq::tests::vex_classifier_accepts_all_immediates_wig_and_ignored_x ... ok
test smir::ir::x86_native_replay::classifiers::vpclmulqdq::tests::memory_classifier_exhaustively_decodes_all_vector_operands_widths_and_wig_values ... ok
test smir::ir::x86_native_replay::classifiers::vpclmulqdq::tests::vex_classifier_rejects_memory_non_vex_and_trailing_forms ... ok
test smir::ir::x86_native_replay::classifiers::vpclmulqdq::tests::vex_dedicated_and_aggregate_spans_require_exact_contiguous_provenance ... ok
test smir::ir::x86_native_replay::tests::avx512f_permute_replay_classifier_covers_192_generated_register_forms ... ok
test smir::ir::x86_native_replay::tests::avx512f_permute_replay_classifier_rejects_every_reserved_frontier ... ok
test smir::ir::x86_native_replay::tests::avx512f_permute_replay_spans_require_only_vl_for_sub_512_widths ... ok
test smir::ir::x86_native_replay::tests::bw_immediate::classifier_covers_41472_legal_register_encodings ... ok
test smir::ir::x86_native_replay::classifiers::vpclmulqdq::tests::vex_classifier_exhaustively_covers_131_072_extension_w_vvvv_l_and_modrm_shapes ... ok
test smir::ir::x86_native_replay::tests::bw_immediate::classifier_rejects_reserved_or_unsafe_frontiers ... ok
test smir::ir::x86_native_replay::tests::bw_immediate::replay_spans_require_only_vl_for_128_and_256_bit_forms ... ok
test smir::ir::x86_native_replay::tests::bw_shuffle_madd::classifier_covers_27648_legal_register_encodings ... ok
test smir::ir::x86_native_replay::tests::bw_shuffle_madd::classifier_rejects_reserved_or_unsafe_frontiers ... ok
test smir::ir::x86_native_replay::tests::bw_shuffle_madd::replay_spans_require_only_vl_for_128_and_256_bit_forms ... ok
test smir::ir::x86_native_replay::tests::chunk_extract::classifier_rejects_reserved_or_unsafe_frontiers ... ok
test smir::ir::x86_native_replay::tests::chunk_extract::replay_spans_encode_vl_and_nonobvious_dq_requirements ... ok
test smir::ir::x86_native_replay::tests::chunk_extract::classifier_covers_55296_legal_register_encodings ... ok
test smir::ir::x86_native_replay::tests::chunk_insert::classifier_rejects_reserved_or_unsafe_frontiers ... ok
test smir::ir::x86_native_replay::tests::chunk_insert::replay_spans_encode_vl_and_nonobvious_dq_requirements ... ok
test smir::ir::x86_native_replay::tests::chunk_shuffle::classifier_covers_36864_legal_register_encodings ... ok
test smir::ir::x86_native_replay::tests::chunk_shuffle::classifier_rejects_reserved_or_unsafe_frontiers ... ok
test smir::ir::x86_native_replay::tests::chunk_insert::classifier_covers_55296_legal_register_encodings ... ok
test smir::ir::x86_native_replay::tests::chunk_shuffle::replay_spans_require_only_vl_for_256_bit_forms ... ok
test smir::ir::x86_native_replay::tests::evex_packed_move::packed_move_replay_classifier_covers_240_generated_register_forms ... ok
test smir::ir::x86_native_replay::tests::evex_packed_move::packed_move_replay_classifier_rejects_every_reserved_frontier ... ok
test smir::ir::x86_native_replay::tests::fixed_packed_compare_replay_classifier_covers_144_register_encodings ... ok
test smir::ir::x86_native_replay::tests::fixed_packed_compare_replay_classifier_rejects_every_reserved_frontier ... ok
test smir::ir::x86_native_replay::tests::evex_packed_move::packed_move_replay_spans_require_only_vl_for_sub_512_widths ... ok
test smir::ir::x86_native_replay::tests::fixed_packed_compare_replay_spans_require_only_vl_for_sub_512_widths ... ok
test smir::ir::x86_native_replay::tests::fp16_flag_compare::classifier_rejects_every_reserved_or_unsafe_frontier ... ok
test smir::ir::x86_native_replay::tests::fp16_flag_compare::classifier_covers_all_14336_legal_register_extension_llig_and_sae_encodings ... ok
test smir::ir::x86_native_replay::tests::fp16_flag_compare::replay_spans_require_fp16_without_vl_or_dq ... ok
test smir::ir::x86_native_replay::tests::fp16_narrow::classifier_rejects_every_reserved_or_unsafe_frontier ... ok
test smir::ir::x86_native_replay::tests::fp16_narrow::classifier_accepts_exactly_2_100_sampled_legal_register_encodings ... ok
test smir::ir::x86_native_replay::tests::fp16_narrow::vex_classifier_accepts_independent_samples_and_rejects_reserved_neighbors ... ok
test smir::ir::x86_native_replay::tests::fp16_narrow::replay_spans_expose_exact_vl_and_fp16_requirements ... ok
test smir::ir::x86_native_replay::tests::fp16_narrow::vex_classifier_exhausts_prefix_opcode_modrm_and_immediate_frontiers ... ok
test smir::ir::x86_native_replay::tests::fp16_narrow::vex_replay_spans_preserve_exact_instruction_provenance ... ok
test smir::ir::x86_native_replay::tests::fp16_widen::classifier_accepts_exactly_2_100_sampled_legal_register_encodings ... ok
test smir::ir::x86_native_replay::tests::fp16_widen::classifier_rejects_every_reserved_or_unsafe_frontier ... ok
test smir::ir::x86_native_replay::tests::fp16_widen::replay_spans_expose_exact_vl_and_fp16_requirements ... ok
test smir::ir::x86_native_replay::tests::fp16_widen::vex_classifier_accepts_independent_samples_and_rejects_reserved_neighbors ... ok
test smir::ir::x86_native_replay::tests::fp16_widen::vex_classifier_covers_all_1024_legal_register_byte_images_and_destinations ... ok
test smir::ir::x86_native_replay::tests::fp16_widen::vex_classifier_exhausts_prefix_opcode_and_modrm_frontiers ... ok
test smir::ir::x86_native_replay::tests::fp16_widen::vex_replay_spans_preserve_exact_instruction_provenance ... ok
test smir::ir::x86_native_replay::tests::fp32_fp64_convert::classifier_accepts_independently_assembled_samples_and_rejects_frontiers ... ok
test smir::ir::x86_native_replay::tests::fp16_narrow::vex_classifier_covers_all_262144_legal_register_byte_images_and_destinations ... ok
test smir::ir::x86_native_replay::tests::fp32_fp64_convert::replay_spans_expose_exact_vl_requirements_without_dq_or_fp16 ... ok
test smir::ir::x86_native_replay::tests::fp32_fp64_convert::vex_classifier_accepts_llvm_samples_and_rejects_reserved_neighbors ... ok
test smir::ir::x86_native_replay::tests::fp32_fp64_convert::vex_classifier_covers_all_4608_legal_register_encodings_and_destinations ... ok
test smir::ir::x86_native_replay::tests::fp32_fp64_convert::vex_classifier_exhausts_prefix_opcode_and_modrm_frontiers ... ok
test smir::ir::x86_native_replay::tests::fp32_fp64_convert::vex_replay_spans_preserve_exact_bytes_without_avx512_requirements ... ok
test smir::ir::x86_native_replay::tests::fp32_fp64_flag_compare::classifier_accepts_independently_assembled_samples_and_rejects_frontiers ... ok
test smir::ir::x86_native_replay::tests::fp32_fp64_flag_compare::classifier_covers_all_28672_legal_format_extension_llig_and_sae_encodings ... ok
test smir::ir::x86_native_replay::tests::fp32_fp64_flag_compare::replay_spans_require_neither_vl_dq_nor_fp16 ... ok
test smir::ir::x86_native_replay::tests::fp32_fp64_convert::classifier_covers_all_215040_legal_register_encodings ... ok
test smir::ir::x86_native_replay::tests::fp_arithmetic::dedicated_and_aggregate_spans_require_exact_provenance ... ok
test smir::ir::x86_native_replay::classifiers::vex_immediate_permute::tests::memory_classifier_exhaustively_covers_1_048_576_encoding_cells ... ok
test smir::ir::x86_native_replay::tests::fp_arithmetic::non_evex_classifier_rejects_memory_multiple_prefix_and_unpredictable_frontiers ... ok
test smir::ir::x86_native_replay::classifiers::vex_scalar_insert_memory::tests::classifies_all_524_288_destination_source_kind_w_and_immediate_cells ... ok
test smir::ir::x86_native_replay::tests::fp_class::classifier_rejects_reserved_or_unsafe_frontiers ... ok
test smir::ir::x86_native_replay::classifiers::vex_variable_permute::tests::memory_classifier_exhaustively_covers_65_536_encoding_field_cells ... ok
test smir::ir::x86_native_replay::tests::fp_class::memory_classifier_rejects_reserved_nonmemory_and_trailing_frontiers ... ok
test smir::ir::x86_native_replay::tests::fp_class::replay_spans_encode_vl_dq_and_fp16_requirements ... ok
test smir::ir::x86_native_replay::tests::fp_arithmetic::evex_classifier_exhaustively_covers_controls_masks_widths_and_registers ... ok
test smir::ir::x86_native_replay::tests::fp_compare::classifier_rejects_reserved_or_unsafe_frontiers ... ok
test smir::ir::x86_native_replay::tests::fp_compare::replay_spans_encode_exact_vl_and_fp16_requirements ... ok
test smir::ir::x86_native_replay::tests::fp_class::classifier_covers_86016_legal_register_encodings ... ok
test smir::ir::x86_native_replay::tests::fp_compare::vex_flag_compare_classifier_covers_all_4608_defined_register_byte_images ... ok
test smir::ir::x86_native_replay::tests::fp_compare::vex_flag_compare_classifier_exhausts_prefix_opcode_and_modrm_frontiers ... ok
test smir::ir::x86_native_replay::tests::fp_compare::vex_flag_compare_replay_spans_preserve_exact_defined_source_provenance ... ok
test smir::ir::x86_native_replay::tests::fp_compare::vex_flag_compare_classifier_rejects_reserved_unpredictable_and_memory_frontiers ... ok
test smir::ir::x86_native_replay::tests::fp_estimate::classifier_rejects_every_structural_memory_and_reserved_frontier ... ok
test smir::ir::x86_native_replay::tests::fp_estimate::dedicated_and_aggregate_spans_require_exact_defined_source_provenance ... ok
test smir::ir::x86_native_replay::tests::fp_compare::classifier_covers_201600_legal_control_mask_extension_and_predicate_encodings ... ok
test smir::ir::x86_native_replay::classifiers::vex_immediate_blend::tests::memory_classifier_exhaustively_covers_1_048_576_encoding_cells ... ok
test smir::ir::x86_native_replay::tests::fp_round::classifier_exhausts_prefix_opcode_modrm_and_shape_frontiers ... ok
test smir::ir::x86_native_replay::classifiers::vex_sm3_sm4::tests::memory_classifier_exhaustively_covers_67_072_family_operand_and_immediate_cells ... ok
test smir::ir::x86_native_replay::tests::fp_shuffle::evex_classifier_is_exact_and_fail_closed ... ok
test smir::ir::x86_native_replay::tests::fp_round::replay_spans_preserve_exact_defined_source_provenance ... ok
test smir::ir::x86_native_replay::tests::fp_shuffle::legacy_vex_classifier_rejects_wrong_opcodes_prefixes_lengths_and_memory ... ok
test smir::ir::x86_native_replay::tests::fp_estimate::classifier_accepts_all_82688_defined_canonical_register_images ... ok
test smir::ir::x86_native_replay::tests::fp_shuffle::replay_spans_preserve_exact_bytes_and_keep_legacy_vex_evex_disjoint ... ok
test smir::ir::x86_native_replay::classifiers::vex_variable_shift::tests::classifier_exhaustively_rejects_wrong_map_prefix_opcode_and_w ... ok
test smir::ir::x86_native_replay::tests::fp_sqrt::classifier_rejects_reserved_or_unsafe_frontiers ... ok
test smir::ir::x86_native_replay::tests::fp_sqrt::non_evex_classifier_rejects_structural_and_unpredictable_frontiers ... ok
test smir::ir::x86_native_replay::tests::fp_sqrt::classifier_covers_9100_legal_control_mask_and_extension_encodings ... ok
test smir::ir::x86_native_replay::classifiers::vpclmulqdq::tests::vex_classifier_exhaustively_rejects_wrong_map_pp_opcode_and_length ... ok
test smir::ir::x86_native_replay::tests::gfni::classifier_covers_1728_extension_mask_and_length_encodings ... ok
test smir::ir::x86_native_replay::tests::fp_sqrt::non_evex_dedicated_and_aggregate_spans_require_exact_provenance ... ok
test smir::ir::x86_native_replay::tests::gfni::classifier_rejects_every_structural_and_reserved_frontier ... ok
test smir::ir::x86_native_replay::tests::fp_sqrt::non_evex_classifier_exhaustively_accepts_45_824_safe_register_encodings ... ok
test smir::ir::x86_native_replay::tests::gpr_broadcast::classifier_rejects_reserved_or_unsafe_frontiers ... ok
test smir::ir::x86_native_replay::tests::fp_sqrt::replay_spans_encode_exact_vl_and_fp16_requirements ... ok
test smir::ir::x86_native_replay::tests::gfni::replay_spans_require_vl_only_for_128_and_256_bit_forms ... ok
test smir::ir::x86_native_replay::tests::gpr_broadcast::classifier_covers_4032_safe_register_encodings ... ok
test smir::ir::x86_native_replay::tests::high_low_move::high_low_move_classifier_covers_every_register_encoding_and_fails_closed ... ok
test smir::ir::x86_native_replay::tests::gpr_broadcast::replay_spans_require_only_vl_for_sub_512_widths ... ok
test smir::ir::x86_native_replay::tests::high_low_move::high_low_move_replay_spans_require_only_base_avx512_state ... ok
test smir::ir::x86_native_replay::tests::lane_shuffle_replay_classifier_covers_96_legal_register_encodings ... ok
test smir::ir::x86_native_replay::tests::lane_shuffle_replay_classifier_rejects_every_reserved_frontier ... ok
test smir::ir::x86_native_replay::tests::legacy_aes::classifier_accepts_independent_llvm_23_encodings ... ok
test smir::ir::x86_native_replay::tests::lane_shuffle_replay_spans_require_only_vl_for_sub_512_widths ... ok
test smir::ir::x86_native_replay::tests::legacy_aes::classifier_rejects_memory_all_opcode_neighbors_and_nonexact_prefix_shapes ... ok
test smir::ir::x86_native_replay::tests::legacy_aes::memory_forms_remain_outside_source_replay ... ok
test smir::ir::x86_native_replay::tests::legacy_aes::semantic_graph_validator_rejects_each_field_hint_order_and_virtual_escape_frontier ... ok
test smir::ir::x86_native_replay::tests::legacy_alignr::classifier_matches_llvm23_anchor_and_rejects_noncanonical_frontiers ... ok
test smir::ir::x86_native_replay::tests::legacy_aes::classifier_covers_all_6_528_rex_register_shapes_and_all_keygen_immediates ... ok
test smir::ir::x86_native_replay::tests::fp_arithmetic::non_evex_classifier_exhaustively_accepts_689_664_safe_register_encodings ... ok
test smir::ir::x86_native_replay::classifiers::vex_ne_convert::tests::memory_classifier_exhaustively_covers_all_defined_address_cells ... ok
test smir::ir::x86_native_replay::classifiers::vex_variable_blend::tests::memory_classifier_exhaustively_covers_393_216_operand_mask_and_ignored_nibble_cells ... ok
test smir::ir::x86_native_replay::tests::legacy_alignr::graph_validator_rejects_missing_mismatched_memory_and_reserved_provenance ... ok
test smir::ir::x86_native_replay::classifiers::fp16_narrow::tests::memory_classifier_covers_sources_bases_widths_immediates_and_encoded_x ... ok
test smir::ir::x86_native_replay::tests::legacy_dot_product::classifier_exhausts_opcode_modrm_and_canonical_frontiers ... ok
test smir::ir::x86_native_replay::tests::legacy_dot_product::graph_validator_rejects_every_operation_field_and_escaping_temporary ... ok
test smir::ir::x86_native_replay::tests::fp_shuffle::legacy_classifier_covers_all_561_408_safe_canonical_register_encodings ... ok
test smir::ir::x86_native_replay::classifiers::vex_vpermil2::tests::memory_classifier_exhaustively_covers_524_288_operand_and_immediate_cells ... ok
test smir::ir::x86_native_replay::classifiers::vex_variable_shift::tests::classifier_exhaustively_covers_327_680_extension_source_width_and_modrm_cells ... ok
test smir::ir::x86_native_replay::tests::legacy_fp_round::graph_validator_rejects_every_semantic_field_and_provenance_mutation ... ok
test smir::ir::x86_native_replay::tests::legacy_fp_round::classifier_exhausts_opcode_modrm_controls_and_canonical_frontiers ... ok
test smir::ir::x86_native_replay::tests::legacy_gfni::classifier_matches_llvm23_anchors_and_rejects_noncanonical_frontiers ... ok
test smir::ir::x86_native_replay::tests::fp_shuffle::vex_classifier_exhausts_header_map_modrm_opcode_and_immediate_axes ... ok
test smir::ir::x86_native_replay::tests::legacy_dot_product::exact_graph_validator_covers_all_immediates_rex_aliases_and_o0_o1_o2 ... ok
test smir::ir::x86_native_replay::classifiers::vex_integer_dot_ext::tests::memory_classifier_exhaustively_covers_589_824_defined_prefix_vvvv_l_and_modrm_cells ... ok
test smir::ir::x86_native_replay::tests::legacy_alignr::graph_validator_rejects_every_operation_field_hint_and_virtual_escape ... ok
test smir::ir::x86_native_replay::tests::legacy_alignr::classifier_covers_all_278528_canonical_rex_register_and_immediate_images ... ok
test smir::ir::x86_native_replay::tests::legacy_insertps::classifier_exhausts_opcode_modrm_and_canonical_frontiers ... ok
test smir::ir::x86_native_replay::tests::legacy_gfni::graph_validator_rejects_virtual_escapes_redefinitions_and_provenance_mismatches ... ok
test smir::ir::x86_native_replay::tests::legacy_fp_round::exact_graph_validator_covers_controls_rex_aliases_and_o0_o1_o2 ... ok
test smir::ir::x86_native_replay::classifiers::legacy_blend::tests::classifier_exhaustively_accepts_838_848_safe_register_encodings ... ok
test smir::ir::x86_native_replay::tests::legacy_lane_shuffle::classifier_matches_llvm23_anchors_and_rejects_noncanonical_frontiers ... ok
test smir::ir::x86_native_replay::tests::legacy_insertps::graph_validator_rejects_every_operation_field_hint_and_escaping_temporary ... ok
test smir::ir::x86_native_replay::tests::legacy_insertps::classifier_covers_all_278528_rex_register_immediate_encodings ... ok
test smir::ir::x86_native_replay::tests::legacy_dot_product::classifier_covers_all_557056_rex_register_immediate_encodings ... ok
test smir::ir::x86_native_replay::tests::legacy_lane_shuffle::graph_validator_rejects_missing_mismatched_memory_and_reserved_provenance ... ok
test smir::ir::x86_native_replay::tests::legacy_mov_mask::classifier_covers_all_576_canonical_legacy_stack_destination_encodings ... ok
test smir::ir::x86_native_replay::tests::legacy_mov_mask::classifier_exhausts_rex_opcode_modrm_and_exact_shape_frontiers ... ok
test smir::ir::x86_native_replay::tests::legacy_mov_mask::destination_rewrite_changes_only_modrm_reg_and_retains_rex_width_and_source ... ok
test smir::ir::x86_native_replay::tests::legacy_mov_mask::llvm_samples_prefix_canonicalization_and_semantic_shape_are_fail_closed ... ok
test smir::ir::x86_native_replay::tests::legacy_alignr::exact_graph_validator_covers_every_immediate_at_o0_o1_o2 ... ok
test smir::ir::x86_native_replay::tests::legacy_movd_q_stack::classifier_covers_all_576_canonical_stack_gpr_encodings ... ok
test smir::ir::x86_native_replay::tests::legacy_movd_q_stack::classifier_exhausts_prefix_opcode_modrm_and_length_frontiers ... ok
test smir::ir::x86_native_replay::tests::legacy_movd_q_stack::gpr_rewrite_changes_only_modrm_rm_and_retains_rex_vector_and_direction ... ok
test smir::ir::x86_native_replay::tests::legacy_packed_fp_convert::classifier_covers_all_8704_canonical_rex_register_encodings ... ok
test smir::ir::x86_native_replay::tests::legacy_movd_q_stack::llvm_samples_prefix_canonicalization_and_semantic_shape_are_fail_closed ... ok
test smir::ir::x86_native_replay::tests::legacy_insertps::exact_graph_validator_covers_all_immediates_rex_aliases_and_o0_o1_o2 ... ok
test smir::ir::x86_native_replay::tests::legacy_packed_fp_convert::graph_validator_rejects_mismatched_missing_memory_and_reserved_provenance ... ok
test smir::ir::x86_native_replay::tests::legacy_packed_fp_convert::exact_graph_validator_survives_o0_o1_o2_and_rejects_every_op_mutation ... ok
test smir::ir::x86_native_replay::tests::legacy_packed_shift::classifier_matches_llvm_rex_roles_and_rejects_noncanonical_frontiers ... ok
test smir::ir::x86_native_replay::tests::legacy_packed_shift::classifier_covers_all_10064_shape_rex_and_register_images ... ok
test smir::ir::x86_native_replay::tests::legacy_lane_shuffle::graph_validator_rejects_every_operation_field_hint_and_virtual_escape ... ok
test smir::ir::x86_native_replay::tests::legacy_packed_shift::classifier_preserves_every_immediate_and_exhausts_opcode_group_frontiers ... ok
test smir::ir::x86_native_replay::tests::legacy_packed_fp_convert::classifier_exhausts_opcode_modrm_and_canonical_prefix_frontiers ... ok
test smir::ir::x86_native_replay::tests::legacy_packed_shift::graph_validator_rejects_missing_mismatched_memory_and_extra_provenance ... ok
test smir::ir::x86_native_replay::tests::legacy_gfni::classifier_covers_all_558144_canonical_rex_register_and_immediate_images ... ok
test smir::ir::x86_native_replay::tests::legacy_packed_string::classifier_rejects_every_structural_frontier ... ok
test smir::ir::x86_native_replay::tests::legacy_packed_string::dedicated_and_aggregate_spans_require_the_exact_architectural_operation ... ok
test smir::ir::x86_native_replay::tests::legacy_packed_shift::graph_validator_rejects_every_operation_field_hint_and_virtual_escape ... ok
test smir::ir::x86_native_replay::tests::legacy_pclmulqdq::classifier_exhausts_opcode_modrm_and_canonical_frontiers ... ok
test smir::ir::x86_native_replay::tests::legacy_aes::lifted_o0_o2_graphs_admit_all_13_056_rex_register_cases ... ok
test smir::ir::x86_native_replay::tests::legacy_pclmulqdq::graph_validator_rejects_every_operation_field_hint_and_escaping_temporary ... ok
test smir::ir::x86_native_replay::tests::legacy_ptest::classifier_covers_all_1088_rex_register_encodings ... ok
test smir::ir::x86_native_replay::tests::legacy_ptest::classifier_exhausts_opcode_modrm_and_canonical_frontiers ... ok
test smir::ir::x86_native_replay::tests::legacy_pclmulqdq::classifier_covers_all_278528_rex_register_immediate_encodings ... ok
test smir::ir::x86_native_replay::tests::legacy_pclmulqdq::exact_graph_validator_covers_all_immediates_rex_aliases_and_o0_o1_o2 ... ok
test smir::ir::x86_native_replay::tests::legacy_ptest::graph_validator_rejects_every_operation_field_hint_and_escaping_temporary ... ok
test smir::ir::x86_native_replay::tests::legacy_scalar_extract::classifier_partitions_rex_w_and_rejects_every_noncanonical_frontier ... ok
test smir::ir::x86_native_replay::tests::legacy_fp_round::classifier_covers_all_1_114_112_rex_register_immediate_encodings ... ok
test smir::ir::x86_native_replay::tests::fp_round::classifier_covers_all_17_825_792_defined_register_byte_images ... ok
test smir::ir::x86_native_replay::tests::legacy_scalar_extract::graph_validator_rejects_every_operation_hint_kind_and_virtual_escape ... ok
test smir::ir::x86_native_replay::tests::legacy_scalar_extract::graph_validator_rejects_mismatched_memory_and_canonicalizes_non_memory_prefixes ... ok
test smir::ir::x86_native_replay::tests::legacy_scalar_extract::state_backed_rewrite_preserves_kind_source_lane_and_rex_w_for_every_field_image ... ok
test smir::ir::x86_native_replay::tests::legacy_scalar_fp_convert::classifier_covers_all_8704_canonical_rex_register_encodings ... ok
test smir::ir::x86_native_replay::tests::legacy_scalar_fp_convert::classifier_exhausts_prefix_opcode_modrm_and_canonical_shape_frontiers ... ok
test smir::ir::x86_native_replay::tests::legacy_scalar_fp_convert::exact_graph_validator_survives_o0_o1_o2_and_fails_closed_on_mutation ... ok
test smir::ir::x86_native_replay::tests::legacy_lane_shuffle::exact_graph_validator_covers_every_shuffle_immediate_at_o0_o1_o2 ... ok
test smir::ir::x86_native_replay::tests::legacy_scalar_fp_convert::state_backed_rewrites_preserve_width_prefix_source_and_destination_fields ... ok
test smir::ir::x86_native_replay::tests::legacy_scalar_insert::classifier_matches_llvm23_anchors_and_rejects_noncanonical_frontiers ... ok
test smir::ir::x86_native_replay::tests::legacy_scalar_extract::exact_graph_validator_covers_every_masked_immediate_at_o0_o1_o2 ... ok
test smir::ir::x86_native_replay::tests::legacy_packed_string::classifier_accepts_all_1_114_112_canonical_register_encodings ... ok
test smir::ir::x86_native_replay::tests::legacy_lane_shuffle::classifier_covers_all_838848_canonical_rex_register_and_immediate_images ... ok
test smir::ir::x86_native_replay::tests::legacy_scalar_insert::graph_validator_rejects_mismatched_memory_and_canonicalizes_non_memory_prefixes ... ok
test smir::ir::x86_native_replay::tests::legacy_scalar_insert::state_backed_rewrite_preserves_kind_destination_lane_and_rex_w ... ok
test smir::ir::x86_native_replay::tests::legacy_scalar_xmm_movq::address_and_segment_prefixes_canonicalize_without_changing_semantics ... ok
test smir::ir::x86_native_replay::tests::legacy_scalar_xmm_movq::classifier_covers_all_2176_canonical_rex_register_images ... ok
test smir::ir::x86_native_replay::tests::legacy_scalar_xmm_movq::classifier_exhausts_opcode_modrm_and_noncanonical_prefix_frontiers ... ok
test smir::ir::x86_native_replay::tests::legacy_scalar_xmm_movq::classifier_matches_llvm23_and_intel_opcode_direction_anchors ... ok
test smir::ir::x86_native_replay::tests::fp_class::memory_classifier_exhausts_1_966_080_semantic_apx_and_immediate_cells ... ok
test smir::ir::x86_native_replay::tests::legacy_scalar_xmm_movq::semantic_graph_validator_rejects_fields_hints_order_alias_and_virtual_escape ... ok
test smir::ir::x86_native_replay::tests::legacy_sha::classifier_accepts_independent_llvm_23_encodings ... ok
test smir::ir::x86_native_replay::tests::legacy_sha::classifier_covers_all_30_464_inert_rex_register_shapes_and_all_immediates ... ok
test smir::ir::x86_native_replay::tests::legacy_sha::classifier_rejects_memory_opcode_neighbors_and_nonexact_prefix_shapes ... ok
test smir::ir::x86_native_replay::tests::legacy_scalar_extract::classifier_covers_all_1671168_canonical_rex_register_and_immediate_images ... ok
test smir::ir::x86_native_replay::tests::legacy_scalar_insert::graph_validator_rejects_every_operation_field_hint_and_virtual_escape ... ok
test smir::ir::x86_native_replay::tests::legacy_sha::memory_forms_remain_outside_source_replay ... ok
test smir::ir::x86_native_replay::tests::legacy_sha::semantic_graph_validator_rejects_each_field_hint_order_and_virtual_escape_frontier ... ok
test smir::ir::x86_native_replay::tests::legacy_vex_fp_compare::classifier_rejects_memory_reserved_immediate_wrong_map_and_noncanonical_bytes ... ok
test smir::ir::x86_native_replay::tests::legacy_vex_fp_compare::replay_spans_preserve_exact_bytes_and_keep_non_evex_families_disjoint ... ok
test smir::ir::x86_native_replay::tests::legacy_vex_fp_horizontal_addsub::classifier_covers_all_227_712_safe_canonical_register_encodings ... ok
test smir::ir::x86_native_replay::tests::legacy_vex_fp_horizontal_addsub::classifier_exhausts_prefix_maps_w_l_vvvv_opcodes_and_modrm_modes ... ok
test smir::ir::x86_native_replay::tests::legacy_vex_fp_horizontal_addsub::classifier_rejects_noncanonical_prefixes_lengths_evex_and_memory ... ok
test smir::ir::x86_native_replay::tests::legacy_vex_fp_horizontal_addsub::register_replay_rejects_memory_bearing_semantic_groups ... ok
test smir::ir::x86_native_replay::tests::legacy_vex_fp_horizontal_addsub::replay_spans_preserve_exact_bytes_and_remain_disjoint ... ok
test smir::ir::x86_native_replay::tests::legacy_vex_high_low_move::classifier_covers_all_39_040_safe_canonical_register_encodings ... ok
test smir::ir::x86_native_replay::tests::legacy_vex_high_low_move::classifier_exhausts_maps_prefix_fields_opcodes_and_modrm_modes ... ok
test smir::ir::x86_native_replay::tests::legacy_vex_high_low_move::classifier_rejects_noncanonical_prefixes_lengths_and_evex ... ok
test smir::ir::x86_native_replay::tests::legacy_vex_high_low_move::replay_spans_preserve_exact_bytes_and_keep_evex_disjoint ... ok
test smir::ir::x86_native_replay::tests::legacy_scalar_insert::classifier_covers_all_1114112_canonical_rex_register_and_immediate_images ... ok
test smir::ir::x86_native_replay::tests::legacy_vex_scalar_move::classifier_keeps_unpredictable_vmovss_l1_out_but_accepts_vmovsd_lig ... ok
test smir::ir::x86_native_replay::tests::legacy_vex_scalar_move::classifier_rejects_memory_wrong_map_and_noncanonical_bytes ... ok
test smir::ir::x86_native_replay::tests::legacy_vex_scalar_move::replay_spans_preserve_exact_bytes_and_keep_non_evex_families_disjoint ... ok
test smir::ir::x86_native_replay::tests::legacy_widening_dword_multiply::classifier_covers_all_3264_canonical_rex_register_encodings ... ok
test smir::ir::x86_native_replay::tests::legacy_widening_dword_multiply::classifier_exhausts_opcode_modrm_and_canonical_prefix_frontiers ... ok
test smir::ir::x86_native_replay::tests::legacy_widening_dword_multiply::exact_graph_validator_survives_o0_o1_o2_and_rejects_every_op_mutation ... ok
test smir::ir::x86_native_replay::tests::legacy_widening_dword_multiply::graph_validator_rejects_mismatched_missing_memory_and_reserved_provenance ... ok
test smir::ir::x86_native_replay::tests::mask_blend_replay_classifier_covers_72_register_encodings ... ok
test smir::ir::x86_native_replay::tests::mask_blend_replay_classifier_rejects_every_reserved_frontier ... ok
test smir::ir::x86_native_replay::tests::mask_blend_replay_spans_require_only_vl_for_sub_512_widths ... ok
test smir::ir::x86_native_replay::tests::mask_broadcast_replay_classifier_covers_96_register_encodings ... ok
test smir::ir::x86_native_replay::tests::mask_broadcast_replay_classifier_rejects_every_reserved_frontier ... ok
test smir::ir::x86_native_replay::tests::mask_broadcast_replay_spans_track_vl_requirements ... ok
test smir::ir::x86_native_replay::tests::mask_to_vector_replay_classifier_covers_192_register_encodings ... ok
test smir::ir::x86_native_replay::tests::mask_to_vector_replay_classifier_rejects_every_reserved_frontier ... ok
test smir::ir::x86_native_replay::tests::mask_to_vector_replay_spans_track_vl_and_dq_requirements ... ok
test smir::ir::x86_native_replay::tests::packed_extend::evex_classifier_covers_264_register_encodings ... ok
test smir::ir::x86_native_replay::tests::packed_extend::evex_classifier_rejects_every_reserved_frontier ... ok
test smir::ir::x86_native_replay::tests::packed_extend::evex_replay_spans_require_only_vl_for_sub_512_widths ... ok
test smir::ir::x86_native_replay::tests::packed_extend::legacy_classifier_covers_all_13_056_canonical_rex_register_encodings ... ok
test smir::ir::x86_native_replay::tests::packed_extend::legacy_classifier_exhausts_opcode_modrm_and_canonical_prefix_frontiers ... ok
test smir::ir::x86_native_replay::tests::packed_extend::legacy_exact_graph_validator_covers_all_shapes_and_rejects_every_op_mutation ... ok
test smir::ir::x86_native_replay::tests::packed_extend::vex_classifier_accepts_llvm_samples_wig_and_ignored_x_and_rejects_neighbors ... ok
test smir::ir::x86_native_replay::tests::packed_extend::vex_classifier_covers_all_24576_legal_register_encodings_and_destinations ... ok
test smir::ir::x86_native_replay::tests::packed_extend::vex_classifier_exhausts_prefix_opcode_and_modrm_frontiers ... ok
test smir::ir::x86_native_replay::tests::packed_extend::vex_memory_classifier_accepts_llvm_23_address_and_opcode_encodings ... ok
test smir::ir::x86_native_replay::tests::packed_extend::vex_memory_classifier_covers_all_3072_destination_base_shape_width_and_w_cells ... ok
test smir::ir::x86_native_replay::tests::packed_extend::vex_memory_classifier_rejects_every_semantic_and_length_frontier ... ok
test smir::ir::x86_native_replay::tests::packed_extend::vex_packed_extend_replay_spans_require_no_avx512_features ... ok
test smir::ir::x86_native_replay::tests::scalar_fp16_arithmetic_replay_classifier_is_exact_and_fail_closed ... ok
test smir::ir::x86_native_replay::tests::scalar_fp16_arithmetic_replay_spans_require_fp16_without_vl_or_dq ... ok
test smir::ir::x86_native_replay::tests::scalar_fp_convert::classifier_accepts_exactly_21_000_sampled_legal_register_encodings ... ok
test smir::ir::x86_native_replay::tests::scalar_fp_convert::classifier_rejects_every_reserved_or_nonfamily_frontier ... ok
test smir::ir::x86_native_replay::tests::scalar_fp_convert::replay_spans_expose_exact_fp16_requirements ... ok
test smir::ir::x86_native_replay::tests::legacy_scalar_extract::exact_graph_validator_covers_all_19584_rex_register_and_level_images ... ok
test smir::ir::x86_native_replay::tests::scalar_fp_convert::vex_classifier_covers_all_36864_defined_l0_register_byte_images ... ok
test smir::ir::x86_native_replay::tests::scalar_fp_convert::vex_replay_spans_preserve_exact_defined_source_provenance ... ok
test smir::ir::x86_native_replay::tests::scalar_fp_to_int::classifier_accepts_exactly_3_360_sampled_legal_register_encodings ... ok
test smir::ir::x86_native_replay::tests::scalar_fp_convert::vex_classifier_exhausts_prefix_opcode_modrm_and_shape_frontiers ... ok
test smir::ir::x86_native_replay::tests::scalar_fp_to_int::classifier_rejects_every_reserved_or_unsafe_frontier ... ok
test smir::ir::x86_native_replay::tests::legacy_vex_scalar_move::classifier_covers_all_114_944_safe_canonical_legacy_and_vex_register_encodings ... ok
test smir::ir::x86_native_replay::tests::scalar_fp_to_int::vex_classifier_rejects_unpredictable_reserved_memory_and_nonfamily_frontiers ... ok
test smir::ir::x86_native_replay::tests::scalar_fp_to_int::vex_replay_spans_preserve_exact_defined_source_provenance ... ok
test smir::ir::x86_native_replay::tests::scalar_fp_to_int::vex_classifier_covers_all_4608_defined_l0_register_images_and_rewrites_destinations ... ok
test smir::ir::x86_native_replay::tests::scalar_fp_to_int::replay_spans_expose_exact_fp16_requirements ... ok
test smir::ir::x86_native_replay::tests::scalar_int_to_fp::classifier_rejects_every_reserved_or_unsafe_frontier ... ok
test smir::ir::x86_native_replay::tests::scalar_int_to_fp::classifier_accepts_exactly_12_600_sampled_legal_register_encodings ... ok
test smir::ir::x86_native_replay::tests::scalar_int_to_fp::replay_spans_expose_exact_fp16_requirements ... ok
test smir::ir::x86_native_replay::tests::scalar_int_to_fp::vex_classifier_rejects_unpredictable_memory_and_nonfamily_frontiers ... ok
test smir::ir::x86_native_replay::tests::scalar_integer_move::scalar_integer_move_classifier_accepts_exact_register_set_and_fails_closed ... ok
test smir::ir::x86_native_replay::tests::scalar_int_to_fp::vex_replay_spans_preserve_exact_defined_source_provenance ... ok
test smir::ir::x86_native_replay::tests::scalar_integer_move::scalar_integer_move_replay_spans_encode_exact_feature_requirements ... ok
test smir::ir::x86_native_replay::tests::scalar_lane_transfer::scalar_lane_transfer_classifier_fails_closed_for_every_unsafe_boundary ... ok
test smir::ir::x86_native_replay::tests::scalar_lane_transfer::scalar_lane_transfer_replay_spans_encode_exact_feature_requirements ... ok
test smir::ir::x86_native_replay::tests::scalar_move::classifier_covers_9000_legal_alias_llig_mask_and_extension_encodings ... ok
test smir::ir::x86_native_replay::tests::scalar_move::classifier_rejects_reserved_or_unsafe_frontiers ... ok
test smir::ir::x86_native_replay::tests::scalar_move::replay_spans_encode_exact_fp16_requirement_without_vl_or_dq ... ok
test smir::ir::x86_native_replay::tests::scalar_int_to_fp::vex_classifier_covers_all_36864_defined_l0_register_images_and_rewrites_sources ... ok
test smir::ir::x86_native_replay::tests::vector_align::classifier_rejects_reserved_or_unsafe_frontiers ... ok
test smir::ir::x86_native_replay::tests::vector_align::replay_spans_require_only_vl_for_sub_512_widths ... ok
test smir::ir::x86_native_replay::tests::vector_to_mask_replay_classifier_covers_48_register_encodings ... ok
test smir::ir::x86_native_replay::tests::vector_to_mask_replay_classifier_rejects_every_reserved_frontier ... ok
test smir::ir::x86_native_replay::tests::vector_to_mask_replay_spans_track_vl_and_dq_requirements ... ok
test smir::ir::x86_native_replay::tests::vector_align::classifier_covers_27648_legal_register_encodings ... ok
test smir::ir::x86_native_replay::tests::vex_aligned_packed_fp_move::classifier_rejects_memory_reserved_and_noncanonical_frontiers ... ok
test smir::ir::x86_native_replay::tests::vex_aligned_packed_fp_move::replay_spans_preserve_exact_bytes_and_remain_non_evex ... ok
test smir::ir::x86_native_replay::tests::vex_aligned_packed_fp_move::classifier_covers_all_9216_safe_register_encodings ... ok
test smir::ir::x86_native_replay::tests::vex_chunk_extract::classifier_exhausts_prefix_opcode_modrm_and_shape_frontiers ... ok
test smir::ir::x86_native_replay::tests::vex_chunk_extract::llvm_samples_and_replay_spans_preserve_exact_bytes_without_evex_features ... ok
test smir::ir::x86_native_replay::tests::vex_chunk_extract::classifier_covers_all_262144_legal_register_byte_encodings ... ok
test smir::ir::x86_native_replay::tests::legacy_ptest::exact_graph_validator_covers_all_rex_register_aliases_and_o0_o1_o2 ... ok
test smir::ir::x86_native_replay::tests::vex_fma3::classifier_rejects_every_structural_frontier ... ok
test smir::ir::x86_native_replay::tests::vex_fma3::dedicated_and_aggregate_spans_require_exact_contiguous_provenance ... ok
test smir::ir::x86_native_replay::tests::vex_fma4::classifier_rejects_every_structural_frontier_but_accepts_w_l_and_is4_low_bits ... ok
test smir::ir::x86_native_replay::tests::vex_fma4::dedicated_and_aggregate_spans_require_exact_contiguous_provenance ... ok
test smir::ir::x86_native_replay::tests::scalar_lane_transfer::scalar_lane_transfer_classifier_covers_369792_legal_register_encodings ... ok
test smir::ir::x86_native_replay::tests::vex_fp_logic::classifier_rejects_every_structural_frontier ... ok
test smir::ir::x86_native_replay::tests::vex_fp_logic::dedicated_and_aggregate_spans_require_exact_contiguous_provenance ... ok
test smir::ir::x86_native_replay::tests::vex_fp_logic::classifier_accepts_all_294_912_register_encodings ... ok
test smir::ir::x86_native_replay::tests::vex_immediate_blend::classifier_rejects_every_structural_and_reserved_frontier ... ok
test smir::ir::x86_native_replay::tests::vex_immediate_blend::dedicated_and_aggregate_spans_require_exact_contiguous_provenance ... ok
test smir::ir::x86_native_replay::tests::vex_immediate_blend::classifier_exhaustively_covers_131_072_prefix_opcode_and_register_combinations ... ok
test smir::ir::x86_native_replay::tests::vex_immediate_permute::classifier_exhausts_prefix_opcode_modrm_and_shape_frontiers ... ok
test smir::ir::x86_native_replay::tests::vex_immediate_permute::llvm_samples_and_replay_spans_preserve_exact_bytes_without_evex_features ... ok
test smir::ir::x86_native_replay::tests::vex_fma3::classifier_accepts_all_983_040_canonical_register_encodings ... ok
test smir::ir::x86_native_replay::tests::vex_lane_shuffle::classifier_exhausts_prefix_opcode_modrm_and_shape_frontiers ... ok
test smir::ir::x86_native_replay::tests::vex_lane_shuffle::llvm_samples_and_replay_spans_preserve_exact_bytes_without_evex_features ... ok
test smir::ir::x86_native_replay::tests::legacy_vex_fp_compare::classifier_covers_all_3_573_760_safe_canonical_legacy_and_vex_register_encodings ... ok
test smir::ir::x86_native_replay::tests::vex_memory_broadcast::classifier_covers_all_832_destination_base_shape_and_ignored_x_cells ... ok
test smir::ir::x86_native_replay::tests::vex_memory_broadcast::classifier_accepts_llvm_23_address_samples_and_legacy_address_prefixes ... ok
test smir::ir::x86_native_replay::tests::vex_memory_broadcast::classifier_rejects_w1_reserved_widths_and_every_semantic_frontier ... ok
test smir::ir::x86_native_replay::tests::vex_mov_mask::classifier_covers_all_864_legal_guest_stack_destination_encodings ... ok
test smir::ir::x86_native_replay::tests::vex_mov_mask::classifier_exhausts_prefix_opcode_modrm_and_exact_shape_frontiers ... ok
test smir::ir::x86_native_replay::tests::vex_mov_mask::destination_rewrite_changes_only_vex_r_and_modrm_reg ... ok
test smir::ir::x86_native_replay::tests::vex_mov_mask::llvm_samples_and_replay_spans_preserve_exact_stack_destination_bytes ... ok
test smir::ir::x86_native_replay::tests::legacy_packed_shift::exact_graph_validator_covers_all_immediates_at_o0_o1_o2 ... ok
test smir::ir::x86_native_replay::tests::vex_packed_integer_move::classifier_rejects_memory_reserved_and_noncanonical_frontiers ... ok
test smir::ir::x86_native_replay::tests::vex_packed_integer_move::replay_spans_preserve_exact_bytes_and_remain_non_evex ... ok
test smir::ir::x86_native_replay::tests::vex_fma4::classifier_covers_all_655_360_prefix_opcode_modrm_combinations_and_every_is4_byte ... ok
test smir::ir::x86_native_replay::tests::vex_packed_string::classifier_rejects_every_structural_frontier ... ok
test smir::ir::x86_native_replay::tests::vex_packed_string::dedicated_and_aggregate_spans_require_exact_contiguous_provenance ... ok
test smir::ir::x86_native_replay::tests::vex_packed_integer_move::classifier_covers_all_9216_safe_register_encodings ... ok
test smir::ir::x86_native_replay::tests::vex_packed_string::memory_classifier_accepts_complete_segment_address_and_displacement_shapes ... ok
test smir::ir::x86_native_replay::tests::vex_immediate_permute::classifier_covers_all_786432_legal_register_byte_encodings ... ok
test smir::ir::x86_native_replay::tests::vex_packed_string::memory_classifier_rejects_every_structural_frontier ... ok
test smir::ir::x86_native_replay::tests::vex_packed_string::span_validation_rejects_every_semantic_field_mutation_and_extra_operation ... ok
test smir::ir::x86_native_replay::tests::vex_ptest::classifier_covers_all_4096_legal_register_encodings ... ok
test smir::ir::x86_native_replay::tests::vex_ptest::classifier_exhausts_prefix_opcode_modrm_and_exact_shape_frontiers ... ok
test smir::ir::x86_native_replay::tests::vex_register_broadcast::classifier_covers_all_5632_legal_register_byte_encodings ... ok
test smir::ir::x86_native_replay::tests::vex_ptest::llvm_samples_and_replay_spans_preserve_exact_bytes ... ok
test smir::ir::x86_native_replay::tests::vex_register_broadcast::classifier_exhausts_prefix_opcode_modrm_and_shape_frontiers ... ok
test smir::ir::x86_native_replay::tests::vex_register_broadcast::llvm_samples_and_replay_spans_preserve_exact_bytes_without_evex_features ... ok
test smir::ir::x86_native_replay::tests::vex_scalar_extract::classifier_accepts_every_stack_field_and_rewrites_only_the_destination ... ok
test smir::ir::x86_native_replay::tests::vex_scalar_extract::classifier_exhausts_prefix_opcode_modrm_and_shape_frontiers ... ok
test smir::ir::x86_native_replay::tests::vex_scalar_extract::llvm_samples_raw_map3_word_and_replay_spans_preserve_exact_bytes ... ok
test smir::ir::x86_native_replay::tests::vex_scalar_l1::all_180_l1_images_lift_to_the_exact_l0_semantic_graph ... ok
test smir::ir::x86_native_replay::tests::vex_scalar_l1::all_180_register_and_memory_images_canonicalize_by_only_clearing_l ... ok
test smir::ir::x86_native_replay::tests::vex_scalar_l1::all_90_register_images_replay_the_canonical_l0_instruction ... ok
test smir::ir::x86_native_replay::tests::vex_scalar_l1::canonicalizer_rejects_defined_width_reserved_and_nonexact_neighbors ... ok
test smir::ir::x86_native_replay::tests::vex_scalar_vmovq::classifier_covers_all_2304_register_encodings_and_destinations ... ok
test smir::ir::x86_native_replay::tests::vex_scalar_vmovq::classifier_exhausts_prefix_opcode_modrm_and_exact_shape_frontiers ... ok
test smir::ir::x86_native_replay::tests::vex_scalar_vmovq::llvm_samples_and_replay_spans_preserve_exact_bytes ... ok
test smir::ir::x86_native_replay::tests::vex_lane_shuffle::classifier_covers_all_1776384_legal_register_byte_encodings ... ok
test smir::ir::x86_native_replay::tests::vex_unaligned_packed_fp_move::classifier_rejects_memory_reserved_and_noncanonical_frontiers ... ok
test smir::ir::x86_native_replay::tests::legacy_scalar_xmm_movq::lifted_o0_o1_o2_graphs_admit_all_6528_rex_register_images ... ok
test smir::ir::x86_native_replay::tests::vex_unaligned_packed_fp_move::replay_spans_preserve_exact_bytes_and_remain_non_evex ... ok
test smir::ir::x86_native_replay::tests::vex_variable_blend::classifier_rejects_every_structural_and_reserved_frontier ... ok
test smir::ir::x86_native_replay::tests::vex_variable_blend::dedicated_and_aggregate_spans_require_exact_contiguous_provenance ... ok
test smir::ir::x86_native_replay::tests::vex_vpermil2::classifier_covers_all_65_536_prefix_opcode_and_modrm_register_shapes ... ok
test smir::ir::x86_native_replay::tests::vex_vpermil2::classifier_rejects_every_structural_frontier_and_all_memory_mod_values ... ok
test smir::ir::x86_native_replay::tests::vex_unaligned_packed_fp_move::classifier_covers_all_9216_safe_register_encodings ... ok
test smir::ir::x86_native_replay::tests::vex_vpermil2::dedicated_and_aggregate_spans_require_exact_contiguous_provenance ... ok
test smir::ir::x86_native_replay::tests::vex_variable_blend::classifier_exhaustively_covers_98_304_prefix_opcode_and_register_combinations ... ok
test smir::ir::x86_native_replay::tests::vex_widening_dword_multiply::classifier_rejects_legacy_evex_noncanonical_lengths_and_memory ... ok
test smir::ir::x86_native_replay::tests::vex_widening_dword_multiply::classifier_covers_all_69_632_safe_canonical_register_encodings ... ok
test smir::ir::x86_native_replay::tests::vex_widening_dword_multiply::classifier_exhausts_maps_prefix_fields_opcodes_and_modrm_modes ... ok
test smir::ir::x86_native_replay::tests::vex_zero::classifier_accepts_independent_llvm_wig_and_extension_samples ... ok
test smir::ir::x86_native_replay::tests::vex_zero::classifier_rejects_reserved_neighbors_and_nonexact_shapes ... ok
test smir::ir::x86_native_replay::tests::vex_widening_dword_multiply::replay_spans_preserve_exact_bytes_and_vector_length_requirement ... ok
test smir::ir::x86_native_replay::tests::vex_zero::replay_span_rejects_missing_and_noncontiguous_provenance ... ok
test smir::ir::x86_native_replay::tests::vex_zero::replay_span_covers_the_complete_contiguous_semantic_group ... ok
test smir::ir::x86_native_replay::tests::vp2intersect::classifier_rejects_every_structural_and_reserved_frontier ... ok
test smir::ir::x86_native_replay::tests::vp2intersect::classifier_covers_768_element_length_destination_and_source_extension_encodings ... ok
test smir::ir::x86_native_replay::tests::vex_zero::classifier_exhausts_two_and_three_byte_vex_prefix_frontiers ... ok
test smir::ir::x86_native_replay::tests::vpclmulqdq::classifier_covers_384_wig_vector_length_and_extension_encodings ... ok
test smir::ir::x86_native_replay::tests::vp2intersect::replay_spans_require_vl_only_for_128_and_256_bit_forms ... ok
test smir::ir::x86_native_replay::tests::vpclmulqdq::classifier_rejects_every_structural_and_reserved_frontier ... ok
test smir::lift::aarch32::tests::a32_acquire_release_accesses_are_not_lifted ... ok
test smir::lift::aarch32::tests::a32_block_materializes_only_a_foldable_branch_condition ... ok
test smir::lift::aarch32::tests::a32_branch_and_link_pc_arithmetic_wraps_modulo_2_pow_32 ... ok
test smir::ir::x86_native_replay::tests::vpclmulqdq::replay_spans_require_vl_only_for_128_and_256_bit_forms ... ok
test smir::ir::x86_native_replay::tests::vex_packed_string::classifier_accepts_all_1_048_576_canonical_register_encodings ... ok
test smir::lift::aarch32::tests::a32_data_processing_register_shift_rejects_pc_and_noncanonical_fixed_fields ... ok
test smir::lift::aarch32::tests::a32_exception_generating_instructions_are_not_lifted ... ok
test smir::lift::aarch32::tests::a32_double_transfers_reject_odd_pc_and_writeback_alias_pairs ... ok
test smir::lift::aarch32::tests::incomplete_input_is_reported_without_decoder_access ... ok
test smir::lift::aarch32::tests::a32_multiple_transfers_reject_hidden_and_constrained_forms ... ok
test smir::lift::aarch32::tests::lifts_a32_bx_for_every_non_pc_register_and_block_terminator ... ok
test smir::lift::aarch32::tests::lifts_a32_double_transfers_with_pair_atomicity_and_writeback ... ok
test smir::lift::aarch32::tests::a32_register_shift_recognition_does_not_steal_miscellaneous_encodings ... ok
test smir::lift::aarch32::tests::lifts_a32_blx_immediate_and_every_register_with_old_lr_snapshot ... ok
test smir::lift::aarch32::tests::lifts_a32_literal_load_width_sign_add_subtract_and_wrap_matrix ... ok
test smir::lift::aarch32::tests::lifts_a32_scalar_memory_width_sign_and_store_matrix ... ok
test smir::lift::aarch32::tests::lifts_a32_multiple_transfers_in_register_and_address_order ... ok
test smir::lift::aarch32::tests::lifts_every_a32_branch_condition_with_pc_plus_eight_and_fallthrough ... ok
test smir::lift::aarch32::tests::lifts_a32_scalar_integer_matrix ... ok
test smir::lift::aarch32::tests::lifts_complete_a32_data_processing_register_shift_opcode_space ... ok
test smir::lift::aarch32::tests::uses_a32_pc_plus_eight_for_direct_branches ... ok
test smir::lift::aarch64::tests::issue_28_rejects_reserved_2s_across_lanes_reduction ... ok
test smir::lift::aarch32::tests::rejects_predication_pc_and_special_shifter_state ... ok
test smir::lift::aarch64::tests::issue_44_rejects_pointer_authentication_lifts ... ok
test smir::lift::aarch32::tests::memory_writeback_follows_access_and_register_offsets_fail_closed ... ok
test smir::lift::aarch64::tests::issue_44_rejects_tag_generation_lifts ... ok
test smir::lift::aarch64::tests::issue_48_does_not_lift_fccmp_as_unconditional_compare ... ok
test smir::lift::aarch64::tests::issue_55_rejects_invalid_vector_rev_arrangements ... ok
test smir::lift::aarch64::tests::issue_54_rejects_reserved_1d_fp_vector_unary ... ok
test smir::lift::aarch64::tests::test_aarch64_lifter_branch ... ok
test smir::lift::aarch64::tests::test_aarch64_lifter_add ... ok
test smir::lift::aarch64::tests::test_aarch64_lifter_mov_imm ... ok
test smir::lift::aarch64::tests::test_lift_bfxil_xzr_source_extract_low_shape ... ok
test smir::lift::aarch64::tests::test_lift_context_aarch64 ... ok
test smir::lift::aarch64::tests::test_lift_dgh_as_nop ... ok
test smir::lift::aarch64::tests::test_lift_fabs_scalar ... ok
test smir::lift::aarch64::tests::test_lift_fadd_scalar ... ok
test smir::lift::aarch64::tests::test_lift_fadd_scalar_d ... ok
test smir::lift::aarch64::tests::test_lift_fcmp_scalar ... ok
test smir::lift::aarch64::tests::test_lift_block_cond_branch_defines_condition ... ok
test smir::lift::aarch64::tests::test_lift_fcsel_scalar ... ok
test smir::lift::aarch64::tests::test_lift_fcvt_s_to_d ... ok
test smir::lift::aarch64::tests::test_lift_fmadd_scalar ... ok
test smir::lift::aarch64::tests::test_lift_fcvtau_scalar_uses_ties_away ... ok
test smir::lift::aarch64::tests::test_lift_fcvtas_scalar_uses_ties_away ... ok
test smir::lift::aarch64::tests::test_lift_fdiv_scalar ... ok
test smir::lift::aarch64::tests::test_lift_fneg_scalar ... ok
test smir::lift::aarch64::tests::test_lift_fsub_scalar ... ok
test smir::lift::aarch64::tests::test_lift_ldapr_forms ... ok
test smir::lift::aarch64::tests::test_lift_fsqrt_scalar ... ok
test smir::lift::aarch64::tests::test_lift_frintn_scalar ... ok
test smir::lift::aarch64::tests::test_lift_long_multiply_negative_aliases ... ok
test smir::lift::aarch64::tests::test_lift_ngc_aliases_subtract_from_zero ... ok
test smir::lift::aarch64::tests::test_lift_loregion_ordered_forms ... ok
test smir::lift::aarch64::tests::test_lift_lrcpc3_pair_forms ... ok
test smir::lift::aarch64::tests::test_lift_ordered_unscaled_forms ... ok
test smir::lift::aarch64::tests::test_lift_unprivileged_load_store_forms ... ok
test smir::lift::aarch64::tests::test_lift_wfxt_as_nop ... ok
test smir::lift::aarch64::tests::test_lift_shifted_neg_aliases_as_sub_from_zero ... ok
test smir::lift::aarch64::tests::test_lift_shifted_mvn_aliases_materialize_source ... ok
test smir::lift::aarch64::tests::test_rejects_casp_pair_lifts ... ok
test smir::lift::avx10::tests::test_evex_decode ... ok
test smir::lift::avx10::tests::test_evex_decode_ymm ... ok
test smir::lift::avx10::saturating_convert::tests::standalone_scalar_saturation_lifts_registers_guards_egprs_and_rejects_memory ... ok
test smir::lift::avx10::tests::standalone_saturating_conversion_uses_map5_66_and_rejects_unmodeled_memory ... ok
test smir::lift::avx10::tests::test_lift_vpdpbusd ... ok
test smir::lift::avx10::tests::lift_avx10_2_vmpsadbw_uses_f3_w0_masks_exact_widths_and_rejects_reserved_forms ... ok
test smir::ir::x86_native_replay::tests::legacy_alignr::exact_graph_validator_covers_all_3264_rex_register_and_level_images ... ok
test smir::lift::hexagon::tests::faulting_postinc_imm_load_does_not_commit_base_update ... ok
test smir::lift::hexagon::tests::postinc_imm_load_alias_commits_writeback_after_successful_load ... ok
test smir::lift::hexagon::tests::loadalign_postinc_alias_uses_staged_update_before_pair_write ... ok
test smir::lift::hexagon::tests::loadunpack_postinc_alias_commits_writeback_after_byte_loads ... ok
test smir::lift::hexagon::tests::store_conditional_still_lifts_as_exclusive_store ... ok
test smir::lift::hexagon::tests::postinc_reg_loadpair_alias_commits_writeback_after_loadpair ... ok
test smir::lift::hexagon::tests::issue_106_s2_mask_ignores_immext_and_does_not_panic ... ok
test smir::lift::hexagon::tests::hvx_vlane_dv_normalizes_raw_odd_pair_fields ... ok
test smir::lift::hexagon::tests::store_release_lifts_as_unconditional_store ... ok
test smir::lift::hexagon::tests::predicated_postinc_imm_load_alias_commits_after_predload ... ok
test smir::lift::hexagon::tests::test_hexagon_lifter_add ... ok
test smir::lift::hexagon::tests::test_lift_context_hexagon ... ok
test smir::lift::hexagon::tests::test_hexagon_creg_value_write_masks_gp ... ok
test smir::lift::hexagon::tests::test_hexagon_control_pair_rejects_odd_creg_base ... ok
test smir::lift::riscv::tests::fence_and_csr_lifts_honor_independent_extension_profiles ... ok
test smir::lift::riscv::tests::amocas_q_lifts_pair_operands_and_rejects_odd_pairs ... ok
test smir::lift::riscv::tests::divw_overflow_returns_sign_extended_i32_min ... ok
test smir::lift::riscv::tests::cbo_zero_lifts_aligned_cache_block_zeroing ... ok
test smir::lift::riscv::tests::jalr_requires_the_standard_zero_funct3 ... ok
test smir::lift::riscv::tests::lr_sc_ordering_bits_emit_fences_at_the_memory_boundary ... ok
test smir::lift::riscv::tests::rv32_div_overflow_returns_i32_min ... ok
test smir::lift::riscv::tests::no_c_control_flow_falls_back_only_when_alignment_needs_runtime_handling ... ok
test smir::lift::riscv::tests::rv32_aes32_lifts_through_int_crypto_fallback ... ok
test smir::lift::riscv::tests::rv32_sha512_pair_lifts_through_int_crypto_fallback ... ok
test smir::lift::riscv::tests::test_lift_context_riscv ... ok
test smir::lift::riscv::tests::rv32_pack_uses_16_bit_halves_and_32_bit_result ... ok
test smir::lift::riscv::tests::test_riscv_atomic ... ok
test smir::lift::riscv::tests::rv32_shift_immediates_with_shamt_bit_five_fail_at_decode_frontier ... ok
test smir::lift::riscv::tests::test_riscv_lifter_beq ... ok
test smir::lift::riscv::tests::fp_and_vector_helpers_decode_with_the_configured_profile ... ok
test smir::lift::riscv::tests::test_riscv_lifter_addi ... ok
test smir::lift::riscv::tests::scalar_loads_to_x0_keep_the_memory_operation_for_every_width ... ok
test smir::lift::riscv::tests::test_riscv_lifter_compressed_addi ... ok
test smir::lift::riscv::tests::test_riscv_lifter_load_store ... ok
test smir::lift::riscv::tests::test_riscv_lifter_jal ... ok
test smir::lift::riscv::tests::test_riscv_lifter_compressed_j ... ok
test smir::lift::riscv::tests::test_rv_vector_uses_prior_scalar_result_as_source ... ok
test smir::lift::riscv::tests::test_rv_vector_defines_scalar_results_for_following_ops ... ok
test smir::lift::riscv::tests::test_riscv_mul_div ... ok
test smir::lift::riscv::tests::zb_helpers_decode_with_configured_extensions ... ok
test smir::lift::riscv::tests::xida_sltw_lifts_signed_low_word_compare ... ok
test smir::lift::tests::test_control_flow ... ok
test smir::lift::tests::test_extended_imm ... ok
test smir::lift::tests::test_lift_context ... ok
test smir::lift::thumb::tests::lifts_all_t16_register_shift_encodings_with_exact_low_byte_contract ... ok
test smir::lift::riscv::tests::zcb_compressed_requires_zcb_extension ... ok
test smir::lift::riscv::tests::zb_helpers_reject_illegal_rd_x0_before_noop ... ok
test smir::ir::x86_native_replay::tests::vex_scalar_extract::classifier_covers_all_1_343_488_legal_register_byte_encodings ... ok
test smir::lift::thumb::tests::lifts_t16_adr_as_the_word_aligned_pc_plus_its_offset ... ok
test smir::lift::thumb::tests::block_lifting_advances_over_mixed_t16_t32_widths ... ok
test smir::lift::thumb::tests::lifts_t16_bx_for_every_non_pc_register_and_block_terminator ... ok
test smir::lift::thumb::tests::lifts_every_t16_branch_condition_with_exact_fallthrough ... ok
test smir::lift::thumb::tests::lifts_t16_cbz_cbnz_for_every_low_register_and_max_forward_offset ... ok
test smir::lift::thumb::tests::lifts_t16_t32_literal_load_alignment_width_sign_add_subtract_and_wrap_matrix ... ok
test smir::lift::thumb::tests::lifts_t16_selective_flag_move_logic_multiply_and_immediate_shift_matrix ... ok
test smir::lift::thumb::tests::lifts_t16_scalar_memory_width_sign_and_address_matrix ... ok
test smir::lift::thumb::tests::lifts_t16_t32_multiple_transfers_with_ordered_writeback ... ok
test smir::lift::thumb::tests::lifts_t32_double_transfers_with_pair_atomicity_and_writeback ... ok
test smir::lift::thumb::tests::lifts_mixed_t16_t32_scalar_matrix_with_exact_lengths ... ok
test smir::lift::thumb::tests::lifts_t32_memory_writeback_after_access_and_scaled_offsets ... ok
test smir::lift::thumb::tests::reports_t16_and_t32_incomplete_input_exactly ... ok
test smir::lift::thumb::tests::lifts_thumb_blx_immediate_and_every_register_with_old_lr_snapshot ... ok
test smir::lift::thumb::tests::thumb_block_keeps_cbz_as_a_register_condition_without_flag_materialization ... ok
test smir::lift::thumb::tests::rejects_it_pc_memory_aliases_and_unmodeled_shifter_contracts ... ok
test smir::ir::x86_native_replay::tests::vex_memory_broadcast::classifier_exhausts_all_2097152_map_pp_w_vvvv_l_and_opcode_cells ... ok
test smir::lift::thumb::tests::thumb_block_materializes_only_a_foldable_branch_condition ... ok
test smir::lift::thumb::tests::thumb_control_flow_pc_arithmetic_wraps_modulo_2_pow_32 ... ok
test smir::lift::thumb::tests::thumb_multiple_transfers_reject_pc_empty_and_base_aliases ... ok
test smir::lift::thumb::tests::thumb_double_transfers_reject_nonadjacent_pc_and_writeback_alias_pairs ... ok
test smir::lift::thumb::tests::uses_thumb_pc_plus_four_and_sets_thumb_link_bit ... ok
test smir::lift::x86_64::tests::addr32::pop_memory_reuses_next_rip_for_addr32_eip_relative_destination ... ok
test smir::lift::x86_64::tests::addr32::modrm_rm5_remains_eip_relative_and_wraps_at_32_bits ... ok
test smir::lift::x86_64::tests::amx_disabled::disabled_amx_terminates_strict_blocks_without_lifting_fallthrough ... ok
test smir::lift::x86_64::tests::addr32::sib_no_base_remains_absolute_and_fs_follows_eip_truncation ... ok
test smir::lift::x86_64::tests::addr32::memory_preserves_state_backed_zero_extended_offset ... ok
test smir::lift::x86_64::tests::amx_disabled::disabled_amx_preserves_outer_prefix_and_complete_operand_boundaries ... ok
test smir::lift::x86_64::tests::apx::lift_apx_cmov_nd_uses_vvvv_destination_like_llvm ... ok
test smir::lift::x86_64::tests::apx::lift_apx_cfcmov_nd_memory_source_suppresses_false_fault_like_llvm ... ok
test smir::lift::x86_64::tests::apx::lift_apx_cfcmov_two_operand_directions_like_llvm ... ok
test smir::lift::x86_64::tests::apx::lift_apx_cfcmov_memory_uses_predicated_access_like_llvm ... ok
test smir::lift::x86_64::tests::amx_disabled::every_assigned_evex_amx_avx512_cell_is_an_exact_terminal_ud ... ok
test smir::lift::x86_64::tests::apx::lift_apx_conditional_map4_rejects_invalid_pp2_like_llvm ... ok
test smir::lift::x86_64::tests::apx::lift_apx_ndd_double_shift_aliases_use_one_direct_smir_op ... ok
test smir::lift::x86_64::tests::apx::lift_apx_ndd_double_shifts_use_shld_shrd_like_llvm ... ok
test smir::lift::x86_64::tests::amx_disabled::every_assigned_vex_amx_0f38_cell_is_an_exact_terminal_ud ... ok
test smir::lift::x86_64::tests::apx::lift_apx_ndd_imul_alias_uses_direct_architectural_sources ... ok
test smir::lift::thumb::tests::lifts_all_t32_register_shift_encodings_with_independent_registers_and_flags ... ok
test smir::lift::x86_64::tests::apx::lift_apx_ndd_nf_imul_reg_uses_muls_like_llvm ... ok
test smir::lift::x86_64::tests::apx::lift_apx_setzucc_memory_stores_one_byte_like_llvm ... ok
test smir::lift::x86_64::tests::apx::lift_apx_setzucc_registers_zero_full_gpr_like_llvm ... ok
test smir::lift::x86_64::tests::apx::lift_rao_int_apx_egpr_memory_like_llvm ... ok
test smir::lift::x86_64::tests::apx::lift_rao_int_legacy_prefixes_like_llvm ... ok
test smir::lift::x86_64::tests::apx::lift_rao_int_rejects_invalid_forms_like_llvm ... ok
test smir::lift::x86_64::tests::apx::lift_rex2_jmpabs_requires_imm64 ... ok
test smir::lift::x86_64::tests::apx::lift_rex2_cmpxchg_memory_egpr_sib_like_llvm ... ok
test smir::lift::x86_64::tests::apx::lift_rex2_cmpxchg_registers_like_llvm ... ok
test smir::ir::x86_native_replay::tests::legacy_scalar_insert::exact_graph_validator_covers_every_masked_immediate_at_o0_o1_o2 ... ok
test smir::lift::x86_64::tests::apx::lift_rex2_jmpabs_ignores_w_bit_like_llvm ... ok
test smir::lift::x86_64::tests::apx::lift_rex2_jmpabs_uses_llvm_encoding ... ok
test smir::lift::x86_64::tests::apx::lift_rex2_mov_egpr_reg_uses_llvm_encoding ... ok
test smir::lift::x86_64::tests::apx::lift_rex2_lock_xadd_memory_uses_atomic_add_like_spec ... ok
test smir::lift::x86_64::tests::apx::lift_rex2_push_pop_egpr_uses_llvm_encoding ... ok
test smir::lift::x86_64::tests::apx::lift_rex2_xadd_memory_egpr_sib_like_llvm ... ok
test smir::lift::x86_64::tests::apx::lift_rex2_xadd_registers_like_llvm ... ok
test smir::lift::x86_64::tests::apx::lift_rex2_mov_egpr_imm64_uses_llvm_encoding ... ok
test smir::lift::x86_64::tests::apx::rex2_modrm_decode_extends_to_apx_gprs ... ok
test smir::lift::x86_64::tests::apx::lift_rex2_xchg_memory_uses_atomic_swap_like_llvm ... ok
test smir::lift::x86_64::tests::apx::lift_rex2_xchg_registers_like_llvm ... ok
test smir::lift::x86_64::tests::apx_adx::lift_adx_legacy_prefixes_like_llvm ... ok
test smir::lift::x86_64::tests::apx_adx::lift_adx_apx_nd_uses_vvvv_destination_like_llvm ... ok
test smir::lift::x86_64::tests::apx_alu::apx_nf_adc_sbb_frontiers_include_legal_address_and_segment_overrides ... ok
test smir::lift::x86_64::tests::apx_adx::lift_adx_rejects_invalid_forms_like_llvm ... ok
test smir::lift::x86_64::tests::apx_alu::every_apx_nf_adc_sbb_immediate_addressing_class_traps_at_modrm ... ok
test smir::lift::x86_64::tests::apx_alu::lift_apx_ndd_adc_sbb_use_carry_ops_like_llvm ... ok
test smir::lift::x86_64::tests::apx_alu::lift_apx_ndd_adc_sbb_alias_second_source_without_virtual_preservation ... ok
test smir::lift::x86_64::tests::apx_alu::lift_apx_ndd_memory_source_decodes_b4_sib_base_like_llvm ... ok
test smir::lift::x86_64::tests::apx_alu::lift_apx_ndd_memory_source_decodes_x4_sib_index_like_llvm ... ok
test smir::lift::x86_64::tests::apx_alu::lift_apx_ndd_memory_destination_becomes_register_result ... ok
test smir::lift::x86_64::tests::apx_alu::lift_apx_ndd_nf_add_suppresses_flag_updates ... ok
test smir::lift::x86_64::tests::apx_alu::lift_apx_ndd_group1_immediates_use_vvvv_destination ... ok
test smir::lift::x86_64::tests::apx_alu::lift_apx_nf_adc_sbb_are_precise_invalid_opcode_traps ... ok
test smir::lift::x86_64::tests::apx_alu::lift_apx_ndd_binary_alu_aliases_second_source_without_virtual_preservation ... ok
test smir::lift::x86_64::tests::apx_alu::every_apx_nf_adc_sbb_register_opcode_traps_at_the_opcode_frontier ... ok
test smir::lift::x86_64::tests::apx_alu::neighboring_apx_nf_group1_add_and_sub_remain_liftable ... ok
test smir::lift::x86_64::tests::apx_cmpccxadd::cmpccxadd_valid_frontiers_preserve_incomplete_addressing_errors ... ok
test smir::lift::x86_64::tests::apx_cmpccxadd::apx_feature_and_noncanonical_ss_checks_precede_natural_alignment ... ok
test smir::lift::x86_64::tests::apx_cmpccxadd::cmpccxadd_feature_and_alignment_guards_survive_optimization_in_priority_order ... ok
test smir::lift::x86_64::tests::apx_bmi::lift_apx_bmi_reserved_payload_and_opcode_cells_are_precise_ud ... ok
test smir::lift::x86_64::tests::apx_bmi::lift_apx_bmi1_covers_w32_memory_alias_and_x4_address_forms ... ok
test smir::lift::x86_64::tests::apx_cmpccxadd::every_reserved_vex_cmpccxadd_prefix_and_register_cell_is_precise_ud ... ok
test smir::lift::x86_64::tests::apx_cmpccxadd::every_reserved_apx_cmpccxadd_payload_pp_and_register_cell_is_precise_ud ... ok
test smir::lift::x86_64::tests::apx_bmi::lift_apx_bmi1_accepts_nf0_and_nf1_with_exact_operands_and_flags ... ok
test smir::lift::x86_64::tests::apx_bmi::lift_apx_bmi_modrm_frontiers_validate_group_u_and_incompleteness ... ok
test smir::lift::x86_64::tests::apx_bmi::lift_apx_bmi2_register_and_memory_forms_match_llvm_encodings ... ok
test smir::lift::x86_64::tests::apx_cmpccxadd::lift_cmpccxadd_vex_width_and_high_regs_like_llvm ... ok
test smir::lift::x86_64::tests::apx_cmpccxadd::vex_cmpccxadd_preserves_allowed_address_size_and_segment_prefixes ... ok
test smir::lift::x86_64::tests::apx_conditional::conditional_forms_reject_forbidden_legacy_prefixes ... ok
test smir::lift::x86_64::tests::apx_conditional::apx_map4_opcode_82_is_ud_at_the_opcode_frontier ... ok
test smir::lift::x86_64::tests::apx_conditional::conditional_register_u_zero_traps_at_modrm ... ok
test smir::lift::x86_64::tests::apx_conditional::conditional_decode_frontiers_distinguish_opcode_modrm_and_immediate ... ok
test smir::lift::x86_64::tests::apx_cmpccxadd::lift_cmpccxadd_vex_conditions_like_llvm ... ok
test smir::lift::x86_64::tests::apx_conditional::conditional_memory_u_zero_selects_egpr_index_and_allows_prefixes ... ok
test smir::lift::x86_64::tests::apx_conditional::ctest_immediate_group_one_lifts_identically_to_group_zero ... ok
test smir::lift::x86_64::tests::apx_conditional::fixed_ccmp_ctest_reserved_payload_and_pp_trap_at_opcode ... ok
test smir::lift::x86_64::tests::apx_conditional::grouped_ccmp_ctest_reserved_fields_trap_at_modrm_before_operands ... ok
test smir::lift::x86_64::tests::apx_conditional::conditional_memory_operands_use_unconditional_loads ... ok
test smir::lift::x86_64::tests::apx_conditional::issue_19_apx_ctest_imm_riprel_uses_post_immediate_rip ... ok
test smir::lift::x86_64::tests::apx_conditional::conditional_egpr_registers_and_sign_extended_imm32_are_exact ... ok
test smir::lift::x86_64::tests::apx_conditional::false_scc_memory_faults_precede_any_interpreter_flag_commit ... ok
test smir::lift::x86_64::tests::apx_conditional::apx_conditional_interpreter_and_optimizer_cover_every_dfv ... ok
test smir::lift::x86_64::tests::apx_conditional::lift_apx_ccmp_registers_use_conditional_flag_sequence_like_llvm ... ok
test smir::lift::x86_64::tests::apx_conditional::lift_apx_ctest_register_and_immediate_like_llvm ... ok
test smir::lift::x86_64::tests::apx_conditional::scc_true_false_and_dfv_cf_have_apx_specific_shapes ... ok
test smir::lift::x86_64::tests::apx_conditional::lift_apx_ccmp_ctest_memory_forms_use_unconditional_loads ... ok
test smir::lift::x86_64::tests::apx_count::apx_count_memory_uses_egpr_x4_segment_and_addr32_addressing ... ok
test smir::lift::x86_64::tests::apx_count::apx_count_incomplete_lengths_are_absolute_and_do_not_hide_reserved_fields ... ok
test smir::lift::x86_64::tests::apx_crc32::apx_crc32_incomplete_lengths_are_absolute_and_exact ... ok
test smir::lift::x86_64::tests::apx_crc32::apx_crc32_reserved_fields_are_rejected_fail_closed ... ok
test smir::lift::x86_64::tests::apx_count::apx_count_reserved_payloads_strictly_trap_at_modrm_without_tail_decode ... ok
test smir::lift::x86_64::tests::apx_crc32::apx_crc32_memory_lifts_guard_before_load_with_exact_addresses ... ok
test smir::lift::x86_64::tests::apx_count::apx_counts_strictly_lift_every_width_nf_state_and_source_class ... ok
test smir::lift::x86_64::tests::apx_dispatch::non_target_map4_families_preserve_their_modrm_frontier ... ok
test smir::lift::x86_64::tests::apx_dispatch::profile_disabled_apx_cet_forms_are_terminal_at_the_opcode_frontier ... ok
test smir::lift::x86_64::tests::apx_dispatch::profile_disabled_apx_f8_forms_are_terminal_at_the_opcode_frontier ... ok
test smir::lift::x86_64::tests::apx_dispatch::rex2_lea_remains_available_in_legacy_map0 ... ok
test smir::lift::x86_64::tests::apx_crc32::apx_crc32_strictly_lifts_every_scalable_width_and_egpr_form ... ok
test smir::lift::x86_64::tests::apx_count::apx_count_guard_and_flags_survive_o2_and_are_noncommitting_when_disabled ... ok
test smir::lift::x86_64::tests::apx_group3::apx_nf_not_frontier_includes_legal_address_and_segment_overrides ... ok
test smir::lift::x86_64::tests::apx_group3::lift_apx_group3_implicit_memory_source_does_not_store_for_either_nf_state ... ok
test smir::lift::x86_64::tests::apx_group3::every_apx_nf_not_addressing_class_traps_at_modrm ... ok
test smir::lift::x86_64::tests::apx_group3::lift_apx_ndd_group3_not_neg_use_vvvv_destination_like_llvm ... ok
test smir::lift::x86_64::tests::apx_group3::every_apx_group3_implicit_nd_form_traps_at_modrm ... ok
test smir::lift::x86_64::tests::apx_group3::lift_apx_nf_group3_neg_suppresses_flags_and_ndd_memory_source ... ok
test smir::lift::x86_64::tests::apx_group3::neighboring_apx_nf_neg_and_non_nf_not_remain_liftable ... ok
test smir::lift::x86_64::tests::apx_dispatch::every_unassigned_apx_map4_opcode_is_terminal_at_the_opcode_frontier ... ok
test smir::lift::x86_64::tests::apx_group3::lift_apx_ndd_nf_inc_dec_use_vvvv_destination_and_flags_like_llvm ... ok
test smir::lift::x86_64::tests::apx_movbe::apx_movbe_incomplete_lengths_are_absolute ... ok
test smir::lift::x86_64::tests::apx_group3::lift_apx_group3_implicit_mul_div_covers_every_width_and_nf_state ... ok
test smir::lift::x86_64::tests::apx_movbe::apx_movbe_memory_faults_and_disabled_guard_do_not_commit ... ok
test smir::lift::x86_64::tests::apx_movbe::apx_movbe_reserved_payloads_strictly_trap_at_modrm_frontier ... ok
test smir::lift::x86_64::tests::apx_movbe::apx_movbe_interpreter_load_and_store_are_exact ... ok
test smir::lift::x86_64::tests::apx_conditional::apx_conditional_interpreter_and_optimizer_cover_every_scc ... ok
test smir::lift::x86_64::tests::apx_movbe::apx_movbe_lifts_egpr_register_and_memory_index_extensions ... ok
test smir::lift::x86_64::tests::apx_movrs::legacy_movrs_high_byte_merge_occurs_only_after_the_load ... ok
test smir::lift::x86_64::tests::apx_movrs::apx_movrs_incomplete_lengths_are_absolute ... ok
test smir::lift::x86_64::tests::apx_movrs::apx_movrs_preserves_segment_addr32_and_egpr_addressing ... ok
test smir::lift::x86_64::tests::apx_movbe::apx_movbe_guard_and_register_semantics_survive_o2 ... ok
test smir::lift::x86_64::tests::apx_prefixes::apx_map4_preserves_addr32_and_fs_gs_effective_addresses ... ok
test smir::lift::x86_64::tests::apx_prefixes::apx_prefixed_incomplete_length_is_absolute_from_instruction_start ... ok
test smir::lift::x86_64::tests::apx_prefixes::apx_promoted_bmi_maps_preserve_prefixes_and_egpr_address_extensions ... ok
test smir::lift::x86_64::tests::apx_prefixes::shared_evex_router_does_not_hide_a_rex_before_an_allowed_prefix ... ok
test smir::lift::x86_64::tests::apx_movrs::movrs_invalid_forms_are_terminal_at_the_earliest_decoded_frontier ... ok
test smir::lift::x86_64::tests::apx_movbe::apx_movbe_strictly_lifts_both_directions_widths_and_source_classes ... ok
test smir::lift::x86_64::tests::apx_prefixes::apx_shifted_evex_field_validation_uses_the_actual_payload ... ok
test smir::lift::x86_64::tests::apx_prefixes::apx_map4_accepts_only_architecturally_permitted_legacy_prefix_groups ... ok
test smir::lift::x86_64::tests::apx_push2_pop2::lift_apx_push2_pop2_memory_ud_does_not_decode_an_address ... ok
test smir::lift::x86_64::tests::apx_push2_pop2::lift_apx_push2_pop2_decode_egprs_like_llvm ... ok
test smir::lift::x86_64::tests::apx_push2_pop2::lift_apx_push2_pop2_reject_invalid_forms_like_llvm ... ok
test smir::lift::x86_64::tests::apx_movrs::movrs_strictly_lifts_all_legacy_and_apx_widths ... ok
test smir::lift::x86_64::tests::apx_movrs::movrs_interpretation_and_o2_preserve_partial_writes_flags_and_fault_order ... ok
test smir::lift::x86_64::tests::apx_push2_pop2::lift_apx_pop2_uses_llvm_encoding_and_writes_after_rsp_increment ... ok
test smir::lift::x86_64::tests::apx_push2_pop2::lift_apx_push2_uses_llvm_encoding_and_preserves_source_order ... ok
test smir::lift::x86_64::tests::apx_shift::apx_nf_rcl_rcr_frontiers_include_legal_address_and_segment_overrides ... ok
test smir::lift::x86_64::tests::apx_push2_pop2::lift_apx_reserved_group45_cells_are_exact_ud_frontiers ... ok
test smir::lift::x86_64::tests::apx_shift::every_apx_nf_rcl_rcr_addressing_class_traps_at_modrm ... ok
test smir::lift::x86_64::tests::bswap::lift_undefined_bswap_r16_exhaustively_guards_rex2_payloads ... ok
test smir::lift::x86_64::tests::apx_shift::lift_apx_shift_widths_nf_memory_and_cl_alias_like_llvm ... ok
test smir::lift::x86_64::tests::bswap::lift_undefined_bswap_r16_covers_all_2048_scanner_images ... ok
test smir::lift::x86_64::tests::bswap::lift_lock_bswap_rejected_like_spec ... ok
test smir::lift::x86_64::tests::bswap::lift_bswap_registers_like_llvm ... ok
test smir::lift::x86_64::tests::apx_shift::lift_apx_ndd_carry_rotates_use_rcl_rcr_like_llvm ... ok
test smir::lift::x86_64::tests::apx_shift::neighboring_apx_nf_group2_operations_remain_liftable ... ok
test smir::lift::x86_64::tests::apx_shift::lift_apx_ndd_shift_rotate_use_group2_ops_like_llvm ... ok
test smir::lift::x86_64::tests::byte_xchg::lock_register_forms_remain_invalid_before_semantic_lifting ... ok
test smir::lift::x86_64::tests::bswap::lift_undefined_bswap_r16_preserves_prefix_order_and_all_register_classes ... ok
test smir::lift::x86_64::tests::byte_xchg::byte_xchg_memory_forms_remain_sequentially_consistent_atomic_swaps ... ok
test smir::lift::x86_64::tests::byte_xchg::every_rex_payload_and_modrm_register_cell_uses_the_low_byte_namespace ... ok
test smir::lift::x86_64::tests::callout::addr32_memory_call_retains_exact_architectural_address_expression ... ok
test smir::lift::x86_64::tests::byte_xchg::canonical_interpreter_preserves_upper_bits_flags_and_aliases_at_o0_and_o2 ... ok
test smir::lift::x86_64::tests::byte_xchg::legacy_low_bytes_use_one_canonical_xchg_and_high_bytes_keep_the_merge_graph ... ok
test smir::lift::x86_64::tests::callout::test_lift_call_ret ... ok
test smir::lift::x86_64::tests::clac_stac::clac_stac_ignore_non_lock_legacy_and_rex_prefixes ... ok
test smir::lift::x86_64::tests::clac_stac::clac_stac_interpreter_changes_only_ac_and_materializes_pending_status ... ok
test smir::lift::x86_64::tests::bswap::undefined_bswap_r16_keeps_the_following_instruction_in_the_strict_function ... ok
test smir::lift::x86_64::tests::clac_stac::clac_stac_interpreter_real_mode_bypasses_stale_selector_privilege ... ok
test smir::lift::x86_64::tests::clac_stac::clac_stac_interpreter_privilege_fault_is_ud_and_noncommitting ... ok
test smir::lift::x86_64::tests::clac_stac::clac_stac_metadata_is_operand_free_status_neutral_and_stateful ... ok
test smir::lift::x86_64::tests::clac_stac::clac_stac_strictly_lift_without_an_interpreter_frontier ... ok
test smir::lift::x86_64::tests::callout::direct_calls_still_require_explicit_lift_through_call_mode ... ok
test smir::lift::x86_64::tests::cli::cli_interpreter_gp_faults_are_precise_and_noncommitting ... ok
test smir::lift::x86_64::tests::cli::cli_ignores_non_lock_legacy_rex_and_rex2_payload_fields ... ok
test smir::lift::x86_64::tests::cli::cli_metadata_is_operand_free_status_neutral_stateful_and_jit_safe ... ok
test smir::lift::x86_64::tests::byte_xchg::every_map_zero_rex2_payload_and_register_cell_selects_all_32_low_bytes ... ok
test smir::lift::x86_64::tests::cli::cli_interpreter_matches_real_protected_pvi_and_vme_routing ... ok
test smir::lift::x86_64::tests::cli::cli_strictly_lifts_to_one_exact_control_flag_operation ... ok
test smir::lift::x86_64::tests::cli::cli_rex2_apx_fault_precedes_privilege_and_non_x86_contexts_fail_closed ... ok
test smir::lift::x86_64::tests::cli::cli_rejects_lock_and_legacy_rex_immediately_before_rex2 ... ok
test smir::lift::x86_64::tests::clts::clts_metadata_is_operand_free_flag_neutral_stateful_and_jit_safe ... ok
test smir::lift::x86_64::tests::clts::clts_ignores_every_non_lock_legacy_and_rex_prefix_class ... ok
test smir::lift::x86_64::tests::callout::lift_through_calls_retains_state_backed_memory_targets_and_rejects_virtual_addresses ... ok
test smir::lift::x86_64::tests::cli::cli_o2_preserves_order_effect_and_fault_frontier ... ok
test smir::lift::x86_64::tests::clts::clts_strictly_lifts_to_one_exact_state_operation ... ok
test smir::lift::x86_64::tests::clts::clts_interpreter_cpl3_fault_is_precise_and_noncommitting ... ok
test smir::lift::x86_64::tests::clac_stac::clac_stac_o2_preserves_order_results_and_fault_frontier ... ok
test smir::lift::x86_64::tests::cpuid::cpuid_accepts_ignored_legacy_rex_and_address_prefixes_but_rejects_lock ... ok
test smir::lift::x86_64::tests::clts::clts_interpreter_clears_only_ts_at_cpl0_and_in_real_mode ... ok
test smir::lift::x86_64::tests::clts::clts_survives_o2_as_an_ordered_architectural_state_write ... ok
test smir::lift::x86_64::tests::decode::interpreter_frontiers_retain_prefix_at_unreadable_boundary ... ok
test smir::lift::x86_64::tests::cpuid::cpuid_interpreter_returns_exact_vendor_and_zero_extends_all_outputs ... ok
test smir::lift::x86_64::tests::decode::legacy_prefix_after_rex_invalidates_rex_state ... ok
test smir::lift::x86_64::tests::cpuid::cpuid_strictly_lifts_without_an_interpreter_frontier ... ok
test smir::lift::x86_64::tests::decode::legacy_prefix_order_controls_effective_rex_width ... ok
test smir::lift::x86_64::tests::cpuid::cpuid_o2_retains_the_serializing_operation_even_when_outputs_are_overwritten ... ok
test smir::lift::x86_64::tests::decode::lift_0f38_movbe_rex_extended_memory_like_llvm ... ok
test smir::lift::x86_64::tests::decode::lift_0f38_movbe_rejects_invalid_forms_and_routes_f2_to_crc32 ... ok
test smir::lift::x86_64::tests::decode::lift_0f38_movbe_store_widths_like_llvm ... ok
test smir::lift::x86_64::tests::decode::lift_0f38_movbe_load_widths_like_llvm ... ok
test smir::lift::x86_64::tests::decode::lift_emms_and_femms_exact_state_transition_prefixes_and_legality ... ok
test smir::lift::x86_64::tests::decode::lift_enter_decodes_width_nesting_mask_and_invalid_forms ... ok
test smir::lift::x86_64::tests::decode::lift_complete_x86_string_opcode_and_width_inventory ... ok
test smir::lift::x86_64::tests::decode::lift_long_mode_invalid_legacy_opcodes_are_explicit_ud_traps ... ok
test smir::lift::x86_64::tests::cpuid::cpuid_interpreter_tracks_every_mutable_guest_profile_input ... ok
test smir::lift::x86_64::tests::callout::lift_through_calls_block_cap_materializes_all_queued_edges_as_frontiers ... ok
test smir::lift::x86_64::tests::decode::lift_reserved_two_byte_opcodes_are_explicit_invalid_opcode_traps ... ok
test smir::lift::x86_64::tests::decode::lift_ud0_is_an_explicit_two_byte_trap_without_operand_fetch ... ok
test smir::lift::x86_64::tests::decode::lift_x86_string_rep_address_and_segment_prefixes ... ok
test smir::lift::x86_64::tests::decode::lift_0f3a_extracts_cover_lanes_widths_scalar_tuples_high_regs_and_invalids ... ok
test smir::lift::x86_64::tests::decode::interpreter_frontiers_split_supported_prefix_before_terminal_control_flow ... ok
test smir::lift::x86_64::tests::decode::modrm_memory_decode_retains_apx_evex_base_and_index_high_bits ... ok
test smir::lift::x86_64::tests::decode::lift_popcnt_tzcnt_lzcnt_forms_flags_and_invalid_prefixes ... ok
test smir::lift::x86_64::tests::decode::lift_ud2_is_an_explicit_invalid_opcode_trap ... ok
test smir::lift::x86_64::tests::decode::rex_immediately_before_rex2_is_invalid_but_an_intervening_legacy_prefix_clears_rex ... ok
test smir::lift::x86_64::tests::decode::newly_lifted_legacy_paths_reject_illegal_lock_prefixes ... ok
test smir::lift::x86_64::tests::decode::test_modrm_decode ... ok
test smir::lift::x86_64::tests::decode::long_mode_invalid_primary_opcode_is_an_exact_interpreter_frontier ... ok
test smir::lift::x86_64::tests::decode::test_prefix_decode ... ok
test smir::lift::x86_64::tests::decode::lift_0f3a_inserts_cover_merges_sources_zero_masks_tuples_aliases_and_invalids ... ok
test smir::lift::x86_64::tests::decode::reserved_two_byte_opcodes_are_exact_interpreter_frontiers_without_operand_fetch ... ok
test smir::lift::x86_64::tests::decode::senduipi_lifts_to_configured_invalid_opcode_and_remains_a_jit_frontier ... ok
test smir::lift::x86_64::tests::descriptor_table::descriptor_table_load_metadata_tracks_faulting_read_and_implicit_state ... ok
test smir::lift::x86_64::tests::descriptor_table::descriptor_table_interpreter_fault_is_noncommitting_and_o2_preserves_op ... ok
test smir::lift::x86_64::tests::descriptor_table::descriptor_table_store_metadata_tracks_address_and_faulting_write ... ok
test smir::lift::x86_64::tests::descriptor_table::descriptor_table_load_interpreter_commits_exact_payload_and_preserves_flags ... ok
test smir::lift::x86_64::tests::descriptor_table::descriptor_table_interpreter_orders_apx_then_umip_before_memory ... ok
test smir::lift::x86_64::tests::descriptor_table::descriptor_table_load_interpreter_orders_guards_and_never_partially_commits ... ok
test smir::lift::x86_64::tests::descriptor_table::descriptor_table_interpreter_stores_exact_10_byte_payload_and_preserves_flags ... ok
test smir::lift::x86_64::tests::descriptor_table::descriptor_table_load_rejects_malformed_ir_and_survives_o2 ... ok
test smir::lift::x86_64::tests::descriptor_table::lgdt_lidt_ignore_data_width_prefixes_reject_lock_and_preserve_fixed_aliases ... ok
test smir::lift::x86_64::tests::descriptor_table::sgdt_sidt_do_not_intercept_group7_fixed_register_encodings ... ok
test smir::lift::x86_64::tests::descriptor_table::sgdt_sidt_ignore_data_width_prefixes_but_reject_lock ... ok
test smir::lift::x86_64::tests::descriptor_table::sgdt_sidt_strictly_lift_memory_only_state_backed_addresses ... ok
test smir::lift::x86_64::tests::descriptor_table::lgdt_lidt_strictly_lift_long_mode_addresses_and_exact_handoffs ... ok
test smir::lift::x86_64::tests::evex::arithmetic::lift_vex_scalar_moves_and_arithmetic_merge_xmm_and_zero_upper_state ... ok
test smir::lift::x86_64::tests::evex::fp::lift_evex_exp2_covers_formats_masks_sae_broadcast_and_reserved_fields ... ok
test smir::lift::x86_64::tests::evex::fp::lift_evex_fp16_approx_covers_widths_scalar_masks_broadcast_and_reserved_fields ... ok
test smir::lift::x86_64::tests::evex::arithmetic::lift_evex_scalar_masking_fault_suppression_and_high_registers ... ok
test smir::lift::x86_64::tests::evex::fp16_convert::lift_packed_fp16_precision_family_widths_masks_memory_er_sae_and_maps ... ok
test smir::lift::x86_64::tests::evex::fp::lift_evex_fp16_complex_covers_algebra_variants_pairs_masks_memory_and_invalid_aliases ... ok
test smir::lift::x86_64::tests::evex::fp::lift_evex_fp16_flag_compare_covers_signaling_sae_high_regs_memory_and_invalids ... ok
test smir::lift::x86_64::tests::evex::fp::lift_evex_fp16_to_int_covers_signedness_rounding_widths_and_invalids ... ok
test smir::lift::x86_64::tests::evex::fp16_arithmetic::masked_packed_fp16_broadcast_uses_one_aggregate_gated_scalar_read ... ok
test smir::lift::x86_64::tests::evex::fp::lift_evex_int_to_fp16_covers_signedness_rounding_merge_memory_and_invalids ... ok
test smir::lift::x86_64::tests::evex::fp::lift_evex_fixup_imm_covers_formats_exceptions_masks_sae_and_memory ... ok
test smir::lift::x86_64::tests::evex::fp::lift_evex_fp16_scalar_arithmetic_covers_ops_masks_rounding_aliases_and_memory ... ok
test smir::lift::x86_64::tests::evex::fp::lift_evex_packed_fp_arithmetic_embedded_control_is_exact ... ok
test smir::lift::x86_64::tests::evex::fp::lift_evex_fp16_sqrt_covers_packed_scalar_masks_rounding_and_fault_suppression ... ok
test smir::lift::x86_64::tests::evex::fp::lift_evex_fp_class_covers_widths_masks_daz_fault_suppression_and_invalids ... ok
test smir::lift::x86_64::tests::evex::fp::lift_evex_packed_fp_arithmetic_covers_ops_masks_e4_broadcast_high_regs_and_invalids ... ok
test smir::lift::x86_64::tests::evex::fp::lift_evex_packed_fp16_to_int_covers_all_families_tuples_masks_er_sae_and_invalids ... ok
test smir::lift::x86_64::tests::evex::fp::lift_evex_map6_fp16_fma_covers_all_families_masks_memory_broadcast_and_rounding ... ok
test smir::lift::x86_64::tests::evex::fp16_arithmetic::masked_packed_fp16_broadcast_remains_single_access_at_every_optimizer_level ... ok
test smir::lift::x86_64::tests::evex::fp::lift_evex_map5_fp16_arithmetic_covers_register_memory_and_broadcast_forms ... ok
test smir::lift::x86_64::tests::evex::fp::lift_evex_packed_fp_precision_masks_broadcast_rounding_and_high_registers ... ok
test smir::lift::x86_64::tests::evex::fp::lift_evex_range_covers_formats_controls_masks_sae_and_memory ... ok
test smir::lift::x86_64::tests::evex::fp::lift_evex_packed_int_to_fp16_covers_all_types_widths_masks_broadcast_er_and_invalids ... ok
test smir::lift::x86_64::tests::evex::fp::lift_evex_recip28_covers_packed_scalar_masks_sae_broadcast_and_reserved_fields ... ok
test smir::lift::x86_64::tests::evex::fp::lift_evex_recip14_covers_widths_scalar_masks_broadcast_and_reserved_fields ... ok
test smir::lift::x86_64::tests::evex::fp::lift_evex_reduce_covers_all_formats_controls_masks_sae_and_memory ... ok
test smir::lift::x86_64::tests::evex::fp::lift_evex_rsqrt28_covers_packed_scalar_masks_sae_broadcast_and_reserved_fields ... ok
test smir::lift::x86_64::tests::evex::fp::lift_evex_rsqrt14_covers_widths_scalar_masks_broadcast_and_reserved_fields ... ok
test smir::lift::x86_64::tests::evex::int32_to_fp64::ignored_embedded_rounding_lifts_all_24_scanner_cells_as_exact_512_bit_conversions ... ok
test smir::lift::x86_64::tests::evex::fp_arithmetic_apx::scalar_evex_fp_arithmetic_preserves_apx_b4_x4_memory_address_bits ... ok
test smir::lift::x86_64::tests::evex::fp_arithmetic_apx::packed_evex_fp_arithmetic_preserves_apx_b4_x4_memory_address_bits ... ok
test smir::lift::x86_64::tests::evex::fp::lift_legacy_vex_evex_scalar_fp_precision_conversions ... ok
test smir::lift::x86_64::tests::evex::int32_to_fp64::ordinary_ll3_and_memory_broadcast_ll3_remain_invalid ... ok
test smir::lift::x86_64::tests::evex::fp::lift_evex_scale_f_covers_formats_rounding_masks_and_memory ... ok
test smir::lift::x86_64::tests::evex::fp_unpack::lift_legacy_vex_evex_fp_unpack_family ... ok
test smir::lift::x86_64::tests::evex::fp::lift_legacy_vex_evex_fp_compare_family ... ok
test smir::lift::x86_64::tests::evex::integer::lift_evex_multishift_qb_covers_widths_high_regs_e4nf_memory_and_invalids ... ok
test smir::lift::x86_64::tests::evex::integer::lift_evex_packed_funnel_shifts_cover_forms_elements_e4_memory_and_invalids ... ok
test smir::lift::x86_64::tests::evex::integer::lift_evex_integer_narrow_covers_all_modes_ratios_registers_memory_and_invalids ... ok
test smir::lift::x86_64::tests::evex::integer::lift_evex_packed_rotates_cover_directions_counts_widths_memory_and_invalids ... ok
test smir::lift::x86_64::tests::evex::fp::lift_evex_unaligned_fp_moves_covers_masks_stores_high_regs_and_invalids ... ok
test smir::lift::x86_64::tests::evex::integer_interleave_broadcast::lift_evex_broadcast_integer_interleave_matches_independent_llvm_23_encodings ... ok
test smir::lift::x86_64::tests::evex::integer::lift_legacy_vex_evex_scalar_and_packed_x86_minmax ... ok
test smir::lift::x86_64::tests::evex::integer_interleave_broadcast::lift_evex_broadcast_integer_interleave_scales_disp8_by_scalar_tuple ... ok
test smir::lift::x86_64::tests::evex::integer_interleave_broadcast::lift_evex_broadcast_integer_interleave_rejects_reserved_shapes ... ok
test smir::lift::x86_64::tests::evex::integer::lift_legacy_vex_and_evex_packed_integer_unpack_covers_all_elements_and_halves ... ok
test smir::lift::x86_64::tests::evex::integer_interleave_broadcast::lift_evex_integer_interleave_preserves_full_vector_memory_form ... ok
test smir::lift::x86_64::tests::evex::integer::lift_original_packed_minmax_covers_legacy_vex_evex_e4_and_invalids ... ok
test smir::lift::x86_64::tests::evex::legacy::lift_duplicate_moves_covers_legacy_vex_evex_memory_and_invalids ... ok
test smir::lift::x86_64::tests::evex::integer_interleave_broadcast::lift_evex_broadcast_integer_interleave_covers_2_880_shapes ... ok
test smir::lift::x86_64::tests::evex::legacy::lift_legacy_vex_evex_movd_movq_covers_widths_extensions_and_reserved_fields ... ok
test smir::lift::x86_64::tests::evex::legacy::lift_legacy_vex_evex_comi_ucomi ... ok
test smir::lift::x86_64::tests::evex::legacy::lift_legacy_vex_evex_half_vector_move_family ... ok
test smir::lift::x86_64::tests::evex::legacy::lift_legacy_vex_evex_non_temporal_vector_stores ... ok
test smir::lift::x86_64::tests::evex::integer::lift_packed_immediate_shifts_covers_legacy_vex_evex_roles_memory_and_invalids ... ok
test smir::lift::x86_64::tests::evex::integer::lift_evex_unaligned_integer_moves_covers_elements_stores_and_invalids ... ok
test smir::lift::x86_64::tests::evex::legacy::lift_legacy_vex_evex_scalar_vector_movq_covers_load_store_and_invalid_forms ... ok
test smir::lift::x86_64::tests::evex::logic_broadcast::lift_evex_broadcast_xor_rejects_reserved_shapes_and_preserves_full_memory_form ... ok
test smir::ir::x86_native_replay::tests::vex_packed_string::memory_classifier_accepts_all_524_288_family_operand_and_immediate_cells ... ok
test smir::lift::x86_64::tests::evex::logic_broadcast::lift_evex_broadcast_xor_covers_1_440_width_mask_alias_and_high_register_shapes ... ok
test smir::lift::x86_64::tests::evex::legacy::lift_legacy_vex_evex_saturating_add_subtract_covers_all_eight_opcodes ... ok
test smir::lift::x86_64::tests::evex::logic_broadcast::lift_evex_broadcast_xor_matches_independent_llvm_23_encodings ... ok
test smir::lift::x86_64::tests::evex::mask::broadcast::lift_gpr_broadcasts_cover_all_widths_extensions_and_ignored_x ... ok
test smir::lift::x86_64::tests::evex::mask::conversions::lift_evex_mask_vector_conversions_cover_elements_widths_high_vectors_and_invalids ... ok
test smir::lift::x86_64::tests::evex::mask::part1::lift_evex_scalar_precision_conversion_family_masks_er_sae_map6_and_memory ... ok
test smir::lift::x86_64::tests::evex::mask::part1::lift_evex_mask_blends_cover_types_sources_masks_e4_broadcast_and_invalids ... ok
test smir::lift::x86_64::tests::evex::mask::part1::lift_evex_gfni_covers_field_ops_masks_memory_classes_and_invalids ... ok
test smir::lift::x86_64::tests::evex::mask::part1::lift_evex_packed_integer_logic_models_masks_broadcast_and_high_registers ... ok
test smir::lift::x86_64::tests::evex::mask::part1::lift_evex_vplzcnt_covers_dword_qword_masks_broadcast_and_invalids ... ok
test smir::lift::x86_64::tests::evex::mask::part1::lift_evex_immediate_integer_compares_cover_predicates_elements_masks_and_faults ... ok
test smir::lift::x86_64::tests::evex::mask::part1::lift_evex_chunk_extract_insert_covers_families_masks_e6nf_and_invalids ... ok
test smir::lift::x86_64::tests::evex::mask::part1::lift_evex_packed_logic_models_masks_broadcast_high_regs_and_invalid_forms ... ok
test smir::lift::x86_64::tests::evex::mask::part1::lift_evex_shuffle_128_chunks_covers_selectors_masks_e4nf_and_invalids ... ok
test smir::lift::x86_64::tests::evex::mask::broadcast::lift_load_broadcasts_cover_scalar_tuple_gpr_masks_compressed_disp_and_invalids ... ok
test smir::lift::x86_64::tests::evex::mask::part1::lift_evex_vpopcnt_covers_elements_masks_broadcasts_high_regs_and_invalids ... ok
test smir::lift::x86_64::tests::evex::mask::part1::lift_legacy_vex_evex_packed_subtract_models_width_masks_and_broadcast ... ok
test smir::lift::x86_64::tests::evex::mask::part2::lift_avx512_four_dot_product_covers_groups_masks_tuple_and_invalids ... ok
test smir::lift::x86_64::tests::evex::mask::part1::lift_legacy_vex_evex_saturating_packs_cover_widths_masks_tuples_and_invalids ... ok
test smir::lift::x86_64::tests::evex::mask::part1::lift_vex_evex_gather_covers_vsib_shapes_masks_extensions_and_invalids ... ok
test smir::lift::x86_64::tests::evex::mask::part1::lift_legacy_vex_evex_packed_add_models_element_width_masks_and_broadcast ... ok
test smir::lift::x86_64::tests::evex::mask::part2::lift_avx512_four_fma_covers_groups_masks_tuple_fault_suppression_and_invalids ... ok
test smir::lift::x86_64::tests::evex::mask::part1::lift_legacy_vex_evex_pshufb_covers_lane_local_masks_and_e4nf_complete_memory ... ok
test smir::lift::x86_64::tests::evex::mask::part2::lift_evex_get_exponent_covers_all_formats_shapes_masks_sae_and_memory ... ok
test smir::lift::x86_64::tests::evex::mask::part1::lift_pmulhrsw_covers_legacy_vex_evex_masks_memory_and_invalids ... ok
test smir::lift::x86_64::tests::evex::mask::part1::lift_pmaddubsw_covers_legacy_vex_evex_masks_memory_and_invalids ... ok
test smir::lift::x86_64::tests::evex::mask::part2::lift_evex_aligned_moves_masks_every_element_and_checks_alignment_first ... ok
test smir::lift::x86_64::tests::evex::mask::part2::lift_evex_integer_test_masks_cover_elements_polarities_e4_memory_and_invalids ... ok
test smir::lift::x86_64::tests::evex::mask::part2::lift_evex_vpconflict_covers_shapes_prefix_memory_masks_and_invalids ... ok
test smir::lift::x86_64::tests::evex::mask::part2::lift_evex_scatter_covers_integer_float_layouts_vsib_masks_and_invalids ... ok
test smir::lift::x86_64::tests::evex::mask::part2::lift_evex_vmovsh_covers_aliases_masks_load_store_fault_suppression_and_invalids ... ok
test smir::lift::x86_64::tests::evex::mask::part2::lift_evex_round_scale_covers_all_formats_controls_masks_sae_and_memory ... ok
test smir::lift::x86_64::tests::evex::mask::part2::lift_evex_get_mantissa_covers_all_formats_controls_masks_sae_and_memory ... ok
test smir::lift::x86_64::tests::evex::mask::part2::lift_evex_packed_immediate_shuffle_covers_masks_broadcast_and_reserved_bits ... ok
test smir::lift::x86_64::tests::evex::mask::part2::lift_vnni_dot_covers_vex_evex_variants_masks_broadcasts_and_invalids ... ok
test smir::lift::x86_64::tests::evex::mask::part2::lift_pmullw_covers_legacy_vex_evex_masks_alignment_and_invalids ... ok
test smir::lift::x86_64::tests::evex::ops::evex_decorations_are_validated_by_opcode_lifters ... ok
test smir::lift::x86_64::tests::evex::mask::part2::lift_vpmadd52_covers_vex_evex_high_low_masks_broadcasts_and_invalids ... ok
test smir::lift::x86_64::tests::evex::ops::lift_apx_evex_setcc_without_zu_keeps_byte_width_like_llvm ... ok
test smir::lift::x86_64::tests::evex::ops::lift_cmpccxadd_evex_egpr_memory_like_llvm ... ok
test smir::lift::x86_64::tests::evex::mask::part2::lift_vpshufbitqmb_covers_widths_high_sources_masks_memory_and_invalids ... ok
test smir::lift::x86_64::tests::evex::ops::lift_apx_imul_immediates_use_evex_destination_and_flags ... ok
test smir::lift::x86_64::tests::evex::mask::part2::lift_vdbpsadbw_decomposes_shuffle_sad_masks_and_full_tuple_memory ... ok
test smir::lift::x86_64::tests::evex::ops::lift_evex_pair_intersect_covers_elements_pairing_e4nf_memory_and_invalids ... ok
test smir::lift::x86_64::tests::evex::mask::saturating_pack_memory::lift_evex_saturating_pack_memory_uses_one_complete_e4nf_access ... ok
test smir::lift::x86_64::tests::evex::mask::saturating_pack_memory::lift_evex_saturating_pack_memory_preserves_tuple_and_address_prefixes ... ok
test smir::lift::x86_64::tests::evex::mask::saturating_pack_memory::lift_evex_saturating_pack_memory_preserves_apx_base_and_index_extensions ... ok
test smir::lift::x86_64::tests::evex::ops::lift_evex_vmovw_covers_directions_wig_extensions_memory_and_invalids ... ok
test smir::lift::x86_64::tests::evex::ops::lift_evex_sparse_prefetch_covers_all_groups_types_and_reserved_encodings ... ok
test smir::lift::x86_64::tests::evex::packed_rotate_addressing::packed_rotate_and_shift_preserve_segment_and_address_size_overrides ... ok
test smir::lift::x86_64::tests::evex::ops::lift_function_retains_exact_evex_replay_provenance_through_optimization ... ok
test smir::lift::x86_64::tests::evex::packed_compare::fixed_packed_compare_wig_and_fixed_w_frontiers_are_exact ... ok
test smir::lift::x86_64::tests::evex::packed_rotate_addressing::variable_rotate_broadcast_preserves_apx_address_and_tuple_scaling ... ok
test smir::lift::x86_64::tests::evex::packed_rotate_addressing::variable_rotate_preserves_segment_and_address_size_overrides ... ok
test smir::lift::x86_64::tests::evex::packed_rotate_addressing::variable_packed_rotate_preserves_apx_b4_x4_memory_address_bits ... ok
test smir::lift::x86_64::tests::evex::packed_rotate_addressing::immediate_packed_rotate_preserves_apx_b4_x4_memory_address_bits ... ok
test smir::lift::x86_64::tests::evex::permute::lift_rex2_m_compressed_0f_map_uses_llvm_encoding ... ok
test smir::lift::x86_64::tests::evex::permute::lift_evex_vector_align_covers_elements_widths_e4nf_memory_and_invalids ... ok
test smir::lift::x86_64::tests::evex::ops::lift_evex_ternary_logic_covers_widths_high_regs_e4_memory_and_invalids ... ok
test smir::lift::x86_64::tests::evex::permute::lift_evex_valignq_128_masks_immediate_to_bit_zero ... ok
test smir::lift::x86_64::tests::evex::permute::lift_two_source_shuffle_covers_legacy_vex_evex_and_invalids ... ok
test smir::lift::x86_64::tests::evex::saturating_convert::lifts_avx10_2_scalar_saturation_memory_tuples_and_apx_addresses ... ok
test smir::lift::x86_64::tests::evex::permute::lift_full_vector_moves_preserves_alignment_width_high_registers_and_evex_disp8 ... ok
test smir::lift::x86_64::tests::evex::saturating_convert::lifts_avx10_2_saturating_conversion_register_shapes ... ok
test smir::lift::x86_64::tests::evex::permute::lift_evex_two_table_permute_covers_overwrite_direction_shapes_and_memory ... ok
test smir::lift::x86_64::tests::evex::permute::lift_evex_compress_expand_covers_all_element_families_memory_and_invalids ... ok
test smir::lift::x86_64::tests::evex::saturating_convert::lifts_avx10_2_scalar_saturation_register_width_sae_and_apx_shapes ... ok
test smir::lift::x86_64::tests::evex::saturating_convert::rejects_reserved_avx10_2_saturating_conversion_encodings ... ok
test smir::lift::x86_64::tests::evex::scalar_integer_convert::lift_legacy_vex_evex_scalar_integer_to_fp_conversions ... ok
test smir::lift::x86_64::tests::evex::scalar_integer_convert::lift_legacy_vex_evex_scalar_fp_to_integer_conversions ... ok
test smir::lift::x86_64::tests::far_call::far_call_interpreter_direct_target_commits_width_selected_frame_and_state_last ... ok
test smir::lift::x86_64::tests::far_call::far_call_interpreter_conforming_gate_retains_cpl_and_resolves_target_in_ldt ... ok
test smir::lift::x86_64::tests::far_call::far_call_interpreter_privilege_gate_uses_tss_stack_and_pushes_complete_frame ... ok
test smir::lift::x86_64::tests::far_call::far_call_interpreter_invalid_tss_and_noncanonical_stack_do_not_commit_state ... ok
test smir::lift::x86_64::tests::far_call::far_call_interpreter_probes_the_complete_frame_before_any_write ... ok
test smir::lift::x86_64::tests::far_call::far_call_interpreter_same_privilege_gate_uses_fixed_64_bit_frame ... ok
test smir::lift::x86_64::tests::far_call::interpreter_frontiers_preserve_typed_far_call ... ok
test smir::lift::x86_64::tests::evex::saturating_convert::lifts_avx10_2_saturating_conversion_memory_fault_suppression_and_tuples ... ok
test smir::lift::x86_64::tests::far_call::far_call_metadata_retains_address_rip_and_faulting_memory_effects ... ok
test smir::lift::x86_64::tests::far_call::optimizer_preserves_far_call_faults_frame_and_terminal_ownership ... ok
test smir::lift::x86_64::tests::evex::sqrt::lift_evex_sqrt_embedded_rounding_and_sae_exact_shapes ... ok
test smir::lift::x86_64::tests::far_call::far_call_strictly_lifts_all_widths_addresses_segments_and_dynamic_target ... ok
test smir::lift::x86_64::tests::far_jump::far_jump_invalid_group5_encodings_trap_while_far_call_has_its_own_typed_op ... ok
test smir::lift::x86_64::tests::far_jump::far_jump_interpreter_accessed_write_fault_does_not_commit_cs_or_rip ... ok
test smir::lift::x86_64::tests::far_jump::far_jump_interpreter_resolves_code_descriptors_through_the_ldt_cache ... ok
test smir::lift::x86_64::tests::far_jump::far_jump_interpreter_commits_code_descriptor_accessed_bit_cs_and_rip_last ... ok
test smir::lift::x86_64::tests::far_jump::far_jump_interpreter_uses_ia32e_call_gate_target_and_ignores_pointer_offset ... ok
test smir::lift::x86_64::tests::far_jump::far_jump_metadata_records_address_dynamic_rip_and_descriptor_effects ... ok
test smir::lift::x86_64::tests::far_jump::far_jump_interpreter_noncanonical_pointer_range_selects_ss_or_gp_before_memory ... ok
test smir::lift::x86_64::tests::far_jump::far_jump_interpreter_faults_are_precise_and_noncommitting ... ok
test smir::lift::x86_64::tests::far_jump::interpreter_frontiers_preserve_exact_far_jump_but_strip_ordinary_indirect_jump ... ok
test smir::lift::x86_64::tests::far_jump::far_jump_strictly_lifts_widths_addresses_segments_and_dynamic_target ... ok
test smir::lift::x86_64::tests::far_pointer_load::far_pointer_load_rejects_lock_register_forms_and_invalid_rex2_order ... ok
test smir::lift::x86_64::tests::far_pointer_load::far_pointer_load_rex2_map1_exhaustively_extends_destination_address_and_width ... ok
test smir::lift::x86_64::tests::far_pointer_load::far_pointer_load_metadata_and_optimizer_preserve_atomic_partial_write ... ok
test smir::lift::x86_64::tests::far_pointer_load::far_pointer_load_full_range_canonical_fault_is_gp_or_ss_before_memory ... ok
test smir::lift::x86_64::tests::far_pointer_load::far_pointer_load_accessed_write_fault_does_not_commit_gpr_selector_or_cache ... ok
test smir::lift::x86_64::tests::far_pointer_load::far_pointer_load_apx_mode_and_injected_shape_guards_fail_closed ... ok
test smir::lift::x86_64::tests::far_pointer_load::far_pointer_load_interpreter_commits_segment_then_exact_gpr_width ... ok
test smir::lift::x86_64::tests::far_pointer_load::far_pointer_load_strictly_lifts_all_opcodes_widths_addresses_and_fault_classes ... ok
test smir::lift::x86_64::tests::far_pointer_load::far_pointer_load_source_and_descriptor_faults_are_precise_and_noncommitting ... ok
test smir::lift::x86_64::tests::evex::sqrt::lift_legacy_vex_evex_scalar_and_packed_sqrt ... ok
test smir::lift::x86_64::tests::far_return::far_return_strictly_lifts_widths_immediates_apx_and_dynamic_target ... ok
test smir::lift::x86_64::tests::far_return::interpreter_frontiers_and_optimizer_preserve_typed_far_return_ownership ... ok
test smir::lift::x86_64::tests::far_return::far_return_rejects_bad_runtime_shape_mode_and_apx_without_stack_reads ... ok
test smir::lift::x86_64::tests::far_return::far_return_outer_ss_fault_precedes_bad_target_and_commits_nothing ... ok
test smir::lift::x86_64::tests::far_return::far_return_accessed_write_fault_is_precise_and_noncommitting ... ok
test smir::lift::x86_64::tests::far_return::far_return_interpreter_same_privilege_commits_width_frame_and_accessed_bit_last ... ok
test smir::lift::x86_64::tests::far_return::far_return_null_ss_and_compatibility_stack_width_rules_are_exact ... ok
test smir::lift::x86_64::tests::far_return::far_return_interpreter_outer_privilege_restores_both_stacks_and_invalidates_segments ... ok
test smir::lift::x86_64::tests::fast_system_transfer::fast_system_transfer_o2_preserves_order_and_terminal_effect ... ok
test smir::lift::x86_64::tests::fast_system_transfer::sysenter_interpreter_commits_intel_ia32e_fixed_segments_and_clears_if_vm ... ok
test smir::lift::x86_64::tests::fence_aliases::cet_incssp_aliases_are_terminal_ud_not_lfence ... ok
test smir::lift::x86_64::tests::fast_system_transfer::fast_system_transfer_survives_interpreter_frontier_mode_and_has_exact_metadata ... ok
test smir::lift::x86_64::tests::fast_system_transfer::sysenter_sysexit_strictly_lift_exact_dynamic_transfers_and_rex_w ... ok
test smir::lift::x86_64::tests::fast_system_transfer::sysexit_interpreter_distinguishes_32_and_64_bit_return_forms ... ok
test smir::lift::x86_64::tests::fast_system_transfer::sysenter_sysexit_prefix_space_is_exact_and_rex2_row_is_reserved ... ok
test smir::lift::x86_64::tests::fence_aliases::every_reserved_group15_register_slot_is_an_exact_invalid_opcode_trap ... ok
test smir::lift::x86_64::tests::fast_system_transfer::fast_system_transfer_faults_and_malformed_ir_are_precise_and_noncommitting ... ok
test smir::lift::x86_64::tests::fence_aliases::reserved_prefix_fence_aliases_follow_the_direct_engines_deterministic_policy ... ok
test smir::lift::x86_64::tests::fma::evex_scalar_fma3_rejects_memory_evex_b_because_broadcast_is_unsupported ... ok
test smir::lift::x86_64::tests::fence_aliases::waitpkg_mandatory_prefix_forms_are_never_mfence ... ok
test smir::lift::x86_64::tests::fma::evex_fma3_embedded_rounding_accepts_every_rc_and_implies_full_width ... ok
test smir::lift::x86_64::tests::fma::vex_fma4_extends_every_register_field_independently ... ok
test smir::lift::x86_64::tests::fence_aliases::every_complete_legacy_group15_form_avoids_an_interpreter_fallback ... ok
test smir::lift::x86_64::tests::fence_aliases::every_documented_fence_alias_and_non_mandatory_prefix_class_lifts ... ok
test smir::lift::x86_64::tests::fma::vex_fma4_addr32_memory_preserves_base_index_scale_and_displacement ... ok
test smir::lift::x86_64::tests::fma::vex_fma4_rejects_wrong_mandatory_prefix_and_reports_truncation_exactly ... ok
test smir::lift::x86_64::tests::fence_aliases::every_rex2_payload_field_is_ignored_for_operandless_fence_aliases ... ok
test smir::lift::x86_64::tests::fence_aliases::fence_aliases_remain_ordered_through_strict_block_lifting ... ok
test smir::lift::x86_64::tests::fsgsbase::fsgsbase_enforces_w32_w64_and_reserved_encoding_boundaries ... ok
test smir::lift::x86_64::tests::fma::x86_fma3_ir_retains_architectural_sources_mask_kind_and_order ... ok
test smir::lift::x86_64::tests::fsgsbase::fsgsbase_interpreter_reads_with_exact_w32_w64_writeback_and_preserves_flags ... ok
test smir::lift::x86_64::tests::fsgsbase::fsgsbase_lifts_rex_and_rex2_register_extensions_exactly ... ok
test smir::lift::x86_64::tests::fsgsbase::fsgsbase_interpreter_writes_zero_extended_w32_and_canonical_w64_values ... ok
test smir::lift::x86_64::tests::group11::group11_valid_forms_still_require_operands_and_reject_lock ... ok
test smir::lift::x86_64::tests::fsgsbase::fsgsbase_interpreter_faults_before_any_destination_or_base_commit ... ok
test smir::lift::x86_64::tests::fma::vex_fma4_memory_source_uses_full_instruction_rip_and_w_selected_role ... ok
test smir::lift::x86_64::tests::fma::vex_fma4_strictly_lifts_every_opcode_w_l_and_is4_low_nibble ... ok
test smir::lift::x86_64::tests::fsgsbase::fsgsbase_metadata_tracks_conditional_source_and_destination_contracts ... ok
test smir::lift::x86_64::tests::fsgsbase::fsgsbase_o2_retains_faults_and_exact_encoded_register_operands ... ok
test smir::lift::x86_64::tests::group11::reserved_group11_selector_is_never_downgraded_to_a_nop ... ok
test smir::lift::x86_64::tests::group11::reserved_group11_selector_terminates_a_strict_block_as_ud ... ok
test smir::lift::x86_64::tests::fsgsbase::fsgsbase_strictly_lifts_every_base_direction_and_width ... ok
test smir::lift::x86_64::tests::group11::reserved_group11_selectors_ignore_non_lock_legacy_and_register_extension_prefixes ... ok
test smir::lift::x86_64::tests::group11::group11_valid_mov_and_fixed_rtm_aliases_remain_distinct ... ok
test smir::lift::x86_64::tests::group11::reserved_group11_selectors_strictly_lift_to_ud_before_operand_decode ... ok
test smir::lift::x86_64::tests::group7_invalid::disabled_group7_forms_terminate_strict_blocks_without_fallthrough ... ok
test smir::lift::x86_64::tests::group7_invalid::group7_memory_slash5_truncation_remains_incomplete ... ok
test smir::lift::x86_64::tests::group7_invalid::every_group7_memory_slash5_form_consumes_its_complete_address_before_ud ... ok
test smir::lift::x86_64::tests::group7_invalid::every_residual_fixed_group7_encoding_and_prefix_class_is_terminal_ud ... ok
test smir::lift::x86_64::tests::group7_invalid::lock_group7_residual_forms_remain_invalid_encodings ... ok
test smir::lift::x86_64::tests::group7_invalid::profile_disabled_fixed_group7_aliases_are_precise_invalid_opcode_traps ... ok
test smir::lift::x86_64::tests::group9::lift_group9_cmpxchg_random_seed_rdpid_and_disabled_vmx_partition ... ok
test smir::lift::x86_64::tests::fma::masked_packed_evex_fma3_broadcast_uses_one_aggregate_gated_scalar_read ... ok
test smir::lift::x86_64::tests::group9_invalid::every_complete_group9_modrm_and_prefix_class_avoids_interpreter_fallback ... ok
test smir::lift::x86_64::tests::group9::lift_compacted_xsave_family_group9_encodings_and_legality ... ok
test smir::lift::x86_64::tests::group9_invalid::every_reserved_group9_form_and_prefix_class_is_terminal_ud ... ok
test smir::lift::x86_64::tests::group9_invalid::reserved_group9_forms_terminate_strict_blocks_without_fallthrough ... ok
test smir::lift::x86_64::tests::group9_invalid::redundant_66_prefix_does_not_override_profile_disabled_vmxon ... ok
test smir::lift::x86_64::tests::group9_invalid::reserved_group9_memory_truncation_remains_incomplete ... ok
test smir::lift::x86_64::tests::hypercall_hints::hypercall_hints_do_not_split_a_strict_lifted_block ... ok
test smir::lift::x86_64::tests::hypercall_hints::hypercall_hints_accept_only_semantically_ignored_legacy_and_rex_prefixes ... ok
test smir::lift::x86_64::tests::group9_invalid::every_scanner_profile_disabled_vmx_form_is_terminal_ud ... ok
test smir::lift::x86_64::tests::hypercall_hints::hypercall_hints_keep_rex2_feature_and_vendor_boundaries_fail_closed ... ok
test smir::lift::x86_64::tests::hypercall_hints::vmcall_and_vmmcall_strictly_lift_as_exact_no_operations ... ok
test smir::lift::x86_64::tests::group9_invalid::every_rex2_profile_disabled_vmx_memory_address_form_is_terminal_ud ... ok
test smir::lift::x86_64::tests::group3_alias::lift_legacy_group3_slash1_test_alias_matches_slash0_exactly ... ok
test smir::lift::x86_64::tests::icebp::int1_optimizer_preserves_exact_terminal_payload ... ok
test smir::lift::x86_64::tests::icebp::int1_canonical_interpreter_gates_rex2_on_apx_before_debug_delivery ... ok
test smir::lift::x86_64::tests::icebp::int1_canonical_interpreter_reports_post_instruction_debug_without_dr6_mutation ... ok
test smir::lift::x86_64::tests::icebp::int1_canonical_interpreter_rejects_an_x86_trap_in_non_x86_state ... ok
test smir::lift::x86_64::tests::icebp::int1_strictly_lifts_ignored_legacy_and_rex_prefixes_with_exact_return_pc ... ok
test smir::lift::x86_64::tests::icebp::int1_rex2_lift_records_apx_dependency_and_rejects_illegal_prefixes ... ok
test smir::lift::x86_64::tests::icebp::int1_interpreter_frontier_preserves_supported_native_prefix_at_exact_pc ... ok
test smir::lift::x86_64::tests::int3::int3_canonical_interpreter_rejects_an_x86_trap_in_non_x86_state ... ok
test smir::lift::x86_64::tests::int3::int3_canonical_interpreter_reports_exact_pending_breakpoint_delivery ... ok
test smir::lift::x86_64::tests::int3::int3_and_int_vector_three_remain_distinct_terminal_events ... ok
test smir::lift::x86_64::tests::int3::int3_canonical_interpreter_gates_rex2_on_apx_before_breakpoint_delivery ... ok
test smir::lift::x86_64::tests::int3::int3_all_rex2_map_zero_payloads_retain_apx_dependency ... ok
test smir::lift::x86_64::tests::int3::int3_non_strict_oracle_path_preserves_full_encoding_and_terminal_payload ... ok
test smir::lift::x86_64::tests::int3::int3_optimizer_preserves_exact_terminal_payload ... ok
test smir::lift::x86_64::tests::group7_invalid::every_complete_group7_modrm_and_prefix_class_avoids_interpreter_fallback ... ok
test smir::lift::x86_64::tests::int3::int3_strictly_lifts_ignored_legacy_and_rex_prefixes_with_exact_return_pc ... ok
test smir::lift::x86_64::tests::int3::int3_interpreter_frontier_preserves_supported_native_prefix_at_exact_pc ... ok
test smir::lift::x86_64::tests::interrupt_return::iret_family_canonical_interpreter_rejects_x86_handoff_in_non_x86_state ... ok
test smir::lift::x86_64::tests::interrupt_return::iret_family_canonical_interpreter_gates_rex2_on_apx_before_handoff ... ok
test smir::lift::x86_64::tests::interrupt_return::iret_family_canonical_interpreter_reports_exact_noncommitting_handoff ... ok
test smir::lift::x86_64::tests::interrupt_return::iret_family_interpreter_frontier_preserves_supported_prefix_at_exact_pc ... ok
test smir::lift::x86_64::tests::interrupt_return::iret_family_non_strict_oracle_path_preserves_width_and_terminal_payload ... ok
test smir::lift::x86_64::tests::interrupt_return::iret_family_rejects_lock_and_invalid_rex2_order_without_confusing_map1 ... ok
test smir::lift::x86_64::tests::interrupt_return::iret_family_optimizer_preserves_exact_terminal_payload_for_all_widths ... ok
test smir::lift::x86_64::tests::interrupt_return::iret_family_rex2_exhaustively_records_map0_width_and_apx_dependency ... ok
test smir::lift::x86_64::tests::interrupt_return::iret_family_strictly_lifts_exact_widths_and_ignored_prefix_classes ... ok
test smir::lift::x86_64::tests::invlpg::invlpg_strictly_lifts_exact_legacy_addr32_rip_relative_and_rex2_addresses ... ok
test smir::lift::x86_64::tests::invlpg::invlpg_ignores_non_lock_legacy_prefixes_and_rejects_lock ... ok
test smir::lift::x86_64::tests::invlpg::invlpg_metadata_tracks_address_without_claiming_a_memory_access ... ok
test smir::lift::x86_64::tests::invlpg::invlpg_interpreter_rejects_malformed_ir_without_invalidating ... ok
test smir::lift::x86_64::tests::invlpg::invlpg_interpreter_invalidates_only_canonical_cpl0_addresses_and_preserves_flags ... ok
test smir::lift::x86_64::tests::invlpg::invlpg_survives_o2_with_address_sources_and_semantics_intact ... ok
test smir::lift::x86_64::tests::invlpg::invlpg_interpreter_orders_apx_before_cpl_and_never_touches_memory_on_fault ... ok
test smir::lift::x86_64::tests::invpcid::invpcid_metadata_tracks_type_then_address_and_one_atomic_memory_effect ... ok
test smir::lift::x86_64::tests::invpcid::invpcid_rejects_missing_mandatory_prefix_reserved_apx_fields_and_register_forms ... ok
test smir::lift::x86_64::tests::invpcid::invpcid_strictly_lifts_legacy_apx_wig_addr32_segments_and_egprs ... ok
test smir::lift::x86_64::tests::invpcid::invpcid_interpreter_rejects_each_descriptor_constraint_after_the_read ... ok
test smir::lift::x86_64::tests::leave::lock_leave_is_rejected_and_instruction_length_is_bounded ... ok
test smir::lift::x86_64::tests::leave::all_scanner_leave_images_lift_without_fallback ... ok
test smir::lift::x86_64::tests::leave::leave_metadata_is_faulting_stateful_and_flag_neutral ... ok
test smir::lift::x86_64::tests::invpcid::invpcid_interpreter_rejects_malformed_ir_without_read_or_invalidation ... ok
test smir::lift::x86_64::tests::invpcid::invpcid_survives_o2_with_sources_and_semantics_intact ... ok
test smir::lift::x86_64::tests::leave::leave_obeys_effective_rex_order_and_rex2_w_precedence ... ok
test smir::lift::x86_64::tests::invpcid::invpcid_interpreter_fault_order_is_apx_cpl_canonical_memory_then_descriptor ... ok
test smir::lift::x86_64::tests::invpcid::invpcid_interpreter_reads_one_complete_descriptor_and_accepts_all_types ... ok
test smir::lift::x86_64::tests::legacy_0f38::every_profile_disabled_legacy_wrss_prefix_class_and_modrm_byte_is_terminal ... ok
test smir::lift::x86_64::tests::legacy_0f3a::every_unhandled_legacy_0f3a_opcode_is_terminal_at_the_opcode_frontier ... ok
test smir::lift::x86_64::tests::legacy_0f38::every_profile_disabled_key_locker_opcode_and_modrm_byte_is_terminal ... ok
test smir::lift::x86_64::tests::legacy_0f38::every_undispatched_legacy_0f38_opcode_is_terminal_at_the_opcode_frontier ... ok
test smir::lift::x86_64::tests::legacy_0f3a::legacy_0f3a_terminal_is_mode_independent_and_preserves_prefix_frontiers ... ok
test smir::lift::x86_64::tests::legacy_0f::every_profile_terminal_0f_cell_is_an_exact_invalid_opcode_frontier ... ok
test smir::lift::x86_64::tests::legacy_0f38::key_locker_mandatory_f3_dominates_redundant_66_without_hiding_aes ... ok
test smir::lift::x86_64::tests::legacy_0f::legacy_0f_terminal_preserves_prefix_frontiers ... ok
test smir::lift::x86_64::tests::legacy_0f38::legacy_0f38_terminal_matches_the_fixed_profile_and_absolute_frontiers ... ok
test smir::lift::x86_64::tests::lmsw::lmsw_ignores_operand_size_rex_w_repeat_and_register_segment_prefixes ... ok
test smir::lift::x86_64::tests::lmsw::lmsw_interpreter_memory_source_reads_exactly_two_bytes_after_guards ... ok
test smir::lift::x86_64::tests::lmsw::lmsw_interpreter_updates_only_low_four_bits_cannot_clear_pe_and_preserves_flags ... ok
test smir::lift::x86_64::tests::lmsw::lmsw_metadata_tracks_exact_source_memory_and_serializing_side_effects ... ok
test smir::lift::x86_64::tests::lmsw::lmsw_strictly_lifts_fixed_width_register_sources_and_rex_extensions ... ok
test smir::lift::x86_64::tests::lmsw::lmsw_strictly_lifts_state_backed_memory_sources_at_exact_addresses ... ok
test smir::lift::x86_64::tests::lmsw::lmsw_interpreter_orders_apx_then_cpl_before_source_and_allows_real_mode ... ok
test smir::lift::x86_64::tests::lmsw::lmsw_interpreter_rejects_malformed_source_or_frontier_without_commit ... ok
test smir::lift::x86_64::tests::lmsw::lmsw_survives_o2_with_register_or_memory_source ... ok
test smir::lift::x86_64::tests::mmx_convert::exact_operands_widths_rex_extensions_and_mmx_transitions_are_lifted ... ok
test smir::lift::x86_64::tests::mmx_convert::int_to_fp_rounding_widths_upper_state_and_exceptions_match_mxcsr ... ok
test smir::lift::x86_64::tests::mmx_convert::memory_forms_enforce_alignment_fault_atomicity_and_cvtpi2pd_no_mmx_transition ... ok
test smir::lift::x86_64::tests::mmx_convert::memory_width_alignment_addressing_and_state_transition_asymmetry_are_exact ... ok
test smir::lift::x86_64::tests::monitor_mwait::monitor_and_mwait_strictly_lift_as_exact_straight_line_ops ... ok
test smir::lift::x86_64::tests::mmx_convert::reserved_prefixes_fail_and_scalar_f2_f3_cells_remain_disjoint ... ok
test smir::lift::x86_64::tests::mmx_xmm_transfer::canonical_interpreter_preserves_flags_other_registers_and_upper_backing_at_all_levels ... ok
test smir::lift::x86_64::tests::mmx_convert::fp_to_int_rounding_truncation_special_values_daz_and_atomic_exceptions_are_exact ... ok
test smir::lift::x86_64::tests::monitor_mwait::monitor_mwait_ignore_documented_prefixes_and_reject_lock ... ok
test smir::lift::x86_64::tests::mmx_xmm_transfer::memory_reserved_prefix_rex2_and_truncation_shapes_fail_closed ... ok
test smir::lift::x86_64::tests::monitor_mwait::monitor_mwait_interpreter_fault_priority_is_cpl_then_rcx_then_memory ... ok
test smir::lift::x86_64::tests::monitor_mwait::monitor_mwait_interpreter_success_preserves_registers_and_flags ... ok
test smir::lift::x86_64::tests::monitor_mwait::monitor_mwait_metadata_exposes_faulting_read_and_implicit_inputs ... ok
test smir::lift::x86_64::tests::monitor_mwait::monitor_lift_preserves_addr32_and_fs_gs_segment_semantics ... ok
test smir::lift::x86_64::tests::legacy_0f::no_two_byte_opcode_reaches_a_generic_unimplemented_diagnostic ... ok
test smir::lift::x86_64::tests::mmx_xmm_transfer::every_register_modrm_and_rex_shape_strictly_lifts_with_exact_register_files ... ok
test smir::lift::x86_64::tests::movdir64b::legacy_movdir64b_interpreter_preserves_fault_priority_and_direction ... ok
test smir::lift::x86_64::tests::movdir64b::apx_movdir64b_rejects_reserved_fields_and_reports_absolute_incomplete_lengths ... ok
test smir::lift::x86_64::tests::monitor_mwait::monitor_and_mwait_survive_o2_as_observable_operations ... ok
test smir::lift::x86_64::tests::movdir64b::apx_movdir64b_strictly_lifts_egpr_and_complex_address_forms ... ok
test smir::lift::x86_64::tests::movdir64b::legacy_movdir64b_applies_addr32_and_segment_only_to_the_correct_operands ... ok
test smir::lift::x86_64::tests::movdir64b::legacy_movdir64b_rejects_invalid_and_incomplete_encodings ... ok
test smir::lift::x86_64::tests::movdir64b::legacy_movdir64b_lifts_exact_register_source_and_destination_forms ... ok
test smir::lift::x86_64::tests::movdiri::apx_movdiri_rejects_reserved_fields_and_reports_absolute_incomplete_lengths ... ok
test smir::lift::x86_64::tests::mmx_convert::every_modrm_rex_and_mandatory_prefix_shape_strictly_lifts ... ok
test smir::lift::x86_64::tests::movdir64b::apx_movdir64b_dynamic_guard_precedes_alignment_and_memory_faults ... ok
test smir::lift::x86_64::tests::movdiri::apx_movdiri_dynamic_guard_precedes_store_and_survives_o2 ... ok
test smir::lift::x86_64::tests::movdir64b::legacy_movdir64b_remains_ordered_in_a_strict_o2_loop ... ok
test smir::lift::x86_64::tests::movdiri::legacy_movdiri_executes_exact_store_through_smir_interpreter ... ok
test smir::lift::x86_64::tests::movdiri::legacy_movdiri_rejects_invalid_and_incomplete_encodings ... ok
test smir::lift::x86_64::tests::movdiri::legacy_movdiri_lifts_exact_width_register_and_address_forms ... ok
test smir::lift::x86_64::tests::movdiri::apx_movdiri_strictly_lifts_both_widths_and_all_egpr_address_fields ... ok
test smir::lift::x86_64::tests::movdiri::legacy_movdiri_preserves_addr32_segments_and_ignorable_rep_prefixes ... ok
test smir::lift::x86_64::tests::msr::msr_interpreter_models_tsc_and_tsc_adjust_in_one_clock_domain ... ok
test smir::lift::x86_64::tests::msr::msr_interpreter_real_mode_bypasses_stale_cpl ... ok
test smir::lift::x86_64::tests::msr::msr_interpreter_roundtrips_state_and_zero_extends_rdmsr_outputs ... ok
test smir::lift::x86_64::tests::movdiri::legacy_movdiri_remains_in_a_strict_o2_loop_without_a_frontier ... ok
test smir::lift::x86_64::tests::movdir64b::legacy_movdir64b_interpreter_buffers_overlap_and_truncates_addr32_offsets ... ok
test smir::lift::x86_64::tests::msr::rdmsr_wrmsr_strictly_lift_fixed_registers_and_exact_frontiers ... ok
test smir::lift::x86_64::tests::msr_extensions::disabled_msr_extension_terminates_strict_blocks_without_fallthrough ... ok
test smir::lift::x86_64::tests::msr::msr_metadata_distinguishes_read_destinations_from_write_sources ... ok
test smir::lift::x86_64::tests::msr::rdmsr_wrmsr_reject_lock_and_rex2_but_ignore_other_legacy_prefixes ... ok
test smir::lift::x86_64::tests::msr_extensions::disabled_msr_extensions_preserve_prefix_apx_and_vector_fault_equivalence ... ok
test smir::lift::x86_64::tests::msr_extensions::disabled_msr_extensions_strictly_lift_all_legacy_aliases_as_ud ... ok
test smir::lift::x86_64::tests::msr::msr_interpreter_faults_are_precise_and_noncommitting ... ok
test smir::lift::x86_64::tests::msr::msr_accesses_survive_o2_in_program_order ... ok
test smir::lift::x86_64::tests::opmask::strict_lifter_preserves_kmov_address_size_segment_sib_and_rip_relative_metadata ... ok
test smir::lift::x86_64::tests::opmask::strict_lifter_reports_truncated_modrm_displacement_and_shift_immediate_precisely ... ok
test smir::lift::x86_64::tests::opmask::strict_lifter_rejects_every_reserved_opmask_encoding_axis ... ok
test smir::lift::x86_64::tests::opmask::known_llvm_encodings_lift_without_an_interpreter_frontier ... ok
test smir::lift::x86_64::tests::opmask::strict_lifter_accepts_every_unpack_and_immediate_shift_width ... ok
test smir::lift::x86_64::tests::opmask::strict_lifter_accepts_every_kmov_direction_width_and_operand_class ... ok
test smir::lift::x86_64::tests::opmask::strict_lifter_accepts_every_logical_arithmetic_not_and_test_width ... ok
test smir::lift::x86_64::tests::ordinary_stack::group5_push_rsp_scanner_images_snapshot_the_predecrement_value ... ok
test smir::lift::x86_64::tests::ordinary_stack::group5_memory_push_reads_old_rsp_before_decrement_at_the_exact_width ... ok
test smir::lift::x86_64::tests::ordinary_stack::all_112_register_pop_rm_images_use_the_canonical_pop_graph ... ok
test smir::lift::x86_64::tests::ordinary_stack::push_imm32_66_rex_w_consumes_all_256_scanner_images ... ok
test smir::lift::x86_64::tests::packed_string::legacy_pcmpxstrx_rejects_invalid_and_incomplete_encodings ... ok
test smir::lift::x86_64::tests::packed_string::legacy_pcmpestri_rex_w_selects_high_xmm_registers_and_64_bit_lengths ... ok
test smir::lift::x86_64::tests::ordinary_stack::all_scanner_prefixes_select_one_exact_stack_width_for_every_ordinary_form ... ok
test smir::lift::x86_64::tests::ordinary_stack::rex_must_be_the_final_legacy_prefix_to_override_operand_size ... ok
test smir::lift::x86_64::tests::ordinary_stack::complete_rex2_payload_space_preserves_w_precedence_for_every_ordinary_form ... ok
test smir::lift::x86_64::tests::packed_string::malformed_packed_string_ir_exits_undefined_without_partial_writeback ... ok
test smir::lift::x86_64::tests::packed_string::legacy_pcmpxstrx_tracks_rip_addr32_segment_and_unaligned_memory_contracts ... ok
test smir::lift::x86_64::tests::packed_string::legacy_pcmpxstrx_family_stays_in_one_strict_block_before_hlt_frontier ... ok
test smir::lift::x86_64::tests::packed_string::legacy_pcmpxstrx_strictly_lifts_all_four_forms_and_dependencies ... ok
test smir::lift::x86_64::tests::packed_string::packed_string_memory_source_accepts_unaligned_m128_without_general_protection ... ok
test smir::lift::x86_64::tests::packed_string::packed_string_interpreter_matches_hard_coded_byte_mask_index_and_flags ... ok
test smir::lift::x86_64::tests::packed_string::packed_string_interpreter_handles_implicit_strlen_signed_words_and_rex_w_lengths ... ok
test smir::lift::x86_64::tests::packed_string::vex_pcmpxstrx_rejects_reserved_prefix_fields_and_truncation ... ok
test smir::lift::x86_64::tests::packed_string::vex_pcmpxstrx_strictly_lifts_all_forms_w_bits_and_high_registers ... ok
test smir::lift::x86_64::tests::packed_string::packed_string_copy_propagation_o2_and_native_gate_remain_exact ... ok
test smir::lift::x86_64::tests::pconfig::disabled_pconfig_strictly_lifts_as_an_exact_invalid_opcode_trap ... ok
test smir::lift::x86_64::tests::packed_string::vex_pcmpxstrx_interpreter_zeroes_mask_upper_state_and_honors_w_lengths ... ok
test smir::lift::x86_64::tests::pconfig::disabled_pconfig_preserves_prefix_and_apx_fault_equivalence ... ok
test smir::lift::x86_64::tests::pkru::pkru_distinguishes_f3_user_interrupt_aliases_and_rejects_lock ... ok
test smir::lift::x86_64::tests::pconfig::disabled_pconfig_terminates_strict_blocks_without_fallthrough ... ok
test smir::lift::x86_64::tests::packed_string::vex_pcmpxstrx_tracks_rip_addr32_segment_and_unaligned_memory_contracts ... ok
test smir::lift::x86_64::tests::pkru::pkru_ignores_legacy_size_rex_and_nonmandatory_repeat_prefixes ... ok
test smir::lift::x86_64::tests::pkru::pkru_instructions_strictly_lift_without_an_interpreter_frontier ... ok
test smir::lift::x86_64::tests::pkru::rdpkru_interpreter_zero_extends_outputs_ignores_high_ecx_and_preserves_flags ... ok
test smir::lift::x86_64::tests::pkru::wrpkru_interpreter_uses_low_eax_ignores_high_selectors_and_preserves_inputs ... ok
test smir::lift::x86_64::tests::pkru::pkru_interpreter_faults_before_any_destination_or_state_commit ... ok
test smir::lift::x86_64::tests::pop_segment::pop_fs_gs_apx_mode_and_shape_guards_are_noncommitting ... ok
test smir::lift::x86_64::tests::pop_segment::pop_fs_gs_reject_lock_and_invalid_rex2_order ... ok
test smir::lift::x86_64::tests::pop_segment::pop_fs_gs_interpreter_loads_cache_sets_accessed_then_commits_exact_width ... ok
test smir::lift::x86_64::tests::pop_segment::pop_fs_gs_accessed_bit_write_fault_does_not_commit_selector_cache_or_rsp ... ok
test smir::lift::x86_64::tests::pop_segment::pop_fs_gs_noncanonical_or_wrapping_range_raises_ss_before_memory ... ok
test smir::lift::x86_64::tests::pkru::pkru_metadata_exposes_exact_conditional_dataflow_and_fault_side_effects ... ok
test smir::lift::x86_64::tests::pop_segment::pop_fs_gs_metadata_and_optimizer_preserve_atomic_stack_effect ... ok
test smir::lift::x86_64::tests::pop_segment::pop_fs_gs_null_selector_commits_unusable_cache_and_rsp ... ok
test smir::lift::x86_64::tests::ptwrite::every_legacy_ptwrite_register_selector_is_an_exact_invalid_opcode_trap ... ok
test smir::lift::x86_64::tests::ptwrite::disabled_ptwrite_terminates_a_strict_block_at_the_faulting_instruction ... ok
test smir::lift::x86_64::tests::ptwrite::every_complete_legacy_ptwrite_memory_shape_is_terminal_ud ... ok
test smir::lift::x86_64::tests::pop_segment::pop_fs_gs_source_and_descriptor_faults_are_precise_and_noncommitting ... ok
test smir::lift::x86_64::tests::pop_segment::pop_fs_gs_rex2_map1_exhaustively_ignores_non_w_payload_and_requires_apx ... ok
test smir::lift::x86_64::tests::ptwrite::lock_ptwrite_forms_are_terminal_ud_without_operand_observation ... ok
test smir::lift::x86_64::tests::ptwrite::ptwrite_address_truncation_remains_incomplete_not_ud ... ok
test smir::lift::x86_64::tests::pop_segment::pop_fs_gs_strictly_lift_exact_stack_width_frontier_and_rex_w_precedence ... ok
test smir::lift::x86_64::tests::ptwrite::rex2_ptwrite_forms_converge_on_the_same_profile_disabled_ud ... ok
test smir::lift::x86_64::tests::pkru::pkru_o2_retains_write_read_order_and_fixed_implicit_operands ... ok
test smir::lift::x86_64::tests::ptwrite::unprefixed_group15_slash4_remains_xsave ... ok
test smir::lift::x86_64::tests::push_segment::push_fs_gs_rex2_map1_exhaustively_ignores_non_w_payload_and_requires_apx ... ok
test smir::lift::x86_64::tests::push_segment::push_fs_gs_strictly_lift_exact_stack_width_and_rex_w_precedence ... ok
test smir::lift::x86_64::tests::push_segment::push_fs_gs_reject_lock_and_invalid_rex2_order ... ok
test smir::lift::x86_64::tests::push_segment::push_fs_gs_interpreter_apx_mode_and_shape_guards_are_noncommitting ... ok
test smir::lift::x86_64::tests::push_segment::push_fs_gs_interpreter_faults_are_precise_and_noncommitting ... ok
test smir::lift::x86_64::tests::push_segment::push_fs_gs_interpreter_commits_exact_width_only_after_store ... ok
test smir::lift::x86_64::tests::push_segment::push_fs_gs_metadata_and_optimizer_preserve_atomic_stack_effect ... ok
test smir::lift::x86_64::tests::rdpmc::rdpmc_ignores_legacy_and_rex_prefixes_but_rejects_lock_and_rex2 ... ok
test smir::lift::x86_64::tests::rdpmc::rdpmc_interpreter_fast_mode_returns_only_low_32_bits ... ok
test smir::lift::x86_64::tests::rdpmc::rdpmc_strictly_lifts_with_exact_implicit_registers ... ok
test smir::lift::x86_64::tests::rdpmc::rdpmc_interpreter_masks_to_40_bits_zero_extends_and_preserves_state ... ok
test smir::lift::x86_64::tests::rdpmc::rdpmc_interpreter_allows_each_architectural_privilege_bypass ... ok
test smir::lift::x86_64::tests::rdpmc::rdpmc_metadata_tracks_selector_destinations_and_volatile_read ... ok
test smir::lift::x86_64::tests::rdtscp::rdtscp_strictly_lifts_without_an_interpreter_frontier ... ok
test smir::lift::x86_64::tests::rdpmc::rdpmc_interpreter_faults_are_precise_and_noncommitting ... ok
test smir::lift::x86_64::tests::rdtscp::rdtscp_interpreter_reads_cycle_and_guest_aux_with_zero_extending_writes ... ok
test smir::lift::x86_64::tests::rdtscp::timestamp_interpreter_allows_each_architectural_tsd_bypass ... ok
test smir::lift::x86_64::tests::rdtscp::timestamp_interpreter_tsd_fault_is_precise_and_noncommitting ... ok
test smir::lift::x86_64::tests::rdtscp::timestamp_reads_ignore_non_lock_legacy_and_rex_prefixes ... ok
test smir::lift::x86_64::tests::read_control::mov_from_control_register_ignores_mod_bits_without_consuming_an_address ... ok
test smir::lift::x86_64::tests::rdpmc::rdpmc_reads_survive_o2_in_program_order ... ok
test smir::lift::x86_64::tests::read_control::mov_from_control_register_ignores_non_lock_legacy_size_and_repeat_prefixes ... ok
test smir::lift::x86_64::tests::read_control::mov_from_control_register_metadata_is_implicit_stateful_and_jit_safe ... ok
test smir::lift::x86_64::tests::rdtscp::timestamp_metadata_tracks_exact_destinations_and_volatile_read ... ok
test smir::lift::x86_64::tests::read_control::mov_from_control_register_models_reserved_numbers_as_ud_and_rejects_lock ... ok
test smir::lift::x86_64::tests::read_control::mov_from_control_register_interpreter_privilege_check_is_dynamic_and_noncommitting ... ok
test smir::lift::x86_64::tests::read_control::mov_from_control_register_strictly_lifts_every_register_and_extension ... ok
test smir::lift::x86_64::tests::read_debug::mov_from_debug_register_ignores_mod_bits_without_consuming_an_address ... ok
test smir::lift::x86_64::tests::read_debug::mov_from_debug_register_accepts_ignored_prefixes_and_traps_invalid_extensions ... ok
test smir::lift::x86_64::tests::read_debug::mov_from_debug_register_metadata_is_implicit_stateful_and_jit_safe ... ok
test smir::lift::x86_64::tests::read_control::mov_from_control_register_survives_o2_when_its_destination_is_dead ... ok
test smir::lift::x86_64::tests::read_control::mov_from_control_register_interpreter_reads_exact_state_and_preserves_flags ... ok
test smir::lift::x86_64::tests::rdtscp::timestamp_reads_survive_o2_in_program_order ... ok
test smir::lift::x86_64::tests::reserved_nop::lock_every_empty_hint_form_is_an_explicit_ud_without_operand_fetch ... ok
test smir::lift::x86_64::tests::read_debug::mov_from_debug_register_interpreter_models_de_cpl_and_general_detect_faults ... ok
test smir::lift::x86_64::tests::reserved_nop::lock_reserved_nop_0f19_is_an_explicit_ud_without_operand_fetch ... ok
test smir::lift::x86_64::tests::reserved_nop::reserved_nop_0f19_strictly_lifts_every_modrm_register_form ... ok
test smir::lift::x86_64::tests::read_debug::mov_from_debug_register_strictly_lifts_every_selector_and_gpr_extension ... ok
test smir::lift::x86_64::tests::reserved_nop::reserved_nop_0f19_consumes_prefixes_rex2_and_complete_address_forms ... ok
test smir::lift::x86_64::tests::read_debug::mov_from_debug_register_survives_o2_when_its_destination_is_dead ... ok
test smir::lift::x86_64::tests::read_debug::mov_from_debug_register_interpreter_reads_exact_state_aliases_and_preserves_flags ... ok
test smir::lift::x86_64::tests::reserved_nop::reserved_nop_0f1d_keeps_the_following_instruction_in_the_strict_function ... ok
test smir::lift::x86_64::tests::primary_dispatch::every_primary_opcode_is_dispatched_or_intercepted_before_legacy_match ... ok
test smir::lift::x86_64::tests::reserved_nop::reserved_nop_reports_exact_incomplete_address_boundaries ... ok
test smir::lift::x86_64::tests::rex2_admission::generic_rex2_guard_precedes_memory_and_survives_o2_without_commit ... ok
test smir::lift::x86_64::tests::reserved_nop::reserved_nop_0f1d_strictly_lifts_all_3584_scanner_images ... ok
test smir::lift::x86_64::tests::rex2_no_effect::every_rex2_no_effect_family_retains_one_dynamic_apx_guard ... ok
test smir::lift::x86_64::tests::rex2_admission::reserved_rex2_rows_prefix_bytes_and_xsave_groups_trap_before_operand_decode ... ok
test smir::lift::x86_64::tests::rex2_no_effect::ignored_rex2_payload_space_retains_exactly_one_apx_guard ... ok
test smir::lift::x86_64::tests::rex2_no_effect::legacy_no_effect_forms_remain_operation_free ... ok
test smir::lift::x86_64::tests::reserved_nop::rex2_reserved_nop_guard_metadata_interpretation_and_o2_are_exact ... ok
test smir::lift::x86_64::tests::rex2_no_effect::rex2_b_extension_keeps_xchg_precedence_over_pause_aliasing ... ok
test smir::lift::x86_64::tests::rex2_no_effect::rex2_cldemote_memory_guard_precedes_address_and_hint_ops ... ok
test smir::lift::x86_64::tests::scalar::lea_ignores_segment_override ... ok
test smir::lift::x86_64::tests::rex2_no_effect::lock_no_effect_forms_fail_before_any_operand_or_immediate_fetch ... ok
test smir::lift::x86_64::tests::scalar::lea_lifts_architectural_destination_width ... ok
test smir::lift::x86_64::tests::scalar::lift_bit_test_register_forms_widths_and_partial_destinations ... ok
test smir::lift::x86_64::tests::scalar::lift_bit_test_lock_atomic_and_invalid_encodings ... ok
test smir::lift::x86_64::tests::scalar::lift_byte_group3_models_ax_as_the_only_implicit_destination ... ok
test smir::lift::x86_64::tests::scalar::lift_cbw_cwde_cdqe_widths ... ok
test smir::lift::x86_64::tests::scalar::lift_cmpxchg_accumulator_destination_alias_is_one_exact_operation ... ok
test smir::lift::x86_64::tests::scalar::lift_bit_test_memory_bit_string_and_group8_forms ... ok
test smir::lift::x86_64::tests::scalar::lift_fxsave_fxrstor_width_addressing_and_legality ... ok
test smir::lift::x86_64::tests::scalar::lift_lahf_sahf_use_exact_status_mask ... ok
test smir::lift::x86_64::tests::scalar::lift_fwait_and_memory_fences ... ok
test smir::lift::x86_64::tests::scalar::lift_group4_register_memory_lock_and_invalid_forms ... ok
test smir::lift::x86_64::tests::scalar::lift_legacy_group2_sal_alias_marks_memory_sequence_jit_unsafe ... ok
test smir::lift::x86_64::tests::scalar::lift_lock_xadd_register_rejected_like_spec ... ok
test smir::lift::x86_64::tests::reserved_nop::every_rex2_empty_hint_form_gets_one_dynamic_apx_guard ... ok
test smir::lift::x86_64::tests::scalar::lift_lock_cmpxchg_register_rejected_like_spec ... ok
test smir::lift::x86_64::tests::scalar::lift_dot_products_covers_masks_widths_alignment_wig_and_invalids ... ok
test smir::lift::x86_64::tests::scalar::lift_mov_moffs_address_width_segment_and_direction ... ok
test smir::lift::x86_64::tests::rex2_admission::every_successful_rex2_opcode_root_retains_exactly_ordered_dynamic_admission ... ok
test smir::lift::x86_64::tests::scalar::lift_pop_rm_orders_rsp_update_before_memory_destination ... ok
test smir::lift::x86_64::tests::scalar::lift_rdtsc_has_exact_destinations_and_length ... ok
test smir::lift::x86_64::tests::scalar::lift_movx_legacy_high_byte_sources_without_virtual_capture ... ok
test smir::lift::x86_64::tests::scalar::lift_short_push_pop_preserves_stack_width_and_rsp_alias_ordering ... ok
test smir::lift::x86_64::tests::scalar::lift_nop_cache_and_prefetch_hints_consume_complete_encodings ... ok
test smir::lift::x86_64::tests::scalar::lift_pushf_popf_owns_each_fault_precise_stack_transaction ... ok
test smir::lift::x86_64::tests::scalar::lift_crc32c_covers_widths_high_bytes_rex_aliases_memory_and_invalids ... ok
test smir::lift::x86_64::tests::scalar::lift_loop_family_counter_width_targets_and_flag_restoration ... ok
test smir::lift::x86_64::tests::scalar::lift_xadd_same_register_writes_sum_last_like_llvm ... ok
test smir::lift::x86_64::tests::scalar::lift_xadd_retains_legacy_high_byte_and_rex_low_byte_lanes ... ok
test smir::lift::x86_64::tests::scalar::lift_xlat_models_index_width_segment_and_invalid_lock ... ok
test smir::lift::x86_64::tests::scalar::lift_xgetbv_xsetbv_fixed_encodings_and_legality ... ok
test smir::lift::x86_64::tests::scalar::mov_gs_load_produces_segmentrel ... ok
test smir::lift::x86_64::tests::scalar::test_lift_block ... ok
test smir::lift::x86_64::tests::scalar::lift_x87_environment_control_encodings_and_legality ... ok
test smir::lift::x86_64::tests::scalar::lift_xsave_xsaveopt_xrstor_width_addressing_and_legality ... ok
test smir::lift::x86_64::tests::scalar::test_lift_jmp ... ok
test smir::lift::x86_64::tests::scalar::test_lift_jcc ... ok
test smir::lift::x86_64::tests::scalar::test_lift_mov_r_imm ... ok
test smir::lift::x86_64::tests::scalar::test_lift_nop ... ok
test smir::lift::x86_64::tests::scalar::memory_rmw_flag_updates_follow_the_potentially_faulting_store ... ok
test smir::lift::x86_64::tests::scalar::test_lift_push_pop ... ok
test smir::lift::x86_64::tests::scalar::test_lift_test_acc_imm ... ok
test smir::lift::x86_64::tests::segment_selector_load::mov_sreg_rm_invalid_selectors_are_explicit_ud_and_lock_is_decode_invalid ... ok
test smir::lift::x86_64::tests::segment_selector_load::mov_sreg_rm_lifts_exact_memory_width_address_and_stack_fault_metadata ... ok
test smir::lift::x86_64::tests::segment_selector_load::mov_sreg_rm_memory_w_reads_eight_bytes_and_faults_without_commit ... ok
test smir::lift::x86_64::tests::segment_selector_load::mov_sreg_rm_interpreter_fault_matrix_is_ordered_and_noncommitting ... ok
test smir::lift::x86_64::tests::segment_selector_load::mov_sreg_rm_metadata_and_optimizer_preserve_descriptor_side_effects ... ok
test smir::lift::x86_64::tests::segment_selector_load::mov_sreg_rm_rex2_map0_exhaustively_ignores_r_fields_and_extends_only_source ... ok
test smir::lift::x86_64::tests::segment_selector_load::mov_sreg_rm_null_real_vm86_and_long_mode_ss_rules_are_exact ... ok
test smir::lift::x86_64::tests::scalar::lock_memory_alu_group3_and_group5_use_atomic_rmw ... ok
test smir::lift::x86_64::tests::segment_selector_load::mov_sreg_rm_interpreter_loads_every_cache_sets_accessed_and_ss_shadow ... ok
test smir::lift::x86_64::tests::segment_selector_store::cs_selector_is_fail_closed_when_injected_into_selector_load_ir ... ok
test smir::lift::x86_64::tests::segment_selector_load::mov_sreg_rm_strictly_lifts_all_legal_register_selectors_and_ignores_r_extensions ... ok
test smir::lift::x86_64::tests::scalar::lift_x87_exact_data_transfer_encodings_addressing_and_legality ... ok
test smir::lift::x86_64::tests::segment_selector_store::mov_rm_sreg_lifts_exact_memory_shapes_and_fixed_two_byte_store ... ok
test smir::lift::x86_64::tests::segment_selector_store::mov_rm_sreg_interpreter_memory_store_is_exactly_two_bytes_and_fault_precise ... ok
test smir::lift::x86_64::tests::segment_selector_store::mov_rm_sreg_interpreter_apx_gate_and_non_x86_shape_are_noncommitting ... ok
test smir::lift::x86_64::tests::segment_selector_store::mov_rm_sreg_accepts_ignored_prefixes_and_rejects_decode_invalid_forms ... ok
test smir::lift::x86_64::tests::segment_selector_store::mov_rm_sreg_non_strict_oracle_path_preserves_selector_width_and_length ... ok
test smir::lift::x86_64::tests::segment_selector_store::mov_rm_sreg_rex2_map0_exhaustively_ignores_r_fields_and_extends_only_destination ... ok
test smir::lift::x86_64::tests::segment_selector_store::mov_rm_sreg_strictly_lifts_every_selector_and_register_width ... ok
test smir::lift::x86_64::tests::segment_selector_store::mov_rm_sreg_optimizer_preserves_every_payload_at_all_levels ... ok
test smir::lift::x86_64::tests::segment_selector_store::mov_rm_sreg_interpreter_reads_all_selectors_commits_exact_widths_and_ignores_system_guards ... ok
test smir::lift::x86_64::tests::selector::lldt_interpreter_null_selectors_invalidate_without_descriptor_access ... ok
test smir::lift::x86_64::tests::selector::lldt_interpreter_compatibility_mode_reads_only_the_legacy_descriptor ... ok
test smir::lift::x86_64::tests::selector::lldt_interpreter_apx_mode_privilege_then_memory_fault_priority_is_precise ... ok
test smir::lift::x86_64::tests::selector::lldt_interpreter_loads_visible_selector_complete_hidden_cache_and_preserves_flags ... ok
test smir::lift::x86_64::tests::selector::lldt_interpreter_faults_are_ordered_and_noncommitting ... ok
test smir::lift::x86_64::tests::selector::ltr_interpreter_marks_descriptor_busy_loads_complete_cache_and_preserves_state ... ok
test smir::lift::x86_64::tests::selector::ltr_interpreter_busy_store_fault_leaves_descriptor_and_tr_uncommitted ... ok
test smir::lift::x86_64::tests::selector::selector_loads_lift_fixed_two_byte_memory_addresses_and_apx_components ... ok
test smir::lift::x86_64::tests::selector::ltr_interpreter_fault_matrix_is_ordered_and_noncommitting ... ok
test smir::lift::x86_64::tests::selector::selector_loads_ignore_operand_size_prefixes_reject_lock_and_expose_effects ... ok
test smir::lift::x86_64::tests::selector::selector_loads_strictly_lift_fixed_width_register_sources_and_apx ... ok
test smir::lift::x86_64::tests::selector::selector_store_interpreter_commits_exact_widths_selectors_and_preserves_flags ... ok
test smir::lift::x86_64::tests::selector::ltr_interpreter_compatibility_and_legacy_tss_types_are_exact ... ok
test smir::lift::x86_64::tests::selector::selector_store_metadata_exposes_register_and_faulting_memory_effects ... ok
test smir::lift::x86_64::tests::selector::selector_stores_lift_fixed_two_byte_memory_addresses_and_apx_components ... ok
test smir::lift::x86_64::tests::selector::selector_stores_honor_prefixes_and_reject_lock ... ok
test smir::lift::x86_64::tests::selector::selector_store_interpreter_rejects_malformed_target_and_o2_retains_effects ... ok
test smir::lift::x86_64::tests::selector::selector_stores_strictly_lift_both_selectors_register_widths_and_rex_extensions ... ok
test smir::lift::x86_64::tests::selector::selector_store_interpreter_fault_order_is_apx_mode_umip_then_memory ... ok
test smir::lift::x86_64::tests::selector::ltr_implicit_busy_write_invalidates_proven_load_forwarding ... ok
test smir::lift::x86_64::tests::selector_query::selector_query_lifts_fixed_two_byte_memory_address_and_segment_forms ... ok
test smir::lift::x86_64::tests::selector_query::selector_query_interpreter_compatibility_uses_lma_not_cs_l_for_type_format ... ok
test smir::lift::x86_64::tests::selector_query::selector_query_interpreter_noncanonical_source_selects_ss_or_gp ... ok
test smir::lift::x86_64::tests::selector_query::selector_query_interpreter_width_values_presence_alias_and_flags_are_exact ... ok
test smir::lift::x86_64::tests::selector_query::selector_query_interpreter_invalid_selectors_preserve_destination_and_clear_only_zf ... ok
test smir::lift::x86_64::tests::selector_query::selector_query_rejects_lock_and_reports_incomplete_modrm ... ok
test smir::lift::x86_64::tests::selector_query::selector_query_interpreter_mode_apx_and_memory_faults_do_not_commit ... ok
test smir::lift::x86_64::tests::selector_query::selector_query_metadata_tracks_conditional_destination_zf_and_memory ... ok
test smir::lift::x86_64::tests::selector_query::selector_query_strictly_lifts_width_rex_and_apx_register_forms ... ok
test smir::lift::x86_64::tests::selector_query::selector_query_survives_o2_and_preserves_conditional_destination_liveness ... ok
test smir::lift::x86_64::tests::selector_query::selector_query_interpreter_ia32e_system_descriptor_high_half_is_precise ... ok
test smir::lift::x86_64::tests::selector_verify::selector_verify_interpreter_noncanonical_source_selects_ss_or_gp_without_commit ... ok
test smir::lift::x86_64::tests::selector_verify::selector_verify_interpreter_memory_mode_apx_and_fault_order_are_precise ... ok
test smir::lift::x86_64::tests::selector_verify::selector_verify_lifts_fixed_two_byte_memory_and_segment_classification ... ok
test smir::lift::x86_64::tests::selector_verify::selector_verify_interpreter_selector_failures_do_not_access_descriptors ... ok
test smir::lift::x86_64::tests::selector_verify::selector_verify_interpreter_type_privilege_presence_and_flags_are_exact ... ok
test smir::lift::x86_64::tests::selector_verify::selector_verify_metadata_is_zf_only_memory_observable_and_jit_safe ... ok
test smir::lift::x86_64::tests::selector_verify::selector_verify_interpreter_memory_faults_do_not_commit_zf ... ok
test smir::lift::x86_64::tests::selector_verify::selector_verify_rejects_lock_and_closes_reserved_group6_encodings ... ok
test smir::lift::x86_64::tests::serialize::serialize_distinguishes_fixed_prefix_aliases_and_rejects_lock ... ok
test smir::lift::x86_64::tests::serialize::serialize_ignores_legacy_size_segment_address_and_rex_prefixes ... ok
test smir::lift::x86_64::tests::serialize::serialize_strictly_lifts_without_an_interpreter_frontier ... ok
test smir::lift::x86_64::tests::serialize::serialize_metadata_is_side_effecting_flag_neutral_and_jit_safe ... ok
test smir::lift::x86_64::tests::serialize::serialize_survives_o2_without_data_destinations ... ok
test smir::lift::x86_64::tests::serialize::serialize_interpreter_preserves_registers_and_flags ... ok
test smir::lift::x86_64::tests::selector_verify::selector_verify_strictly_lifts_register_prefix_and_apx_forms ... ok
test smir::lift::x86_64::tests::sgx_controls::disabled_sgx_roots_strictly_lift_as_exact_invalid_opcode_traps ... ok
test smir::lift::x86_64::tests::sgx_controls::disabled_sgx_roots_preserve_prefix_and_feature_fault_equivalence ... ok
test smir::lift::x86_64::tests::selector_verify::selector_verify_survives_o2_and_repeated_observable_descriptor_reads ... ok
test smir::lift::x86_64::tests::sgx_controls::disabled_sgx_roots_terminate_strict_blocks_without_fallthrough ... ok
test smir::lift::x86_64::tests::sha_ni::legacy_sha_ni_alignment_fault_precedes_memory_access ... ok
test smir::lift::x86_64::tests::sha_ni::legacy_sha_ni_copy_propagation_rewrites_every_pure_source ... ok
test smir::lift::x86_64::tests::sha_ni::legacy_sha_ni_accepts_redundant_prefixes_and_rejects_faulting_encodings ... ok
test smir::lift::x86_64::tests::sha_ni::legacy_sha_ni_family_stays_in_one_strict_block_before_terminal_frontier ... ok
test smir::lift::x86_64::tests::sha_ni::legacy_sha_ni_strictly_lifts_every_exact_opcode_and_dependency ... ok
test smir::lift::x86_64::tests::sha_ni::legacy_sha_ni_tracks_memory_addressing_alignment_and_full_immediate_length ... ok
test smir::lift::x86_64::tests::sha_ni::malformed_sha256_rounds_without_xmm0_dependency_exits_undefined ... ok
test smir::lift::x86_64::tests::smsw::smsw_honors_only_operand_size_rex_w_and_address_size_prefix_effects ... ok
test smir::lift::x86_64::tests::sha_ni::legacy_sha_ni_o2_preserves_semantics_and_native_admission_stays_closed ... ok
test smir::lift::x86_64::tests::smsw::smsw_interpreter_rejects_malformed_architectural_targets_before_commit ... ok
test smir::lift::x86_64::tests::smsw::smsw_interpreter_memory_form_writes_exactly_two_bytes_after_guards ... ok
test smir::lift::x86_64::tests::smsw::smsw_interpreter_commits_exact_register_widths_and_preserves_flags ... ok
test smir::lift::x86_64::tests::smsw::smsw_interpreter_apx_and_umip_guards_are_ordered_and_noncommitting ... ok
test smir::lift::x86_64::tests::smsw::smsw_metadata_exposes_direct_destination_and_faulting_memory_effects ... ok
test smir::lift::x86_64::tests::smsw::smsw_strictly_lifts_state_backed_memory_addresses_without_width_drift ... ok
test smir::lift::x86_64::tests::smsw::smsw_strictly_lifts_register_widths_and_rex_extensions_exactly ... ok
test smir::lift::x86_64::tests::evex::mask::broadcast::every_evex_masked_memory_broadcast_uses_any_applicable_mask_bit_for_fault_suppression ... ok
test smir::lift::x86_64::tests::software_interrupt::int_imm8_canonical_interpreter_gates_rex2_on_apx_before_delivery ... ok
test smir::lift::x86_64::tests::software_interrupt::int_imm8_canonical_interpreter_rejects_an_x86_trap_in_non_x86_state ... ok
test smir::lift::x86_64::tests::software_interrupt::int_imm8_optimizer_preserves_exact_terminal_payload ... ok
test smir::lift::x86_64::tests::software_interrupt::int_imm8_canonical_interpreter_reports_exact_pending_delivery ... ok
test smir::lift::x86_64::tests::rex2_admission::rex2_control_debug_transfers_exhaust_every_payload_modrm_and_direction ... ok
test smir::lift::x86_64::tests::software_interrupt::int_imm8_non_strict_oracle_path_preserves_full_encoding_and_terminal_payload ... ok
test smir::lift::x86_64::tests::software_interrupt::int_imm8_interpreter_frontier_preserves_supported_native_prefix_at_exact_pc ... ok
test smir::lift::x86_64::tests::sse4a::strict_lifter_accepts_all_sse4a_bitfield_forms_and_exact_lengths ... ok
test smir::lift::x86_64::tests::software_interrupt::int_imm8_rex2_records_apx_dependency_and_rejects_illegal_or_incomplete_forms ... ok
test smir::lift::x86_64::tests::smsw::smsw_survives_o2_with_dead_register_or_memory_outputs ... ok
test smir::lift::x86_64::tests::software_interrupt::int_imm8_strictly_lifts_all_vectors_and_ignored_prefix_classes ... ok
test smir::lift::x86_64::tests::sse4a::strict_lifter_reports_both_missing_immediate_bytes_precisely ... ok
test smir::lift::x86_64::tests::sse4a::strict_lifter_terminalizes_reserved_sse4a_movnt_shapes_without_fallback ... ok
test smir::lift::x86_64::tests::sha_ni::legacy_sha_ni_interpreter_matches_sdm_vectors_and_preserves_upper_state ... ok
test smir::lift::x86_64::tests::sse4a::strict_lifter_accepts_movntss_movntsd_with_exact_width_address_and_guard_order ... ok
test smir::lift::x86_64::tests::sse4a::strict_lifter_terminalizes_reserved_sse4a_shapes_without_fallback ... ok
test smir::lift::x86_64::tests::sse::lift_mmx_movq_uses_v64_registers_ignores_rex_extensions_and_orders_faults ... ok
test smir::lift::x86_64::tests::sse3_fp_paired::lift_sse3_addsub_horizontal_covers_legacy_vex_widths_addresses_and_invalids ... ok
test smir::lift::x86_64::tests::sse::lift_avx_ne_convert_covers_all_forms_memory_widths_and_reserved_encodings ... ok
test smir::lift::x86_64::tests::sse::legacy_packed_sse_results_are_bounded_to_xmm_lanes ... ok
test smir::lift::x86_64::tests::sse::lift_movntdqa_covers_width_alignment_memory_only_and_invalids ... ok
test smir::lift::x86_64::tests::sse::lift_aesni_vaes_covers_rounds_unary_keygen_widths_memory_and_invalids ... ok
test smir::lift::x86_64::tests::sse::lift_movnti_covers_sizes_addresses_high_registers_and_invalids ... ok
test smir::lift::x86_64::tests::sse::lift_avx_permute_family_covers_domains_widths_masks_memory_and_invalids ... ok
test smir::lift::x86_64::tests::sse::lift_immediate_blends_cover_masks_repetition_alignment_aliases_and_invalids ... ok
test smir::lift::x86_64::tests::sse::lift_packed_variable_shifts_cover_encodings_elements_masks_memory_and_invalids ... ok
test smir::lift::x86_64::tests::sse::lift_packed_fp32_fp64_integer_conversions_cover_all_families_and_encodings ... ok
test smir::lift::x86_64::tests::sse::lift_maskmovdqu_covers_registers_implicit_addresses_and_reserved_forms ... ok
test smir::lift::x86_64::tests::sse::lift_packed_shift_count_covers_operations_widths_masks_mem128_and_invalids ... ok
test smir::lift::x86_64::tests::sse::lift_mpsadbw_covers_block_selectors_widths_alignment_aliases_and_invalids ... ok
test smir::lift::x86_64::tests::sse::lift_palignr_covers_forms_grouping_masks_memory_and_invalids ... ok
test smir::lift::x86_64::tests::sse::lift_pabs_family_covers_widths_masks_broadcasts_and_reserved_fields ... ok
test smir::lift::x86_64::tests::sse::lift_pmaddwd_covers_wrap_widths_masks_complete_memory_and_invalids ... ok
test smir::lift::x86_64::tests::sse::lift_pavgb_pavgw_covers_rounding_widths_masks_alignment_and_invalids ... ok
test smir::lift::x86_64::tests::sse::lift_phminposuw_covers_first_unsigned_minimum_alignment_and_invalids ... ok
test smir::lift::x86_64::tests::sse::lift_packed_extend_families_cover_shapes_tuples_masks_and_invalids ... ok
test smir::lift::x86_64::tests::sse::lift_pclmulqdq_covers_selectors_blocks_full_mem_and_invalids ... ok
test smir::lift::x86_64::tests::sse::lift_pmulld_pmulq_covers_widths_high_regs_masks_broadcasts_and_invalids ... ok
test smir::lift::x86_64::tests::sse::lift_pmuldq_covers_even_lanes_signed_products_masks_and_broadcasts ... ok
test smir::lift::x86_64::tests::sse::lift_round_family_covers_modes_merges_widths_alignment_and_invalids ... ok
test smir::lift::x86_64::tests::sse::lift_pmulhw_pmulhuw_covers_signedness_widths_masks_alignment_and_invalids ... ok
test smir::lift::x86_64::tests::stack_flags::lock_is_rejected_before_stack_flags_lifting ... ok
test smir::lift::x86_64::tests::sse::lift_psadbw_covers_widths_sources_alignment_tuples_wig_and_invalids ... ok
test smir::lift::x86_64::tests::stack_flags::rex2_payload_space_retains_apx_and_w_precedence ... ok
test smir::lift::x86_64::tests::stack_flags::stack_flags_metadata_is_stateful_faulting_and_flag_exact ... ok
test smir::lift::x86_64::tests::sti::sti_ignores_non_lock_legacy_rex_and_every_rex2_payload_field ... ok
test smir::lift::x86_64::tests::stack_flags::all_scanner_stack_flags_images_lift_without_fallback ... ok
test smir::lift::x86_64::tests::sse::lift_vcvtps2ph_reversed_operands_destinations_rounding_and_reserved_fields ... ok
test smir::lift::x86_64::tests::sti::sti_metadata_is_operand_free_status_neutral_stateful_and_jit_safe ... ok
test smir::lift::x86_64::tests::sse::lift_pmuludq_covers_unsigned_products_widths_masks_and_broadcasts ... ok
test smir::lift::x86_64::tests::sti::sti_rejects_lock_and_legacy_rex_immediately_before_rex2 ... ok
test smir::lift::x86_64::tests::sse::lift_variable_blends_cover_implicit_explicit_masks_is4_aliases_and_invalids ... ok
test smir::lift::x86_64::tests::sti::sti_strictly_lifts_to_one_exact_control_flag_operation ... ok
test smir::lift::x86_64::tests::sti::sti_interpreter_gp_faults_are_precise_noncommitting_and_end_prior_shadow ... ok
test smir::lift::x86_64::tests::sti::sti_interpreter_matches_if_vif_routing_and_exact_shadow_creation ... ok
test smir::lift::x86_64::tests::sti::sti_rex2_apx_fault_precedes_privilege_and_non_x86_contexts_fail_closed ... ok
test smir::lift::x86_64::tests::string_io::string_io_canonical_interpreter_reports_exact_noncommitting_handoff ... ok
test smir::lift::x86_64::tests::string_io::string_io_canonical_interpreter_gates_rex2_and_rejects_non_x86_state ... ok
test smir::lift::x86_64::tests::string_io::string_io_interpreter_frontier_preserves_supported_native_prefix_at_exact_pc ... ok
test smir::lift::x86_64::tests::sti::sti_o2_preserves_order_effect_and_fault_frontier ... ok
test smir::lift::x86_64::tests::string_io::string_io_non_strict_oracle_path_preserves_typed_terminal_metadata ... ok
test smir::lift::x86_64::tests::string_io::string_io_optimizer_preserves_exact_terminal_payload ... ok
test smir::lift::x86_64::tests::string_io::string_io_rejects_lock_and_invalid_rex2_ordering ... ok
test smir::lift::x86_64::tests::sse::lift_ptest_vptest_covers_reductions_flags_alignment_and_invalids ... ok
test smir::lift::x86_64::tests::string_io::string_io_preserves_exact_effective_segment_contract ... ok
test smir::lift::x86_64::tests::string_io::string_io_rex2_map0_is_exhaustive_apx_dependent_and_width_neutral ... ok
test smir::lift::x86_64::tests::svm_controls::disabled_svm_controls_terminate_strict_blocks_without_fallthrough ... ok
test smir::lift::x86_64::tests::svm_controls::disabled_svm_controls_strictly_lift_as_exact_invalid_opcode_traps ... ok
test smir::lift::x86_64::tests::svm_controls::disabled_svm_controls_preserve_prefix_and_vendor_fault_equivalence ... ok
test smir::lift::x86_64::tests::string_io::string_io_strictly_lifts_all_width_address_rep_and_rex_controls ... ok
test smir::lift::x86_64::tests::swapgs::swapgs_ignores_non_lock_legacy_rex_and_repeat_prefixes ... ok
test smir::lift::x86_64::tests::swapgs::swapgs_strictly_lifts_without_an_interpreter_frontier ... ok
test smir::lift::x86_64::tests::swapgs::swapgs_metadata_exposes_simultaneous_state_dataflow_and_faults ... ok
test smir::lift::x86_64::tests::swapgs::swapgs_survives_o2_with_exact_fixed_state_operands ... ok
test smir::lift::x86_64::tests::swapgs::swapgs_interpreter_cpl_fault_precedes_both_state_writes ... ok
test smir::lift::x86_64::tests::three_dnow::lift_3dnow_every_unassigned_suffix_is_a_complete_invalid_opcode_trap ... ok
test smir::lift::x86_64::tests::tsx::rtm_lock_prefixes_are_invalid_and_immediates_are_required ... ok
test smir::lift::x86_64::tests::tsx::xabort_consumes_immediate_and_accepts_ignored_non_lock_prefixes ... ok
test smir::lift::x86_64::tests::tsx::xbegin_noncanonical_fallback_lifts_to_precise_gp0_trap ... ok
test smir::lift::x86_64::tests::sse_packed_minmax::lift_packed_minmax_covers_signedness_widths_masks_broadcasts_and_invalids ... ok
test smir::lift::x86_64::tests::swapgs::swapgs_interpreter_swaps_atomically_is_an_involution_and_preserves_flags ... ok
test smir::lift::x86_64::tests::tsx::xgetbv_xsetbv_semantics_survive_0f01_extraction ... ok
test smir::lift::x86_64::tests::three_dnow::lift_3dnow_memory_prefixes_and_fault_order ... ok
test smir::lift::x86_64::tests::tsx::xbegin_rel16_rel32_and_prefix_order_compute_exact_fallbacks ... ok
test smir::lift::x86_64::tests::tsx::xtest_lifts_exact_flag_operation_and_xend_lifts_to_gp0 ... ok
test smir::lift::x86_64::tests::vector_prefix::evex_reserved_maps_are_terminal_after_the_opcode_byte ... ok
test smir::lift::x86_64::tests::vector_prefix::vex3_non_profile_maps_are_exhaustive_terminal_ud ... ok
test smir::lift::x86_64::tests::vector_legacy_prefix_reserved::every_forbidden_legacy_prefix_is_terminal_at_each_vector_lead ... ok
test smir::lift::x86_64::tests::vector_prefix::evex_reserved_map_fixed_bit_faults_precede_the_opcode_fetch ... ok
test smir::lift::x86_64::tests::vector_prefix::invalid_vector_maps_preserve_fetch_and_legacy_prefix_frontiers ... ok
test smir::lift::x86_64::tests::vex::lift_avx_vnni_int8_int16_covers_all_signedness_saturation_widths_and_invalids ... ok
test smir::lift::x86_64::tests::vex::lift_legacy_and_vex_lddqu_models_width_extensions_and_reserved_forms ... ok
test smir::lift::x86_64::tests::three_dnow::lift_3dnow_all_defined_suffixes_and_registers ... ok
test smir::lift::x86_64::tests::vector_legacy_prefix_reserved::address_size_and_segment_prefixes_still_reach_vector_payload_decode ... ok
test smir::lift::x86_64::tests::vex::lift_legacy_and_vex_movmsk_extracts_exact_lanes_and_rejects_reserved_forms ... ok
test smir::lift::x86_64::tests::vex::lift_legacy_and_vex_packed_fp_precision_conversions ... ok
test smir::lift::x86_64::tests::vex::lift_mmx_pinsrw_pextrw_masks_lanes_applies_rex_to_gprs_and_preserves_fault_order ... ok
test smir::lift::x86_64::tests::vex::lift_legacy_and_vex_gfni_cover_widths_aliases_prefixes_and_alignment ... ok
test smir::lift::x86_64::tests::vex::lift_legacy_and_vex_pmovmskb_extracts_all_bytes_and_rejects_reserved_forms ... ok
test smir::lift::x86_64::tests::vex::lift_legacy_and_vex_horizontal_integer_family_covers_modes_and_invalids ... ok
test smir::lift::x86_64::tests::vex::lift_legacy_and_vex_packed_integer_logic_covers_all_operations_and_forms ... ok
test smir::lift::x86_64::tests::vex::lift_bf16_dot_and_converts_cover_widths_masks_fault_classes_vex_and_invalids ... ok
test smir::lift::x86_64::tests::vex::lift_map0f_pinsrw_pextrw_covers_direction_merges_tuples_high_regs_and_invalids ... ok
test smir::lift::x86_64::tests::vex::lift_sm3_covers_forms_memory_immediates_and_reserved_encodings ... ok
test smir::lift::x86_64::tests::vex::lift_sm4_covers_operations_widths_memory_and_reserved_encodings ... ok
test smir::lift::x86_64::tests::vex::lift_reciprocal_estimates_covers_legacy_vex_scalar_packed_and_special_encodings ... ok
test smir::lift::x86_64::tests::vex::lift_packed_sse_moves_arithmetic_and_vex_divide ... ok
test smir::lift::x86_64::tests::vex::lift_sha512_covers_all_forms_register_roles_and_reserved_encodings ... ok
test smir::lift::x86_64::tests::vex::lift_psign_family_covers_legacy_vex_alignment_aliases_and_invalids ... ok
test smir::lift::x86_64::tests::vex::lift_vex_andn_rejects_invalid_forms_like_spec ... ok
test smir::lift::x86_64::tests::vex::lift_packed_immediate_shuffle_covers_legacy_vex_memory_and_invalids ... ok
test smir::lift::x86_64::tests::vex::lift_vex_andn_memory_source_like_llvm ... ok
test smir::lift::x86_64::tests::vex::lift_vex_andn_allows_destination_source_alias_like_llvm ... ok
test smir::lift::x86_64::tests::vex::lift_vex_andn_registers_like_llvm ... ok
test smir::lift::x86_64::tests::vex::lift_vex_bmi2_shift_rejects_invalid_forms_like_spec ... ok
test smir::lift::x86_64::tests::vex::lift_vex_bls_rejects_invalid_group_and_vector_length ... ok
test smir::lift::x86_64::tests::vex::lift_vex_bzhi_bextr_rejects_invalid_forms_like_spec ... ok
test smir::lift::x86_64::tests::vex::lift_vex_bzhi_bextr_memory_source_like_llvm ... ok
test smir::lift::x86_64::tests::vex::lift_vex_bmi2_shift_memory_source_like_llvm ... ok
test smir::lift::x86_64::tests::vex::lift_vex_bmi2_shift_registers_like_llvm ... ok
test smir::lift::x86_64::tests::vex::lift_vex_bls_register_alias_and_memory_forms ... ok
test smir::lift::x86_64::tests::vex::lift_vex_bzhi_bextr_registers_like_llvm ... ok
test smir::lift::x86_64::tests::vex::lift_vex_mulx_rejects_invalid_forms_like_spec ... ok
test smir::lift::x86_64::tests::vex::lift_vex_mulx_memory_source_like_llvm ... ok
test smir::lift::x86_64::tests::vex::lift_vex_mulx_alias_destination_keeps_high_half_like_spec ... ok
test smir::lift::x86_64::tests::vex::lift_vex_mulx_registers_like_llvm ... ok
test smir::lift::x86_64::tests::vex::lift_vex_pdep_pext_registers_like_llvm ... ok
test smir::lift::x86_64::tests::vex::lift_vex_pdep_pext_memory_mask_like_llvm ... ok
test smir::lift::x86_64::tests::vex::lift_vex_pdep_pext_rejects_invalid_l_like_spec ... ok
test smir::lift::x86_64::tests::vex::lift_vex_rorx_rejects_invalid_forms_like_llvm ... ok
test smir::lift::x86_64::tests::vex::lift_vex_rorx_registers_like_llvm ... ok
test smir::lift::x86_64::tests::vex::lift_vex_rorx_memory_source_like_llvm ... ok
test smir::lift::x86_64::tests::vex::lift_legacy_and_vex_packed_integer_compares_cover_all_fixed_predicates ... ok
test smir::lift::x86_64::tests::vex::lift_vex_masked_memory_covers_float_integer_load_store_and_fault_lanes ... ok
test smir::lift::x86_64::tests::vex_aligned_packed_fp_move::rep_and_repne_prefix_selectors_are_rejected_for_both_directions_and_lengths ... ok
test smir::lift::x86_64::tests::vex_aligned_packed_fp_move::representative_memory_forms_keep_alignment_checks_and_reject_native_replay ... ok
test smir::lift::x86_64::tests::vex::lift_vzeroupper_vzeroall_exact_register_sets_and_reserved_fields ... ok
test smir::lift::x86_64::tests::vex_aligned_packed_fp_move::every_nonreserved_vvvv_value_is_rejected_before_register_move_execution ... ok
test smir::lift::x86_64::tests::vex_bmi_reserved::every_vex_rorx_prefix_cell_is_lifted_or_terminal_ud ... ok
test smir::lift::x86_64::tests::vex_bmi_reserved::vex_bmi_reserved_group_and_fetch_frontiers_are_exact ... ok
test smir::lift::x86_64::tests::vex::lift_vtestps_vtestpd_masks_only_sign_bits_and_rejects_reserved_fields ... ok
test smir::lift::x86_64::tests::vex_bmi_reserved::every_vex_bmi_0f38_prefix_cell_is_lifted_or_terminal_ud ... ok
test smir::lift::x86_64::tests::vex_chunk::vex_chunk_memory_faults_precede_architectural_or_partial_store_commit ... ok
test smir::lift::x86_64::tests::vex_bmi_reserved::vex_bmi_memory_forms_preserve_address_size_segment_and_sib_metadata ... ok
test smir::lift::x86_64::tests::vex_chunk::vex_chunk_fetch_frontiers_require_prefix_opcode_modrm_address_and_immediate ... ok
test smir::lift::x86_64::tests::vex::lift_vperm2f128_vperm2i128_covers_controls_memory_aliases_and_invalids ... ok
test smir::lift::x86_64::tests::vex_aligned_packed_fp_move::every_9216_register_encoding_strictly_lifts_with_exact_direction_and_width ... ok
test smir::lift::x86_64::tests::vex_chunk::vex_chunk_reserved_fields_are_terminal_ud_at_the_opcode_frontier ... ok
test smir::lift::x86_64::tests::vex_chunk_extract::reserved_vvvv_w_l_pp_and_byte_shapes_are_precise_invalid_frontiers ... ok
test smir::lift::x86_64::tests::vex_chunk_extract::representative_memory_destinations_lift_but_never_enter_native_replay ... ok
test smir::lift::x86_64::tests::vex_immediate_permute::representative_memory_forms_lift_but_never_enter_native_replay ... ok
test smir::lift::x86_64::tests::vex::lift_vex_fma3_covers_orders_signs_scalars_alternation_and_addresses ... ok
test smir::lift::x86_64::tests::vex_integer_compare::vex_integer_compare_preserves_addr32_and_segment_prefixes ... ok
test smir::lift::x86_64::tests::vex_lane_shuffle::representative_memory_forms_lift_but_never_enter_native_replay ... ok
test smir::lift::x86_64::tests::vex_chunk_extract::all_6144_structural_samples_strictly_lift_with_exact_lane_equations ... ok
test smir::lift::x86_64::tests::vex_lane_shuffle::nonreserved_vvvv_and_wrong_immediate_shapes_are_precise_invalid_encodings ... ok
test smir::lift::x86_64::tests::vex_immediate_permute::reserved_vvvv_w_l_and_byte_shapes_are_precise_invalid_frontiers ... ok
test smir::lift::x86_64::tests::vex_chunk::vex_chunk_strictly_lifts_all_four_register_memory_and_extension_forms ... ok
test smir::lift::x86_64::tests::vex_memory_prefixes::evex_dot_mul_memory_families_preserve_address_size_and_segment_prefixes ... ok
test smir::lift::x86_64::tests::vex_memory_prefixes::evex_scalar_moves_preserve_and_guard_apx_base_and_index_extensions ... ok
test smir::lift::x86_64::tests::vex_memory_prefixes::evex_dot_mul_memory_preserves_apx_base_and_index_extension_bits ... ok
test smir::lift::x86_64::tests::vex_memory_prefixes::evex_vector_crypto_memory_preserves_apx_base_and_index_extension_bits ... ok
test smir::lift::x86_64::tests::vex_memory_prefixes::evex_vector_crypto_apx_guard_survives_o2_and_precedes_memory_faults ... ok
test smir::lift::x86_64::tests::vex_chunk::vex_chunk_interpretation_preserves_bits_aliases_flags_and_upper_zeroing ... ok
test smir::lift::x86_64::tests::vex_memory_prefixes::standalone_vex_memory_families_preserve_address_size_and_segment_prefixes ... ok
test smir::lift::x86_64::tests::vex_memory_prefixes::vector_crypto_memory_families_preserve_address_size_and_segment_prefixes ... ok
test smir::lift::x86_64::tests::vex_mov_mask_stack_destination::reserved_memory_and_exact_byte_shape_frontiers_fail_closed ... ok
test smir::lift::x86_64::tests::vex_memory_prefixes::evex_dot_mul_apx_guard_survives_o2_and_precedes_memory_faults ... ok
test smir::lift::x86_64::tests::vex_mov_mask_stack_destination::replay_classifier_is_narrower_than_valid_non_stack_movmask_lifting ... ok
test smir::lift::x86_64::tests::vex_mov_mask_stack_destination::all_864_stack_destination_byte_encodings_strictly_lift_with_exact_hints ... ok
test smir::lift::x86_64::tests::vex_packed_integer_move::representative_memory_forms_preserve_alignment_contracts_and_reject_native_replay ... ok
test smir::lift::x86_64::tests::vex_packed_integer_move::none_and_repne_prefix_selectors_are_rejected_for_both_directions_and_lengths ... ok
test smir::lift::x86_64::tests::vex_mxcsr::lift_legacy_and_vex_mxcsr_memory_operations ... ok
test smir::lift::x86_64::tests::vex_packed_integer_move::every_nonreserved_vvvv_value_is_rejected_before_register_move_execution ... ok
test smir::lift::x86_64::tests::vex_register_broadcast::representative_memory_forms_lift_but_never_enter_native_replay ... ok
test smir::lift::x86_64::tests::vex_memory_prefixes::evex_vsib_ignores_x4_and_requires_apx_only_for_an_egpr_base ... ok
test smir::lift::x86_64::tests::vex_register_broadcast::reserved_vvvv_w1_and_float64_xmm_are_precise_invalid_encodings ... ok
test smir::lift::x86_64::tests::vex_packed_integer_move::every_9216_register_encoding_strictly_lifts_with_exact_direction_and_width ... ok
test smir::lift::x86_64::tests::vex_scalar_extract::memory_destinations_retain_store_or_invalid_semantics_outside_replay ... ok
test smir::lift::x86_64::tests::vex_scalar_extract::vextractps_l0_is_valid_and_l1_is_invalid_despite_manual_exception_row_typo ... ok
test smir::lift::x86_64::tests::vex_scalar_extract::rsp_rbp_destinations_lift_and_rewrite_without_host_stack_aliasing ... ok
test smir::lift::x86_64::tests::vex_register_broadcast::all_5632_structural_register_samples_strictly_lift_with_exact_operands ... ok
test smir::lift::x86_64::tests::vex_scalar_extract::reserved_vvvv_l_pp_and_exact_byte_shapes_are_precise_invalid_frontiers ... ok
test smir::lift::x86_64::tests::vex_unaligned_packed_fp_move::representative_memory_forms_strictly_lift_without_native_replay_admission ... ok
test smir::lift::x86_64::tests::vmx_controls::disabled_vmx_controls_preserve_prefix_and_apx_fault_equivalence ... ok
test smir::lift::x86_64::tests::vmx_controls::disabled_vmx_controls_terminate_strict_blocks_without_fallthrough ... ok
test smir::lift::x86_64::tests::vmx_controls::disabled_vmx_controls_strictly_lift_as_exact_invalid_opcode_traps ... ok
test smir::lift::x86_64::tests::vex_immediate_permute::all_18432_structural_samples_strictly_lift_with_exact_index_equations ... ok
test smir::lift::x86_64::tests::vpblendd::vpblendd_interpretation_matches_raw_lane_selection_at_o0_o1_o2 ... ok
test smir::lift::x86_64::tests::vpblendd::vpblendd_w0_fetch_frontiers_require_prefix_opcode_modrm_address_and_immediate ... ok
test smir::lift::x86_64::tests::vex_unaligned_packed_fp_move::every_nonreserved_vvvv_value_is_rejected_before_register_move_execution ... ok
test smir::lift::x86_64::tests::vpblendd::vpblendd_w1_is_terminal_ud_at_the_opcode_frontier_in_both_lift_modes ... ok
test smir::lift::x86_64::tests::vex_unaligned_packed_fp_move::every_9216_register_encoding_strictly_lifts_with_exact_direction_and_width ... ok
test smir::lift::x86_64::tests::vpermil2::vex_vpermil2_extends_all_register_fields_and_swaps_only_rm_and_srs ... ok
test smir::lift::x86_64::tests::vpermil2::vex_vpermil2_aliases_preserve_all_sources_until_destination_commit ... ok
test smir::lift::x86_64::tests::vpblendd::vpblendd_strictly_lifts_register_memory_width_alias_and_extension_forms ... ok
test smir::lift::x86_64::tests::vpblendd::vpblendd_unaligned_memory_is_exact_and_faults_before_destination_commit ... ok
test smir::lift::x86_64::tests::vpermil2::vex_vpermil2_feature_guard_precedes_semantics_and_rejects_without_commit ... ok
test smir::lift::x86_64::tests::vpermil2::vex_vpermil2_rejects_wrong_mandatory_prefix_and_reports_frontiers_exactly ... ok
test smir::lift::x86_64::tests::vpermil2::vex_vpermil2_memory_alignment_guard_tracks_width_and_stack_segment_selection ... ok
test smir::lift::x86_64::tests::vpermil2::vex_vpermil2_memory_uses_full_rip_and_w_selected_role ... ok
test smir::lift::x86_64::tests::vpermil2::vex_vpermil2_interpretation_matches_block_local_raw_reference_at_all_levels ... ok
test smir::lift::x86_64::tests::vpermil2::vex_vpermil2_strictly_lifts_every_opcode_w_l_and_immediate_value ... ok
test smir::lift::x86_64::tests::waitpkg::umonitor_lift_preserves_addr32_and_segment_semantics ... ok
test smir::lift::x86_64::tests::waitpkg::every_canonical_waitpkg_register_selector_strictly_lifts ... ok
test smir::lift::x86_64::tests::waitpkg::waitpkg_metadata_tracks_memory_inputs_deadlines_flags_and_observability ... ok
test smir::lift::x86_64::tests::waitpkg::waitpkg_interpreter_success_probes_memory_and_clears_only_status_flags ... ok
test smir::lift::x86_64::tests::waitpkg::waitpkg_interpreter_faults_are_precise_and_noncommitting ... ok
test smir::lift::x86_64::tests::write_control::mov_to_control_register_accepts_ignored_prefixes_and_models_invalid_encodings ... ok
test smir::lift::x86_64::tests::write_control::mov_to_control_register_ignores_mod_bits_without_consuming_an_address ... ok
test smir::lift::x86_64::tests::waitpkg::waitpkg_operations_and_deadline_inputs_survive_o2 ... ok
test smir::lift::x86_64::tests::write_control::mov_to_control_register_metadata_is_source_stateful_and_jit_safe ... ok
test smir::lift::x86_64::tests::write_control::mov_to_control_register_strictly_lifts_every_register_and_extension ... ok
test smir::lift::x86_64::tests::waitpkg::waitpkg_rex_and_rex2_forms_reach_every_extended_gpr_with_one_apx_guard ... ok
test smir::lift::x86_64::tests::write_control::mov_to_control_register_survives_o2_as_stateful_serializing_writes ... ok
test smir::lift::x86_64::tests::write_debug::mov_to_debug_register_accepts_ignored_prefixes_and_traps_invalid_extensions ... ok
test smir::lift::x86_64::tests::write_control::mov_to_control_register_interpreter_models_ia32e_transitions ... ok
test smir::lift::x86_64::tests::write_debug::mov_to_debug_register_ignores_mod_bits_without_consuming_an_address ... ok
test smir::lift::x86_64::tests::write_control::mov_to_control_register_interpreter_commits_normalized_state_and_preserves_flags ... ok
test smir::lift::x86_64::tests::write_control::mov_to_control_register_interpreter_faults_are_dynamic_and_noncommitting ... ok
test smir::lift::x86_64::tests::vpermil2::vex_vpermil2_unaligned_memory_is_exact_and_faults_before_destination_commit ... ok
test smir::lift::x86_64::tests::write_debug::mov_to_debug_register_metadata_is_source_stateful_and_jit_safe ... ok
test smir::lift::x86_64::tests::write_debug::mov_to_debug_register_strictly_lifts_every_selector_and_gpr_extension ... ok
test smir::lift::x86_64::tests::write_debug::mov_to_debug_register_interpreter_rejects_alias_high_halves_only ... ok
test smir::lift::x86_64::tests::x87_noops::obsolete_x87_control_encodings_lift_as_exact_no_operations ... ok
test smir::lift::x86_64::tests::write_debug::mov_to_debug_register_interpreter_models_fault_priority_and_noncommit ... ok
test smir::lift::x86_64::tests::write_debug::mov_to_debug_register_survives_o2_as_a_stateful_serializing_write ... ok
test smir::lift::x86_64::tests::write_debug::mov_to_debug_register_interpreter_writes_exact_state_aliases_and_preserves_flags ... ok
test smir::lift::x86_64::tests::vex_lane_shuffle::all_48384_structural_register_samples_strictly_lift_with_exact_operands ... ok
test smir::lift::x86_64::tests::x87_aliases::all_direct_accepted_legacy_x87_register_ranges_lift_exactly ... ok
test smir::lift::x86_64::tests::x87_noops::obsolete_x87_no_operations_do_not_hide_invalid_neighbors ... ok
test smir::lift::x86_64::tests::x87_noops::obsolete_x87_no_operations_do_not_split_a_strict_lifted_block ... ok
test smir::lift::x86_64::tests::x87_reserved::incomplete_reserved_x87_memory_address_remains_incomplete ... ok
test smir::lift::x86_64::tests::x87_reserved::every_complete_lock_prefixed_x87_form_is_an_exact_invalid_opcode_trap ... ok
test smir::lift::x86_64::tests::x87_reserved::every_map0_rex2_payload_preserves_reserved_x87_invalid_opcode_results ... ok
test smir::lift::x86_64::tests::xop_packed::memory_source_and_count_forms_preserve_alignment_segment_and_operand_roles ... ok
test smir::lift::x86_64::tests::x87_transcendental::every_valid_x87_transcendental_form_has_a_strict_smir_frontier ... ok
test smir::lift::x86_64::tests::x87_transcendental::every_map0_rex2_payload_retains_the_apx_guard_and_exact_x87_operation ... ok
test smir::lift::x86_64::tests::xop_packed::packed_xop_reports_each_incomplete_encoding_frontier_exactly ... ok
test smir::lift::x86_64::tests::xop_tbm::removed_vex_tbm_aliases_are_reserved_without_hiding_avx2_cells ... ok
test smir::lift::x86_64::tests::xop_packed::strict_lifter_accepts_all_four_immediate_rotate_cells ... ok
test smir::lift::x86_64::tests::x87_aliases::legacy_x87_register_ranges_trap_on_lock_and_survive_o2_in_order ... ok
test smir::lift::x86_64::tests::xop_tbm::memory_tbm_preserves_segment_addr32_sib_and_guard_order ... ok
test smir::lift::x86_64::tests::xop_packed::reserved_prefix_fields_terminalize_before_modrm_or_memory_work ... ok
test smir::lift::x86_64::tests::xop_packed::strict_lifter_accepts_all_twelve_variable_cells_and_both_w_operand_orders ... ok
test smir::lift::x86_64::tests::xop_tbm::strict_lifter_accepts_immediate_bextr_with_exact_control_and_length ... ok
test smir::lift::x86_64::tests::xop_tbm::xop_fetch_and_pop_disambiguation_frontiers_are_exact ... ok
test smir::lift::x86_64::tests::xop_tbm::xop_prefix_reservations_terminalize_at_the_precise_frontier ... ok
test smir::lift::x86_64::tests::xop_vpcmov::reserved_prefix_fields_terminalize_before_modrm_or_memory_work ... ok
test smir::lift::x86_64::tests::xop_vpcmov::rip_relative_memory_uses_pc_after_the_trailing_immediate ... ok
test smir::lift::x86_64::tests::xop_vpcmov::memory_forms_preserve_width_alignment_segment_and_w_selected_role ... ok
test smir::lift::x86_64::tests::x87_reserved::every_direct_rejected_reserved_x87_cell_is_an_exact_invalid_opcode_trap ... ok
test smir::lift::x86_64::tests::xop_tbm::strict_lifter_accepts_every_map9_tbm_operation_at_both_widths ... ok
test smir::lift::x86_64::tests::xop_vpcmov::strict_lifter_extends_every_register_field_and_ignores_immediate_low_nibble ... ok
test smir::lift::x86_64::tests::xop_vpcmov::strict_lifter_accepts_every_w_l_and_immediate_value_with_exact_operand_roles ... ok
test smir::lift::x86_64::tests::xop_vpcmov::vpcmov_reports_each_incomplete_encoding_frontier_exactly ... ok
test smir::lift::x86_64::tests::xop_vpcom::memory_form_preserves_alignment_stack_address_and_full_width_load ... ok
test smir::lift::x86_64::tests::xop_vpcom::rip_relative_memory_uses_pc_after_the_trailing_immediate ... ok
test smir::lift::x86_64::tests::xop_vpcom::vpcom_reports_every_incomplete_frontier_exactly ... ok
test smir::lift::x86_64::tests::xop_vpcom::strict_lifter_extends_all_register_fields_without_alias_loss ... ok
test smir::lift::x86_64::tests::xop_vpcom::reserved_vpcom_fields_terminalize_before_modrm_or_memory_work ... ok
test smir::lift::x86_64::tests::xop_vpcom::strict_lifter_accepts_all_vpcom_opcodes_and_immediate_images ... ok
test smir::lift::x86_64::tests::vex_scalar_extract::all_94_464_structural_samples_strictly_lift_with_exact_lane_equations ... ok
test smir::lift::x86_64::tests::x87_reserved::every_complete_non_lock_x87_form_has_a_strict_smir_frontier ... ok
test smir::lower::aarch64::tests::apx::fuses_lifted_ldclr_apx_egpr_value_operands ... ok
test smir::lower::aarch64::tests::apx::lowers_apx_blsr_lifted_memory_shape_runtime ... ok
test smir::lower::aarch64::tests::apx::lowers_apx_andn_lifted_memory_shape_runtime ... ok
test smir::lower::aarch64::tests::apx::lowers_addsub_carry_apx_egpr_operands_runtime ... ok
test smir::lower::aarch64::tests::apx::fuses_lifted_extract_apx_egpr_operands_runtime ... ok
test smir::lower::aarch64::tests::apx::avoids_scalar_memory_apx_writeback_fusion_when_transfer_aliases_base ... ok
test smir::lower::aarch64::tests::apx::fuses_scalar_memory_apx_egpr_value_operands ... ok
test smir::lower::aarch64::tests::apx::lowers_apx_setzucc_lifted_memory_shape_runtime ... ok
test smir::lower::aarch64::tests::apx::lowers_apx_cfcmov_lifted_memory_shapes_runtime ... ok
test smir::lower::aarch64::tests::apx::fuses_pair_memory_apx_egpr_value_operands ... ok
test smir::lower::aarch64::tests::apx::lowers_apx_push2_pop2_lifted_stack_shapes_runtime ... ok
test smir::lower::aarch64::tests::apx::lowers_apx_movbe_movrs_lifted_memory_shapes_runtime ... ok
test smir::lower::aarch64::tests::apx::lowers_apx_count_lifted_memory_shape_runtime ... ok
test smir::lower::aarch64::tests::apx::lowers_bextr_bzhi_apx_egpr_operands_runtime ... ok
test smir::lower::aarch64::tests::apx::lowers_apx_bextr_bzhi_lifted_memory_shape_runtime ... ok
test smir::lower::aarch64::tests::apx::lowers_cas_apx_egpr_lifted_shape_direct ... ok
test smir::lower::aarch64::tests::apx::lowers_cas_apx_egpr_observable_success_runtime ... ok
test smir::lower::aarch64::tests::apx::lowers_cwd_apx_egpr_operands_runtime ... ok
test smir::lower::aarch64::tests::apx::lowers_bitfield_extend_truncate_apx_egpr_operands_runtime ... ok
test smir::lower::aarch64::tests::apx::lowers_bit_scan_apx_egpr_operands_runtime ... ok
test smir::lower::aarch64::tests::apx::lowers_cmp_test_apx_egpr_operands_runtime ... ok
test smir::lower::aarch64::tests::apx::lowers_clmul_apx_egpr_operands_runtime ... ok
test smir::lower::aarch64::tests::apx::lowers_mov_apx_egpr_dst_as_identity_gpr ... ok
test smir::lower::aarch64::tests::apx::lowers_mov_apx_egpr_register_runtime ... ok
test smir::lower::aarch64::tests::apx::lowers_exclusive_memory_apx_egpr_value_operands ... ok
test smir::lower::aarch64::tests::apx::lowers_lea_apx_egpr_operands_runtime ... ok
test smir::lower::aarch64::tests::apx::lowers_predicated_memory_apx_egpr_address_operands_runtime ... ok
test smir::lower::aarch64::tests::apx::lowers_bit_test_apx_egpr_operands_runtime ... ok
test smir::lower::aarch64::tests::apx::lowers_div_apx_egpr_operands_runtime ... ok
test smir::lower::aarch64::tests::apx::lowers_predicated_memory_apx_egpr_condition_runtime ... ok
test smir::lower::aarch64::tests::apx::lowers_pair_memory_apx_egpr_value_operands_runtime ... ok
test smir::lower::aarch64::tests::apx::lowers_pair_memory_apx_egpr_address_operands_runtime ... ok
test smir::lower::aarch64::tests::apx::lowers_scalar_memory_apx_egpr_address_operands_runtime ... ok
test smir::lower::aarch64::tests::apx::lowers_rep_stos_apx_egpr_operands_runtime ... ok
test smir::lower::aarch64::tests::apx::lowers_control_flow_apx_egpr_operands_runtime ... ok
test smir::lower::aarch64::tests::apx::lowers_scalar_memory_apx_egpr_value_operands_runtime ... ok
test smir::lower::aarch64::tests::apx::lowers_scalar_memory_apx_egpr_reg_offset_address_shape ... ok
test smir::lower::aarch64::tests::apx::lowers_prefetch_apx_egpr_address_operands ... ok
test smir::lower::aarch64::tests::apx::lowers_pdep_pext_apx_egpr_operands_runtime ... ok
test smir::lower::aarch64::tests::apx::lowers_unary_bit_apx_egpr_operands_runtime ... ok
test smir::lower::aarch64::tests::apx::lowers_setcc_cmove_apx_egpr_operands_runtime ... ok
test smir::lower::aarch64::tests::apx::lowers_select_apx_egpr_operands_runtime ... ok
test smir::lower::aarch64::tests::apx::lowers_unary_arithmetic_apx_egpr_operands_runtime ... ok
test smir::lower::aarch64::tests::apx::rejects_bit_test_apx_r31_identity_mapping ... ok
test smir::lower::aarch64::tests::apx::rejects_cas_apx_r31_value_mapping ... ok
test smir::lower::aarch64::tests::apx::rejects_bextr_bzhi_apx_r31_identity_mapping ... ok
test smir::lower::aarch64::tests::apx::lowers_mul_apx_egpr_operands_runtime ... ok
test smir::lower::aarch64::tests::apx::rejects_apx_r30_identity_mapping_x30_is_link_register ... ok
test smir::lower::aarch64::tests::apx::rejects_addsub_carry_apx_r31_identity_mapping ... ok
test smir::lower::aarch64::tests::apx::rejects_bitfield_extend_truncate_apx_r31_identity_mapping ... ok
test smir::lower::aarch64::tests::apx::rejects_cmp_test_apx_r31_identity_mapping ... ok
test smir::lower::aarch64::tests::apx::rejects_cwd_apx_r31_identity_mapping ... ok
test smir::lower::aarch64::tests::apx::rejects_control_flow_apx_r31_identity_mapping ... ok
test smir::lower::aarch64::tests::apx::rejects_clmul_apx_r31_identity_mapping ... ok
test smir::lower::aarch64::tests::apx::rejects_lea_apx_r31_identity_mapping ... ok
test smir::lower::aarch64::tests::apx::rejects_exclusive_memory_apx_r31_value_mapping ... ok
test smir::lower::aarch64::tests::apx::rejects_div_apx_r31_identity_mapping ... ok
test smir::lower::aarch64::tests::apx::rejects_io_in_apx_r31_destination_mapping ... ok
test smir::lower::aarch64::tests::apx::rejects_mov_apx_r31_identity_mapping ... ok
test smir::lower::aarch64::tests::apx::rejects_mul_apx_r31_identity_mapping ... ok
test smir::lower::aarch64::tests::apx::rejects_predicated_memory_apx_r31_condition ... ok
test smir::lower::aarch64::tests::apx::rejects_pair_memory_apx_r31_value_mapping ... ok
test smir::lower::aarch64::tests::apx::rejects_predicated_memory_apx_r31_address_mapping ... ok
test smir::lower::aarch64::tests::apx::rejects_pdep_pext_apx_r31_identity_mapping ... ok
test smir::lower::aarch64::tests::apx::rejects_scalar_memory_apx_r31_address_mapping ... ok
test smir::lower::aarch64::tests::apx::rejects_scalar_memory_apx_r31_value_mapping ... ok
test smir::lower::aarch64::tests::apx::rejects_setcc_cmove_apx_r31_identity_mapping ... ok
test smir::lower::aarch64::tests::apx::rejects_rep_stos_apx_r31_identity_mapping ... ok
test smir::lower::aarch64::tests::apx::rejects_select_apx_r31_identity_mapping ... ok
test smir::lower::aarch64::tests::apx::rejects_prefetch_apx_r31_address_mapping ... ok
test smir::lower::aarch64::tests::arithmetic::issue_9_mem_offset_fusion_preserves_arch_add_write ... ok
test smir::lower::aarch64::tests::apx::rejects_unary_arithmetic_apx_r31_identity_mapping ... ok
test smir::lower::aarch64::tests::apx::lowers_x86_adx_both_chains_widths_aliases_and_exact_flag_updates ... ok
test smir::lower::aarch64::tests::arithmetic::lowers_adc_w8_zero_base_neg_one_imm_alias_as_sbc_uxtb ... ok
test smir::lower::aarch64::tests::arithmetic::lowers_adc_w8_masked_zero_imm_as_adc_uxtb ... ok
test smir::lower::aarch64::tests::arithmetic::lowers_adc_w16_masked_neg_one_imm_alias_as_sbc_uxth ... ok
test smir::lower::aarch64::tests::apx::rejects_unary_bit_apx_r31_identity_mapping ... ok
test smir::lower::aarch64::tests::arithmetic::lowers_adc_w8_reg_as_adc_uxtb ... ok
test smir::lower::aarch64::tests::apx::rejects_malformed_x86_bls_and_adx_shapes ... ok
test smir::lower::aarch64::tests::arithmetic::executes_divu_x_imm_power_of_two_with_remainder ... ok
test smir::lower::aarch64::tests::arithmetic::lowers_adc_x_zero_base_reg_as_adc_zero_reg_base ... ok
test smir::lower::aarch64::tests::arithmetic::lowers_adc_x_neg_one_imm_alias_as_sbc_zero_reg ... ok
test smir::lower::aarch64::tests::arithmetic::lowers_adc_x_zero_imm_as_adc_zero_reg ... ok
test smir::lower::aarch64::tests::arithmetic::lowers_adcs_w_masked_neg_one_imm_without_destination_scratch_as_sbcs_zero_reg ... ok
test smir::lower::aarch64::tests::arithmetic::lowers_add_w_zero_base_neg_imm_as_movn ... ok
test smir::lower::aarch64::tests::arithmetic::lowers_add_w16_zero_base_imm_as_movz ... ok
test smir::lower::aarch64::tests::arithmetic::lowers_add_w16_zero_source_reg_as_uxth ... ok
test smir::lower::aarch64::tests::arithmetic::lowers_add_w8_reg_as_add_uxtb ... ok
test smir::lower::aarch64::tests::arithmetic::lowers_add_w8_zero_base_reg_as_uxtb ... ok
test smir::lower::aarch64::tests::apx::rejects_shift_rotate_apx_r31_identity_mapping ... ok
test smir::lower::aarch64::tests::apx::lowers_shift_rotate_apx_egpr_operands_runtime ... ok
test smir::lower::aarch64::tests::arithmetic::lowers_add_w16_imm_masked_neg_one_as_sub_uxth ... ok
test smir::lower::aarch64::tests::arithmetic::lowers_add_w_zero_base_same_reg_as_self_mov_zero_ext ... ok
test smir::lower::aarch64::tests::arithmetic::lowers_add_w_zero_same_reg_as_self_mov_zero_ext ... ok
test smir::lower::aarch64::tests::arithmetic::lowers_add_x_zero_base_imm_as_movz ... ok
test smir::lower::aarch64::tests::arithmetic::lowers_add_x_zero_base_reg_as_mov ... ok
test smir::lower::aarch64::tests::arithmetic::lowers_add_x_zero_imm_as_mov ... ok
test smir::lower::aarch64::tests::arithmetic::lowers_add_x_zero_source_reg_as_mov ... ok
test smir::lower::aarch64::tests::arithmetic::lowers_add_x_zero_base_same_reg_as_noop ... ok
test smir::lower::aarch64::tests::arithmetic::lowers_adds_x_zero_base_nonzero_imm_as_movz_adds_reg ... ok
test smir::lower::aarch64::tests::arithmetic::lowers_add_x_zero_base_neg_imm_as_movn ... ok
test smir::lower::aarch64::tests::arithmetic::lowers_adds_x_zero_base_positive_imm_without_destination_scratch_as_msr_nzcv_xzr ... ok
test smir::lower::aarch64::tests::arithmetic::lowers_adds_x_zero_base_zero_imm_as_adds_zero_regs ... ok
test smir::lower::aarch64::tests::arithmetic::lowers_adds_w_imm_masked_neg_one_as_subs_one ... ok
test smir::lower::aarch64::tests::arithmetic::lowers_cmove_x_always_negative_imm_as_movn ... ok
test smir::lower::aarch64::tests::arithmetic::lowers_cmove_w_imm_negative_as_movn_with_false_path_zero_ext ... ok
test smir::lower::aarch64::tests::arithmetic::lowers_addsub_x_zero_same_reg_as_noop ... ok
test smir::lower::aarch64::tests::arithmetic::lowers_cmp_w_imm_masked_neg_one_as_cmn_one ... ok
test smir::lower::aarch64::tests::arithmetic::lowers_dec_w16_zero_as_movz_all_ones ... ok
test smir::lower::aarch64::tests::arithmetic::lowers_dec_x_imm_as_movz ... ok
test smir::lower::aarch64::tests::arithmetic::lowers_cmp_x_zero_base_neg_one_imm_as_msr_nzcv_xzr ... ok
test smir::lower::aarch64::tests::arithmetic::lowers_dec_w_zero_as_movn ... ok
test smir::lower::aarch64::tests::arithmetic::lowers_dec_w16_as_sub_uxth ... ok
test smir::lower::aarch64::tests::arithmetic::lowers_cmp_x_zero_base_positive_imm_as_subs_zr_one ... ok
test smir::lower::aarch64::tests::arithmetic::lowers_divs_w16_imm_masked_neg_one_as_neg_uxth ... ok
test smir::lower::aarch64::tests::arithmetic::lowers_dec_x_zero_as_movn ... ok
test smir::lower::aarch64::tests::arithmetic::lowers_cmp_w_zero_base_masked_neg_one_imm_as_msr_nzcv_xzr ... ok
test smir::lower::aarch64::tests::arithmetic::lowers_dec_w_as_sub_imm_zero_ext ... ok
test smir::lower::aarch64::tests::arithmetic::lowers_divs_w16_imm_one_with_remainder_as_mov_uxth_zero ... ok
test smir::lower::aarch64::tests::arithmetic::lowers_divs_w_imm_masked_neg_one_as_neg ... ok
test smir::lower::aarch64::tests::arithmetic::lowers_divs_w_imm_masked_one_with_remainder_as_mov_zero ... ok
test smir::lower::aarch64::tests::arithmetic::lowers_divs_w_imm_one_with_remainder_as_mov_zero ... ok
test smir::lower::aarch64::tests::arithmetic::lowers_divs_w16_imm_neg_one_with_remainder_aliasing_source ... ok
test smir::lower::aarch64::tests::arithmetic::lowers_divs_w8_two_imms_as_mov_quot_rem ... ok
test smir::lower::aarch64::tests::arithmetic::lowers_divs_w_imm_masked_power_of_two_as_bias_asr ... ok
test smir::lower::aarch64::tests::arithmetic::lowers_divs_w_imm_power_of_two_in_place_as_bias_asr ... ok
test smir::lower::aarch64::tests::arithmetic::lowers_divs_x_imm_neg_one_as_neg ... ok
test smir::lower::aarch64::tests::arithmetic::lowers_divs_x_imm_neg_one_with_remainder_as_neg_zero ... ok
test smir::lower::aarch64::tests::arithmetic::lowers_divs_w_with_remainder_as_sdiv_msub_zero_ext ... ok
test smir::lower::aarch64::tests::arithmetic::lowers_divs_x_imm_power_of_two_as_bias_asr ... ok
test smir::lower::aarch64::tests::arithmetic::lowers_divs_w_with_remainder_when_quotient_aliases_divisor ... ok
test smir::lower::aarch64::tests::arithmetic::lowers_divs_x_imm_power_of_two_in_place_as_bias_asr ... ok
test smir::lower::aarch64::tests::arithmetic::lowers_divu_imm_power_of_two_when_quotient_aliases_remainder ... ok
test smir::lower::aarch64::tests::arithmetic::lowers_divs_x_two_imms_negative_quot_as_movn ... ok
test smir::lower::aarch64::tests::arithmetic::lowers_divu_w16_imm_masked_one_as_mov_uxth ... ok
test smir::lower::aarch64::tests::arithmetic::lowers_divu_w16_imm_masked_power_of_two_as_lsr_uxth ... ok
test smir::lower::aarch64::tests::arithmetic::lowers_divu_w8_imm_power_of_two_as_lsr_uxtb ... ok
test smir::lower::aarch64::tests::arithmetic::lowers_divu_w8_imm_one_as_mov_uxtb ... ok
test smir::lower::aarch64::tests::arithmetic::lowers_divu_w_imm_masked_power_of_two_as_lsr ... ok
test smir::lower::aarch64::tests::arithmetic::lowers_divu_w16_imm_power_of_two_remainder_before_aliasing_quotient ... ok
test smir::lower::aarch64::tests::arithmetic::lowers_divu_x_imm_one_as_mov ... ok
test smir::lower::aarch64::tests::arithmetic::lowers_divu_w8_two_masked_imms_as_mov_quot ... ok
test smir::lower::aarch64::tests::arithmetic::lowers_divu_x_imm_power_of_two_as_lsr ... ok
test smir::lower::aarch64::tests::arithmetic::lowers_divu_x_two_imms_all_ones_quot_as_movn ... ok
test smir::lower::aarch64::tests::arithmetic::lowers_divu_x_two_imms_as_mov_quot_rem ... ok
test smir::lower::aarch64::tests::arithmetic::lowers_divu_x_imm_power_of_two_remainder_after_aliasing_dividend ... ok
test smir::lower::aarch64::tests::arithmetic::lowers_divu_w_imm_power_of_two_remainder_before_aliasing_quotient ... ok
test smir::lower::aarch64::tests::arithmetic::lowers_divu_x_with_remainder_as_udiv_msub ... ok
test smir::lower::aarch64::tests::arithmetic::lowers_divu_x_with_remainder_when_quotient_aliases_dividend ... ok
test smir::lower::aarch64::tests::arithmetic::lowers_inc_w8_as_add_uxtb ... ok
test smir::lower::aarch64::tests::arithmetic::lowers_inc_x_as_add_imm ... ok
test smir::lower::aarch64::tests::arithmetic::lowers_flag_setting_inc_dec_runtime ... ok
test smir::lower::aarch64::tests::arithmetic::lowers_full_width_multiply_when_both_outputs_alias_sources ... ok
test smir::lower::aarch64::tests::arithmetic::lowers_full_width_addsub_carry_with_immediate_source_runtime ... ok
test smir::lower::aarch64::tests::arithmetic::lowers_inc_w8_zero_as_movz_one ... ok
test smir::lower::aarch64::tests::arithmetic::lowers_inc_w8_imm_wrap_as_movz_zero ... ok
test smir::lower::aarch64::tests::arithmetic::lowers_lea_base_negative_offset_as_sub_imm ... ok
test smir::lower::aarch64::tests::arithmetic::lowers_lea_direct_as_add_zero ... ok
test smir::lower::aarch64::tests::arithmetic::lowers_lea_absolute_negative_as_movn ... ok
test smir::lower::aarch64::tests::arithmetic::lowers_lea_base_positive_offset_as_add_imm ... ok
test smir::lower::aarch64::tests::arithmetic::lowers_mov_x_negative_imm_as_movn ... ok
test smir::lower::aarch64::tests::arithmetic::lowers_full_width_multiply_with_immediate_source ... ok
test smir::lower::aarch64::tests::arithmetic::lowers_mul_w_imm_one_same_reg_as_self_mov_zero_ext ... ok
test smir::lower::aarch64::tests::arithmetic::lowers_lea_pcrel_negative_as_movn ... ok
test smir::lower::aarch64::tests::arithmetic::lowers_mul_x_imm_one_same_reg_as_noop ... ok
test smir::lower::aarch64::tests::arithmetic::lowers_muladd_x_imm_zero_as_acc_mov ... ok
test smir::lower::aarch64::tests::arithmetic::lowers_muladd_x_imm_one_as_add ... ok
test smir::lower::aarch64::tests::arithmetic::lowers_muladd_w8_as_madd_uxtb ... ok
test smir::lower::aarch64::tests::arithmetic::lowers_muladd_x_imm_neg_one_as_sub ... ok
test smir::lower::aarch64::tests::arithmetic::lowers_muls_full_width_when_low_aliases_src2_as_high_then_low ... ok
test smir::lower::aarch64::tests::arithmetic::lowers_muladd_x_two_imms_negative_product_as_sub_imm ... ok
test smir::lower::aarch64::tests::arithmetic::lowers_muls_full_width_two_imms_as_movn_pair ... ok
test smir::lower::aarch64::tests::arithmetic::lowers_muls_w16_imm_zero_as_movz ... ok
test smir::lower::aarch64::tests::arithmetic::lowers_muls_w16_imm_neg_one_as_neg_uxth ... ok
test smir::lower::aarch64::tests::arithmetic::lowers_muls_w16_imm_masked_power_of_two_as_lsl_uxth ... ok
test smir::lower::aarch64::tests::arithmetic::lowers_muls_w8_general_imm_runtime ... ok
test smir::lower::aarch64::tests::arithmetic::lowers_muls_w16_as_mul_uxth ... ok
test smir::lower::aarch64::tests::arithmetic::lowers_muls_w8_imm_one_as_mov_uxtb ... ok
test smir::lower::aarch64::tests::arithmetic::lowers_mul_zero_source_reg_as_movz ... ok
test smir::lower::aarch64::tests::arithmetic::lowers_mulsub_w16_imm_one_as_sub_uxth ... ok
test smir::lower::aarch64::tests::arithmetic::lowers_mulsub_w8_imm_neg_one_as_add_uxtb ... ok
test smir::lower::aarch64::tests::arithmetic::lowers_mulsub_w16_as_msub_uxth ... ok
test smir::lower::aarch64::tests::arithmetic::lowers_muls_w_two_imms_negative_product_as_movn ... ok
test smir::lower::aarch64::tests::arithmetic::lowers_mulsub_w8_two_imms_wrapping_zero_product_as_acc_uxtb ... ok
test smir::lower::aarch64::tests::arithmetic::lowers_mulsub_w16_imm_masked_zero_as_acc_uxth ... ok
test smir::lower::aarch64::tests::arithmetic::lowers_mulacc_masked_identity_imms_as_addsub ... ok
test smir::lower::aarch64::tests::arithmetic::lowers_mulu_full_width_zero_source_when_outputs_alias_sources ... ok
test smir::lower::aarch64::tests::arithmetic::lowers_mulu_full_width_when_low_aliases_src1_as_high_then_low ... ok
test smir::lower::aarch64::tests::arithmetic::lowers_mulu_full_width_when_high_aliases_src1_as_low_then_high ... ok
test smir::lower::aarch64::tests::arithmetic::lowers_mulu_w8_as_mul_uxtb ... ok
test smir::lower::aarch64::tests::arithmetic::lowers_mulu_w16_imm_masked_neg_one_as_neg_uxth ... ok
test smir::lower::aarch64::tests::arithmetic::lowers_mulu_x_imm_neg_one_as_neg ... ok
test smir::lower::aarch64::tests::arithmetic::lowers_mulu_w_imm_masked_zero_as_movz ... ok
test smir::lower::aarch64::tests::arithmetic::lowers_mulu_x_general_imm_runtime ... ok
test smir::lower::aarch64::tests::arithmetic::lowers_mulu_w8_imm_masked_one_as_mov_uxtb ... ok
test smir::lower::aarch64::tests::arithmetic::lowers_mulu_x_imm_power_of_two_as_lsl ... ok
test smir::lower::aarch64::tests::arithmetic::lowers_mulu_x_imm_one_as_mov ... ok
test smir::lower::aarch64::tests::arithmetic::lowers_mulu_x_left_imm_power_of_two_as_lsl ... ok
test smir::lower::aarch64::tests::arithmetic::lowers_mulu_x_two_imms_as_mov ... ok
test smir::lower::aarch64::tests::arithmetic::lowers_mulu_x_imm_zero_as_movz ... ok
test smir::lower::aarch64::tests::arithmetic::lowers_neg_w16_as_sub_uxth ... ok
test smir::lower::aarch64::tests::arithmetic::lowers_neg_w8_as_sub_uxtb ... ok
test smir::lower::aarch64::tests::arithmetic::lowers_sbb_w16_reg_as_sbc_uxth ... ok
test smir::lower::aarch64::tests::arithmetic::lowers_neg_w8_imm_as_movz ... ok
test smir::lower::aarch64::tests::arithmetic::lowers_neg_w8_zero_as_movz ... ok
test smir::lower::aarch64::tests::arithmetic::lowers_sbb_w8_neg_one_imm_alias_as_adc_uxtb ... ok
test smir::lower::aarch64::tests::arithmetic::lowers_neg_x_imm_as_movn ... ok
test smir::lower::aarch64::tests::arithmetic::lowers_neg_w_imm_as_movn ... ok
test smir::lower::aarch64::tests::arithmetic::lowers_sbb_x_neg_one_imm_alias_as_adc_zero_reg ... ok
test smir::lower::aarch64::tests::arithmetic::lowers_sbcs_w_zero_base_zero_imm_as_sbcs_zero_regs ... ok
test smir::lower::aarch64::tests::arithmetic::lowers_sbcs_w_masked_neg_one_imm_without_destination_scratch_as_adcs_zero_reg ... ok
test smir::lower::aarch64::tests::arithmetic::lowers_sbcs_w_masked_zero_imm_as_sbcs_zero_reg ... ok
test smir::lower::aarch64::tests::arithmetic::lowers_sbcs_w_nonzero_imm_with_destination_scratch ... ok
test smir::lower::aarch64::tests::arithmetic::lowers_sign_extend_w8_imm_src_negative_to_w16_as_movz ... ok
test smir::lower::aarch64::tests::arithmetic::lowers_sub_w8_zero_source_reg_as_uxtb ... ok
test smir::lower::aarch64::tests::arithmetic::lowers_sign_extend_w8_imm_src_negative_to_x_as_movn ... ok
test smir::lower::aarch64::tests::arithmetic::lowers_sub_w8_zero_base_imm_as_movz_negated ... ok
test smir::lower::aarch64::tests::arithmetic::lowers_sub_w_zero_imm_as_mov ... ok
test smir::lower::aarch64::tests::arithmetic::lowers_sub_w_zero_source_reg_as_mov ... ok
test smir::lower::aarch64::tests::arithmetic::lowers_sub_w16_large_imm_as_split_sub_uxth ... ok
test smir::lower::aarch64::tests::arithmetic::lowers_sub_w_zero_base_imm_as_movn ... ok
test smir::lower::aarch64::tests::arithmetic::lowers_sub_x_zero_base_imm_as_movn ... ok
test smir::lower::aarch64::tests::arithmetic::lowers_w64_mulx_shared_destination_as_observable_high_half ... ok
test smir::lower::aarch64::tests::arithmetic::lowers_subs_w_zero_base_nonzero_imm_as_movz_subs_reg ... ok
test smir::lower::aarch64::tests::arithmetic::lowers_subs_w_zero_base_masked_zero_imm_as_subs_zero_regs ... ok
test smir::lower::aarch64::tests::arithmetic::lowers_subs_w_zero_base_masked_neg_one_imm_without_destination_scratch_as_msr_nzcv_xzr ... ok
test smir::lower::aarch64::tests::arithmetic::rejects_divs_imm_neg_one_when_quotient_overlaps_remainder ... ok
test smir::lower::aarch64::tests::arithmetic::rejects_divs_w8_two_imms_overflow ... ok
test smir::lower::aarch64::tests::arithmetic::rejects_adds_zero_base_negative_imm_without_destination_scratch ... ok
test smir::lower::aarch64::tests::arithmetic::rejects_lea_gprel_address ... ok
test smir::lower::aarch64::tests::arithmetic::lowers_zero_base_addsub_register_sources ... ok
test smir::lower::aarch64::tests::arithmetic::lowers_sub64_full_multiply_with_all_architectural_alias_topologies ... ok
test smir::lower::aarch64::tests::atomic::lowers_atomic_load_acquire_base_index_scale_runtime ... ok
test smir::lower::aarch64::tests::atomic::lowers_atomic_cmpxadd_apx_egpr_value_operands_runtime ... ok
test smir::lower::aarch64::tests::atomic::lowers_atomic_load_acquire_base_offset_runtime ... ok
test smir::lower::aarch64::tests::atomic::lowers_atomic_load_acquire_direct ... ok
test smir::lower::aarch64::tests::atomic::lowers_atomic_cmpxadd_sp_zero_offset_uses_original_sp_runtime ... ok
test smir::lower::aarch64::tests::atomic::lowers_atomic_load_apx_egpr_value_operands ... ok
test smir::lower::aarch64::tests::atomic::lowers_atomic_load_relaxed_as_plain_load ... ok
test smir::lower::aarch64::tests::arithmetic::lowers_vmultiply_add52_v128_runtime ... ok
test smir::lower::aarch64::tests::arithmetic::lowers_x86_w16_single_result_signed_multiply_partial_write_alias_matrix ... ok
test smir::lower::aarch64::tests::atomic::lowers_atomic_rmw_apx_egpr_lse_value_operands ... ok
test smir::lower::aarch64::tests::atomic::lowers_atomic_rmw_and_zero_as_swap_zero ... ok
test smir::lower::aarch64::tests::atomic::lowers_atomic_rmw_add_acqrel_direct ... ok
test smir::lower::aarch64::tests::atomic::lowers_atomic_cmpxadd_runtime ... ok
test smir::lower::aarch64::tests::atomic::lowers_atomic_rmw_and_all_ones_as_ldclr_zero ... ok
test smir::lower::aarch64::tests::atomic::lowers_atomic_rmw_sub_zero_as_ldadd_zero ... ok
test smir::lower::aarch64::tests::atomic::lowers_atomic_rmw_apx_egpr_address_operands_runtime ... ok
test smir::lower::aarch64::tests::atomic::lowers_atomic_rmw_apx_egpr_exclusive_loop_runtime ... ok
test smir::lower::aarch64::tests::atomic::lowers_atomic_rmw_exclusive_loop_base_index_scale_runtime ... ok
test smir::lower::aarch64::tests::atomic::lowers_atomic_rmw_lse_base_index_scale_runtime ... ok
test smir::lower::aarch64::tests::arithmetic::mem_helper_address_width_selects_w32_wrapping_arithmetic ... ok
test smir::lower::aarch64::tests::atomic::lowers_atomic_rmw_exclusive_loop_base_offset_runtime ... ok
test smir::lower::aarch64::tests::atomic::lowers_atomic_rmw_lse_base_offset_runtime ... ok
test smir::lower::aarch64::tests::atomic::lowers_atomic_rmw_lse_with_immediate_source ... ok
test smir::lower::aarch64::tests::atomic::lowers_atomic_rmw_swap_direct ... ok
test smir::lower::aarch64::tests::atomic::rejects_atomic_cmpxadd_apx_r31_value_mapping ... ok
test smir::lower::aarch64::tests::atomic::lowers_atomic_store_relaxed_as_plain_store ... ok
test smir::lower::aarch64::tests::atomic::lowers_atomic_store_apx_egpr_value_operands ... ok
test smir::lower::aarch64::tests::atomic::lowers_atomic_store_release_base_offset ... ok
test smir::lower::aarch64::tests::atomic::lowers_atomic_store_release_base_index_scale ... ok
test smir::lower::aarch64::tests::atomic::lowers_atomic_store_release_direct ... ok
test smir::lower::aarch64::tests::atomic::rejects_atomic_load_apx_r31_value_mapping ... ok
test smir::lower::aarch64::tests::atomic::lowers_unfused_atomic_rmw_with_exclusive_loop ... ok
test smir::lower::aarch64::tests::atomic::rejects_atomic_rmw_apx_r31_value_mapping ... ok
test smir::lower::aarch64::tests::atomic::rejects_atomic_store_apx_r31_value_mapping ... ok
test smir::lower::aarch64::tests::bit::executes_divs_w_imm_power_of_two_in_place_positive_high_bit ... ok
test smir::lower::aarch64::tests::atomic::rejects_atomic_cmpxadd_unsupported_forms ... ok
test smir::lower::aarch64::tests::atomic::rejects_atomic_rmw_apx_r31_address_mapping ... ok
test smir::lower::aarch64::tests::atomic::rejects_atomic_store_acquire_order ... ok
test smir::lower::aarch64::tests::atomic::rejects_atomic_load_release_order ... ok
test smir::lower::aarch64::tests::bit::fuses_lifted_rev16_w_imm_all_ones_as_movn ... ok
test smir::lower::aarch64::tests::bit::fuses_lifted_rev16_x_imm_src_as_movz ... ok
test smir::lower::aarch64::tests::bit::fuses_lifted_rev16_w_sequence ... ok
test smir::lower::aarch64::tests::bit::fuses_lifted_rev16_w_with_masked_immediates ... ok
test smir::lower::aarch64::tests::bit::fuses_lifted_rev16_x_imm_all_ones_as_movn ... ok
test smir::lower::aarch64::tests::bit::fuses_lifted_rev16_x_sequence ... ok
test smir::lower::aarch64::tests::bit::fuses_lifted_rev32_x_sequence ... ok
test smir::lower::aarch64::tests::bit::fuses_lifted_rev32_x_imm_src_as_movz ... ok
test smir::lower::aarch64::tests::bit::fuses_lifted_rev32_x_imm_all_ones_as_movn ... ok
test smir::lower::aarch64::tests::bit::fuses_lifted_rev32_x_with_masked_shift_counts ... ok
test smir::lower::aarch64::tests::bit::issue_31_cwd_subword_x86_dst_merges_low_bits_preserves_upper ... ok
test smir::lower::aarch64::tests::bit::lowers_bextr_w16_imm_control_clips_at_subword_width ... ok
test smir::lower::aarch64::tests::bit::lowers_andnot_x_high_bit_imm_as_and_inverse_mask ... ok
test smir::lower::aarch64::tests::bit::issue_11_bfiz_fusion_preserves_arch_bfx_write ... ok
test smir::lower::aarch64::tests::bit::lowers_bextr_w8_imm_control_as_ubfx ... ok
test smir::lower::aarch64::tests::bit::lowers_bextr_register_control_runtime ... ok
test smir::lower::aarch64::tests::bit::lowers_bextr_w_imm_control_empty_extract_as_zero ... ok
test smir::lower::aarch64::tests::bit::lowers_bextr_w8_imm_control_empty_extract_as_zero ... ok
test smir::lower::aarch64::tests::bit::lowers_bextr_w8_two_imms_as_movz_masked_extract ... ok
test smir::lower::aarch64::tests::bit::lowers_bextr_w_two_imms_all_ones_as_movn ... ok
test smir::lower::aarch64::tests::bit::lowers_bextr_x_imm_control_as_ubfx ... ok
test smir::lower::aarch64::tests::bit::lowers_bextr_x_two_imms_all_ones_as_movn ... ok
test smir::lower::aarch64::tests::bit::lowers_bextr_register_control_with_flags_runtime ... ok
test smir::lower::aarch64::tests::bit::lowers_bextr_x_two_imms_as_movz_movk ... ok
test smir::lower::aarch64::tests::bit::lowers_bfi_w_full_width_imm_src_as_movz ... ok
test smir::lower::aarch64::tests::bit::lowers_bfi_w_full_width_negative_imm_src_as_movn ... ok
test smir::lower::aarch64::tests::bit::lowers_bfi_x_all_ones_imm_src_as_orr ... ok
test smir::lower::aarch64::tests::bit::lowers_bextr_x_imm_control_with_flags_as_ubfx_ands ... ok
test smir::lower::aarch64::tests::bit::lowers_bfi_x_all_ones_imm_src_from_input_as_orr ... ok
test smir::lower::aarch64::tests::bit::lowers_bextr_x_two_imms_all_ones_with_flags_as_movn_ands ... ok
test smir::lower::aarch64::tests::bit::lowers_bextr_x_two_imms_with_flags_as_movz_movk_ands ... ok
test smir::lower::aarch64::tests::bit::lowers_bfi_x_full_width_negative_imm_src_as_movn ... ok
test smir::lower::aarch64::tests::bit::lowers_bfi_x_zero_imm_src_as_and ... ok
test smir::lower::aarch64::tests::bit::lowers_bfi_when_dst_aliases_src ... ok
test smir::lower::aarch64::tests::bit::lowers_bics_w_high_bits_imm_as_ands_inverse_mask ... ok
test smir::lower::aarch64::tests::bit::lowers_bfi_x_full_width_all_ones_imm_src_as_movn ... ok
test smir::lower::aarch64::tests::bit::lowers_bfi_x_encodable_imm_src_as_and_orr ... ok
test smir::lower::aarch64::tests::bit::lowers_bsf_flag_setting_x_as_source_test_rbit_clz_ubfx ... ok
test smir::lower::aarch64::tests::bit::lowers_bfi_full_width_reg_as_mov_or_noop ... ok
test smir::lower::aarch64::tests::bit::lowers_bit_test_runtime ... ok
test smir::lower::aarch64::tests::bit::lowers_bsf_flag_setting_imm_nonzero_before_result_mov ... ok
test smir::lower::aarch64::tests::bit::lowers_bsf_flag_setting_w16_masks_source_test ... ok
test smir::lower::aarch64::tests::bit::lowers_bsf_w16_as_sentinel_rbit_clz_ubfx ... ok
test smir::lower::aarch64::tests::bit::lowers_bsf_w16_imm_masked_as_movz ... ok
test smir::lower::aarch64::tests::bit::lowers_bsf_flag_setting_runtime ... ok
test smir::lower::aarch64::tests::bit::lowers_bextr_zero_imm_source_reg_control_as_zero ... ok
test smir::lower::aarch64::tests::bit::lowers_bsf_w_as_rbit_clz_ubfx_zero_ext ... ok
test smir::lower::aarch64::tests::bit::lowers_bsr_flag_setting_imm_zero_as_zf_test_before_result_mov ... ok
test smir::lower::aarch64::tests::bit::lowers_bsf_w8_as_sentinel_rbit_clz_ubfx ... ok
test smir::lower::aarch64::tests::bit::lowers_bsr_flag_setting_w8_masks_source_test ... ok
test smir::lower::aarch64::tests::bit::lowers_bsr_flag_setting_runtime ... ok
test smir::lower::aarch64::tests::bit::lowers_bsf_x_as_rbit_clz_ubfx ... ok
test smir::lower::aarch64::tests::bit::lowers_bsr_flag_setting_x_as_source_test_orr_clz_eor_mask ... ok
test smir::lower::aarch64::tests::bit::lowers_bsr_w16_as_ubfx_orr_clz_eor_mask ... ok
test smir::lower::aarch64::tests::bit::lowers_bsr_w16_imm_masked_as_movz ... ok
test smir::lower::aarch64::tests::bit::lowers_bit_test_update_runtime ... ok
test smir::lower::aarch64::tests::bit::lowers_bsr_w8_as_ubfx_orr_clz_eor_mask ... ok
test smir::lower::aarch64::tests::bit::lowers_bsr_w_as_orr_clz_eor_mask_zero_ext ... ok
test smir::lower::aarch64::tests::bit::lowers_bsr_x_as_orr_clz_eor_mask ... ok
test smir::lower::aarch64::tests::bit::lowers_bswap_w8_as_mov_reg ... ok
test smir::lower::aarch64::tests::bit::lowers_bswap_w16_as_rev16_uxth ... ok
test smir::lower::aarch64::tests::bit::lowers_bswap_w32_imm_all_ones_as_movn ... ok
test smir::lower::aarch64::tests::bit::lowers_bswap_w16_imm_as_movz_swapped ... ok
test smir::lower::aarch64::tests::bit::lowers_bswap_w8_imm_as_movz_full_imm ... ok
test smir::lower::aarch64::tests::bit::lowers_bzhi_w16_imm_index_at_width_as_uxth ... ok
test smir::lower::aarch64::tests::bit::lowers_bswap_x_imm_all_ones_as_movn ... ok
test smir::lower::aarch64::tests::bit::lowers_bzhi_w8_imm_index_zero_as_zero ... ok
test smir::lower::aarch64::tests::bit::lowers_bzhi_w8_two_imms_as_movz_masked ... ok
test smir::lower::aarch64::tests::bit::lowers_bzhi_w_two_imms_all_ones_as_movn ... ok
test smir::lower::aarch64::tests::bit::lowers_bzhi_w8_imm_index_with_flags_as_and_uxtb_ands ... ok
test smir::lower::aarch64::tests::bit::lowers_bzhi_w8_imm_index_as_and_mask ... ok
test smir::lower::aarch64::tests::bit::lowers_bzhi_w_imm_index_at_width_as_mov_zero_ext ... ok
test smir::lower::aarch64::tests::bit::lowers_bzhi_w16_imm_index_at_width_with_flags_sets_carry ... ok
test smir::lower::aarch64::tests::bit::lowers_bzhi_runtime_index_aliases_with_scratch ... ok
test smir::lower::aarch64::tests::bit::lowers_bzhi_subword_imm_index_with_flags_runtime ... ok
test smir::lower::aarch64::tests::bit::lowers_bzhi_x_imm_index_as_and_mask_in_place ... ok
test smir::lower::aarch64::tests::bit::lowers_bzhi_w_with_low_byte_index_guards ... ok
test smir::lower::aarch64::tests::bit::lowers_bzhi_x_imm_index_with_flags_as_and_ands ... ok
test smir::lower::aarch64::tests::bit::lowers_bzhi_x_imm_index_zero_as_zero ... ok
test smir::lower::aarch64::tests::bit::lowers_bzhi_x_imm_index_at_width_with_flags_sets_carry ... ok
test smir::lower::aarch64::tests::bit::lowers_bzhi_x_two_imms_all_ones_as_movn ... ok
test smir::lower::aarch64::tests::bit::lowers_bzhi_x_two_imms_all_ones_with_flags_as_movn_sets_carry ... ok
test smir::lower::aarch64::tests::bit::lowers_bzhi_x_two_imms_as_movz_movk ... ok
test smir::lower::aarch64::tests::bit::lowers_bzhi_x_with_low_byte_index_guards ... ok
test smir::lower::aarch64::tests::bit::lowers_bzhi_x_two_imms_with_flags_sets_carry ... ok
test smir::lower::aarch64::tests::bit::lowers_bzhi_x_with_flags_and_low_byte_index_guards ... ok
test smir::lower::aarch64::tests::bit::lowers_ctz_in_place_as_rbit_clz ... ok
test smir::lower::aarch64::tests::bit::lowers_ctz_subword_masks_source_runtime ... ok
test smir::lower::aarch64::tests::bit::lowers_clz_w16_as_aligned_sentinel_clz ... ok
test smir::lower::aarch64::tests::bit::lowers_clz_w16_imm_as_movz ... ok
test smir::lower::aarch64::tests::bit::lowers_clz_w8_as_aligned_sentinel_clz ... ok
test smir::lower::aarch64::tests::bit::lowers_ctz_w8_as_sentinel_rbit_clz ... ok
test smir::lower::aarch64::tests::bit::lowers_ctz_w16_as_sentinel_rbit_clz ... ok
test smir::lower::aarch64::tests::bit::lowers_ctz_x_as_rbit_clz ... ok
test smir::lower::aarch64::tests::bit::lowers_ctz_w_as_rbit_clz_zero_ext ... ok
test smir::lower::aarch64::tests::bit::lowers_eor_x_repeated_alternating_bit_imm ... ok
test smir::lower::aarch64::tests::bit::lowers_bzhi_zero_imm_source_reg_index_as_zero ... ok
test smir::lower::aarch64::tests::bit::lowers_eor_x_high_bit_imm ... ok
test smir::lower::aarch64::tests::bit::lowers_flag_setting_subword_neg_runtime ... ok
test smir::lower::aarch64::tests::bit::lowers_flag_setting_subword_add_sub_runtime ... ok
test smir::lower::aarch64::tests::bit::lowers_pdep_pext_arbitrary_masks_with_imm_sources_as_constants ... ok
test smir::lower::aarch64::tests::bit::lowers_flag_setting_subword_logical_runtime ... ok
test smir::lower::aarch64::tests::bit::lowers_flag_setting_subword_multiply_runtime ... ok
test smir::lower::aarch64::tests::bit::lowers_pdep_pext_non_contiguous_imm_mask_source_aliases ... ok
test smir::lower::aarch64::tests::bit::lowers_flag_setting_subword_addsub_carry_runtime ... ok
test smir::lower::aarch64::tests::bit::lowers_pdep_x_contiguous_imm_mask_as_ubfiz ... ok
test smir::lower::aarch64::tests::bit::lowers_pdep_pext_zero_mask_and_immediate_source ... ok
test smir::lower::aarch64::tests::bit::lowers_pdep_pext_runtime_masks_with_exact_results ... ok
test smir::lower::aarch64::tests::bit::lowers_pdep_pext_shifted_contiguous_masks_as_bitfield_ops ... ok
test smir::lower::aarch64::tests::bit::lowers_pdep_x_non_contiguous_imm_mask_with_test_branches ... ok
test smir::lower::aarch64::tests::bit::lowers_pdep_pext_single_bit_masks_as_bitfield_ops ... ok
test smir::lower::aarch64::tests::bit::lowers_pdep_pext_zero_and_full_masks_as_identity_or_zero ... ok
test smir::lower::aarch64::tests::bit::lowers_pext_x_non_contiguous_imm_mask_with_shifted_result ... ok
test smir::lower::aarch64::tests::bit::lowers_pext_x_contiguous_imm_mask_as_ubfx ... ok
test smir::lower::aarch64::tests::bit::lowers_pdep_pext_low_masks_as_and_mask ... ok
test smir::lower::aarch64::tests::bit::lowers_subword_addsub_carry_with_immediate_source_runtime ... ok
test smir::lower::aarch64::tests::bit::lowers_rbit_w32_imm_as_movz_movk_reversed ... ok
test smir::lower::aarch64::tests::bit::lowers_rol_w16_imm_as_subword_ror ... ok
test smir::lower::aarch64::tests::bit::lowers_subword_addsub_effective_zero_ror_sources_as_register_sources ... ok
test smir::lower::aarch64::tests::bit::lowers_shrd_w16_imm_as_shift_bfi_uxth ... ok
test smir::lower::aarch64::tests::bit::lowers_shrd_subword_imm_src_masks_destination_before_right_shift ... ok
test smir::lower::aarch64::tests::bit::lowers_shrd_w8_imm_as_shift_bfi_uxtb ... ok
test smir::lower::aarch64::tests::bit::lowers_subword_div_runtime ... ok
test smir::lower::aarch64::tests::bit::lowers_popcnt_runtime ... ok
test smir::lower::aarch64::tests::bit::lowers_subword_cmp_test_runtime ... ok
test smir::lower::aarch64::tests::bit::lowers_test_x_high_bit_imm_to_zero_reg ... ok
test smir::lower::aarch64::tests::bit::lowers_subword_rol_reg ... ok
test smir::lower::aarch64::tests::bit::lowers_truncate_as_mov_or_noop ... ok
test smir::lower::aarch64::tests::bit::lowers_subword_zero_base_addsub_register_sources ... ok
test smir::lower::aarch64::tests::bit::lowers_truncate_imm_to_x_as_movz ... ok
test smir::lower::aarch64::tests::bit::lowers_subword_addsub_ror_sources ... ok
test smir::lower::aarch64::tests::bit::lowers_truncate_imm_to_w8_as_movz_masked ... ok
test smir::lower::aarch64::tests::bit::lowers_truncate_imm_to_x_as_movn ... ok
test smir::lower::aarch64::tests::bit::lowers_truncate_x_to_w16_as_ubfx ... ok
test smir::lower::aarch64::tests::bit::lowers_truncate_x_to_w8_as_ubfx ... ok
test smir::lower::aarch64::tests::bit::lowers_truncate_x_to_w32_as_w_mov_zero_ext ... ok
test smir::lower::aarch64::tests::bit::lowers_subword_shift_reg_when_dst_is_count ... ok
test smir::lower::aarch64::tests::bit::lowers_x86_subword_bit_updates_with_partial_register_merge ... ok
test smir::lower::aarch64::tests::bit::lowers_subword_addsub_shifted_and_extended_sources ... ok
test smir::lower::aarch64::tests::bit::lowers_x86_subword_mov_with_partial_register_merge ... ok
test smir::lower::aarch64::tests::bit::lowers_x86_subword_integer_alu_flags_before_partial_register_merge ... ok
test smir::lower::aarch64::tests::bit::lowers_x86_subword_not_and_xchg_with_partial_register_merges ... ok
test smir::lower::aarch64::tests::bit::lowers_x86_subword_integer_alu_with_partial_register_merges ... ok
test smir::lower::aarch64::tests::flags::fuses_nzcv_read_with_masked_mask_imm ... ok
test smir::lower::aarch64::tests::bit::rejects_truncate_w128_lowering ... ok
test smir::lower::aarch64::tests::bit::lowers_x86_w16_bit_scan_partial_writes_and_preserves_non_z_flags ... ok
test smir::lower::aarch64::tests::fence::instruction_serialize_lowers_to_dsb_sy_followed_by_isb_sy ... ok
test smir::lower::aarch64::tests::bit::lowers_x86_subword_integer_alu_complete_width_matrix ... ok
test smir::lower::aarch64::tests::flags::fuses_nzcv_write_with_masked_mask_imm ... ok
test smir::lower::aarch64::tests::bit::lowers_x86_subword_carry_rotate_partial_write_matrix ... ok
test smir::lower::aarch64::tests::flags::lowers_cmove_w8_all_ones_imm_as_csinv_zero_uxtb ... ok
test smir::lower::aarch64::tests::fence::existing_aarch64_fence_encodings_remain_exact_after_split ... ok
test smir::lower::aarch64::tests::flags::lowers_cmove_w16_arm_dst_as_cond_branch_ubfx ... ok
test smir::lower::aarch64::tests::flags::lowers_cmove_w8_always_reg_as_mov_uxtb ... ok
test smir::lower::aarch64::tests::flags::lowers_cmove_w8_arm_dst_as_cond_branch_ubfx ... ok
test smir::lower::aarch64::tests::bit::lowers_x86_subword_shift_rotate_partial_write_matrix ... ok
test smir::lower::aarch64::tests::flags::lowers_cmove_w8_same_reg_as_cond_branch_ubfx ... ok
test smir::lower::aarch64::tests::flags::lowers_cmove_w_as_csel_zero_ext ... ok
test smir::lower::aarch64::tests::flags::lowers_cmc_cf_without_flagm_via_sysreg_fallback ... ok
test smir::lower::aarch64::tests::flags::lowers_cmove_x_as_csel ... ok
test smir::lower::aarch64::tests::flags::lowers_cmove_w_same_reg_as_self_mov_zero_ext ... ok
test smir::lower::aarch64::tests::flags::lowers_cmove_x_always_reg_as_mov ... ok
test smir::lower::aarch64::tests::flags::lowers_cmove_w_imm_with_false_path_zero_ext ... ok
test smir::lower::aarch64::tests::flags::lowers_cmove_x_one_imm_as_csinc_zero ... ok
test smir::lower::aarch64::tests::flags::lowers_cmove_x_zero_imm_as_csel_zero ... ok
test smir::lower::aarch64::tests::flags::lowers_cmove_x_same_reg_as_noop ... ok
test smir::lower::aarch64::tests::flags::lowers_cmp_w_zero_base_masked_zero_imm_as_cmp_zero_regs ... ok
test smir::lower::aarch64::tests::flags::lowers_cmp_x_zero_base_zero_imm_as_cmp_zero_regs ... ok
test smir::lower::aarch64::tests::flags::lowers_cmp_w8_zero_base_zero_source_reg_as_constant_flags ... ok
test smir::lower::aarch64::tests::flags::lowers_cmp_two_imms_as_constant_flags ... ok
test smir::lower::aarch64::tests::flags::lowers_flag_setting_div_without_touching_nzcv ... ok
test smir::lower::aarch64::tests::flags::lowers_materialize_flags_as_noop ... ok
test smir::lower::aarch64::tests::flags::lowers_immediate_cond_branch_as_single_b ... ok
test smir::lower::aarch64::tests::flags::lowers_axflag_without_flagm2_via_sysreg_fallback ... ok
test smir::lower::aarch64::tests::flags::lowers_cmp_zero_base_register_sources ... ok
test smir::lower::aarch64::tests::flags::lowers_read_sysreg_nzcv_direct ... ok
test smir::lower::aarch64::tests::bit::lowers_x86_subword_shift_rotate_flags_before_partial_merge ... ok
test smir::lower::aarch64::tests::flags::lowers_named_sysreg_nzcv_imm_runtime ... ok
test smir::lower::aarch64::tests::flags::lowers_register_select_with_aliased_condition ... ok
test smir::lower::aarch64::tests::flags::lowers_register_cond_branch_as_cbnz ... ok
test smir::lower::aarch64::tests::flags::lowers_register_select_w16_with_aliased_condition ... ok
test smir::lower::aarch64::tests::flags::lowers_setcc_w8_as_cset ... ok
test smir::lower::aarch64::tests::flags::lowers_rcl_rcr_immediate_counts_with_exact_flags ... ok
test smir::lower::aarch64::tests::flags::lowers_test_all_ones_left_imm_extended_zero_base_with_scratch ... ok
test smir::lower::aarch64::tests::flags::lowers_test_condition_cond_branch_as_b_cond ... ok
test smir::lower::aarch64::tests::flags::lowers_write_sysreg_nzcv_imm_direct ... ok
test smir::lower::aarch64::tests::flags::lowers_write_sysreg_nzcv_direct ... ok
test smir::lower::aarch64::tests::flags::lowers_sparse_test_immediate_via_scratch ... ok
test smir::lower::aarch64::tests::flags::lowers_flag_setting_full_width_logical_runtime ... ok
test smir::lower::aarch64::tests::flags::lowers_x86_setcc_with_partial_register_merge ... ok
test smir::lower::aarch64::tests::flags::lowers_x86_sbb_flag_outputs_as_canonical_borrow_cf ... ok
test smir::lower::aarch64::tests::flags::lowers_test_two_imms_as_constant_flags ... ok
test smir::lower::aarch64::tests::flags::rejects_cmove_parity_condition_lowering ... ok
test smir::lower::aarch64::tests::flags::rejects_setcc_parity_condition_lowering ... ok
test smir::lower::aarch64::tests::flags::rejects_setcc_w128_lowering ... ok
test smir::lower::aarch64::tests::flags::rcr_count1_overflow_flag_matches_reference ... ok
test smir::lower::aarch64::tests::fp::lowers_double_shift_x_zero_count_as_noop ... ok
test smir::lower::aarch64::tests::flags::lowers_x86_count_architectural_flag_contracts ... ok
test smir::lower::aarch64::tests::flags::lowers_xaflag_without_flagm2_via_sysreg_fallback ... ok
test smir::lower::aarch64::tests::fp::fp_trampoline_detection_includes_named_fp_state_regs ... ok
test smir::lower::aarch64::tests::fp::fp_trampoline_detection_includes_raw_fp_state_sysregs ... ok
test smir::lower::aarch64::tests::fp::lowers_double_shift_register_amount ... ok
test smir::lower::aarch64::tests::fp::lowers_double_bidir_and_carry_rotate_apx_egpr_operands_runtime ... ok
test smir::lower::aarch64::tests::fp::lowers_fused_cond_compare_false_compare_as_inverted_ccmn_imm ... ok
test smir::lower::aarch64::tests::fp::lowers_fused_cond_compare_false_compare_as_inverted_ccmp ... ok
test smir::lower::aarch64::tests::flags::native_exit_edge_folded_true_condition_exits_only_taken_path ... ok
test smir::lower::aarch64::tests::flags::native_exit_edge_register_false_condition_exits_only_false_path ... ok
test smir::lower::aarch64::tests::fp::lowers_fused_select_true_increment_as_csinc_inverted_cond ... ok
test smir::lower::aarch64::tests::fp::lowers_fused_select_true_invert_as_csinv_inverted_cond ... ok
test smir::lower::aarch64::tests::fp::lowers_fused_select_true_w_masked_one_increment_as_csinc_inverted_cond ... ok
test smir::lower::aarch64::tests::fp::lowers_fused_select_true_negate_as_csneg_inverted_cond ... ok
test smir::lower::aarch64::tests::fp::lowers_flag_setting_double_shift_runtime ... ok
test smir::lower::aarch64::tests::fp::lowers_scalar_fp_binary_encodings ... ok
test smir::lower::aarch64::tests::fp::lowers_fused_cond_compare_apx_egpr_operands_runtime ... ok
test smir::lower::aarch64::tests::fp::lowers_fused_cond_compare_with_large_immediate_source_runtime ... ok
test smir::lower::aarch64::tests::fp::lowers_scalar_fp_convert_encodings ... ok
test smir::lower::aarch64::tests::fp::lowers_scalar_fp_compare_encodings ... ok
test smir::lower::aarch64::tests::fp::lowers_scalar_fp_compare_f64_runtime ... ok
test smir::lower::aarch64::tests::fp::lowers_scalar_fp_fma_encodings ... ok
test smir::lower::aarch64::tests::fp::lowers_scalar_fp_compare_f32_runtime ... ok
test smir::lower::aarch64::tests::fp::lowers_scalar_fp_convert_runtime ... ok
test smir::lower::aarch64::tests::fp::lowers_scalar_fp_fma_f32_runtime ... ok
test smir::lower::aarch64::tests::fp::lowers_scalar_fp_binary_f32_runtime ... ok
test smir::lower::aarch64::tests::fp::lowers_scalar_fp_fma_f64_runtime ... ok
test smir::lower::aarch64::tests::fp::lowers_scalar_fp_binary_f64_runtime ... ok
test smir::lower::aarch64::tests::fp::lowers_scalar_fp_to_int_encodings ... ok
test smir::lower::aarch64::tests::fp::lowers_scalar_int_to_fp_encodings ... ok
test smir::lower::aarch64::tests::fp::lowers_scalar_fp_unary_encodings ... ok
test smir::lower::aarch64::tests::fp::lowers_subword_double_shift_count_greater_than_width_as_base ... ok
test smir::lower::aarch64::tests::fp::lowers_fp_minmax_nan_semantics ... ok
test smir::lower::aarch64::tests::fp::lowers_scalar_fp_int_conversion_apx_egpr_operands_runtime ... ok
test smir::lower::aarch64::tests::fp::lowers_scalar_int_to_fp_runtime ... ok
test smir::lower::aarch64::tests::fp::lowers_scalar_fp_to_int_runtime ... ok
test smir::lower::aarch64::tests::fp::lowers_scalar_fp_to_int_dynamic_runtime_uses_fpcr_rounding ... ok
test smir::lower::aarch64::tests::fp::lowers_subword_double_shift_aliased_nonzero_count ... ok
test smir::lower::aarch64::tests::fp::lowers_x86_w16_destructive_double_shift_flags_before_partial_merge ... ok
test smir::lower::aarch64::tests::fp::rejects_scalar_fp_binary_unsupported_precision ... ok
test smir::lower::aarch64::tests::fp::lowers_scalar_fp_unary_f32_runtime ... ok
test smir::lower::aarch64::tests::fp::rejects_fused_apx_r31_identity_mapping ... ok
test smir::lower::aarch64::tests::fp::rejects_scalar_fp_compare_unsupported_precision ... ok
test smir::lower::aarch64::tests::fp::lowers_scalar_fp_unary_f64_runtime ... ok
test smir::lower::aarch64::tests::fp::rejects_scalar_fp_convert_unsupported_precision ... ok
test smir::lower::aarch64::tests::fp::rejects_scalar_fp_int_conversion_apx_r31_identity_mapping ... ok
test smir::lower::aarch64::tests::fp::rejects_scalar_fp_fma_unsupported_precision ... ok
test smir::lower::aarch64::tests::fp::rejects_scalar_fp_unary_unsupported_precision ... ok
test smir::lower::aarch64::tests::fp::rejects_scalar_fp_to_int_unsupported_precision ... ok
test smir::lower::aarch64::tests::fp::rejects_scalar_int_to_fp_unsupported_precision ... ok
test smir::lower::aarch64::tests::fp::lowers_x86_ndd_double_shift_flags_before_destination_commit ... ok
test smir::lower::aarch64::tests::leave::rejects_leave_without_a_fault_precise_cross_host_helper ... ok
test smir::lower::aarch64::tests::logic::configured_aarch32_indirect_exit_records_w32_pc_t_state_and_preserves_host_state ... ok
test smir::lower::aarch64::tests::fp::rejects_unsupported_x86_ndd_double_shift_shapes ... ok
test smir::lower::aarch64::tests::logic::fuses_lifted_bfxil_imm_source_as_and_orr ... ok
test smir::lower::aarch64::tests::fp::rejects_unrepresentable_x86_w16_destructive_double_shift_flags ... ok
test smir::lower::aarch64::tests::logic::issue_15_w8_cmove_preserves_x86_dst_on_false_and_merges_on_true ... ok
test smir::lower::aarch64::tests::logic::configured_register_blx_and_blx_lr_record_old_target_after_link_write ... ok
test smir::lower::aarch64::tests::logic::fuses_lifted_full_width_bfxil_as_mov_or_noop ... ok
test smir::lower::aarch64::tests::logic::configured_direct_interworking_calls_record_pc_t_and_preserve_native_state ... ok
test smir::lower::aarch64::tests::logic::issue_35_large_disp_lea_does_not_touch_stack ... ok
test smir::lower::aarch64::tests::fp::lowers_x86_w16_destructive_double_shift_partial_write_alias_matrix ... ok
test smir::lower::aarch64::tests::logic::configured_direct_interworking_calls_reject_invalid_pc_or_arguments ... ok
test smir::lower::aarch64::tests::fp::lowers_x86_ndd_double_shift_alias_width_direction_and_count_matrix ... ok
test smir::lower::aarch64::tests::logic::configured_register_blx_rejects_unsnapshotted_lr_and_malformed_virtual_target ... ok
test smir::lower::aarch64::tests::logic::lowers_add_register_and_ret ... ok
test smir::lower::aarch64::tests::logic::lowers_addsub_w_masked_zero_imm_as_mov_or_self_mov ... ok
test smir::lower::aarch64::tests::logic::guest_call_exit_mode_rejects_nonempty_arguments_and_non_guest_targets ... ok
test smir::lower::aarch64::tests::logic::issue_20_register_switch_preserves_nzcv_and_branches ... ok
test smir::lower::aarch64::tests::logic::lowers_and_w16_imm_masked_all_ones_as_uxth ... ok
test smir::lower::aarch64::tests::logic::issue_20_register_switch_preserves_nzcv_and_branches ... ok
test smir::lower::aarch64::tests::logic::lowers_and_all_ones_left_imm_extended_as_add_zero_base ... ok
test smir::lower::aarch64::tests::logic::lowers_and_all_ones_left_imm_reg_as_mov_or_ands ... ok
test smir::lower::aarch64::tests::logic::lowers_and_reg_zero_operand_as_movz_zero ... ok
test smir::lower::aarch64::tests::logic::lowers_and_w16_sparse_clear_imm_in_place_as_logical_imms_and_uxth ... ok
test smir::lower::aarch64::tests::logic::lowers_and_w8_reg_as_and_uxtb ... ok
test smir::lower::aarch64::tests::logic::lowers_and_w_repeated_byte_mask_imm ... ok
test smir::lower::aarch64::tests::logic::lowers_and_w_wrapping_mask_imm ... ok
test smir::lower::aarch64::tests::logic::lowers_and_w8_zero_imm_as_movz ... ok
test smir::lower::aarch64::tests::logic::lowers_and_x_sparse_clear_imm_in_place_as_logical_imms ... ok
test smir::lower::aarch64::tests::logic::lowers_and_x_zero_imm_as_movz_zero ... ok
test smir::lower::aarch64::tests::logic::lowers_and_x_all_ones_imm_as_mov_reg ... ok
test smir::lower::aarch64::tests::logic::lowers_andnot_reg_same_srcs_as_movz_zero ... ok
test smir::lower::aarch64::tests::logic::lowers_andnot_w8_imm_as_and_inverse_uxtb ... ok
test smir::lower::aarch64::tests::logic::lowers_andnot_x_all_ones_imm_as_movz_zero ... ok
test smir::lower::aarch64::tests::logic::lowers_andnot_all_ones_left_imm_reg_as_mvn_or_flags ... ok
test smir::lower::aarch64::tests::logic::lowers_andnot_w16_unencodable_inverse_imm_with_destination_scratch ... ok
test smir::lower::aarch64::tests::logic::lowers_andnot_all_ones_left_imm_extended_as_add_mvn_or_flags ... ok
test smir::lower::aarch64::tests::logic::lowers_andnot_x_zero_imm_as_mov_reg ... ok
test smir::lower::aarch64::tests::logic::lowers_andnot_x_unencodable_inverse_imm_with_destination_scratch ... ok
test smir::lower::aarch64::tests::logic::lowers_ands_w8_non_contiguous_imm_with_destination_scratch ... ok
test smir::lower::aarch64::tests::logic::lowers_ands_w_low_mask_imm_to_zero_reg_for_virtual_dst ... ok
test smir::lower::aarch64::tests::logic::lowers_andnot_zero_source_reg_as_mov_or_noop ... ok
test smir::lower::aarch64::tests::logic::lowers_andnot_zero_base_reg_as_movz_zero ... ok
test smir::lower::aarch64::tests::logic::lowers_bics_w8_imm_with_flags_as_and_uxtb_ands_when_sign_clear ... ok
test smir::lower::aarch64::tests::logic::lowers_ands_x_non_contiguous_imm_with_destination_scratch ... ok
test smir::lower::aarch64::tests::logic::lowers_ands_w_sparse_clear_imm_in_place_as_logical_imms ... ok
test smir::lower::aarch64::tests::logic::lowers_ands_x_zero_imm_as_ands_zero_regs ... ok
test smir::lower::aarch64::tests::logic::lowers_bfx_full_width_as_mov_or_noop ... ok
test smir::lower::aarch64::tests::logic::lowers_divu_w8_imm_power_of_two_with_remainder_as_lsr_and ... ok
test smir::lower::aarch64::tests::logic::lowers_eor_x_all_ones_imm_as_mvn ... ok
test smir::lower::aarch64::tests::logic::lowers_div_one_same_reg_as_noop_or_zero_ext ... ok
test smir::lower::aarch64::tests::logic::lowers_eors_w_reg_with_flags_as_eor_ands ... ok
test smir::lower::aarch64::tests::logic::lowers_divu_x_imm_power_of_two_with_remainder_as_lsr_and ... ok
test smir::lower::aarch64::tests::logic::lowers_cas_with_split_compare_and_destination ... ok
test smir::lower::aarch64::tests::logic::lowers_logical_same_sources_as_mov_or_noop ... ok
test smir::lower::aarch64::tests::logic::lowers_not_w16_zero_as_movz ... ok
test smir::lower::aarch64::tests::logic::lowers_masked_carry_xor_as_cfinv ... ok
test smir::lower::aarch64::tests::logic::lowers_logical_zero_source_reg_as_mov_or_noop ... ok
test smir::lower::aarch64::tests::logic::lowers_masked_carry_xor_without_flagm_via_sysreg_fallback ... ok
test smir::lower::aarch64::tests::logic::lowers_not_w8_as_mvn_uxtb ... ok
test smir::lower::aarch64::tests::logic::lowers_not_w_imm_as_movn ... ok
test smir::lower::aarch64::tests::logic::lowers_not_x_imm_as_movz ... ok
test smir::lower::aarch64::tests::logic::lowers_not_x_imm_as_movn ... ok
test smir::lower::aarch64::tests::logic::lowers_or_w8_non_contiguous_imm_with_destination_scratch ... ok
test smir::lower::aarch64::tests::logic::lowers_or_x_non_contiguous_imm_with_destination_scratch ... ok
test smir::lower::aarch64::tests::logic::lowers_logical_zero_base_extended_as_zero_or_add_zero_base ... ok
test smir::lower::aarch64::tests::logic::lowers_orr_all_ones_left_imm_extended_as_movn_or_flags ... ok
test smir::lower::aarch64::tests::logic::lowers_orr_w_zero_same_reg_as_self_mov_zero_ext ... ok
test smir::lower::aarch64::tests::logic::lowers_orr_all_ones_left_imm_reg_as_movn_or_flags ... ok
test smir::lower::aarch64::tests::logic::lowers_orr_w_all_ones_imm_as_movn_zero ... ok
test smir::lower::aarch64::tests::logic::lowers_crc32c_exact_encodings_widths_aliases_and_feature_gate ... ok
test smir::lower::aarch64::tests::logic::lowers_orr_w8_sparse_imm_in_place_as_logical_imms_and_uxtb ... ok
test smir::lower::aarch64::tests::logic::lowers_crc32c_runtime_known_answers_zero_extension_and_flags ... ok
test smir::lower::aarch64::tests::logic::lowers_orr_x_all_ones_imm_as_movn_zero ... ok
test smir::lower::aarch64::tests::logic::lowers_orr_x_zero_imm_as_mov_reg ... ok
test smir::lower::aarch64::tests::logic::lowers_orr_x_low_mask_imm ... ok
test smir::lower::aarch64::tests::logic::lowers_orr_x_wrapping_mask_imm ... ok
test smir::lower::aarch64::tests::logic::lowers_orrs_x_reg_with_flags_as_orr_ands ... ok
test smir::lower::aarch64::tests::logic::lowers_orr_x_sparse_imm_in_place_as_logical_imms ... ok
test smir::lower::aarch64::tests::logic::lowers_rcl_rcr_register_counts_and_preserves_scratch_state ... ok
test smir::lower::aarch64::tests::logic::lowers_rcl_flags_none_as_value_only_and_restores_nzcv ... ok
test smir::lower::aarch64::tests::logic::lowers_test_all_ones_left_imm_reg_as_self_ands ... ok
test smir::lower::aarch64::tests::logic::lowers_same_width_extend_as_mov_or_noop ... ok
test smir::lower::aarch64::tests::logic::lowers_test_x_zero_imm_as_ands_zero_regs ... ok
test smir::lower::aarch64::tests::logic::lowers_test_zero_imm_operand_as_ands_zero_regs ... ok
test smir::lower::aarch64::tests::logic::lowers_xchg_w16_as_eor_swap_uxth ... ok
test smir::lower::aarch64::tests::logic::lowers_xchg_w8_as_eor_swap_uxtb ... ok
test smir::lower::aarch64::tests::logic::lowers_x86_sbb_borrow_normalization_complete_width_matrix ... ok
test smir::lower::aarch64::tests::logic::lowers_xchg_x_as_eor_swap ... ok
test smir::lower::aarch64::tests::logic::lowers_xor_reg_same_srcs_as_movz_zero ... ok
test smir::lower::aarch64::tests::logic::lowers_xchg_w_as_eor_swap_zero_ext ... ok
test smir::lower::aarch64::tests::logic::lowers_xor_all_ones_left_imm_reg_as_eon_or_flags ... ok
test smir::lower::aarch64::tests::logic::lowers_xor_w16_imm_as_eor_uxth ... ok
test smir::lower::aarch64::tests::logic::lowers_xor_all_ones_left_imm_extended_as_add_eon_or_flags ... ok
test smir::lower::aarch64::tests::logic::lowers_xor_w8_zero_imm_as_uxtb ... ok
test smir::lower::aarch64::tests::logic::lowers_x86_bls_widths_flags_aliases_and_preserves_scratch_state ... ok
test smir::lower::aarch64::tests::logic::lowers_xor_x_zero_base_reg_as_mov_reg ... ok
test smir::lower::aarch64::tests::logic::lowers_xors_w_sparse_imm_in_place_as_logical_imms_and_tst ... ok
test smir::lower::aarch64::tests::logic::lowers_xor_w16_sparse_imm_in_place_as_logical_imms_and_uxth ... ok
test smir::lower::aarch64::tests::logic::native_exit_edge_unconditional_records_pc_and_preserves_state ... ok
test smir::lower::aarch64::tests::memory::fuses_lifted_full_width_bfxil_imm_source_as_movn ... ok
test smir::lower::aarch64::tests::memory::fuses_scalar_post_index_store_sequence ... ok
test smir::lower::aarch64::tests::memory::fuses_pair_post_index_store_sequence ... ok
test smir::lower::aarch64::tests::memory::fuses_pair_pre_index_load_sequence ... ok
test smir::lower::aarch64::tests::memory::fuses_scalar_pre_index_load_sequence ... ok
test smir::lower::aarch64::tests::memory::fuses_signed_load_w_post_index_sequence ... ok
test smir::lower::aarch64::tests::memory::fuses_signed_load_w_zero_extend_sequence ... ok
test smir::lower::aarch64::tests::memory::fuses_lifted_cls_x_imm_src_as_movz ... ok
test smir::lower::aarch64::tests::memory::fuses_signed_load_w_reg_offset_sequence ... ok
test smir::lower::aarch64::tests::memory::issue_13_pcrel_baseless_lea_uses_guest_pc ... ok
test smir::lower::aarch64::tests::memory::lowers_bfx_w_imm_sign_extend_as_movn ... ok
test smir::lower::aarch64::tests::memory::lowers_bfx_x_imm_as_movz ... ok
test smir::lower::aarch64::tests::memory::issue_10_rejects_store_exclusive_status_register_overlap ... ok
test smir::lower::aarch64::tests::memory::lowers_bfx_x_imm_sign_extend_as_movn ... ok
test smir::lower::aarch64::tests::memory::lowers_constant_select_true_imm_as_mov_imm ... ok
test smir::lower::aarch64::tests::memory::lowers_constant_select_true_w8_imm_as_mov_imm_uxtb ... ok
test smir::lower::aarch64::tests::memory::lowers_ctz_w8_imm_zero_as_movz_width ... ok
test smir::lower::aarch64::tests::memory::lowers_cwd_w8_imm_sign_set_as_movz ... ok
test smir::lower::aarch64::tests::memory::lowers_lea_index_scale_without_base ... ok
test smir::lower::aarch64::tests::memory::lowers_lea_large_base_index_disp_runtime ... ok
test smir::lower::aarch64::tests::memory::lowers_cwd_x_imm_sign_set_as_movn_zero ... ok
test smir::lower::aarch64::tests::memory::lowers_lea_base_index_scale_disp ... ok
test smir::lower::aarch64::tests::memory::lowers_lea_large_base_offset_runtime ... ok
test smir::lower::aarch64::tests::memory::lowers_lea_sp_base_index_scale_aliases_index_runtime ... ok
test smir::lower::aarch64::tests::memory::lowers_lea_sp_base_index_scale_runtime ... ok
test smir::lower::aarch64::tests::memory::lowers_load_base_index_scale_as_scaled_reg_offset ... ok
test smir::lower::aarch64::tests::memory::lowers_load_index_scale_disp_without_base_runtime ... ok
test smir::lower::aarch64::tests::memory::lowers_load_exclusive_direct ... ok
test smir::lower::aarch64::tests::memory::lowers_load_base_index_scale_mismatch_with_scratch_runtime ... ok
test smir::lower::aarch64::tests::memory::lowers_load_large_base_offset_runtime ... ok
test smir::lower::aarch64::tests::memory::lowers_load_pair_large_base_offset_via_scratch ... ok
test smir::lower::aarch64::tests::memory::lowers_logical_reg_identity_w_same_reg_as_self_mov_zero_ext ... ok
test smir::lower::aarch64::tests::memory::lowers_load_pair_base_index_scale_via_scratch ... ok
test smir::lower::aarch64::tests::memory::lowers_load_sp_base_index_scale_disp_runtime ... ok
test smir::lower::aarch64::tests::memory::lowers_logical_zero_base_w_same_dst_as_self_mov_zero_ext ... ok
test smir::lower::aarch64::tests::logic::mem_helper_w32_absolute_address_is_materialized_and_range_checked ... ok
test smir::lower::aarch64::tests::memory::lowers_pred_load_with_tbz_guard ... ok
test smir::lower::aarch64::tests::logic::lowers_vpermute_v128_alias_and_two_table_encodings ... ok
test smir::lower::aarch64::tests::memory::lowers_mov_w_same_reg_as_self_mov_zero_ext ... ok
test smir::lower::aarch64::tests::memory::lowers_mov_x_same_reg_as_noop ... ok
test smir::lower::aarch64::tests::memory::lowers_pred_store_with_tbz_guard ... ok
test smir::lower::aarch64::tests::memory::lowers_pred_store_imm_with_tbz_guard ... ok
test smir::lower::aarch64::tests::memory::lowers_rbit_w8_as_mov_reg ... ok
test smir::lower::aarch64::tests::memory::lowers_rbit_w16_as_mov_reg ... ok
test smir::lower::aarch64::tests::memory::lowers_rbit_w8_imm_as_movz_full_imm ... ok
test smir::lower::aarch64::tests::memory::lowers_register_select_identical_arms_as_mov ... ok
test smir::lower::aarch64::tests::memory::lowers_rbit_w32_imm_all_ones_as_movn ... ok
test smir::lower::aarch64::tests::memory::lowers_pred_store_immediate_runtime ... ok
test smir::lower::aarch64::tests::memory::lowers_rbit_x_imm_all_ones_as_movn ... ok
test smir::lower::aarch64::tests::memory::lowers_register_select_false_arm_dst_as_cbz_over_true_mov ... ok
test smir::lower::aarch64::tests::memory::lowers_sign_extend_w8_imm_src_positive_to_x_as_movz ... ok
test smir::lower::aarch64::tests::memory::lowers_store_base_index_scale_disp_with_scratch_runtime ... ok
test smir::lower::aarch64::tests::memory::lowers_register_select_w8_identical_arms_as_mov_uxtb ... ok
test smir::lower::aarch64::tests::memory::lowers_store_base_index_scale_as_unscaled_reg_offset ... ok
test smir::lower::aarch64::tests::memory::lowers_smulh_zero_source_as_movz ... ok
test smir::lower::aarch64::tests::memory::lowers_register_select_true_arm_dst_as_cbnz_over_false_mov ... ok
test smir::lower::aarch64::tests::memory::lowers_store_immediate_runtime ... ok
test smir::lower::aarch64::tests::memory::lowers_store_exclusive_direct ... ok
test smir::lower::aarch64::tests::memory::lowers_store_immediate_sp_base_runtime ... ok
test smir::lower::aarch64::tests::memory::lowers_xchg_same_w16_as_uxth ... ok
test smir::lower::aarch64::tests::memory::lowers_umulh_two_imms_as_movz ... ok
test smir::lower::aarch64::tests::memory::lowers_store_sp_base_large_offset_runtime ... ok
test smir::lower::aarch64::tests::memory::lowers_xchg_same_w8_as_uxtb ... ok
test smir::lower::aarch64::tests::memory::lowers_store_pair_base_index_scale_disp_runtime ... ok
test smir::lower::aarch64::tests::memory::lowers_zero_extend_w8_imm_src_to_w16_as_movz ... ok
test smir::lower::aarch64::tests::memory::lowers_zero_extend_w8_imm_src_to_x_as_movz ... ok
test smir::lower::aarch64::tests::memory::lowers_xchg_same_x_as_noop ... ok
test smir::lower::aarch64::tests::memory::lowers_xchg_same_w_as_self_mov_zero_ext ... ok
test smir::lower::aarch64::tests::memory::rejects_lea_unsupported_scale ... ok
test smir::lower::aarch64::tests::misc::fuses_ldpsw_pair_sequence ... ok
test smir::lower::aarch64::tests::misc::fuses_lifted_bfxil_sequence ... ok
test smir::lower::aarch64::tests::misc::fuses_bfxil_when_dst_aliases_src ... ok
test smir::lower::aarch64::tests::misc::fuses_ldpsw_pre_index_sequence ... ok
test smir::lower::aarch64::tests::misc::fuses_ldpsw_post_index_sequence ... ok
test smir::lower::aarch64::tests::memory::rejects_rep_movs_in_native_lowerer ... ok
test smir::lower::aarch64::tests::misc::fuses_lifted_cls_w_with_masked_imms_as_cls ... ok
test smir::lower::aarch64::tests::misc::direct_guest_calls_require_explicit_frontier_exit_mode ... ok
test smir::lower::aarch64::tests::misc::fuses_lifted_extract_sequence ... ok
test smir::lower::aarch64::tests::misc::configured_aarch32_indirect_exit_rejects_unvalidated_shapes ... ok
test smir::lower::aarch64::tests::misc::fuses_lifted_ldclr_sequence ... ok
test smir::lower::aarch64::tests::misc::fuses_lifted_ldclr_base_offset_runtime ... ok
test smir::lower::aarch64::tests::misc::fuses_lifted_sbfiz_w_sequence ... ok
test smir::lower::aarch64::tests::misc::fuses_lifted_ubfiz_sequence ... ok
test smir::lower::aarch64::tests::misc::fuses_lifted_ldclr_base_index_scale_runtime ... ok
test smir::lower::aarch64::tests::misc::lowers_branch_terminator_as_b ... ok
test smir::lower::aarch64::tests::misc::lowers_cas_lifted_shape_base_index_scale_runtime ... ok
test smir::lower::aarch64::tests::misc::lowers_cas_lifted_shape_base_offset_runtime ... ok
test smir::lower::aarch64::tests::misc::issue_12_bfxil_fusion_preserves_arch_bfx_write ... ok
test smir::lower::aarch64::tests::misc::issue_8_cls_fusion_preserves_arch_intermediate_writes ... ok
test smir::lower::aarch64::tests::misc::lowers_cas_with_observable_success ... ok
test smir::lower::aarch64::tests::misc::lowers_cmc_cf_as_cfinv ... ok
test smir::lower::aarch64::tests::misc::lowers_cas_lifted_shape_direct ... ok
test smir::lower::aarch64::tests::misc::lowers_cwd_w8_as_sbfm_uxtb ... ok
test smir::lower::aarch64::tests::misc::lowers_cwd_w_as_asr31_zero_ext ... ok
test smir::lower::aarch64::tests::misc::lowers_cwd_w16_as_sbfm_uxth ... ok
test smir::lower::aarch64::tests::misc::lowers_cwd_x_as_asr63 ... ok
test smir::lower::aarch64::tests::misc::lowers_general_immediate_div_runtime ... ok
test smir::lower::aarch64::tests::misc::lowers_div_remainder_when_outputs_alias_sources ... ok
test smir::lower::aarch64::tests::misc::lowers_inverted_sparse_logical_immediate_via_scratch ... ok
test smir::lower::aarch64::tests::misc::lowers_clmul_runtime ... ok
test smir::lower::aarch64::tests::misc::lowers_logical_identity_x_same_reg_as_noop ... ok
test smir::lower::aarch64::tests::misc::lowers_io_out_runtime ... ok
test smir::lower::aarch64::tests::misc::issue_32_fp16_arith_gated_on_host_feat_fp16 ... ok
test smir::lower::aarch64::tests::misc::lowers_prefetch_base_offset_as_prfm ... ok
test smir::lower::aarch64::tests::misc::lowers_logical_zero_base_x_same_dst_as_noop ... ok
test smir::lower::aarch64::tests::misc::lowers_prefetch_write_base_index_scale_as_prfm_reg ... ok
test smir::lower::aarch64::tests::misc::lowers_immediate_switch_as_single_b ... ok
test smir::lower::aarch64::tests::misc::lowers_io_in_runtime ... ok
test smir::lower::aarch64::tests::misc::lowers_sign_extend_w8_to_w16_as_sxtb_uxth ... ok
test smir::lower::aarch64::tests::misc::lowers_sparse_logical_immediate_via_scratch ... ok
test smir::lower::aarch64::tests::misc::lowers_sbb_x_nonzero_imm_with_destination_scratch ... ok
test smir::lower::aarch64::tests::misc::lowers_prefetch_pcrel_as_prfm_literal ... ok
test smir::lower::aarch64::tests::misc::lowers_x86_w16_extends_as_partial_register_merges_runtime ... ok
test smir::lower::aarch64::tests::misc::lowers_vpermute_v128_encodings ... ok
test smir::lower::aarch64::tests::misc::lowers_set_cf_runtime ... ok
test smir::lower::aarch64::tests::misc::lowers_rep_stos_runtime ... ok
test smir::lower::aarch64::tests::misc::lowers_zero_extend_w8_to_w16_as_uxtb ... ok
test smir::lower::aarch64::tests::misc::rejects_arm_x30_identity_mapping_x30_is_link_register ... ok
test smir::lower::aarch64::tests::misc::rejects_breakpoint_op_to_deopt ... ok
test smir::lower::aarch64::tests::misc::rejects_breakpoint_trap_terminator_to_deopt ... ok
test smir::lower::aarch64::tests::misc::rejects_halt_trap_terminator_in_native_lowerer ... ok
test smir::lower::aarch64::tests::misc::rejects_indirect_branch_to_deopt ... ok
test smir::lower::aarch64::tests::misc::lowers_x86_w16_unary_count_partial_write_alias_matrix ... ok
test smir::lower::aarch64::tests::misc::rejects_io_unsupported_widths ... ok
test smir::lower::aarch64::tests::misc::rejects_clmul_unsupported_shape ... ok
test smir::lower::aarch64::tests::misc::rejects_rep_stos_unsupported_width ... ok
test smir::lower::aarch64::tests::misc::rejects_malformed_x86_count_shapes ... ok
test smir::lower::aarch64::tests::misc::lowers_vmpsadbw_v128_runtime ... ok
test smir::lower::aarch64::tests::misc::rejects_undefined_trap_terminator_to_deopt ... ok
test smir::lower::aarch64::tests::misc::rejects_swi_op_in_native_lowerer ... ok
test smir::lower::aarch64::tests::misc::lowers_vnavg_integer_runtime ... ok
test smir::lower::aarch64::tests::misc::lowers_vpermute_v128_runtime ... ok
test smir::lower::aarch64::tests::misc::rejects_system_call_trap_terminator_in_native_lowerer ... ok
test smir::lower::aarch64::tests::misc::rejects_undefined_op_to_deopt ... ok
test smir::lower::aarch64::tests::misc::rejects_unreachable_terminator_to_deopt ... ok
test smir::lower::aarch64::tests::shift::fuses_lifted_ror_w_alias_sequence ... ok
test smir::lower::aarch64::tests::shift::fuses_axflag_with_masked_shift_counts ... ok
test smir::lower::aarch64::tests::shift::fuses_lifted_extract_sequence_with_masked_shift_counts ... ok
test smir::lower::aarch64::tests::shift::fuses_lifted_ubfiz_sequence_with_masked_shift_count ... ok
test smir::lower::aarch64::tests::shift::fuses_xaflag_with_masked_shift_counts ... ok
test smir::lower::aarch64::tests::misc::zero_base_extended_lowering_is_sp_independent ... ok
test smir::lower::aarch64::tests::misc::lowers_x86_count_w16_nf_partial_write_alias_matrix ... ok
test smir::lower::aarch64::tests::shift::lowers_addsub_ror_sources ... ok
test smir::lower::aarch64::tests::shift::fuses_signed_load_w_shifted_reg_offset_sequence ... ok
test smir::lower::aarch64::tests::shift::lowers_addsub_effective_zero_ror_sources_as_register_sources ... ok
test smir::lower::aarch64::tests::require_apx::apx_guard_requires_exact_x86_bridge_mode_and_encodes_live_state_load ... ok
test smir::lower::aarch64::tests::shift::lowers_all_ones_imm_source_reg_count_asr_ror_as_constant ... ok
test smir::lower::aarch64::tests::require_tbm::tbm_guard_requires_exact_x86_bridge_mode_and_encodes_live_state_load ... ok
test smir::lower::aarch64::tests::shift::lowers_ands_w8_reg_with_flags_as_and_uxtb_shifted_ands ... ok
test smir::lower::aarch64::tests::shift::lowers_and_w_shifted_byte_mask_imm ... ok
test smir::lower::aarch64::tests::shift::lowers_bidir_shift_immediate_encoding ... ok
test smir::lower::aarch64::tests::shift::lowers_cmp_w16_zero_base_zero_shifted_source_as_constant_flags ... ok
test smir::lower::aarch64::tests::shift::lowers_carry_rotate_zero_effective_count_as_identity ... ok
test smir::lower::aarch64::tests::shift::lowers_eors_w16_imm_with_flags_as_eor_uxth_shifted_ands ... ok
test smir::lower::aarch64::tests::shift::lowers_mulsub_w16_imm_masked_power_of_two_as_sub_shifted_uxth ... ok
test smir::lower::aarch64::tests::shift::lowers_muladd_x_imm_power_of_two_as_add_shifted ... ok
test smir::lower::aarch64::tests::shift::lowers_andnot_all_ones_left_imm_shifted_as_mvn_or_flags ... ok
test smir::lower::aarch64::tests::shift::lowers_orr_all_ones_left_imm_shifted_as_movn_or_flags ... ok
test smir::lower::aarch64::tests::shift::lowers_and_all_ones_left_imm_shifted_as_orr_or_adds ... ok
test smir::lower::aarch64::tests::shift::lowers_bidir_shift_runtime ... ok
test smir::lower::aarch64::tests::shift::lowers_orrs_w8_reg_with_flags_as_orr_uxtb_shifted_ands ... ok
test smir::lower::aarch64::tests::shift::lowers_rol_w_imm_as_ror_zero_ext ... ok
test smir::lower::aarch64::tests::shift::lowers_rol_w_imm_src_all_ones_as_movn ... ok
test smir::lower::aarch64::tests::shift::lowers_rol_reg_when_dst_aliases_src ... ok
test smir::lower::aarch64::tests::shift::lowers_flag_setting_rotate_runtime ... ok
test smir::lower::aarch64::tests::shift::lowers_rol_w8_imm_src_wrap_as_movz ... ok
test smir::lower::aarch64::tests::shift::lowers_rol_w_reg_as_neg_count_rorv_zero_ext ... ok
test smir::lower::aarch64::tests::shift::lowers_rol_x_imm_as_ror ... ok
test smir::lower::aarch64::tests::shift::lowers_rol_x_imm_src_all_ones_as_movn ... ok
test smir::lower::aarch64::tests::shift::lowers_rol_x_reg_when_dst_is_count ... ok
test smir::lower::aarch64::tests::shift::lowers_rol_x_imm_src_as_movz ... ok
test smir::lower::aarch64::tests::shift::lowers_flag_setting_shift_runtime ... ok
test smir::lower::aarch64::tests::shift::lowers_rol_x_reg_as_neg_count_rorv ... ok
test smir::lower::aarch64::tests::shift::lowers_rol_zero_count_reg_as_immediate_zero ... ok
test smir::lower::aarch64::tests::shift::lowers_ror_w16_reg_self_count_in_place ... ok
test smir::lower::aarch64::tests::shift::lowers_rol_zero_or_all_ones_imm_source_reg_count_as_constant ... ok
test smir::lower::aarch64::tests::shift::lowers_ror_w8_imm_as_duplicate_extract ... ok
test smir::lower::aarch64::tests::shift::lowers_ror_w8_imm_masked_zero_as_uxtb ... ok
test smir::lower::aarch64::tests::shift::lowers_ror_w16_reg_in_place_as_duplicate_rorv_uxth ... ok
test smir::lower::aarch64::tests::shift::lowers_ror_w8_imm_src_wrap_as_movz ... ok
test smir::lower::aarch64::tests::shift::lowers_ror_w8_reg_as_repeated_byte_rorv_uxtb ... ok
test smir::lower::aarch64::tests::shift::lowers_ror_w_imm_src_all_ones_as_movn ... ok
test smir::lower::aarch64::tests::shift::lowers_ror_x_imm_src_all_ones_as_movn ... ok
test smir::lower::aarch64::tests::shift::lowers_ror_x_imm_src_as_movz ... ok
test smir::lower::aarch64::tests::shift::lowers_sar_w8_reg_with_count_guards_and_sign_fill ... ok
test smir::lower::aarch64::tests::shift::lowers_sar_w8_imm_as_sbfm_uxtb ... ok
test smir::lower::aarch64::tests::shift::lowers_sar_x_imm_src_negative_as_movn ... ok
test smir::lower::aarch64::tests::shift::lowers_sar_w_imm_src_negative_as_movn ... ok
test smir::lower::aarch64::tests::shift::lowers_sar_w8_imm_src_negative_as_movz_masked ... ok
test smir::lower::aarch64::tests::shift::lowers_sar_x_imm_src_as_movz ... ok
test smir::lower::aarch64::tests::shift::lowers_sar_w_reg_with_sign_guard ... ok
test smir::lower::aarch64::tests::shift::lowers_shift_w_zero_same_reg_as_self_mov_zero_ext ... ok
test smir::lower::aarch64::tests::shift::lowers_shl_w8_imm_as_ubfiz ... ok
test smir::lower::aarch64::tests::shift::lowers_shl_w8_imm_src_as_movz_masked ... ok
test smir::lower::aarch64::tests::shift::lowers_shl_w16_imm_count_above_width_as_zero ... ok
test smir::lower::aarch64::tests::shift::lowers_shift_zero_count_reg_as_immediate_zero ... ok
test smir::lower::aarch64::tests::shift::lowers_shl_w8_reg_with_count_guards ... ok
test smir::lower::aarch64::tests::shift::lowers_shift_x_zero_same_reg_as_noop ... ok
test smir::lower::aarch64::tests::shift::lowers_shl_w_imm_src_all_ones_as_movn ... ok
test smir::lower::aarch64::tests::shift::lowers_shl_x_imm_src_all_ones_as_movn ... ok
test smir::lower::aarch64::tests::shift::lowers_shl_x_imm_src_as_movz ... ok
test smir::lower::aarch64::tests::shift::lowers_shld_w16_full_count_alias_as_uxth ... ok
test smir::lower::aarch64::tests::shift::lowers_shl_w_reg_with_x86_count_guard ... ok
test smir::lower::aarch64::tests::shift::lowers_shld_w16_imm_as_shift_bfxil_uxth ... ok
test smir::lower::aarch64::tests::shift::lowers_shld_w16_encodable_imm_src_as_shift_orr_uxth ... ok
test smir::lower::aarch64::tests::shift::lowers_shld_w16_full_count_imm_src_as_movz ... ok
test smir::lower::aarch64::tests::shift::lowers_shld_w16_imm_src_zero_insert_as_lsl_uxth ... ok
test smir::lower::aarch64::tests::shift::lowers_shld_w8_full_count_alias_as_uxtb ... ok
test smir::lower::aarch64::tests::shift::lowers_shld_w8_imm_as_shift_bfxil_uxtb ... ok
test smir::lower::aarch64::tests::shift::lowers_shld_w_encodable_imm_src_as_shift_orr ... ok
test smir::lower::aarch64::tests::shift::lowers_shld_w_all_ones_imm_src_as_shift_orr ... ok
test smir::lower::aarch64::tests::shift::lowers_shld_w16_masked_zero_count_as_uxth ... ok
test smir::lower::aarch64::tests::shift::lowers_shld_w8_masked_zero_count_as_uxtb ... ok
test smir::lower::aarch64::tests::shift::lowers_shld_w_imm_src_zero_insert_as_lsl ... ok
test smir::lower::aarch64::tests::shift::lowers_shr_w16_imm_as_ubfx ... ok
test smir::lower::aarch64::tests::shift::lowers_shld_w_imm_as_extract_zero_ext ... ok
test smir::lower::aarch64::tests::shift::lowers_shr_w16_reg_with_count_guards_and_source_mask ... ok
test smir::lower::aarch64::tests::shift::lowers_shld_x_imm_as_extract ... ok
test smir::lower::aarch64::tests::shift::lowers_shr_w_reg_with_x86_count_guard ... ok
test smir::lower::aarch64::tests::shift::lowers_shr_w_imm_src_all_ones_as_movn ... ok
test smir::lower::aarch64::tests::shift::lowers_shr_w8_imm_src_as_movz_masked ... ok
test smir::lower::aarch64::tests::shift::lowers_shrd_w16_full_count_alias_as_uxth ... ok
test smir::lower::aarch64::tests::shift::lowers_shrd_w16_masked_zero_count_as_uxth ... ok
test smir::lower::aarch64::tests::shift::lowers_shr_x_imm_src_all_ones_as_movn ... ok
test smir::lower::aarch64::tests::shift::lowers_shr_x_imm_src_as_movz ... ok
test smir::lower::aarch64::tests::shift::lowers_shrd_w8_encodable_imm_src_as_shift_orr_uxtb ... ok
test smir::lower::aarch64::tests::shift::lowers_shrd_w_imm_as_extract_zero_ext ... ok
test smir::lower::aarch64::tests::shift::lowers_shrd_w8_full_count_alias_as_uxtb ... ok
test smir::lower::aarch64::tests::shift::lowers_shrd_x_encodable_imm_src_as_shift_orr ... ok
test smir::lower::aarch64::tests::shift::lowers_shrd_w8_masked_zero_count_as_uxtb ... ok
test smir::lower::aarch64::tests::shift::lowers_shrd_w8_imm_src_zero_insert_as_lsr_uxtb ... ok
test smir::lower::aarch64::tests::shift::lowers_shrd_w_masked_zero_count_as_self_mov ... ok
test smir::lower::aarch64::tests::shift::lowers_shrd_x_all_ones_imm_src_as_shift_orr ... ok
test smir::lower::aarch64::tests::shift::lowers_shrd_x_imm_as_extract ... ok
test smir::lower::aarch64::tests::shift::lowers_shrd_x_imm_src_zero_insert_as_lsr ... ok
test smir::lower::aarch64::tests::shift::lowers_test_all_ones_left_imm_shifted_as_adds_zero_base ... ok
test smir::lower::aarch64::tests::shift::rejects_addsub_ror_source_when_dst_is_base ... ok
test smir::lower::aarch64::tests::shift::lowers_w32_shift_reg_when_dst_is_count ... ok
test smir::lower::aarch64::tests::shift::rejects_bidir_shift_unsupported_width ... ok
test smir::lower::aarch64::tests::shift::lowers_zero_imm_source_reg_count_shifts_as_movz ... ok
test smir::lower::aarch64::tests::shift::lowers_xor_all_ones_left_imm_shifted_as_eon_or_flags ... ok
test smir::lower::aarch64::tests::vector::fp_trampoline_detection_still_includes_vector_regs ... ok
test smir::lower::aarch64::tests::vector::lowers_vector_bf16_conversion_encodings ... ok
test smir::lower::aarch64::tests::tbm::rejects_unmodeled_tbm_widths_and_flag_contracts ... ok
test smir::lower::aarch64::tests::vector::lowers_vector_bf16_dot_product_encodings ... ok
test smir::lower::aarch64::tests::vector::lowers_vector_bf16_to_fp32_conversion_encodings ... ok
test smir::lower::aarch64::tests::tbm::lowers_every_tbm_kind_without_host_xop_dependency ... ok
test smir::lower::aarch64::tests::vector::lowers_vector_bf16_conversion_runtime ... ok
test smir::lower::aarch64::tests::vector::lowers_vector_bf16_to_fp32_conversion_runtime ... ok
test smir::lower::aarch64::tests::shift::rejects_invalid_aarch32_register_shift_contracts ... ok
test smir::lower::aarch64::tests::vector::lowers_vector_bf16_dot_product_runtime ... ok
test smir::lower::aarch64::tests::vector::lowers_vector_extract_lane_runtime ... ok
test smir::lower::aarch64::tests::vector::lowers_vector_broadcast_runtime ... ok
test smir::lower::aarch64::tests::vector::lowers_vector_i8_dot_product_encodings ... ok
test smir::lower::aarch64::tests::vector::lowers_vector_i8_dot_product_ext_runtime ... ok
test smir::lower::aarch64::tests::vector::lowers_vector_float_fma_runtime ... ok
test smir::lower::aarch64::tests::vector::lowers_vector_i8_dot_product_runtime ... ok
test smir::lower::aarch64::tests::vector::lowers_vector_insert_lane_runtime ... ok
test smir::lower::aarch64::tests::vector::lowers_vector_integer_max_runtime ... ok
test smir::lower::aarch64::tests::vector::lowers_vector_lane_scalar_apx_egpr_operands_runtime ... ok
test smir::lower::aarch64::tests::vector::lowers_vector_float_arithmetic_runtime ... ok
test smir::lower::aarch64::tests::vector::lowers_vector_integer_min_runtime ... ok
test smir::lower::aarch64::tests::vector::lowers_vector_integer_arithmetic_runtime ... ok
test smir::lower::aarch64::tests::vector::lowers_vector_minmax_runtime ... ok
test smir::lower::aarch64::tests::vector::lowers_vector_move_and_logic_runtime ... ok
test smir::lower::aarch64::tests::vector::lowers_vector_load_store_runtime ... ok
test smir::lower::aarch64::tests::vector::lowers_vector_memory_apx_egpr_address_operands_runtime ... ok
test smir::lower::aarch64::tests::vector::lowers_vector_fp16_arithmetic_runtime ... ok
test smir::lower::aarch64::tests::vector::lowers_vector_popcnt_byte_runtime ... ok
test smir::lower::aarch64::tests::vector::lowers_vector_shift_acc_runtime ... ok
test smir::lower::aarch64::tests::vector::lowers_vlane_unary_clb_encodings ... ok
test smir::lower::aarch64::tests::vector::lowers_vector_shift_immediate_runtime ... ok
test smir::lower::aarch64::tests::vector::rejects_vector_memory_apx_r31_address_mapping ... ok
test smir::lower::aarch64::tests::vector::rejects_vector_lane_invalid_operands ... ok
test smir::lower::aarch64::tests::vector::rejects_vector_lane_scalar_apx_r31_identity_mapping ... ok
test smir::lower::aarch64::tests::xchg::rejects_xchg_apx_r31_identity_mapping ... ok
test smir::lower::aarch64::tests::vector::rejects_x86_saturating_fp_to_int_conversion ... ok
test smir::lower::aarch64::tests::xchg::lowers_xchg_apx_egpr_operands_runtime ... ok
test smir::lower::aarch64::tests::vector::lowers_vlane_unary_integer_runtime ... ok
test smir::lower::aarch64::tests::vector::lowers_vlane_integer_runtime ... ok
test smir::lower::aarch64::tests::vector::rejects_vector_unsupported_widths ... ok
test smir::lower::aarch64::tests::shift::lowers_t16_selective_nzcv_logic_multiply_and_immediate_shifts_exhaustively ... ok
test smir::lower::regalloc::tests::test_phys_reg_encoding ... ok
test smir::lower::cross::aarch64_guest_to_x86_64_host::codegen_tests::cas_requires_atomic_compare_exchange_helper ... ok
test smir::lower::cross::aarch64_guest_to_x86_64_host::codegen_tests::atomic_rmw_requires_atomic_memory_helper ... ok
test smir::lower::regalloc::tests::test_reg_alloc_spill ... ok
test smir::lower::regalloc::tests::test_reg_alloc_immediate ... ok
test smir::lower::regalloc::tests::test_frame_size ... ok
test smir::lower::regalloc::tests::test_reg_alloc_basic ... ok
test smir::lower::tests::test_code_buffer_align ... ok
test smir::lower::validation::tests::test_lift_lower_full_microkernel ... ignored
test smir::lower::tests::test_code_buffer_emit_multi ... ok
test smir::lower::tests::test_code_buffer_emit ... ok
test smir::lower::regalloc::tests::test_reg_alloc_temp ... ok

=== Testing kernel_main prologue ===

=== Testing loop comparison ===

=== Testing microkernel _start prologue ===

=== Testing: mov rax, rcx ===
test smir::lower::tests::test_code_buffer_labels ... ok
Original bytes: 48 8d 25 f9 ff 00 00 48 8d 3d 92 0f 00 00 48 8d 0d 9b 0f 00 00 48 29 f9 48 c1 e9 03 31 c0
Original bytes: 55 41 57 41 56 41 55 41 54 53 48 81 ec a8 00 00 00
Original bytes: 48 83 f9 0e 74 0c
  Original: 48 89 c8
  Lifted 1 ops (3 bytes consumed):

Instruction at 0x1000037 (4 bytes):
    [0000] Mov { dst: Arch(X86(Rax)), src: Reg(Arch(X86(Rcx))), width: W64 }

Lifted 6 ops (PC: 0x1000000 -> 0x100001e):
    [0000] X86Lea { dst: Arch(X86(Rsp)), addr: PcRel { offset: 65529, disp_size: Disp32, base: Some(16777223) }, width: W64 }
    [0000] Cmp { src1: Arch(X86(Rcx)), src2: Imm(14), width: W64 }
  Control flow: Fallthrough

Instruction at 0x100003b (2 bytes):
  Control flow: CondBranch { cond: Eq, target: 16777289, fallthrough: 16777277 }
    [0000] X86Lea { dst: Arch(X86(Rdi)), addr: PcRel { offset: 3986, disp_size: Disp32, base: Some(16777230) }, width: W64 }
    [0000] X86Lea { dst: Arch(X86(Rcx)), addr: PcRel { offset: 3995, disp_size: Disp32, base: Some(16777237) }, width: W64 }
    [0000] Sub { dst: Arch(X86(Rcx)), src1: Arch(X86(Rcx)), src2: Reg(Arch(X86(Rdi))), width: W64, flags: All }
    [0000] Shr { dst: Arch(X86(Rcx)), src: Arch(X86(Rcx)), amount: Imm(3), width: W64, flags: All }
    [0000] Xor { dst: Arch(X86(Rax)), src1: Arch(X86(Rax)), src2: Reg(Arch(X86(Rax))), width: W32, flags: All }
test smir::lower::validation::tests::test_lift_lower_loop ... 
Lifted 13 ops (PC: 0x1000064 -> 0x1000075):
    [0000] Sub { dst: Arch(X86(Rsp)), src1: Arch(X86(Rsp)), src2: Imm(8), width: W64, flags: None }
ok
    [0001] Store { src: Arch(X86(Rbp)), addr: Direct(Arch(X86(Rsp))), width: B8 }
    [0000] Sub { dst: Arch(X86(Rsp)), src1: Arch(X86(Rsp)), src2: Imm(8), width: W64, flags: None }
    [0001] Store { src: Arch(X86(R15)), addr: Direct(Arch(X86(Rsp))), width: B8 }
    [0000] Sub { dst: Arch(X86(Rsp)), src1: Arch(X86(Rsp)), src2: Imm(8), width: W64, flags: None }
    [0001] Store { src: Arch(X86(R14)), addr: Direct(Arch(X86(Rsp))), width: B8 }
    [0000] Sub { dst: Arch(X86(Rsp)), src1: Arch(X86(Rsp)), src2: Imm(8), width: W64, flags: None }
    [0001] Store { src: Arch(X86(R13)), addr: Direct(Arch(X86(Rsp))), width: B8 }
    [0000] Sub { dst: Arch(X86(Rsp)), src1: Arch(X86(Rsp)), src2: Imm(8), width: W64, flags: None }
    [0001] Store { src: Arch(X86(R12)), addr: Direct(Arch(X86(Rsp))), width: B8 }
    [0000] Sub { dst: Arch(X86(Rsp)), src1: Arch(X86(Rsp)), src2: Imm(8), width: W64, flags: None }
    [0001] Store { src: Arch(X86(Rbx)), addr: Direct(Arch(X86(Rsp))), width: B8 }
    [0000] Sub { dst: Arch(X86(Rsp)), src1: Arch(X86(Rsp)), src2: Imm(168), width: W64, flags: All }
test smir::lower::tests::test_code_buffer_fixups ... ok
test smir::lower::validation::tests::test_roundtrip_exact_bytes_microkernel ... ignored
test smir::lower::cross::aarch64_guest_to_x86_64_host::codegen_tests::store_exclusive_translates_helper_ok_to_status ... ok

Lower error: InvalidRegister("guest Rsp cannot be a native lowerer destination")

Lower error: InvalidRegister("guest Rsp cannot address native memory without MMU helpers")
test smir::lower::validation::tests::test_lift_lower_microkernel_start ... ok
test smir::lower::validation::tests::test_lift_lower_kernel_main_prologue ... ok
  Lowered: 33 bytes
  Code: 55 48 89 e5 90 90 90 90 90 90 90 90 90 90 90 90 90 90 90 90 48 89 c8 48 8d a4 24 00 00 00 00 5d c3

=== Testing: mov eax, 42 ===
  Original: b8 2a 00 00 00
  Lifted 1 ops (5 bytes consumed):
    [0000] Mov { dst: Arch(X86(Rax)), src: Imm(42), width: W32 }
  [add rax,16] OK: result=0x74 (original 1 ops, re-lifted 6 ops)
test smir::lower::validation::tests::test_semantic_add_imm ... ok
  [add rax,rbx] OK: result=0x8e (original 1 ops, re-lifted 6 ops)
  [add rax,rbx overflow] OK: result=0x0 (original 1 ops, re-lifted 6 ops)
  [mov rax,[abs]] OK: result=0xf0e0d0c0b0a0908 (original 1 ops, re-lifted 6 ops)
test smir::lower::validation::tests::test_semantic_add ... ok
  [mov [abs],rax] OK: result=0xf0e0d0c0b0a0908 (original 1 ops, re-lifted 6 ops)
test smir::lower::validation::tests::test_semantic_absolute_addressing ... ok
  Lowered: 35 bytes
  Code: 55 48 89 e5 90 90 90 90 90 90 90 90 90 90 90 90 90 90 90 90 b8 2a 00 00 00 48 8d a4 24 00 00 00 00 5d c3

=== Testing: mov rax, 0x12345678 ===
  Original: 48 c7 c0 78 56 34 12
  Lifted 1 ops (7 bytes consumed):
    [0000] Mov { dst: Arch(X86(Rax)), src: Imm(305419896), width: W64 }
  Lowered: 37 bytes
  Code: 55 48 89 e5 90 90 90 90 90 90 90 90 90 90 90 90 90 90 90 90 48 c7 c0 78 56 34 12 48 8d a4 24 00 00 00 00 5d c3

=== Testing: add rax, rbx ===
  Original: 48 01 d8
  Lifted 1 ops (3 bytes consumed):
    [0000] Add { dst: Arch(X86(Rax)), src1: Arch(X86(Rax)), src2: Reg(Arch(X86(Rbx))), width: W64, flags: All }
  Lowered: 33 bytes
  Code: 55 48 89 e5 48 8d 64 24 f0 90 90 90 90 90 90 90 90 90 90 90 48 01 d8 48 8d a4 24 10 00 00 00 5d c3

=== Testing: add rax, 10 ===
  Original: 48 83 c0 0a
  Lifted 1 ops (4 bytes consumed):
    [0000] Add { dst: Arch(X86(Rax)), src1: Arch(X86(Rax)), src2: Imm(10), width: W64, flags: All }
  Lowered: 34 bytes
  Code: 55 48 89 e5 90 90 90 90 90 90 90 90 90 90 90 90 90 90 90 90 48 83 c0 0a 48 8d a4 24 00 00 00 00 5d c3

=== Testing: sub rax, rcx ===
  Original: 48 29 c8
  Lifted 1 ops (3 bytes consumed):
    [0000] Sub { dst: Arch(X86(Rax)), src1: Arch(X86(Rax)), src2: Reg(Arch(X86(Rcx))), width: W64, flags: All }
  Lowered: 33 bytes
  Code: 55 48 89 e5 90 90 90 90 90 90 90 90 90 90 90 90 90 90 90 90 48 29 c8 48 8d a4 24 00 00 00 00 5d c3

=== Testing: sub rax, 5 ===
  Original: 48 83 e8 05
  Lifted 1 ops (4 bytes consumed):
    [0000] Sub { dst: Arch(X86(Rax)), src1: Arch(X86(Rax)), src2: Imm(5), width: W64, flags: All }
test smir::lower::validation::tests::test_roundtrip_exact_bytes_string_family ... ok
  Lowered: 34 bytes
  Code: 55 48 89 e5 90 90 90 90 90 90 90 90 90 90 90 90 90 90 90 90 48 83 e8 05 48 8d a4 24 00 00 00 00 5d c3

=== Testing: and rax, rbx ===
  Original: 48 21 d8
  Lifted 1 ops (3 bytes consumed):
    [0000] And { dst: Arch(X86(Rax)), src1: Arch(X86(Rax)), src2: Reg(Arch(X86(Rbx))), width: W64, flags: All }
  [and rax,rbx] OK: result=0xff000000 (original 1 ops, re-lifted 6 ops)
  Lowered: 33 bytes
  Code: 55 48 89 e5 48 8d 64 24 f0 90 90 90 90 90 90 90 90 90 90 90 48 21 d8 48 8d a4 24 10 00 00 00 5d c3
test smir::lower::validation::tests::test_semantic_and ... ok

=== Testing: or rax, rcx ===
  Original: 48 09 c8
  [dec rax] OK: result=0x2a (original 1 ops, re-lifted 6 ops)
  Lifted 1 ops (3 bytes consumed):
    [0000] Or { dst: Arch(X86(Rax)), src1: Arch(X86(Rax)), src2: Reg(Arch(X86(Rcx))), width: W64, flags: All }
test smir::lower::validation::tests::test_semantic_dec ... ok
  [cmp+sete (equal)] OK: result=0x1 (original 2 ops, re-lifted 7 ops)
  [cmp+sete (not equal)] OK: result=0x0 (original 2 ops, re-lifted 7 ops)
test smir::lower::validation::tests::test_semantic_cmp_sete ... ok
  [mov rax,[rdi]] OK: result=0x1122334455667788 (original 1 ops, re-lifted 6 ops)
  [mov [rdi],rax] OK: result=0x1122334455667788 (original 1 ops, re-lifted 6 ops)
test smir::lower::validation::tests::test_semantic_load_store_direct ... ok
  Lowered: 33 bytes
  Code: 55 48 89 e5 90 90 90 90 90 90 90 90 90 90 90 90 90 90 90 90 48 09 c8 48 8d a4 24 00 00 00 00 5d c3

=== Testing: xor rax, rax ===
  Original: 48 31 c0
  Lifted 1 ops (3 bytes consumed):
    [0000] Xor { dst: Arch(X86(Rax)), src1: Arch(X86(Rax)), src2: Reg(Arch(X86(Rax))), width: W64, flags: All }
  Lowered: 33 bytes
  Code: 55 48 89 e5 90 90 90 90 90 90 90 90 90 90 90 90 90 90 90 90 48 31 c0 48 8d a4 24 00 00 00 00 5d c3

=== Testing: shl rax, 4 ===
  Original: 48 c1 e0 04
  Lifted 1 ops (4 bytes consumed):
    [0000] Shl { dst: Arch(X86(Rax)), src: Arch(X86(Rax)), amount: Imm(4), width: W64, flags: All }
  [inc rax] OK: result=0x2a (original 1 ops, re-lifted 6 ops)
test smir::lower::validation::tests::test_semantic_inc ... ok
  [mov rax,[rdi+8]] OK: result=0xaabbccddeeff0011 (original 1 ops, re-lifted 6 ops)
  [mov rax,[rdi+rsi*4+16]] OK: result=0xdeadbeefcafebabe (original 1 ops, re-lifted 6 ops)
  [lea rax,[rdi+rsi*4+16]] OK: result=0x324 (original 1 ops, re-lifted 6 ops)
test smir::lower::validation::tests::test_semantic_load_store_offset ... ok
test smir::lower::validation::tests::test_semantic_lea ... ok
test smir::lower::validation::tests::test_semantic_load_store_sib ... ok
  [mov rax,imm32] OK: result=0x12345678 (original 1 ops, re-lifted 6 ops)
test smir::lower::validation::tests::test_semantic_mov_imm ... ok
  [mov+add sequence] OK: result=0x2a (original 2 ops, re-lifted 7 ops)
test smir::lower::validation::tests::test_semantic_multi_instruction ... ok
  [or rax,rbx] OK: result=0xffff00 (original 1 ops, re-lifted 6 ops)
test smir::lower::validation::tests::test_semantic_or ... ok
  [neg rax] OK: result=0xffffffffffffffd6 (original 1 ops, re-lifted 6 ops)
  Lowered: 34 bytes
  [neg rax negative] OK: result=0x2a (original 1 ops, re-lifted 6 ops)
  Code: 55 48 89 e5 90 90 90 90 90 90 90 90 90 90 90 90 90 90 90 90 48 c1 e0 04 48 8d a4 24 00 00 00 00 5d c3

=== Testing: shr rbx, 2 ===
  Original: 48 c1 eb 02
  Lifted 1 ops (4 bytes consumed):
    [0000] Shr { dst: Arch(X86(Rbx)), src: Arch(X86(Rbx)), amount: Imm(2), width: W64, flags: All }
test smir::lower::validation::tests::test_semantic_neg ... ok
  [not rax] OK: result=0xff00ff00ff00ff00 (original 1 ops, re-lifted 6 ops)
test smir::lower::validation::tests::test_semantic_not ... ok
  [lea rax,[rip+0x10]] OK: result=0x1017 (original 1 ops, re-lifted 6 ops)
test smir::lower::validation::tests::test_semantic_pcrel_lea ... ok
  [mov rax,[rip+0x10]] OK: result=0x0 (original 1 ops, re-lifted 6 ops)
test smir::lower::validation::tests::test_roundtrip_exact_bytes_memory ... ok
test smir::lower::validation::tests::test_semantic_pcrel_load ... ok
  Lowered: 34 bytes
  Code: 55 48 89 e5 48 8d 64 24 f0 90 90 90 90 90 90 90 90 90 90 90 48 c1 eb 02 48 8d a4 24 10 00 00 00 5d c3

=== Testing: push rbp ===
  Original: 55
  Lifted 2 ops (1 bytes consumed):
    [0000] Sub { dst: Arch(X86(Rsp)), src1: Arch(X86(Rsp)), src2: Imm(8), width: W64, flags: None }
    [0001] Store { src: Arch(X86(Rbp)), addr: Direct(Arch(X86(Rsp))), width: B8 }
  [shl rax,4] OK: result=0x12340 (original 1 ops, re-lifted 6 ops)
test smir::lower::validation::tests::test_semantic_shl ... ok
  Lower error: InvalidRegister("guest Rsp cannot address native memory without MMU helpers")

=== Testing: pop rbp ===
  Original: 5d
  Lifted 2 ops (1 bytes consumed):
    [0000] Load { dst: Arch(X86(Rbp)), addr: Direct(Arch(X86(Rsp))), width: B8, sign: Zero }
    [0001] Add { dst: Arch(X86(Rsp)), src1: Arch(X86(Rsp)), src2: Imm(8), width: W64, flags: None }
  Lower error: InvalidRegister("guest Rbp cannot be a native lowerer destination")

=== Testing: nop ===
  Original: 90
  Lifted 0 ops (1 bytes consumed):
  Lowered: 30 bytes
  Code: 55 48 89 e5 90 90 90 90 90 90 90 90 90 90 90 90 90 90 90 90 48 8d a4 24 00 00 00 00 5d c3
  [sub rax,rbx] OK: result=0x3a (original 1 ops, re-lifted 6 ops)
test smir::lower::validation::tests::test_lift_lower_simple_instructions ... ok
  [shr rax,4] OK: result=0x1234 (original 1 ops, re-lifted 6 ops)
test smir::lower::validation::tests::test_semantic_shr ... ok
  [sub rax,rbx underflow] OK: result=0xfffffffffffffff6 (original 1 ops, re-lifted 6 ops)
  [rep stosq] OK: result=0xf1e2d3c4b5a6978 (original 1 ops, re-lifted 6 ops)
test smir::lower::validation::tests::test_semantic_sub ... ok
  [xor rax,rbx] OK: result=0xffffffff (original 1 ops, re-lifted 6 ops)
test smir::lower::validation::tests::test_semantic_rep_stosq ... ok
test smir::lower::validation::tests::test_semantic_xor ... ok
test smir::lower::validation::tests::timestamp_reads_are_not_host_opcode_roundtrips ... ok
test smir::lower::x86_64::avx10::tests::compress_expand_lowering_rejects_malformed_shapes ... ok
test smir::lower::x86_64::avx10::tests::destructive_avx_accumulators_must_alias_destinations ... ok
test smir::lower::x86_64::avx10::tests::test_evex_encode_vpdpbusd ... ok
test smir::lower::x86_64::avx10::saturating_convert::tests::emits_scalar_map5_saturation_llvm_encodings_and_rejects_bad_shapes ... ok
test smir::lower::x86_64::avx10::tests::test_lower_vdotproduct ... ok
test smir::lower::x86_64::avx10::tests::vcvtfp32tobf16_lowering_rejects_malformed_mask_and_width_shapes ... ok
test smir::lower::x86_64::avx10::tests::vdpbf16ps_lowering_rejects_malformed_mask_and_width_shapes ... ok
test smir::lower::x86_64::avx10::tests::lower_avx10_2_vmpsadbw_emits_f3_w0_masks_and_rejects_malformed_shapes ... ok
test smir::lower::x86_64::avx10::tests::vdotproduct_lowering_rejects_non_vnni_accumulator_shapes ... ok
test smir::lower::x86_64::avx10::tests::vfp16_lowering_rejects_malformed_mask_width_and_operation_shapes ... ok
test smir::lower::x86_64::avx10::tests::vpconflict_lowering_rejects_malformed_shapes ... ok
test smir::lower::x86_64::avx10::tests::vplzcnt_lowering_rejects_malformed_shapes ... ok
test smir::lower::x86_64::avx10::tests::vpmadd52_lowering_rejects_malformed_mask_and_width_shapes ... ok
test smir::lower::x86_64::avx10::saturating_convert::tests::emits_map5_masks_sae_and_rejects_bad_shapes ... ok
test smir::lower::x86_64::avx10::tests::x86_permute_bytes_words_lowering_rejects_malformed_shapes ... ok
test smir::lower::x86_64::avx10::tests::x86_packed_shift_imm_lowering_covers_all_groups_and_rejects_malformed_shapes ... ok
test smir::lower::validation::tests::test_roundtrip_exact_bytes_basic ... ok
test smir::lower::x86_64::avx10::tests::x86_integer_narrow_lowering_covers_all_modes_ratios_and_rejects_malformed_shapes ... ok
test smir::lower::x86_64::avx10::tests::x86_sm3_lowering_covers_message_round_forms_and_rejects_malformed_registers ... ok
test smir::lower::x86_64::avx10::tests::x86_packed_shared_count_lowering_covers_all_opcodes_and_rejects_malformed_shapes ... ok
test smir::lower::x86_64::avx10::tests::x86_aes_lowering_covers_round_unary_keygen_vex_evex_and_malformed_shapes ... ok
test smir::lower::x86_64::avx10::tests::x86_sm4_lowering_covers_operations_widths_and_rejects_malformed_shapes ... ok
test smir::lower::x86_64::avx10::tests::x86_sha512_lowering_covers_all_mixed_width_forms_and_rejects_malformed_shapes ... ok
test smir::lower::x86_64::tests::alu::lower_byte_implicit_imul_uses_the_one_operand_ax_form ... ok
test smir::lower::aarch64::tests::shift::lowers_t16_t32_register_shifts_with_exact_low_byte_flags_and_aliasing ... ok
test smir::lower::x86_64::tests::ac::lower_clac_stac_require_precise_fault_guards_and_never_emit_host_forms ... ok
test smir::lower::x86_64::avx10::tests::lowers_x86_evex_bitmanip_ir_to_canonical_encodings ... ok
test smir::lower::x86_64::tests::alu::lower_mulx_hint_rejects_malformed_shapes ... ok
test smir::lower::x86_64::tests::alu::lower_bit_scans_emit_zf_merge_and_validate_flag_contracts ... ok
test smir::lower::x86_64::tests::alu::test_emit_setcc ... ok
test smir::lower::x86_64::tests::alu::lower_crc32c_emits_every_source_width_and_rejects_malformed_shapes ... ok
test smir::lower::x86_64::tests::addr32_memory::addr32_scalar_memory_lowering_requires_helpers_and_emits_w32_address_math ... ok
test smir::lower::x86_64::tests::alu::lower_pdep_pext_preserves_flags_and_register_aliases ... ok
test smir::lower::x86_64::tests::alu::test_immediate_encoding_tracks_operand_width ... ok
test smir::lower::x86_64::tests::alu::lower_x86_count_honors_flag_contracts_and_rejects_malformed_ir ... ok
test smir::lower::x86_64::tests::alu::lower_xchg_covers_partial_full_and_eax_self_exchange_encodings ... ok
test smir::lower::x86_64::tests::alu::lower_bextr_bzhi_preserves_undefined_or_all_flags_by_update_mode ... ok
test smir::lower::x86_64::tests::apx::lower_apx_count_flagging_and_nf_slice_lowers_without_relocs ... ok
test smir::lower::x86_64::tests::alu::lower_register_bit_tests_emit_all_widths_and_reject_malformed_shapes ... ok
test smir::lower::x86_64::tests::apx::lower_apx_implicit_group3_slice_lowers_both_nf_states_without_relocs ... ok
test smir::lower::x86_64::tests::apx::lower_apx_movbe_slice_lowers_without_relocs ... ok
test smir::lower::x86_64::tests::apx::lower_apx_ndd_nf_alu_legacy_gpr_slice_lowers_without_relocs ... ok
test smir::lower::x86_64::tests::apx::lower_apx_ndd_nf_imul_slice_lowers_without_relocs ... ok
test smir::lower::x86_64::tests::apx::lower_apx_cmov_cfcmov_slice_lowers_without_relocs ... ok
test smir::lower::x86_64::tests::apx::lower_apx_ccmp_ctest_slice_lowers_without_relocs ... ok
test smir::lower::x86_64::tests::apx::lower_apx_ndd_imul_alias_second_source_covers_widths_and_nf ... ok
test smir::lower::x86_64::tests::apx::lower_apx_ndd_adc_sbb_alias_slice_lowers_without_relocs ... ok
test smir::lower::x86_64::tests::apx::lower_apx_ndd_nf_unary_slice_lowers_without_relocs ... ok
test smir::lower::x86_64::tests::apx::lower_apx_ndd_binary_alu_alias_second_source_is_native_and_flag_safe ... ok
test smir::lower::x86_64::tests::apx::lower_apx_setzucc_slice_lowers_without_relocs ... ok
test smir::lower::x86_64::tests::apx::lower_apx_ndd_double_shift_covers_direct_alias_cl_partial_width_and_nf_paths ... ok
test smir::lower::x86_64::tests::apx::lower_apx_nf_bmi_0f38_slice_lowers_without_relocs ... ok
test smir::lower::x86_64::tests::apx::lower_rex2_mov_egpr_sequence_addresses_apx_slot ... ok
test smir::lower::x86_64::tests::apx::lower_immediate_one_carry_rotates_cover_widths_and_ndd_copy ... ok
test smir::lower::x86_64::tests::apx::lower_apx_ndd_nf_shift_rotate_slice_lowers_without_relocs ... ok
test smir::lower::x86_64::tests::apx::lower_apx_nf_binary_alu_preserves_flags_for_aliases_and_immediates ... ok
test smir::lower::aarch64::tests::shift::lowers_all_a32_data_processing_register_shifts_with_exact_flags_and_aliasing ... ok
test smir::lower::x86_64::tests::apx::lower_apx_push2_pop2_requires_helper_backed_stack_memory ... ok
test smir::lower::x86_64::tests::call_helpers::call_site_pc_rejects_non_64_bit_callout_width_and_malformed_opcode ... ok
test smir::lower::x86_64::tests::call_helpers::memory_indirect_call_lowering_rejects_disabled_helpers_and_virtual_addresses ... ok
test smir::lower::x86_64::tests::call_helpers::addr32_call_site_pc_accepts_67h_but_rejects_66h_width_override ... ok
test smir::lower::x86_64::tests::apx::lower_apx_ndd_single_shift_cl_alias_covers_all_groups_widths_and_nf ... ok
test smir::lower::x86_64::tests::call_helpers::call_site_pc_requires_exact_instruction_end_provenance ... ok
test smir::lower::x86_64::tests::call_helpers::vector_call_helper_emits_save_and_both_resume_reloads ... ok
test smir::lower::x86_64::tests::call_helpers::addr32_memory_indirect_call_builds_wrapped_sib_and_segment_addresses ... ok
test smir::lower::x86_64::tests::cli::lower_cli_rejects_every_non_lifter_shape ... ok
test smir::lower::x86_64::tests::apx::lower_x86_adx_emits_exact_native_encodings_and_preserves_three_operand_aliases ... ok
test smir::lower::x86_64::tests::cpuid::lower_cpuid_rejects_every_malformed_implicit_register_class ... ok
test smir::lower::x86_64::tests::clts::lower_clts_requires_precise_fault_guards_and_never_emits_host_clts ... ok
test smir::lower::x86_64::tests::call_helpers::memory_indirect_call_loads_target_before_callout_with_precise_fault_pc ... ok
test smir::lower::x86_64::tests::cpuid::lower_cpuid_emits_guest_helper_call_and_host_serialization_barrier ... ok
test smir::lower::x86_64::tests::cli::lower_cli_requires_guards_calls_helper_and_encodes_both_precise_frontiers ... ok
test smir::lower::x86_64::tests::descriptor_table::lower_descriptor_table_load_rejects_every_non_lifter_shape_and_frontier ... ok
test smir::lower::x86_64::tests::descriptor_table::lower_descriptor_table_store_rejects_every_non_lifter_shape ... ok
test smir::lower::x86_64::tests::cpuid::lower_cpuid_wraps_the_helper_with_vector_state_when_requested ... ok
test smir::lower::x86_64::tests::far_jump::lower_far_jump_rejects_every_non_lifter_shape_and_hint ... ok
test smir::lower::x86_64::tests::descriptor_table::lower_descriptor_table_store_requires_both_guards_and_helper_channel ... ok
test smir::lower::x86_64::tests::far_jump::lower_far_jump_rejects_nonterminal_mismatched_and_duplicate_ownership ... ok
test smir::lower::x86_64::tests::far_call::lower_far_call_rejects_malformed_nonterminal_and_duplicate_ownership ... ok
test smir::lower::x86_64::tests::far_return::lower_far_return_rejects_malformed_nonterminal_and_duplicate_ownership ... ok
test smir::lower::x86_64::tests::descriptor_table::lower_descriptor_table_load_requires_guards_helpers_serializes_and_never_executes_host_load ... ok
test smir::lower::x86_64::tests::far_jump::lower_far_jump_requires_guards_helpers_serializes_and_calls_only_the_guest_helper ... ok
test smir::lower::x86_64::tests::flag_control::every_helper_publish_clears_host_df_after_guest_state_is_saved ... ok
test smir::lower::x86_64::tests::far_call::lower_far_call_requires_guards_helpers_serializes_and_calls_guest_helper ... ok
test smir::lower::x86_64::tests::fast_system_transfer::lower_fast_system_transfer_rejects_nonterminal_mismatched_and_duplicate_ownership ... ok
test smir::lower::x86_64::tests::fp_binary::lowerer_rejects_x86_fp_binary_until_mxcsr_atomicity_is_native ... ok
test smir::lower::x86_64::tests::flag_control::df_lowering_preserves_standalone_shape_and_commits_jit_shadow ... ok
test smir::lower::x86_64::tests::far_return::lower_far_return_requires_guards_helpers_serializes_and_calls_guest_helper ... ok
test smir::lower::x86_64::tests::fast_system_transfer::lower_fast_system_transfer_rejects_every_non_lifter_shape_and_hint ... ok
test smir::lower::x86_64::tests::fsgsbase::lower_fsgsbase_rejects_every_malformed_ir_shape ... ok
test smir::lower::x86_64::tests::fast_system_transfer::lower_fast_system_transfer_requires_guards_calls_helper_and_owns_both_exits ... ok
test smir::lower::x86_64::tests::fsgsbase::lower_fsgsbase_requires_precise_jit_fault_guards ... ok
test smir::lower::x86_64::tests::far_pointer_load::lower_far_pointer_load_requires_precise_guards_mmu_and_exact_lifter_shape ... ok
test smir::lower::x86_64::tests::invlpg::lower_invlpg_rejects_every_non_lifter_address_and_frontier_shape ... ok
test smir::lower::x86_64::tests::flag_control::legacy_flag_controls_cover_every_scanned_prefix_and_reject_lock ... ok
test smir::lower::x86_64::tests::invpcid::lower_invpcid_rejects_every_non_lifter_register_address_and_frontier_shape ... ok
test smir::lower::x86_64::tests::jit::jit_pcrel_lea_materializes_exact_guest_address_without_relocation ... ok
test smir::lower::x86_64::tests::memory::emit_bit_scan_memory_encodes_stack_sources_and_partial_widths ... ok
test smir::lower::x86_64::tests::memory::emit_scalar_count_memory_encodes_stack_sources_and_partial_widths ... ok
test smir::lower::x86_64::tests::memory::emit_bit_test_memory_immediate_encodes_all_actions_and_widths ... ok
test smir::lower::x86_64::tests::jit::lower_x86_alignment_check_emits_precise_deopt_and_rejects_malformed_ir ... ok
test smir::lower::x86_64::tests::lmsw::lower_lmsw_rejects_every_non_lifter_source_and_frontier_shape ... ok
test smir::lower::x86_64::tests::invlpg::lower_invlpg_requires_guards_calls_helper_serializes_and_encodes_exact_frontiers ... ok
test smir::lower::x86_64::tests::memory::lower_bswap_covers_native_widths_and_rejects_silent_noops ... ok
test smir::lower::x86_64::tests::memory::lower_flag_stack_ops_reject_native_stack_operands ... ok
test smir::lower::x86_64::tests::memory::lower_count_ops_reject_native_stack_operands ... ok
test smir::lower::x86_64::tests::flag_control::rex2_flag_controls_are_guarded_for_every_map_zero_payload ... ok
test smir::lower::x86_64::tests::memory::lower_mulx_hint_emits_native_bmi2_with_aliasing ... ok
test smir::lower::x86_64::tests::invpcid::lower_invpcid_requires_memory_and_fault_helpers_then_serializes_exact_frontiers ... ok
test smir::lower::x86_64::tests::lmsw::lower_lmsw_requires_precise_guards_memory_helpers_and_never_uses_host_lmsw ... ok
test smir::lower::x86_64::tests::memory::test_emit_push_pop ... ok
test smir::lower::x86_64::tests::memory::lower_nf_implicit_group3_admits_state_multiply_but_rejects_stack_divide ... ok
test smir::lower::x86_64::tests::memory::lower_x86_fp_compare_emits_comi_ucomi_native_opcodes ... ok
test smir::lower::x86_64::tests::memory::lower_x86_scalar_fp_convert_emits_native_opcodes ... ok
test smir::lower::x86_64::tests::memory::lower_x86_minmax_emits_source2_selecting_native_opcodes ... ok
test smir::lower::x86_64::tests::memory::lower_x86_int_to_fp_emits_source_width_native_opcodes ... ok
test smir::lower::x86_64::tests::memory::lower_x86_fp_to_int_emits_width_and_rounding_native_opcodes ... ok
test smir::lower::x86_64::tests::misc::emit_imul_imm16_uses_operand_sized_immediate_for_every_address_form ... ok
test smir::lower::x86_64::tests::misc::lower_adc_sbb_alias_second_source_covers_all_integer_widths ... ok
test smir::lower::x86_64::tests::misc::lower_egpr_add_bails_instead_of_allocating_host_alias ... ok
test smir::lower::x86_64::tests::memory::lower_x86_bls_emits_native_alias_safe_encodings_and_exact_flags ... ok
test smir::lower::x86_64::tests::misc::lower_divu_flags_none_saves_flags_before_zeroing_high_half ... ok
test smir::lower::x86_64::tests::misc::lower_cldemote_is_an_exact_noop_and_rejects_fault_capable_cache_forms ... ok
test smir::lower::x86_64::tests::misc::lower_cwd_cdq_cqo_emits_exact_encodings_and_rejects_malformed_shapes ... ok
test smir::lower::x86_64::tests::misc::lower_and_not_preserves_aliases_and_partial_flag_contracts ... ok
test smir::lower::x86_64::tests::misc::lower_fixed_integer_compare_rejects_unhinted_and_malformed_encodings ... ok
test smir::lower::x86_64::tests::misc::lower_horizontal_integer_rejects_unhinted_and_malformed_encodings ... ok
test smir::lower::x86_64::tests::misc::lower_byte_shuffle_rejects_unhinted_and_malformed_encodings ... ok
test smir::lower::x86_64::tests::misc::lower_integer_interleave_rejects_unhinted_and_malformed_encodings ... ok
test smir::lower::x86_64::tests::misc::lower_movd_q_register_forms_emit_exact_bytes_and_reject_malformed ... ok
test smir::lower::x86_64::tests::misc::lower_mov_mask_family_emits_exact_bytes_canonicalizes_wig_and_rejects_malformed ... ok
test smir::lower::x86_64::tests::misc::lower_x86_byte_division_uses_ax_without_touching_rdx ... ok
test smir::lower::x86_64::tests::misc::lower_mulhw_mulhuw_emit_exact_bytes_and_reject_malformed_encodings ... ok
test smir::lower::x86_64::tests::misc::lower_mulhrs_emits_exact_bytes_and_rejects_malformed_encodings ... ok
test smir::lower::x86_64::tests::misc::lower_maddwd_emits_exact_bytes_and_rejects_malformed_encodings ... ok
test smir::lower::x86_64::tests::misc::lower_maddubs_emits_exact_bytes_and_rejects_malformed_encodings ... ok
test smir::lower::x86_64::tests::misc::lower_saturating_pack_rejects_unhinted_and_malformed_encodings ... ok
test smir::lower::x86_64::tests::misc::lower_x86_fences_emits_exact_baseline_encodings ... ok
test smir::lower::x86_64::tests::misc::lower_x86_exp2_emits_canonical_evex_and_rejects_synthetic_shapes ... ok
test smir::lower::x86_64::tests::misc::lower_x86_fixup_imm_emits_canonical_evex_and_rejects_synthetic_shapes ... ok
test smir::lower::x86_64::tests::misc::lower_x86_fp16_approx_emits_all_widths_and_rejects_synthetic_shapes ... ok
test smir::lower::x86_64::tests::misc::lower_x86_fp16_complex_emits_canonical_evex_and_rejects_aliases_and_bad_metadata ... ok
test smir::lower::x86_64::tests::misc::lower_x86_get_mantissa_emits_canonical_evex_and_rejects_synthetic_shapes ... ok
test smir::lower::x86_64::tests::misc::lower_x86_get_exponent_emits_canonical_evex_and_rejects_synthetic_shapes ... ok
test smir::lower::x86_64::tests::misc::lower_x86_scalar_fp_convert_rejects_interpreter_only_evex_metadata ... ok
test smir::lower::x86_64::tests::misc::lower_x86_range_emits_canonical_evex_and_rejects_synthetic_shapes ... ok
test smir::lower::x86_64::tests::misc::lower_xgetbv_requires_architectural_implicit_registers ... ok
test smir::lower::x86_64::tests::misc::lower_x86_reduce_emits_canonical_evex_and_rejects_synthetic_shapes ... ok
test smir::lower::x86_64::tests::misc::lower_x86_recip14_emits_all_widths_and_rejects_synthetic_shapes ... ok
test smir::lower::x86_64::tests::misc::lower_x86_scale_f_emits_canonical_evex_and_rejects_synthetic_shapes ... ok
test smir::lower::x86_64::tests::misc::lower_x86_rsqrt14_emits_all_widths_and_rejects_synthetic_shapes ... ok
test smir::lower::x86_64::tests::misc::lower_x86_rsqrt28_emits_canonical_evex_and_rejects_synthetic_shapes ... ok
test smir::lower::x86_64::tests::misc::production_lowerer_routes_avx10_ops_and_propagates_shape_errors ... ok
test smir::lower::x86_64::tests::misc::test_emit_add_rr ... ok
test smir::lower::x86_64::tests::misc::test_emit_div_instructions ... ok
test smir::lower::x86_64::tests::misc::lower_x86_recip28_emits_canonical_evex_and_rejects_synthetic_shapes ... ok
test smir::lower::x86_64::tests::misc::test_emit_extended_reg ... ok
test smir::lower::x86_64::tests::misc::test_emit_jmp_rel32 ... ok
test smir::lower::x86_64::tests::misc::test_emit_mov_rr ... ok
test smir::lower::x86_64::tests::misc::lower_x86_round_scale_emits_canonical_evex_and_rejects_synthetic_shapes ... ok
test smir::lower::x86_64::tests::misc::test_emit_ret ... ok
test smir::lower::x86_64::tests::misc::test_lower_add ... ok
test smir::lower::x86_64::tests::misc::test_emit_mov_ri ... ok
test smir::lower::x86_64::tests::misc::test_lower_div_signed ... ok
test smir::lower::x86_64::tests::misc::test_lower_simple_function ... ok
test smir::lower::x86_64::tests::misc::test_lower_div_unsigned ... ok
test smir::lower::x86_64::tests::misc::test_x86_cond_invert ... ok
test smir::lower::x86_64::tests::mmx_helpers::mmx_helper_state_uses_exact_full_file_movq_and_host_emms_encodings ... ok
test smir::lower::x86_64::tests::mmx_xmm_transfer::malformed_width_hint_and_register_files_never_lower_as_cross_transfers ... ok
test smir::lower::x86_64::tests::monitor_mwait::lower_monitor_mwait_rejects_malformed_operands_and_addresses ... ok
test smir::lower::x86_64::tests::monitor_mwait::lower_monitor_mwait_requires_precise_guards_and_monitor_requires_memory_helpers ... ok
test smir::lower::x86_64::tests::mmx_xmm_transfer::live_native_vector_state_uses_direct_xmm_without_stale_slot_staging ... ok
test smir::lower::x86_64::tests::monitor_mwait::lower_monitor_mwait_never_emits_host_power_management_instructions ... ok
test smir::lower::x86_64::tests::msr::lower_msr_rejects_every_non_lifter_register_hint_and_frontier_shape ... ok
test smir::lower::x86_64::tests::mmx_xmm_transfer::every_register_pair_emits_exact_legacy_opcode_and_minimal_state_sync ... ok
test smir::lower::x86_64::tests::mxcsr::lower_mxcsr_operations_reject_every_non_lifter_shape ... ok
test smir::lower::x86_64::tests::mmx_helpers::mmx_state_wraps_every_rust_helper_boundary_on_both_return_paths ... ok
test smir::lower::x86_64::tests::msr::lower_msr_requires_guards_calls_only_the_guest_helper_and_serializes_writes ... ok
test smir::lower::x86_64::tests::mxcsr::lower_mxcsr_load_requires_guards_helpers_and_encodes_validation_and_frontiers ... ok
test smir::lower::x86_64::tests::opmask::lowerer_accepts_state_backed_rsp_rbp_opmask_moves_without_host_feature_probing ... ok
test smir::lower::x86_64::tests::opmask::lowerer_matches_known_llvm_kmovq_extended_gpr_encodings ... ok
test smir::lower::x86_64::tests::mmx_helpers::mmx_movq_memory_uses_scalar_helper_and_fault_safe_stack_staging ... ok
test smir::lower::x86_64::tests::opmask::lowerer_emits_every_kmov_width_direction_and_register_extension_field ... ok
test smir::lower::x86_64::tests::pkru::lower_pkru_rejects_every_malformed_implicit_operand ... ok
test smir::lower::x86_64::tests::mxcsr::lower_mxcsr_store_requires_helpers_accepts_vex_wig_and_embeds_exact_store_abi ... ok
test smir::lower::x86_64::tests::opmask::lowerer_emits_every_unpack_and_shift_width_with_exact_vex_fields ... ok
test smir::lower::x86_64::tests::pmc::lower_pmc_rejects_every_malformed_implicit_register_shape ... ok
test smir::lower::x86_64::tests::pkru::lower_pkru_requires_precise_jit_fault_guards_and_never_emits_host_pkru ... ok
test smir::lower::x86_64::tests::opmask::kmov_memory_lowering_requires_both_helper_modes_and_stages_exact_width ... ok
test smir::lower::x86_64::tests::opmask::lowerer_emits_every_binary_not_and_test_width_with_exact_vex_fields ... ok
test smir::lower::x86_64::tests::pop_segment::lower_pop_segment_requires_precise_guards_mmu_and_exact_lifter_shape ... ok
test smir::lower::x86_64::tests::opmask::lowerer_rejects_every_noncanonical_opmask_shape ... ok
test smir::lower::x86_64::tests::pmc::lower_pmc_requires_precise_fault_guards_and_calls_guest_helper ... ok
test smir::lower::x86_64::tests::random::random_lowering_rejects_every_unmodeled_shape ... ok
test smir::lower::x86_64::tests::read_control::lower_read_control_rejects_every_non_lifter_operand_class ... ok
test smir::lower::x86_64::tests::push_segment::lower_push_segment_preserves_vectors_around_selector_and_mmu_helpers ... ok
test smir::lower::x86_64::tests::push_segment::lower_push_segment_requires_precise_guards_mmu_and_exact_lifter_shape ... ok
test smir::lower::x86_64::tests::read_debug::lower_read_debug_rejects_every_non_lifter_operand_class ... ok
test smir::lower::x86_64::tests::random::random_lowering_emits_exact_identity_and_state_backed_encodings ... ok
test smir::lower::x86_64::tests::require_apx::lower_apx_guard_requires_deoptimization_and_encodes_state_and_fault_pc ... ok
test smir::lower::x86_64::tests::rdpid::lower_rdpid_accepts_all_gprs_emits_exact_stack_commits_and_rejects_non_gprs ... ok
test smir::lower::x86_64::tests::selector::lower_mov_sreg_load_admits_all_ordinary_selectors_and_both_memory_widths ... ok
test smir::lower::x86_64::tests::selector::lower_selector_loads_reject_every_non_lifter_shape_and_frontier ... ok
test smir::lower::x86_64::tests::selector::lower_selector_load_serialization_frontier_ends_the_native_block ... ok
test smir::lower::x86_64::tests::selector::lower_selector_store_rejects_every_non_lifter_shape ... ok
test smir::lower::x86_64::tests::read_control::lower_read_control_requires_fault_guards_uses_state_and_never_emits_host_mov_cr ... ok
test smir::lower::x86_64::tests::selector::lower_mov_rm_sreg_uses_selector_helper_without_sldt_str_mode_or_umip_guards ... ok
test smir::lower::x86_64::tests::read_debug::lower_read_debug_requires_fault_guards_uses_state_and_never_emits_host_mov_dr ... ok
test smir::lower::x86_64::tests::selector::lower_selector_loads_wrap_implicit_memory_with_vector_state_when_requested ... ok
test smir::lower::x86_64::tests::selector::lower_selector_store_requires_guards_helpers_and_never_emits_host_sldt_str ... ok
test smir::lower::x86_64::tests::selector::lower_selector_loads_require_guards_helpers_serialize_and_never_touch_host_state ... ok
test smir::lower::x86_64::tests::selector::lower_selector_store_wraps_its_system_helper_with_vector_state_when_requested ... ok
test smir::lower::x86_64::tests::selector_verify::lower_selector_verify_rejects_every_non_lifter_shape ... ok
test smir::lower::x86_64::tests::simd::legacy_vector_move_preserves_explicit_no_prefix_encoding ... ok
test smir::lower::x86_64::tests::selector_query::lower_selector_query_rejects_every_non_lifter_shape ... ok
test smir::lower::x86_64::tests::serialize::lower_serialize_uses_portable_cpuid_barrier_and_balanced_state_saves ... ok
test smir::lower::x86_64::tests::simd::lower_empty_mmx_commits_empty_tag_word_without_clobbering_arch_state ... ok
test smir::lower::x86_64::tests::simd::lower_enter_mmx_commits_guest_tag_word_without_clobbering_arch_state ... ok
test smir::lower::x86_64::tests::selector_query::lower_selector_query_requires_guards_and_implicit_memory_helpers ... ok
test smir::lower::x86_64::tests::simd::lower_mmx_absolute_value_emits_ssse3_byte_word_and_dword_opcodes ... ok
test smir::lower::x86_64::tests::selector_verify::lower_selector_verify_requires_guards_and_implicit_memory_helpers ... ok
test smir::lower::x86_64::tests::simd::lower_mmx_horizontal_emits_all_ssse3_add_sub_opcodes ... ok
test smir::lower::x86_64::tests::simd::lower_mmx_average_emits_byte_and_word_classic_opcodes ... ok
test smir::lower::x86_64::tests::simd::lower_mmx_byte_shuffle_emits_ssse3_opcode_and_rejects_malformed_ir ... ok
test smir::lower::x86_64::tests::simd::lower_mmx_align_right_emits_ssse3_immediate_opcode_and_rejects_malformed ... ok
test smir::lower::x86_64::tests::simd::lower_mmx_interleave_emits_all_classic_register_opcodes ... ok
test smir::lower::x86_64::tests::simd::lower_mmx_immediate_shifts_emit_all_classic_group_forms ... ok
test smir::lower::x86_64::tests::simd::lower_mmx_logic_emits_exact_classic_opcodes_and_rejects_malformed_ir ... ok
test smir::lower::x86_64::tests::simd::lower_mmx_maddwd_emits_classic_register_opcode ... ok
test smir::lower::x86_64::tests::simd::lower_mmx_movemask_emits_width_exact_gpr_encoding_and_rejects_unsafe_dst ... ok
test smir::lower::x86_64::tests::simd::lower_helper_backed_vector_memory_uses_state_abi_and_rejects_malformed_ir ... ok
test smir::lower::x86_64::tests::simd::lower_mmx_maddubs_emits_ssse3_saturating_dot_product_opcode ... ok
test smir::lower::x86_64::tests::simd::lower_mmx_movq_emits_directional_opcodes_and_rejects_malformed_ir ... ok
test smir::lower::x86_64::tests::simd::lower_mmx_minmax_emits_all_classic_register_opcodes ... ok
test smir::lower::x86_64::tests::simd::lower_mmx_pack_emits_all_classic_register_opcodes_with_rm_source ... ok
test smir::lower::x86_64::tests::simd::lower_mmx_packed_compare_emits_all_classic_register_opcodes ... ok
test smir::lower::x86_64::tests::simd::lower_mmx_movd_q_emits_bidirectional_width_exact_register_encodings ... ok
test smir::lower::x86_64::tests::simd::lower_mmx_mulhrsw_emits_ssse3_rounded_high_multiply_opcode ... ok
test smir::lower::x86_64::tests::simd::lower_mmx_sad_bytes_emits_classic_register_opcode ... ok
test smir::lower::x86_64::tests::simd::lower_mmx_shared_count_shifts_emit_all_classic_opcodes ... ok
test smir::lower::x86_64::tests::simd::lower_mmx_sign_emits_ssse3_byte_word_and_dword_opcodes ... ok
test smir::lower::x86_64::tests::simd::lower_movx_legacy_high_byte_hint_rejects_invalid_parent ... ok
test smir::lower::x86_64::tests::simd::lower_mmx_word_shuffle_emits_immediate_opcode_and_rejects_malformed ... ok
test smir::lower::x86_64::tests::simd::lower_mmx_word_multiply_emits_low_and_high_classic_opcodes ... ok
test smir::lower::x86_64::tests::simd::lower_mmx_packed_add_sub_emits_all_classic_register_opcodes ... ok
test smir::lower::x86_64::tests::simd::lower_mmx_word_lane_ops_emit_directional_rex_and_reject_malformed_ir ... ok
test smir::lower::x86_64::tests::simd::lower_movx_legacy_high_bytes_uses_stack_snapshot ... ok
test smir::lower::x86_64::tests::simd::lower_x86_packed_fp16_precision_converts_remain_explicitly_interpreter_only ... ok
test smir::lower::x86_64::tests::simd::lower_mpsadbw_emits_exact_bytes_and_rejects_malformed_classic_encodings ... ok
test smir::lower::x86_64::tests::simd::lower_phminposuw_emits_exact_bytes_canonicalizes_wig_and_rejects_malformed ... ok
test smir::lower::x86_64::tests::simd::lower_x86_packed_fp16_to_int_emits_canonical_evex_and_rejects_synthetic_shapes ... ok
test smir::lower::x86_64::tests::simd::lower_pavg_emits_exact_bytes_and_rejects_malformed_encodings ... ok
test smir::lower::x86_64::tests::simd::lower_psign_emits_exact_bytes_canonicalizes_wig_and_rejects_malformed_encodings ... ok
test smir::lower::x86_64::tests::simd::lower_psadbw_emits_exact_bytes_and_rejects_malformed_encodings ... ok
test smir::lower::x86_64::tests::simd::lower_x86_packed_int_to_fp16_emits_canonical_evex_and_rejects_synthetic_shapes ... ok
test smir::lower::x86_64::tests::simd::lower_x86_packed_fp_convert_emits_legacy_and_vex_native_opcodes ... ok
test smir::lower::x86_64::tests::simd::vector_mem_helper_preservation_uses_canonical_full_state_encodings ... ok
test smir::lower::x86_64::tests::simd::lower_packed_integer_minmax_emits_exact_bytes_canonicalizes_wig_and_rejects_malformed ... ok
test smir::lower::x86_64::tests::smsw::lower_smsw_rejects_every_non_lifter_shape ... ok
test smir::lower::x86_64::tests::sse4a::sse4a_shape_validator_accepts_exact_lifted_contract ... ok
test smir::lower::x86_64::tests::sse4a::lower_sse4a_movnt_rejects_every_noncanonical_shape ... ok
test smir::lower::x86_64::tests::sse4a::lower_sse4a_bitfield_rejects_every_noncanonical_shape ... ok
test smir::lower::x86_64::tests::simd::vector_helper_narrow_opmask_mode_uses_avx512f_kmovw_only ... ok
test smir::lower::x86_64::tests::simd::lower_x86_packed_fp32_fp64_integer_conversions_are_canonical_and_shape_safe ... ok
test smir::lower::x86_64::tests::smsw::lower_smsw_requires_precise_guards_and_memory_helpers_without_host_smsw ... ok
test smir::lower::x86_64::tests::sse4a::lower_sse4a_movnt_requires_memory_helpers_and_embeds_exact_helper_abi ... ok
test smir::lower::x86_64::tests::sse4a::lower_sse4a_guard_requires_deoptimization_and_embeds_all_dynamic_state ... ok
test smir::lower::x86_64::tests::state::part1::rejects_non_state_backed_guest_stack_frame_address_destinations ... ok
test smir::lower::x86_64::tests::state::part2::lower_guest_rbp_mov_updates_state_and_saved_epilogue_value ... ok
test smir::lower::x86_64::tests::state::part1::lower_state_backed_gpr_cmov_emits_snapshot_cmov_and_rejects_malformed_shapes ... ok
test smir::lower::x86_64::tests::state::part1::lower_state_backed_gpr_setcc_emits_state_commits_and_rejects_malformed_shapes ... ok
test smir::lower::x86_64::tests::state::part1::lower_state_backed_gpr_extensions_emit_state_commits_and_reject_malformed_shapes ... ok
test smir::lower::x86_64::tests::state::part2::lower_state_backed_gpr_count_emits_flag_contracts_and_rejects_malformed_shapes ... ok
test smir::lower::x86_64::tests::simd::lifted_native_vector_instructions_reach_native_jit_lowering ... ok
test smir::lower::x86_64::tests::state::part2::lower_state_backed_gpr_inc_dec_emits_flag_contracts_and_rejects_malformed_shapes ... ok
test smir::lower::x86_64::tests::state::part2::lower_state_backed_gpr_neg_emits_flag_contracts_and_rejects_malformed_shapes ... ok
test smir::lower::x86_64::tests::state::part2::lower_state_backed_gpr_not_emits_slot_commits_and_rejects_malformed_shapes ... ok
test smir::lower::x86_64::tests::state::carry_rotate::lower_state_backed_gpr_carry_rotate_emits_count_flag_contracts_and_rejects_malformed_shapes ... ok
test smir::lower::x86_64::tests::state_alu::group1_without_a_stack_operand_keeps_the_direct_lowering ... ok
test smir::lower::x86_64::tests::state::part2::lower_state_backed_gpr_bit_scan_restores_zero_destination_and_rejects_malformed_shapes ... ok
test smir::lower::x86_64::tests::state::part3::lower_state_backed_gpr_bswap_emits_slot_commits_and_rejects_malformed_shapes ... ok
test smir::lower::x86_64::tests::state::part3::lower_state_backed_gpr_xchg_emits_slot_commits_and_rejects_malformed_shapes ... ok
test smir::lower::x86_64::tests::state_alu::legacy_state_backed_group1_predicate_rejects_shapes_owned_by_other_paths ... ok
test smir::lower::x86_64::tests::state_lea::lea_without_a_state_backed_operand_keeps_the_direct_lowering ... ok
test smir::lower::x86_64::tests::state_lea::state_backed_lea_rejects_every_unmodeled_shape ... ok
test smir::lower::x86_64::tests::state_mem_load::stack_destination_loads_require_the_memory_helper_path ... ok
test smir::lower::x86_64::tests::state::part3::lower_state_backed_gpr_bit_tests_emit_cf_merge_and_reject_malformed_shapes ... ok
test smir::lower::x86_64::tests::state_multiply::state_multiply_lowering_rejects_malformed_candidates ... ok
test smir::lower::x86_64::tests::sti::lower_sti_rejects_every_non_lifter_shape ... ok
test smir::lower::x86_64::tests::state::part2::lower_state_backed_gpr_rotate_emits_count_flag_contracts_and_rejects_malformed_shapes ... ok
test smir::lower::x86_64::tests::state_mem_load::helper_backed_loads_commit_stack_destinations_through_the_guest_file ... ok
test smir::lower::x86_64::tests::state::part2::lower_state_backed_gpr_shift_emits_count_flag_contracts_and_rejects_malformed_shapes ... ok
test smir::lower::x86_64::tests::state::part2::lower_state_backed_gpr_double_shift_emits_guarded_flag_contracts_and_rejects_malformed_shapes ... ok
test smir::lower::x86_64::tests::swapgs::lower_swapgs_requires_precise_jit_fault_guards ... ok
test smir::lower::x86_64::tests::swapgs::lower_swapgs_rejects_every_malformed_ir_shape ... ok
test smir::lower::x86_64::tests::state_multiply::state_implicit_multiply_emits_every_architectural_width_and_signedness ... ok
test smir::lower::x86_64::tests::sti::lower_sti_requires_guards_calls_helper_and_encodes_both_precise_frontiers ... ok
test smir::lower::x86_64::tests::swapgs::lower_swapgs_never_emits_the_privileged_host_instruction ... ok
test smir::lower::x86_64::tests::timing::lower_timestamp_rejects_every_malformed_destination_shape ... ok
test smir::lower::x86_64::tests::tsx::lower_xtest_emits_stack_only_exact_flag_transform ... ok
test smir::lower::x86_64::tests::state_multiply::state_multiply_reads_all_sources_before_committing_results ... ok
test smir::lower::x86_64::tests::tbm::tbm_lowering_accepts_only_the_exact_scalar_and_flag_contract ... ok
test smir::lower::x86_64::tests::state_lea::state_backed_lea_rebuilds_every_admitted_address_form_from_the_guest_file ... ok
test smir::lower::x86_64::tests::tbm::tbm_guard_requires_deoptimization_and_encodes_state_and_fault_pc ... ok
test smir::lower::x86_64::tests::timing::lower_timestamp_wraps_helper_with_vector_state_when_requested ... ok
test smir::lower::x86_64::tests::state_alu::state_backed_group1_reads_computes_and_commits_through_the_guest_file ... ok
test smir::lower::x86_64::tests::vbit_select::register_lowering_references_every_slot_and_preserves_flags_explicitly ... ok
test smir::lower::x86_64::tests::vbit_select::register_shape_accepts_both_widths_and_aliases_but_fails_closed_elsewhere ... ok
test smir::lower::x86_64::tests::waitpkg::lower_waitpkg_rejects_every_malformed_operand_and_address_class ... ok
test smir::lower::x86_64::tests::timing::lower_timestamp_requires_precise_fault_guards_and_calls_guest_clock_helper ... ok
test smir::lower::x86_64::tests::waitpkg::lower_waitpkg_requires_only_the_helpers_and_guards_each_variant_needs ... ok
test smir::lower::x86_64::tests::write_control::lower_write_control_rejects_every_non_lifter_operand_and_frontier_shape ... ok
test smir::lower::x86_64::tests::waitpkg::lower_waitpkg_accepts_all_state_backed_gprs_and_never_executes_host_waitpkg ... ok
test smir::lower::x86_64::tests::write_debug::lower_write_debug_rejects_every_non_lifter_operand_class ... ok
test smir::lower::x86_64::tests::vector_compare::register_lowering_references_every_slot_and_preserves_flags_explicitly ... ok
test smir::lower::x86_64::tests::x87_control::lower_x87_sign_payload_rejects_every_malformed_shape ... ok
test smir::lower::x86_64::tests::x87_control::lower_x87_controls_reject_non_lifter_shapes_fail_closed ... ok
test smir::lower::x86_64::tests::x87_control::lower_x87_stack_metadata_rejects_every_malformed_shape ... ok
test smir::lower::x86_64::tests::x87_control::lower_x87_sign_payload_requires_waiting_guards_and_exact_state_slots ... ok
test smir::lower::x86_64::tests::xadd::xadd_validator_accepts_only_unhinted_architectural_shapes ... ok
test smir::lower::x86_64::tests::x87_control::lower_x87_stack_metadata_requires_waiting_guards_and_exact_state_slots ... ok
test smir::lower::x86_64::tests::write_control::lower_write_control_requires_guards_calls_helper_and_serializes_selectively ... ok
test smir::lower::x86_64::tests::x87_control::lower_x87_no_wait_controls_require_dynamic_fault_guards_and_exact_state_slots ... ok
test smir::lower::x86_64::tests::vector_compare::register_shape_accepts_every_integer_condition_and_alias_but_fails_closed_elsewhere ... ok
test smir::lower::x86_64::tests::write_debug::lower_write_debug_requires_guards_uses_state_and_serializes_without_host_mov_dr ... ok
test smir::lower::x86_64::tests::xadd::lower_xadd_rejects_every_unencodable_shape_and_hint ... ok
test smir::lower::x86_64::vector_helpers::tests::avx_ymm16_helper_boundary_uses_only_vex_moves_and_mxcsr_state ... ok
test smir::optimize::tests::constant::aarch32_selective_flags_and_shift_32_survive_and_propagate_exactly ... ok
test smir::lower::x86_64::tests::xop::alignment_guard_requires_precise_deoptimization_and_exact_state_backed_shape ... ok
test smir::lower::x86_64::tests::xadd::lower_xadd_emits_direct_high_byte_rex_and_flag_preservation_encodings ... ok
test smir::lower::x86_64::tests::xop::guard_requires_deoptimization_and_embeds_every_live_state_field_and_fault_pc ... ok
test smir::optimize::tests::constant::constant_propagation_folds_crc32c_and_propagates_zero_extended_result ... ok
test smir::lower::x86_64::tests::xop::mixed_state_sync_emits_both_ymm16_and_general_vector_boundaries ... ok
test smir::optimize::tests::constant::retains_x86_vector_identities_that_clear_state_above_the_encoded_width ... ok
test smir::lower::x86_64::tests::xsetbv::xsetbv_lowerer_requires_exact_source_derived_handoff_boundary ... ok
test smir::optimize::tests::constant::aarch32_register_shift_metadata_and_low_byte_constants_are_exact ... ok
test smir::optimize::tests::constant::test_copy_propagation ... ok
test smir::optimize::tests::constant::test_copy_propagation_w32_not_recorded ... ok
test smir::optimize::tests::constant::test_constant_propagation ... ok
test smir::optimize::tests::constant::test_constant_folding ... ok
test smir::optimize::tests::constant::test_branch_folding_same_target_and_unreachable ... ok
test smir::optimize::tests::constant::optimize_function_preserves_faulting_load_after_mul_zero_fold ... ok
test smir::optimize::tests::dead_code::apx_deopt_edge_propagates_arch_register_liveness_to_predecessors ... ok
test smir::lower::x86_64::tests::xop::register_lowering_accepts_all_semantic_cells_and_rejects_malformed_shapes ... ok
test smir::optimize::tests::constant::test_xor_same_register_fold ... ok
test smir::optimize::tests::dead_code::dead_code_elimination_preserves_volatile_x86_timestamp_read ... ok
test smir::lower::x86_64::tests::xadd::lower_xadd_state_snapshot_commits_stack_and_egpr_lanes ... ok
test smir::optimize::tests::dead_code::dead_flag_elimination_removes_pure_fixed_flag_definitions ... ok
test smir::optimize::tests::dead_code::fp16_mask_and_input_definitions_survive_dead_code_elimination ... ok
test smir::optimize::tests::dead_code::apx_deopt_edge_keeps_pre_guard_flags_live_against_post_guard_overwrite ... ok
test smir::optimize::tests::dead_code::test_dead_flag_elimination ... ok
test smir::optimize::tests::dead_code::test_dead_code_elimination ... ok
test smir::optimize::tests::dead_code::bf16_input_definitions_survive_dead_code_elimination ... ok
test smir::optimize::tests::dead_code::vconflict_source_definition_survives_dead_code_elimination ... ok
test smir::optimize::tests::dead_code::a32_data_processing_register_shift_metadata_and_dead_flags_are_exact ... ok
test smir::optimize::tests::dead_code::vdotproductext_input_definitions_survive_dead_code_elimination ... ok
test smir::optimize::tests::dead_code::vcompress_vexpand_inputs_and_merge_destinations_survive_dead_code_elimination ... ok
test smir::optimize::tests::dead_code::vfma_accumulator_definition_survives_dead_code_elimination ... ok
test smir::optimize::tests::dead_code::vleadingzeros_source_definition_survives_dead_code_elimination ... ok
test smir::optimize::tests::dead_code::vmpsadbw_mask_and_merge_destination_definitions_survive_dead_code_elimination ... ok
test smir::optimize::tests::dead_code::issue_112_redundant_load_elim_invalidates_on_pred_store ... ok
test smir::optimize::tests::dead_code::issue_108_dce_keeps_satn_with_ovf_side_effect ... ok
test smir::optimize::tests::dead_code::vshufflebitqm_input_definitions_survive_dead_code_elimination ... ok
test smir::optimize::tests::dead_code::vpopcnt_source_definition_survives_dead_code_elimination ... ok
test smir::optimize::tests::dead_code::vmultiplyadd52_input_definitions_survive_dead_code_elimination ... ok
test smir::optimize::tests::dead_code::x86_count_metadata_tracks_results_sources_and_dead_flags ... ok
test smir::optimize::tests::dead_code::x86_movd_q_source_definition_survives_dead_code_elimination ... ok
test smir::optimize::tests::dead_code::vpermute_table_and_index_definitions_survive_dead_code_elimination ... ok
test smir::optimize::tests::dead_code::x86_mov_mask_source_definition_survives_dead_code_elimination ... ok
test smir::optimize::tests::dead_code::x86_aes_sources_survive_dead_code_elimination ... ok
test smir::optimize::tests::dead_code::x86_narrow_inputs_and_merge_destination_survive_dead_code_elimination ... ok
test smir::optimize::tests::dead_code::x86_adx_metadata_tracks_sources_carry_chain_and_dead_output ... ok
test smir::optimize::tests::dead_code::cmpxchg_metadata_tracks_conditional_commits_reads_and_dead_flags ... ok
test smir::optimize::tests::flags::mov_from_arm_nzcv_keeps_prior_flag_update_live ... ok
test smir::optimize::tests::flags::optimize_function_preserves_cond_compare_flags_for_nzcv_select ... ok
test smir::optimize::tests::dead_code::x86_permute_bytes_words_inputs_and_merge_destination_survive_dce ... ok
test smir::optimize::tests::dead_code::xadd_metadata_tracks_both_commits_partial_lanes_and_dead_flags ... ok
test smir::optimize::tests::flags::x86_bls_metadata_tracks_source_and_partial_flags ... ok
test smir::optimize::tests::misc::part1::part1::bit_test_and_carry_control_metadata_tracks_cf_exactly ... ok
test smir::optimize::tests::flags::x86_string_compare_flag_metadata_handles_zero_count_rep ... ok
test smir::optimize::tests::flags::optimizer_keeps_locked_memory_rmw_flag_commits_after_atomic_write ... ok
test smir::optimize::tests::flags::optimizer_keeps_generic_memory_rmw_flag_commits_after_store ... ok
test smir::optimize::tests::misc::fp_binary::optimizer_preserves_sse3_horizontal_memory_frontiers_and_atomic_arithmetic ... ok
test smir::optimize::tests::misc::part1::part2::o2_removes_internal_bit_test_overwritten_before_frontier ... ok
test smir::optimize::tests::misc::fp_binary::optimizer_preserves_legacy_and_evex_scalar_min_memory_frontiers ... ok
test smir::optimize::tests::misc::part2::proven_load_forwarding_keys_signedness_and_width ... ok
test smir::optimize::tests::misc::part3::o2_preserves_aarch32_blx_lr_snapshot_and_link_write ... ok
test smir::optimize::tests::flags::issue_23_optimizer_keeps_xadd_flag_add_after_store ... ok
test smir::optimize::tests::misc::part2::o2_preserves_repeated_observable_loads_without_explicit_proof ... ok
test smir::optimize::tests::misc::part3::test_opt_stats ... ok
test smir::optimize::tests::misc::part3::test_optimize_function ... ok
test smir::optimize::tests::misc::part3::o2_preserves_every_addr32_memory_call_target_definition ... ok
test smir::optimize::tests::misc::saturating_convert::dce_preserves_status_and_malformed_boundaries_but_removes_dead_sae_result ... ok
test smir::optimize::tests::misc::saturating_convert::saturating_conversion_metadata_tracks_merge_mask_and_mxcsr_effects ... ok
test smir::optimize::tests::misc::saturating_convert::scalar_saturation_metadata_and_dce_preserve_mxcsr_and_malformed_boundaries ... ok
test smir::optimize::tests::misc::scalar_fp_to_int::o2_preserves_non_sae_fp_to_int_status_and_removes_dead_sae_result ... ok
test smir::optimize::tests::misc::part2::block_merging_contracts_an_entire_linear_chain_without_dangling_targets ... ok
test smir::optimize::tests::misc::scalar_int_to_fp::o2_preserves_only_scalar_int_to_fp_status_or_invalid_side_effects ... ok
test smir::optimize::tests::misc::part2::block_merging_migrates_x86_instruction_provenance ... ok
test smir::optimize::tests::misc::scalar_fp_convert::o2_preserves_only_scalar_fp_convert_status_or_invalid_effects ... ok
test smir::optimize::tests::misc::part1::packed_integer_pack_faults::optimizer_preserves_saturating_pack_complete_memory_fault_frontiers ... ok
test smir::optimize::tests::misc::x87_transcendental::every_optimizer_level_preserves_each_x87_transcendental_side_effect ... ok
test smir::optimize::tests::misc::x87_control::o2_preserves_every_rex2_apx_guard_before_each_x87_no_wait_control ... ok
test smir::optimize::tests::strength::test_strength_reduction_div ... ok
test smir::optimize::tests::strength::test_strength_reduction_mul ... ok
test smir::optimize::tests::misc::x87_control::every_optimizer_level_preserves_each_x87_no_wait_control_side_effect ... ok
test smir::optimize::tests::vector::accumulating_vcmp_to_q_reports_dst_as_source ... ok
test smir::optimize::tests::vector_alignment::address_size_and_segment_bases_require_their_own_proof ... ok
test smir::optimize::tests::misc::part1::packed_minmax_faults::optimizer_preserves_evex_packed_minmax_memory_fault_boundaries ... ok
test smir::optimize::tests::vector_alignment::call_continuations_start_without_pre_call_register_facts ... ok
test smir::optimize::tests::misc::x87_transcendental::o2_preserves_every_rex2_apx_guard_before_each_x87_transcendental ... ok
test smir::optimize::tests::misc::x87_control::every_optimizer_level_preserves_every_prefixed_x87_stack_metadata_operation ... ok
test smir::optimize::tests::strength::x86_implicit_division_metadata_tracks_the_complete_dividend ... ok
test smir::optimize::tests::vector_alignment::existing_vector_encoding_hints_are_never_replaced ... ok
test smir::optimize::tests::misc::x87_control::every_optimizer_level_preserves_every_prefixed_x87_sign_payload_operation ... ok
test smir::optimize::tests::vector_alignment::ordinary_memory_preserves_unrelated_facts_but_load_destinations_are_invalidated ... ok
test smir::optimize::tests::vector_alignment::unknown_stack_frame_and_cfg_entry_registers_have_no_alignment_fact ... ok
test smir::optimize::tests::vector_alignment::provenance_is_keyed_by_both_block_and_guest_pc_and_preserves_absent_hints ... ok
test smir::optimize::tests::vector_alignment::generic_constants_and_masks_retain_only_proven_vector_alignment ... ok
test smir::optimize::tests::vector_alignment::w64_shift_alignment_uses_masked_counts_and_wrapping_values ... ok
test smir::optimize::tests::vector_alignment::copies_arithmetic_lea_and_conditional_merges_preserve_only_common_low_bits ... ok
test smir::optimize::tests::misc::x87_control::o2_preserves_every_rex2_apx_guard_before_every_x87_stack_metadata_operation ... ok
test smir::optimize::tests::x86_fma::dead_code_elimination_preserves_dynamic_and_malformed_x86_fma_boundaries ... ok
test smir::optimize::tests::xop::packed_xop_metadata_tracks_full_definition_and_both_count_shapes ... ok
test smir::optimize::tests::vector_alignment::wrapped_address_arithmetic_retains_proven_low_bits_without_host_overflow ... ok
test smir::optimize::tests::x86_fma::x86_fma_metadata_tracks_all_sources_destination_and_mxcsr_effects ... ok
test smir::optimize::tests::x86_fma::x86_fma4_shape_and_optimizer_contracts_are_exact_and_fail_closed ... ok
test user::clock::tests::filetime_epoch_and_extreme_counts ... ok
test smir::optimize::tests::xop::xop_deopt_edge_preserves_pre_guard_vector_state_at_o1_and_o2 ... ok
test user::clock::tests::native_clocks_are_normalized_and_cpu_time_advances ... ok
test smir::optimize::tests::vector_alignment::partial_unknown_writes_and_side_effects_invalidate_local_facts ... ok
test smir::optimize::tests::misc::x87_control::o2_preserves_every_rex2_apx_guard_before_every_x87_sign_payload_operation ... ok
test user::console::tests::combined_output_bound_atomic_failure_and_drain ... ok
test user::console::tests::finite_input_eof_refill_and_bounds ... ok
test user::console::tests::zero_capacity_accepts_only_empty_transfers ... ok
test user::clock::tests::performance_counter_scaling_does_not_overflow_or_round_up ... ok
test user::clock::tests::native_thread_clock_excludes_another_threads_work ... ok
test user::cpu::tests::a32_clone_thread_copies_register_state ... ok
test user::cpu::tests::a32_interworks_with_thumb_and_it_blocks ... ok
test user::cpu::tests::a32_pc_keeps_its_low_bits_until_the_thread_runs ... ok
test user::cpu::tests::a32_exclusive_monitor_is_cleared_between_runs ... ok
test user::cpu::tests::a32_memory_faults_are_precise_and_classified ... ok
test user::cpu::tests::a32_pl0_reaches_the_thread_ids_and_fpscr_only ... ok
test user::cpu::tests::a32_svc_reports_with_pc_past_it ... ok
test user::cpu::tests::a32_starts_in_user_mode_with_fp_enabled ... ok
test user::cpu::tests::a32_bkpt_and_undefined_leave_pc_at_the_instruction ... ok
test user::cpu::tests::a32_reads_the_virtual_counter_as_an_arm64_kernel_lets_it ... ok
test user::cpu::tests::a32_unaligned_exclusives_are_alignment_faults ... ok
test user::cpu::tests::a32_wfi_completes_and_the_budget_bounds_a_run ... ok
test user::cpu::tests::a64_budget_bounds_a_run ... ok
test user::cpu::tests::a64_el0_spsr_records_and_restores_pstate ... ok
test user::cpu::tests::a64_el0_thread_pointer_and_id_registers_are_accessible ... ok
test user::cpu::tests::a64_exclusive_monitor_clears_on_explicit_thread_switch ... ok
test user::cpu::tests::a64_exclusive_monitor_clears_on_synchronous_exit ... ok
test user::cpu::tests::a32_unaligned_multi_word_accesses_are_alignment_faults ... ok
test user::cpu::tests::a64_brk_and_undefined_leave_pc_at_the_instruction ... ok
test user::cpu::tests::a64_clone_thread_copies_register_state ... ok
test user::cpu::tests::a64_fp_cache_maintenance_and_wfi_run_at_el0 ... ok
test user::cpu::tests::a64_exclusive_monitor_survives_same_thread_budget_yields ... ok
test user::cpu::tests::a64_starts_at_el0_with_sp_el0 ... ok
test user::cpu::tests::a64_svc_reports_immediate_with_pc_past_it ... ok
test user::cpu::tests::a64_exclusive_monitor_survives_completed_wait_hint ... ok
test user::cpu::tests::a64_with_config_selects_the_architecture_and_clones_keep_it ... ok
test user::cpu::tests::a64_memory_faults_are_precise_and_classified ... ok
test user::cpu::tests::a64_virtual_counter_follows_host_time ... ok
test user::cpu::tests::rv_ebreak_forms_leave_pc_at_the_instruction ... ok
test user::cpu::tests::rv_ecall_reports_pc_of_the_ecall ... ok
test user::cpu::tests::rv_fp_budget_and_clone ... ok
test user::cpu::tests::rv_time_is_readable_and_advances ... ok
test user::cpu::tests::rv_memory_faults_are_precise_and_classified ... ok
test user::cpu::tests::rv_illegal_instructions_restore_user_mode ... ok
test user::cpu::tests::rv_reservation_is_cleared_between_runs ... ok
test user::cpu::x86_64::branch::tests::loops_count_rcx_or_ecx ... ok
test user::cpu::x86_64::branch::tests::other_instructions_do_not_branch ... ok
test user::cpu::tests::x86_clone_thread_copies_register_state ... ok
test user::cpu::x86_64::branch::tests::unconditional_transfers_always_branch ... ok
test user::cpu::tests::x86_adapter_reports_syscalls_events_and_faults ... ok
test user::cpu::x86_64::branch::tests::conditional_jumps_branch_when_their_condition_holds ... ok
test user::darwin::abi::types::tests::statfs64_layout ... ok
test user::darwin::abi::types::tests::timevals_round_trip ... ok
test user::darwin::abi::types::tests::stat64_layout ... ok
test user::darwin::commpage::tests::timebases ... ok
test user::darwin::abi::errno::tests::constants_match_the_generated_table ... ok
test user::darwin::exception::tests::fault_codes_carry_the_pc_and_the_instruction ... ok
test user::darwin::codesign::tests::entitlements_are_found_by_key_and_value ... ok
test user::darwin::commpage::tests::arm64_layout_matches_cpu_capabilities_h ... ok
test user::darwin::commpage::tests::x86_64_layout_matches_cpu_capabilities_h ... ok
test user::cpu::tests::x86_adapter_observes_host_code_writes ... ok
test user::darwin::exception::tests::syscall_codes_follow_each_architecture ... ok
test user::darwin::exception::tests::sticky_guards_stay_pending ... ok
test user::darwin::bridge::tests::host_rights_belong_to_the_process_that_holds_them ... ok
test user::darwin::exec::args::tests::unreadable_vectors_and_strings_fault ... ok
test user::darwin::exec::image::tests::apple_silicon_runs_arm64_and_translated_x86_64 ... ok
test user::darwin::exec::args::tests::ncargs_is_charged_exactly ... ok
test user::darwin::exec::args::tests::scripts_put_the_interpreter_and_path_first ... ok
test user::darwin::exec::args::tests::vectors_are_copied_and_null_vectors_are_empty ... ok
test user::darwin::exec::image::tests::binary_preferences_select_or_refuse ... ok
test user::darwin::exec::image::tests::malformed_interpreter_lines_are_enoexec ... ok
test user::darwin::exec::image::tests::fat_grading_prefers_the_native_slice ... ok
test user::darwin::exec::image::tests::thin_images_check_preferences_ignoring_abi_bits ... ok
test user::darwin::exec::spawn::tests::action_sizes_match_the_kernel ... ok
test user::darwin::exec::spawn::tests::attributes_parse_at_their_offsets ... ok
test user::darwin::bridge::tests::isolated_bridge_stays_isolated_across_start_reset_exec_and_rebind ... ok
test user::darwin::exception::tests::replies_are_checked_as_mig_checks_them ... ok
test user::darwin::exec::image::tests::interpreter_lines_split_into_words ... ok
test user::darwin::exception::tests::requests_follow_the_mig_layouts ... ok
test user::darwin::exec::tests::execsigs_resets_caught_signals_and_keeps_ignored_ones ... ok
test user::darwin::exec::spawn::tests::file_actions_parse ... ok
test user::darwin::io::tests::flags_are_the_hosts_on_macos ... ok
test user::darwin::kevent::tests::filter_numbers ... ok
test user::darwin::kevent::tests::record_layouts_round_trip ... ok
test user::darwin::fd::tests::close_on_exec_closes_only_marked_descriptors ... ok
test user::darwin::fd::tests::lowest_free_descriptor_is_reused ... ok
test user::darwin::mach::exception::tests::validation_follows_xnu_order ... ok
test user::darwin::fd::embedded::tests::captured_descriptors_enforce_direction_bounds_eof_and_stream_identity ... ok
test user::darwin::mach::exception::tests::flavors_follow_the_kernels ... ok
test user::darwin::exec::tests::fdt_fork_drops_kqueues_and_close_on_fork_descriptors_from_new_processes ... ok
test user::darwin::mach::ipc::tests::names_follow_xnu_allocation_order ... ok
test user::darwin::mach::ipc::tests::copyin_follows_dispositions ... ok
test user::darwin::mach::ipc::tests::a_dead_port_leaves_dead_names ... ok
test user::darwin::mach::ipc::tests::caller_chosen_names ... ok
test user::darwin::mach::ipc::tests::send_rights_to_one_port_share_a_name ... ok
test user::darwin::mach::ipc::tests::stale_and_null_names_are_invalid ... ok
test user::darwin::mach::msg::tests::header_bits_compose ... ok
test user::darwin::mach::task::tests::dyld_info_ranges_must_not_wrap ... ok
test user::darwin::mach::task::tests::dyld_info_becomes_final_once_replaced ... ok
test user::darwin::mach::task::tests::dyld_info_without_a_dynamic_linker_is_final ... ok
test user::darwin::mach::voucher::tests::pthread_priorities_are_normalized ... ok
test user::darwin::mach::voucher::tests::sending_and_receiving_move_the_bank_value ... ok
test user::darwin::mach::msg::tests::trailer_sizes_follow_requested_elements ... ok
test user::darwin::mach::voucher::tests::recipes_build_values_in_order ... ok
test user::darwin::mig::host::tests::basic_info_counts_follow_xnu ... ok
test user::darwin::mach::voucher::tests::extraction_follows_the_managers ... ok
test user::darwin::exec::tests::fdt_exec_closes_close_on_exec_and_uninherited_descriptors ... ok
test user::darwin::fd::embedded::tests::supplied_duplicates_share_cursor_but_positional_reads_do_not ... ok
test user::darwin::mig::exception::tests::view_merges_equal_actions_in_exception_order ... ok
test user::darwin::process::bounded_tests::embedded_process_rejects_inconsistent_profiles_before_loading ... ok
test user::darwin::fd::embedded::tests::selected_large_runtime_file_uses_demand_reads_and_guest_page_eof_padding ... ok
test user::darwin::process::bounded_tests::embedded_process_runs_with_virtual_identity_and_denies_host_syscalls ... ok
test user::darwin::process::bounded_tests::embedded_thread_registration_creation_and_ulock_wake_use_guest_state ... ok
test user::darwin::process::bounded_tests::bounded_zero_cancel_resume_and_cached_exit_both_darwin_abis ... ok
test user::darwin::process::bounded_tests::embedded_signals_and_creation_mask_are_process_local ... ok
test user::darwin::process::bounded_tests::embedded_descriptor_syscalls_use_guest_memory_and_preserve_failed_read_input ... ok
test user::darwin::process::bounded_tests::bounded_indefinite_wait_cancellation_and_posted_wake_both_darwin_abis ... ok
test user::darwin::process::bounded_tests::selected_runtime_metadata_controls_do_not_admit_copied_files_or_bad_buffers ... ok
test user::darwin::process::bounded_tests::embedded_shared_region_maps_supplied_cache_before_reading_slide_info ... ok
test user::darwin::process::bounded_tests::legacy_host_profile_still_executes_static_images ... ok
test user::darwin::process::bounded_tests::isolated_bridge_denies_guest_forwarding_and_releases_consumed_rights ... ok
test user::darwin::process::bounded_tests::supplied_mmap_preserves_copy_on_write_eof_and_guest_page_granularity ... ok
test user::darwin::process::bounded_tests::embedded_vectored_io_preserves_offsets_limits_and_partial_prefixes ... ok
test user::darwin::process::bounded_tests::embedded_sysctl_answers_guest_nodes_without_host_discovery ... ok
test user::darwin::process::exclusive_tests::same_tid_budget_slices_preserve_reservation_through_process_run ... ok
test user::darwin::process::exclusive_tests::selecting_another_user_thread_clears_reservation_through_process_run ... ok
test user::darwin::process::exclusive_tests::selecting_a_kernel_only_thread_clears_reservation_through_process_run ... ok
test user::darwin::process::bounded_tests::embedded_vm_queries_and_advice_reject_rounding_overflow ... ok
test user::darwin::process::exclusive_tests::bounded_calls_preserve_round_robin_and_exclusive_monitor_lifetime ... ok
test user::darwin::psynch::tests::sequence_comparisons_wrap ... ok
test user::darwin::psynch::tests::condition_variable_update ... ok
test smir::ir::x86_native_replay::tests::legacy_packed_shift::exact_graph_validator_covers_all_30192_shape_rex_register_and_level_cases ... ok
test user::darwin::runtime_files::tests::native_darwin_files_report_a_host_mismatch ... ok
test user::darwin::psynch::tests::a_prepost_beside_a_cancelled_waiter ... ok
test user::darwin::shared_region::tests::unknown_versions_and_page_sizes_are_refused ... ok
test user::darwin::process::exclusive_tests::async_signal_handler_entry_clears_reservation_after_budget_yield ... ok
test user::darwin::shared_region::tests::v5_pointers_follow_slide_page_v5 ... ok
test user::darwin::process::bounded_tests::supplied_openat_metadata_and_flags_use_only_the_guest_namespace ... ok
test user::darwin::psynch::tests::first_fit_insertion_keeps_arrival_order ... ok
test user::darwin::signal::tests::exception_state_of_a_data_abort ... ok
test user::darwin::signal::tests::setsigvec_and_the_reported_action ... ok
test user::darwin::signal::tests::mach_exception_codes ... ok
test user::darwin::signal::tests::siginit_ignores_default_ignored_signals_but_sigcont ... ok
test user::darwin::signal::tests::exceptions_translate_as_ux_exception_does ... ok
test user::darwin::psynch::tests::sequence_fit_insertion_orders_waiters ... ok
test user::darwin::signal::timer::tests::itimerdecr_counts_down_and_reloads ... ok
test user::darwin::psynch::tests::wait_queues_are_freed_when_unused ... ok
test user::darwin::signal::timer::tests::itimerfix_bounds ... ok
test user::darwin::signal::host::tests::host_numbering_round_trips ... ok
test user::darwin::stack::tests::a_static_program_gets_no_mach_header ... ok
test user::darwin::stack::tests::arguments_beyond_ncargs_are_too_big ... ok
test user::darwin::syscall::bsd::pthread::tests::qos_requests ... ok
test user::darwin::shared_region::tests::v2_chains_follow_rebase_chain_64 ... ok
test user::darwin::syscall::bsd::pthread::tests::start_flags_do_not_overlap_the_qos_class ... ok
test user::darwin::shared_region::tests::supplied_cache_pages_slide_without_host_files_or_mutating_input ... ok
test user::darwin::signal::tests::signal_properties_follow_sigprop ... ok
test user::darwin::signal::timer::tests::real_timer_reports_the_time_left ... ok
test user::darwin::stack::tests::layout_follows_exec_copyout_strings ... ok
test user::darwin::syscall::bsd::sysctl::tests::copy_out_follows_sysctl_old_user ... ok
test user::darwin::syscall::bsd::sysctl::machine::tests::caps_set_the_features_bits ... ok
test user::darwin::syscall::mach::guard::tests::codes_and_payloads_follow_the_encodings ... ok
test user::darwin::syscall::bsd::sysctl::tree::tests::the_intel_tree_keeps_the_shared_nodes ... ok
test user::darwin::syscall::bsd::sysctl::intel::tests::rows_are_sorted_and_numbered_under_their_parents ... ok
test user::darwin::syscall::bsd::wait::tests::rusage_layout ... ok
test user::darwin::syscall::mach::guard::tests::sticky_reasons_follow_the_thresholds ... ok
test user::darwin::syscall::mach::reclaim::tests::rings_are_sized_as_the_kernel_sizes_them ... ok
test user::darwin::syscall::bsd::sysctl::machine::tests::optional_features_follow_the_cpu_profiles ... ok
test user::darwin::syscall::mach::reclaim::tests::the_period_is_ten_seconds_of_the_guest_clock ... ok
test user::darwin::syscall::mach::timer::tests::slop_limit_is_five_milliseconds_in_each_timebase ... ok
test user::darwin::syscall::mach::timer::tests::time_units_convert_both_ways ... ok
test user::darwin::thread_state::tests::arm64_neon_state_layout ... ok
test user::darwin::thread_state::tests::x86_thread_state_checks_addresses_and_flags ... ok
test user::darwin::thread_state::tests::arm64_thread_state_round_trips_the_registers_and_nzcv ... ok
test user::darwin::thread_status::tests::x86_debug_state_follows_dr7_rules ... ok
test user::darwin::thread_state::tests::x86_avx_state_round_trips_xmm_and_ymm ... ok
test user::darwin::vfs::tests::relative_paths_join_the_working_directory ... ok
test user::darwin::syscall::bsd::sysctl::tree::tests::walks_follow_the_kernel ... ok
test user::darwin::vm::tests::flags_round_trip ... ok
test user::darwin::syscall::bsd::sysctl::tests::override_names_and_oids_are_unique ... ok
test user::darwin::vfs::tests::supplied_errors_survive_process_and_linker_boundaries ... ok
test user::darwin::vm::tests::protections_convert ... ok
test user::darwin::vm::tests::layout_rounds_to_pages ... ok
test user::darwin::runtime_files::tests::selected_runtime_keeps_overrides_and_maps_large_cache_files_lazily ... ok
test user::darwin::vfs::tests::host_paths_under_the_root_are_guest_paths ... ok
test user::darwin::workq::priority::tests::encodes_classes_like_libpthread ... ok
test user::darwin::workq::priority::tests::normalize_and_combine ... ok
test user::darwin::workq::priority::tests::override_classes ... ok
test user::darwin::workq::priority::tests::policy_validity ... ok
test user::darwin::vfs::tests::the_root_overlays_existing_absolute_paths ... ok
test user::darwin::workq::tests::buckets_and_masks ... ok
test user::darwin::vfs::tests::supplied_paths_preserve_directory_checks_and_never_resolve_host_paths ... ok
test user::darwin::wait::tests::finite_empty_wait_observes_deadline ... ok
test user::darwin::thread_status::tests::machine_state_counts_follow_the_headers ... ok
test user::darwin::wait::tests::every_entry_for_a_descriptor_is_answered_for_its_direction ... ok
test user::darwin::workq::tests::request_flags ... ok
test user::darwin::workq::tests::manager_first_and_one_at_a_time ... ok
test user::darwin::workq::tests::overcommit_is_always_admitted ... ok
test user::darwin::workq::tests::qos_order_between_pools ... ok
test user::darwin::workq::tests::constrained_pool_limit ... ok
test user::darwin::workq::tests::constrained_waits_for_a_free_cpu ... ok
test user::darwin::workq::tests::cooperative_pool ... ok
test user::image::elf::tests::identify_reads_machine_with_declared_byte_order ... ok
test user::image::elf::tests::enforces_phentsize_and_table_bounds ... ok
test user::image::elf::tests::ignores_fields_linux_does_not_validate ... ok
test user::image::elf::tests::only_first_interpreter_is_consulted ... ok
test user::image::elf::tests::parses_elf32_big_endian_fields ... ok
test user::image::elf::tests::reads_first_interpreter_as_c_string ... ok
test user::image::elf::tests::rejects_bad_magic_and_short_files ... ok
test user::image::elf::tests::last_gnu_stack_wins ... ok
test user::image::elf::tests::rejects_non_executable_types ... ok
test user::image::elf::tests::table_limit_is_exactly_64_kib ... ok
test user::image::elf::tests::parses_minimal_elf64_executable ... ok
test user::darwin::wait::tests::readiness_of_a_pipe ... ok
test user::image::elf::tests::rejects_malformed_interpreters ... ok
test user::image::elf::tests::mapping_geometry_matches_linux_helpers ... ok
test user::image::elf::tests::total_mapping_size_uses_file_order_like_linux ... ok
test user::image::macho::tests::best_arch_prefers_the_highest_grade ... ok
test user::image::macho::tests::dynamic_arm64_executables_must_be_pie ... ok
test user::image::macho::tests::arm64_thread_stack_is_read_through_the_32_bit_layout ... ok
test user::image::macho::tests::a_dynamic_executable_needs_a_dynamic_linker ... ok
test user::image::macho::tests::a_hard_page_zero_is_required ... ok
test user::image::macho::tests::dyld_without_a_load_address_follows_the_main_executable ... ok
test user::image::macho::tests::dynamic_arm64_executable_plans_its_mappings ... ok
test user::image::macho::tests::encryption_ids_follow_set_code_unprotect ... ok
test user::darwin::syscall::bsd::sysctl::intel::tests::cpu_info_follows_cpuid_c ... ok
test user::image::macho::tests::grading_follows_ml_grade_binary ... ok
test user::image::macho::tests::file_mapping_can_exceed_the_segment_and_zero_fill_follows_it ... ok
test user::image::macho::tests::lc_main_and_lc_unixthread_are_exclusive ... ok
test user::image::macho::tests::file_types_are_checked_at_each_depth ... ok
test user::image::macho::tests::pie_executables_slide_and_their_stack_slides_down ... ok
test user::image::macho::tests::lc_main_stack_size_selects_a_custom_stack ... ok
skipped: no /usr/lib/dyld or /bin/ls on this host
test user::image::macho::tests::only_one_segment_may_be_read_only_after_fixups ... ok
test user::image::macho::tests::host_system_images_parse ... ok
test user::image::macho::tests::segment_file_offsets_must_be_kernel_page_aligned ... ok
test user::image::macho::tests::malformed_command_tables_are_rejected ... ok
test user::image::macho::tests::identify_distinguishes_fat_thin_reversed_and_foreign ... ok
test user::image::macho::tests::segments_must_lie_inside_the_image ... ok
test user::image::macho::tests::static_x86_64_thread_state_sets_entry_and_stack ... ok
test user::image::macho::tests::select_slice_requires_the_thin_header_to_agree ... ok
test user::image::macho::tests::the_header_segment_must_be_unique_readable_and_executable ... ok
test user::image::macho::tests::version_commands_may_appear_once ... ok
test user::image::macho::tests::thread_state_flavors_are_validated ... ok
test user::image::pe::tests::audit::alignment_helper_rejects_invalid_alignments_without_panicking ... ok
test user::image::pe::tests::audit::delay_descriptor_reserved_attributes_are_not_accepted_as_rvas ... ok
test user::image::macho::tests::fat_table_validation_matches_fatfile_validate_fatarches ... ok
test user::image::pe::tests::audit::arm64_reserved_pdata_flag_is_not_packed_unwind_data ... ok
test user::image::pe::tests::audit::fixed_directories_do_not_read_past_their_declared_sizes ... ok
test user::image::pe::tests::audit::forwarder_string_must_terminate_inside_the_export_directory ... ok
test user::image::pe::tests::audit::legacy_delay_descriptors_do_not_silently_discard_imports ... ok
test user::image::pe::tests::audit::highadj_second_slot_is_bounds_checked ... ok
test user::image::pe::tests::audit::failed_relocation_does_not_partially_modify_an_image ... ok
test user::image::pe::tests::audit::descriptor_terminators_must_fit_the_declared_directory ... ok
test user::image::pe::tests::audit::load_config_declared_extent_bounds_fields ... ok
test user::image::pe::tests::audit::partial_function_table_records_are_rejected ... ok
test user::image::pe::tests::audit::highadj_preserves_signed_adjustment_and_rounding_carry ... ok
test user::image::pe::tests::audit::relocation_directory_cannot_silently_ignore_a_partial_block ... ok
test user::image::pe::tests::audit::resource_directory_entries_cannot_escape_the_directory ... ok
test user::image::pe::tests::audit::named_language_identifiers_are_not_treated_as_numeric_neutral ... ok
test user::image::pe::tests::audit::image_alignment_cannot_expand_sections_beyond_the_allocated_buffer ... ok
test user::image::pe::tests::audit::preferred_image_base_obeys_64_kib_alignment ... ok
test user::image::pe::tests::audit::headers_must_contain_the_section_table_and_obey_file_alignment ... ok
test user::image::pe::tests::audit::resource_language_ids_are_not_truncated ... ok
test user::image::pe::tests::audit::tls_template_extent_rejects_reverse_addresses_and_overflow ... ok
test user::image::pe::tests::alignment_rules ... ok
test user::image::pe::tests::audit::resource_integer_ids_use_the_full_word_even_when_bit_31_is_set ... ok
test user::image::pe::tests::audit::resource_ids_are_not_aliases_of_their_low_16_bits ... ok
test user::image::pe::tests::audit::low_alignment_rvas_exclude_overlay_and_truncated_section_data ... ok
test user::image::pe::tests::base_relocations_reject_malformed_input ... ok
test user::image::pe::tests::audit::tls_callbacks_reject_overflow_and_unterminated_arrays ... ok
test user::image::pe::tests::base_relocations_apply_each_type ... ok
test user::image::pe::tests::audit::resource_names_match_exact_utf16_code_units_without_ascii_case_folding ... ok
test user::image::pe::tests::executable_flag_and_machine_word_size_are_required ... ok
test user::image::elf::tests::hostile_program_headers_never_panic ... ok
test user::image::pe::tests::image_size_and_entry_point_bounds ... ok
test user::image::pe::tests::import_walk_stops_at_missing_name_or_iat ... ok
test user::image::pe::tests::load_config_fields_respect_size ... ok
test user::image::pe::tests::number_of_rva_and_sizes_limits_directories ... ok
test user::image::pe::tests::optional_header_must_cover_windows_fields ... ok
test user::image::pe::tests::forwarder_strings_split_at_the_last_dot ... ok
test user::image::pe::tests::low_alignment_images_map_the_file_as_is ... ok
test user::image::pe::tests::delay_descriptors_are_rva_based ... ok
test user::image::pe::tests::imports_by_name_and_ordinal_for_both_widths ... ok
test user::image::pe::tests::regions_follow_section_characteristics ... ok
test user::image::pe::tests::rejects_bad_signatures_and_magic ... ok
test user::image::pe::tests::parses_minimal_pe32_and_pe32_plus_field_offsets ... ok
test user::image::pe::tests::section_layout_rules ... ok
test user::image::pe::tests::section_count_limit_is_96 ... ok
test user::image::pe::tests::memory_image_places_sections_and_zero_fills ... ok
test user::image::pe::tests::pdata_lookup_x64_and_arm64 ... ok
test user::image::pe::tests::exports_by_name_ordinal_hint_and_forwarder ... ok
test user::image::pe::tests::tls_directory_and_callbacks ... ok
test user::linux::abi::tests::arm64_overrides_four_open_flags ... ok
test user::linux::abi::compat::tests::old_stat_is_16_bit_and_refuses_what_does_not_fit ... ok
test user::linux::abi::compat::tests::compat_statfs64_is_packed_with_64_bit_counts ... ok
test user::linux::abi::errno::tests::missing_file_maps_through_the_os_error ... ok
test user::image::pe::tests::resource_lookup_by_id_name_and_language ... ok
test user::linux::abi::errno::tests::translation_uses_linux_numbering ... ok
test user::linux::abi::tests::mmap_base_gap_is_clamped ... ok
test user::linux::abi::types::tests::dev_t_uses_new_encode_dev ... ok
test user::linux::abi::tests::layout_constants_match_linux_no_aslr_addresses ... ok
test user::image::pe::tests::hostile_headers_never_panic ... ok
test user::linux::abi::types::tests::generic_stat_field_offsets ... ok
test user::linux::aio::tests::ring_geometry_follows_ioctx_alloc_and_aio_setup_ring ... ok
test user::linux::abi::types::tests::statx_field_offsets ... ok
test user::linux::abi::types::tests::x86_64_stat_field_offsets ... ok
test user::linux::abi::types::tests::utsname_and_sysinfo_sizes ... ok
test user::linux::abi::compat::tests::compat_statfs_is_32_bit_with_its_overflow_rules ... ok
test user::linux::abi::compat::tests::stat64_has_the_i386_offsets ... ok
test user::linux::fs::pidfd::tests::inode_numbers_name_the_task ... ok
test user::linux::fs::memfd::tests::writes_follow_shmem_write_begin ... ok
test user::linux::fs::pidfd::tests::fork_marks_the_old_child_task_ended ... ok
test user::linux::fs::tests::directory_listing_includes_dot_entries ... ok
test user::linux::fs::pidfd::tests::ends_are_recorded_through_the_registry ... ok
test user::linux::fs::tests::join_is_lexical ... ok
test user::linux::fs::anon::tests::eventfd_ids_are_the_smallest_free ... ok
test user::linux::fs::xattr::tests::hashed_records_carry_their_names ... ok
test user::linux::fs::memfd::tests::resizes_and_modes_follow_shmem_setattr ... ok
test user::linux::fs::memfd::tests::a_closed_memfd_does_not_hide_a_live_one ... ok
test user::linux::aio::tests::slots_come_back_once_reaped ... ok
test user::linux::fsnotify::queue::tests::records_follow_copy_event_to_user ... ok
test user::linux::fs::tests::metadata_converts_to_linux_stat ... ok
test user::linux::fsnotify::tests::marks_follow_inotify_arg_to_mask ... ok
test user::linux::fsnotify::queue::tests::events_merge_only_with_the_newest ... ok
test user::linux::fsnotify::queue::tests::a_full_queue_takes_one_overflow_event ... ok
test user::linux::fsnotify::tests::special_files_keep_reads_and_writes_from_their_directory ... ok
test user::linux::fsnotify::queue::tests::the_ring_wraps_without_losing_order ... ok
test user::linux::host::tests::access_and_statvfs_report_host_errors ... ok
test user::linux::fsnotify::tests::excl_unlink_skips_unlinked_files ... ok
test user::linux::fsnotify::tests::a_parent_hears_of_its_children ... ok
test user::linux::fsnotify::tests::names_self_events_and_one_shot_watches ... ok
test smir::optimize::tests::misc::part1::part3::optimizer_preserves_vex_scalar_merge_zeroing_and_load_fault_boundary ... ok
test user::linux::host::tests::clocks_advance_and_credentials_resolve ... ok
test user::linux::fs::xattr::tests::values_round_trip_under_every_name ... ok
test user::linux::fs::tests::sysroot_prefers_existing_paths_and_follows_links_inside ... ok
test user::linux::ipc::tests::identifiers_follow_ipc_idr_alloc ... ok
test user::linux::ipc::tests::permissions_follow_ipcperms ... ok
test user::linux::net::addr::tests::inet_addresses_check_size_then_family ... ok
test user::linux::host::tests::poll_reports_pipe_readiness ... ok
test user::linux::net::addr::tests::unix_names_encode_as_getname_returns_them ... ok
test user::linux::net::addr::tests::unix_names_follow_unix_validate_addr ... ok
test user::linux::net::ifreq::tests::ifconf_lists_ipv4_addresses ... ok
test user::linux::net::ifreq::tests::device_requests_follow_dev_ioctl ... ok
test user::linux::net::ifreq::tests::ipv6_changes_follow_addrconf ... ok
test user::linux::net::ifreq::tests::ipv4_addresses_follow_devinet_ioctl ... ok
test user::linux::ipc::shm::tests::segments_follow_shmget ... ok
test user::linux::net::msg::tests::put_cmsg_compat_uses_the_32_bit_header ... ok
test user::linux::net::msg::tests::put_truncates_as_put_cmsg ... ok
test user::linux::host::tests::write_all_waiting_waits_for_room_and_fails_without_a_peer ... ok
test user::linux::net::name::tests::host_names_map_back_through_the_sysroot ... ok
test user::linux::net::msg::tests::compat_messages_become_kernel_ones ... ok
test user::linux::net::name::tests::relative_paths_resolve_against_the_guest_directory ... ok
test user::linux::net::msg::tests::split_follows_cmsg_ok_and_nxthdr ... ok
test user::linux::net::name::tests::long_paths_go_through_their_directory ... ok
test user::linux::net::netlink::ifaces::tests::links_follow_dev_get_flags ... ok
test user::linux::net::netlink::route::tests::acks_carry_the_request ... ok
test user::linux::net::netlink::route::tests::done_carries_the_result ... ok
test user::linux::net::netlink::ifaces::tests::addresses_follow_linux_scopes ... ok
test user::linux::ipc::msg::tests::receives_follow_find_msg ... ok
test user::linux::ipc::shm::tests::attaches_and_removal_follow_shm_open_and_shm_close ... ok
test user::linux::net::netlink::route::tests::one_ipv6_address_follows_inet6_rtm_getaddr ... ok
test user::linux::ipc::sem::tests::operations_follow_perform_atomic_semop ... ok
test user::linux::ipc::msg::tests::sends_follow_msg_fits_inqueue ... ok
test user::linux::net::netlink::route::tests::requests_follow_rtnetlink_rcv_msg ... ok
test user::linux::net::opts::tests::timeouts_follow_sock_set_timeout ... ok
test user::linux::net::netlink::ifaces::tests::descriptions_follow_the_kernel_order ... ok
test user::linux::net::opts::tests::timeval_reports_zero_for_no_limit ... ok
test user::linux::net::netlink::route::tests::link_messages_follow_rtnl_fill_ifinfo ... ok
test user::linux::priority::tests::priorities_follow_the_kernels_mapping ... ok
test user::linux::priority::tests::deadline_parameters_are_checked ... ok
test user::linux::priority::tests::an_idle_task_keeps_its_nice_but_takes_the_attributes_priority ... ok
test user::linux::priority::tests::reset_on_fork_returns_a_child_to_the_defaults ... ok
test user::linux::procfs::tests::maps_prefix_width_matches_seq_setwidth ... ok
test user::linux::priority::tests::io_priorities_default_to_the_nice_value ... ok
test user::linux::ipc::sem::tests::undo_follows_exit_sem ... ok
test user::linux::net::netlink::tests::sends_check_their_destination_and_size ... ok
test user::linux::net::netlink::route::tests::dumps_follow_the_family_handlers ... ok
test user::linux::net::netlink::tests::an_ipv6_dump_ends_with_its_last_datagram ... ok
test user::linux::net::netlink::tests::dumps_are_paced_as_netlink_dump_does ... ok
test user::linux::sigmail::tests::records_are_claimed_oldest_first_and_only_by_their_target ... ok
test user::linux::seccomp::tests::chains_are_shared_and_bounded ... ok
test user::linux::seccomp::tests::verdicts_follow_seccomp_run_filters ... ok
test user::linux::signal::tests::alternate_stack_membership_and_flags ... ok
test user::linux::signal::tests::autodisarm_stacks_are_never_in_use ... ok
test user::linux::seccomp::bpf::tests::checks_follow_bpf_check_classic_and_seccomp_check_filter ... ok
test user::linux::seccomp::bpf::tests::programs_run_as_classic_bpf ... ok
test user::linux::seccomp::bpf::tests::lengths_follow_bpf_convert_filter ... ok
test user::linux::signal::tests::known_siginfo_layouts_follow_the_kernel ... ok
test user::linux::signal::tests::si_code_names_depend_on_the_signal ... ok
test user::linux::signal::tests::stack_t_encoding_is_24_bytes ... ok
test user::linux::runtime_files::tests::selected_runtime_roots_preserve_overrides_and_optional_cache ... ok
test user::linux::signal::tests::siginfo_encoding_matches_the_uapi_layout ... ok
test user::linux::signal::tests::uapi_flags_depend_on_sa_restorer ... ok
test user::linux::signal::tests::flush_discards_every_instance ... ok
test user::linux::signal::tests::compat_siginfo_narrows_each_layout ... ok
test user::linux::syscall::kcmp::tests::the_order_is_total_and_antisymmetric ... ok
test user::linux::signal::tests::standard_signals_coalesce_and_realtime_signals_queue ... ok
test user::linux::signal::tests::synchronous_dequeue_takes_the_first_kernel_generated_fault ... ok
test user::linux::signal::tests::dequeue_prefers_synchronous_signals_then_lowest_number ... ok
test user::linux::ptrace::tests::messages_round_trip ... ok
test user::linux::abi::tests::syscall_numbers_resolve_both_ways ... ok
test smir::ir::x86_native_replay::tests::legacy_scalar_insert::exact_graph_validator_covers_all_13056_rex_register_and_level_images ... ok
test user::linux::tests::admin::x86_io_ports ... ok
test user::linux::tests::admin::clock_settime_sets_only_the_realtime_clock ... ok
test user::linux::tests::admin::clock_adjtime_adjusts_only_the_realtime_clock ... ok
test user::linux::tests::admin::adjtimex_reads_an_unsynchronized_clock ... ok
test user::linux::tests::admin::adjtimex_checks_modes_in_the_kernels_order ... ok
test user::linux::tests::admin::an_unprivileged_caller_fails_each_call_at_its_capability_check ... ok
test user::linux::tests::admin::settimeofday_checks_the_time_then_the_capability_then_the_zone ... ok
test user::linux::tests::admin::root_passes_the_capability_check_and_is_refused_the_change ... ok
test user::linux::tests::admin::root_reads_an_empty_kernel_log ... ok
test user::linux::tests::admin::chroot_looks_up_a_searchable_directory_before_the_capability ... ok
test user::linux::tests::aio::a_ctxp_that_cannot_be_written_destroys_the_context ... ok
test user::linux::tests::aio::eventfd_signal_counts_to_the_top ... ok
test user::linux::tests::aio::io_setup_checks_in_the_kernels_order_and_maps_a_ring ... ok
test user::linux::tests::aio::slots_come_back_once_the_process_reaps ... ok
test user::linux::tests::aio::the_ring_is_special_to_mlock_mremap_and_mseal ... ok
test user::linux::tests::aio::io_cancel_and_io_destroy_complete_waiting_polls ... ok
test user::linux::tests::aio::io_submit_checks_in_the_kernels_order ... ok
test user::linux::tests::arm::an_arm_task_has_the_arm64_compat_layout_and_numbers ... ok
test user::linux::tests::aio::io_pgetevents_waits_under_its_mask ... ok
test user::linux::tests::arm::an_arm_program_starts_in_user_mode_with_the_compat_auxv ... ok
test user::linux::tests::arm::calls::clone_settls_sets_tpidruro_and_keeps_the_arguments_backwards ... ok
test user::linux::tests::arm::calls::fcntl64_locks_are_the_aligned_compat_flock64 ... ok
test smir::ir::x86_native_replay::tests::legacy_lane_shuffle::exact_graph_validator_covers_all_19584_rex_register_and_level_images ... ok
test user::linux::tests::aio::transfers_complete_in_the_ring ... ok
test user::linux::tests::arm::calls::statfs64_takes_the_eabi_size_88_as_84 ... ok
test user::linux::tests::aio::polls_complete_with_the_waking_key_or_the_events_polled ... ok
test user::linux::tests::arm::calls::stat64_is_the_eabi_layout_written_whole ... ok
test user::linux::tests::arm::calls::shmat_aligns_to_the_compat_shmlba_of_16_kib ... ok
test user::linux::tests::arm::calls::uname_shows_armv8l_under_per_linux32 ... ok
test user::linux::tests::aio::io_getevents_checks_waits_and_copies ... ok
test user::linux::tests::arm::calls::accept_send_and_recv_are_direct_calls ... ok
test user::linux::tests::arm::calls::the_aarch32_wrappers_take_64_bit_arguments_in_register_pairs ... ok
test user::linux::tests::aio::a_thread_sleeping_in_another_call_wakes_for_waiting_polls ... ok
test user::linux::tests::arm::calls::system_v_ipc_has_direct_calls_and_the_old_ctl_forms ... ok
test user::linux::tests::arm::execve_maps_the_vectors_page_and_the_sigpage ... ok
test user::linux::tests::arm::svc_is_the_system_call_with_the_number_in_r7 ... ok
test user::linux::tests::arm::signals::a_faults_record_is_the_compat_fsr_and_fault_address ... ok
test user::linux::tests::arm::signals::a_non_rt_frame_and_the_thumb_and_restorer_returns ... ok
test user::linux::tests::aio::pipes_and_sockets_complete_with_their_transfers_result ... ok
test user::linux::tests::arm::the_private_calls_set_tls_and_flush_and_the_rest_are_enosys_or_sigill ... ok
test user::linux::tests::arm::signals::bad_frames_force_sigsegv ... ok
test user::linux::tests::arm::the_aarch32_exceptions_become_their_signals ... ok
test user::linux::tests::arm::signals::sigreturn_and_rt_sigreturn_restore_the_frame ... ok
test user::linux::tests::arm::the_kuser_cmpxchg_helpers_compare_and_exchange ... ok
test user::linux::tests::arm::ptrace::a_32_bit_tracer_sees_an_aarch64_thread_in_32_bits ... ok
test user::linux::tests::arm::ptrace::the_views_sets_follow_the_tracer_then_the_thread ... ok
test user::linux::tests::arm::ptrace::a_32_bit_tracer_gets_compat_arch_ptraces_forms ... ok
test user::linux::tests::arm::signals::an_rt_frame_is_the_compat_layout ... ok
test user::linux::tests::bounded::bounded_reservation_survives_same_thread_yield_but_not_switch ... ok
test user::linux::tests::bounded::bounded_round_robin_survives_separate_calls ... ok
test user::linux::tests::embedded::closed_linux_missing_host_capability_is_explicit ... ok
test user::linux::tests::console::captured_output_bounds_shared_streams_and_descriptor_lifetime ... ok
test user::linux::tests::console::captured_streams_read_eof_refill_duplicates_and_faults ... ok
test user::linux::tests::embedded::closed_linux_rejects_inconsistent_configuration_before_image_loading ... ok
test user::linux::tests::embedded::closed_linux_stop_continue_and_kill_never_stop_the_host ... ok
test user::linux::tests::bounded::bounded_zero_cancel_resume_and_cached_exit_all_linux_abis ... ok
test user::linux::tests::embedded::closed_linux_threads_and_futex_continuations_remain_guest_local ... ok
test user::linux::tests::embedded::closed_linux_eventfd_wakes_every_reader_of_the_same_level_all_abis ... ok
test user::linux::tests::entry::the_number_register_is_read_at_the_kernel_width ... ok
test user::linux::tests::embedded::closed_linux_shared_anonymous_mapping_aliases_and_survives_unmapping_all_abis ... ok
test user::linux::tests::bounded::bounded_indefinite_wait_is_resumable_and_cancellation_keeps_continuation ... ok
test user::linux::tests::embedded::closed_linux_identity_console_and_external_service_denial_all_abis ... ok
test user::linux::tests::embedded::closed_linux_executes_and_finalizes_real_guest_exit_all_abis ... ok
test user::linux::tests::epoll::epoll_ctl_checks_in_the_kernel_order ... ok
test user::linux::tests::embedded_files::closed_linux_supplied_interpreter_executes_and_missing_dependency_fails_all_abis ... ok
test user::linux::tests::console::captured_metadata_and_poll_have_no_host_descriptor_dependency ... ok
test user::linux::tests::embedded::closed_linux_ofd_locks_do_not_depend_on_native_lock_support_all_abis ... ok
test user::linux::tests::events::a_blocking_eventfd_read_sleeps_on_the_level ... ok
test user::linux::tests::events::a_faulting_signalfd_destination_loses_the_record ... ok
test user::linux::tests::events::anonymous_files_look_as_anon_inodes_do ... ok
test user::linux::tests::events::eventfd_levels_follow_the_counter ... ok
test user::linux::tests::events::eventfd_counts_and_refuses_what_eventfd_c_refuses ... ok
test user::linux::tests::events::signalfd_calls_check_in_the_kernel_order ... ok
test user::linux::tests::events::queued_signals_wake_signalfd_readers_and_pollers ... ok
test user::linux::tests::embedded::closed_linux_xattrs_use_supplied_nodes_and_preserve_validation_all_abis ... ok
test user::linux::tests::console::captured_vectored_and_chunked_writes_report_only_the_retained_prefix ... ok
test user::linux::tests::events::signalfd_records_follow_the_siginfo_layout ... ok
test user::linux::tests::events::signalfd_reads_the_callers_signals_in_order ... ok
test user::linux::tests::epoll::waits_sleep_on_their_files_and_end_with_eintr ... ok
test user::linux::tests::epoll::level_edge_and_one_shot_items ... ok
test user::linux::tests::events::timerfd_absolute_and_realtime_settings ... ok
test user::linux::tests::events::timerfd_ticks_are_expirations_since_the_last_read ... ok
test user::linux::tests::epoll::epoll_events_have_each_abis_layout ... ok
test user::linux::tests::epoll::items_follow_descriptions_not_descriptors ... ok
test user::linux::tests::epoll::the_ready_list_keeps_wake_up_order ... ok
test user::linux::tests::events::vectored_eventfd_transfers ... ok
test user::linux::tests::events::timerfd_calls_check_in_the_kernel_order ... ok
test user::linux::tests::exec::child_status_records_carry_linux_wait_statuses ... ok
test user::linux::tests::exclusive::aarch64_same_thread_budget_preserves_but_guest_thread_switch_clears_exclusive ... ok
test user::linux::tests::exclusive::aarch64_ptrace_single_step_trap_clears_exclusive_after_budget_yield ... ok
test user::linux::tests::exclusive::aarch64_async_signal_handler_entry_clears_exclusive_after_budget_yield ... ok
test user::linux::tests::exec::a_zombie_child_is_found_without_asking_the_host ... ok
test user::linux::tests::epoll::nested_instances_and_their_limits ... ok
test user::linux::tests::exec::script_lines_parse_as_load_script_does ... ok
test user::linux::tests::exec::execve_releases_the_robust_futexes_the_caller_holds ... ok
test user::linux::tests::exec::a_64_bit_program_reads_implies_exec_only_by_inheriting_it ... ok
test user::linux::tests::exec::children_pass_to_a_live_thread_and_to_an_executing_one ... ok
test user::linux::tests::exec::a_32_bit_program_without_gnu_stack_reads_implies_exec ... ok
test user::linux::tests::exec::waits_check_their_arguments_and_find_no_children ... ok
test user::linux::tests::exec::execve_checks_in_the_kernel_order ... ok
test user::linux::tests::exec::a_script_named_by_a_close_on_exec_descriptor_is_not_run ... ok
test user::linux::tests::i386::a_compatibility_task_has_the_i386_layout_and_numbers ... ok
test user::linux::tests::i386::an_i386_program_starts_in_compatibility_mode_with_a_32_bit_stack ... ok
test user::linux::tests::files::status_flags_are_those_the_kernel_records ... ok
test user::linux::tests::exclusive::aarch64_peer_blocked_syscall_continuation_counts_as_guest_thread_switch ... ok
test user::linux::tests::fdinfo::a_pidfd_shows_its_task_until_it_is_gone ... ok
test user::linux::tests::exec::execve_charges_every_string_against_the_argument_space ... ok
test user::linux::tests::exec::execve_replaces_the_image_and_keeps_what_the_kernel_keeps ... ok
test user::linux::tests::i386::compat_stat_is_the_32_bit_layout ... ok
test user::linux::tests::i386::files::a_compat_pipe_transfer_that_faults_moves_whole_pages ... ok
test user::linux::tests::i386::files::a_vector_past_4_gib_is_in_user_space_for_access_ok ... ok
test user::linux::tests::i386::aio::pgetevents_reads_compat_aio_sigset ... ok
test user::linux::tests::i386::files::compat_sendfile_takes_a_compat_off_t_and_stops_at_max_non_lfs ... ok
test user::linux::tests::i386::files::a_compat_open_forces_no_o_largefile_and_refuses_large_files_without_it ... ok
test user::linux::tests::i386::files::compat_fcntl_converts_the_lock_structures ... ok
test user::linux::tests::i386::aio::contexts_iocbs_and_counts_are_32_bit ... ok
test user::linux::tests::fdinfo::anonymous_files_add_their_own_lines ... ok
test user::linux::tests::i386::files::epoll_events_are_packed_for_a_compatibility_task ... ok
test user::linux::tests::i386::files::compat_directory_inode_overflow_keeps_the_cursor_and_valid_prefix ... ok
test user::linux::tests::i386::files::prctl_is_native ... ok
test user::linux::tests::i386::int_0x80_is_the_system_call_of_a_compatibility_task ... ok
test user::linux::tests::fdinfo::every_descriptor_shows_its_position_flags_mount_and_inode ... ok
test user::linux::tests::i386::descriptors::epoll_pwait2_ignores_the_padding_above_the_nanoseconds ... ok
test user::linux::tests::i386::compat_calls_convert_or_refuse ... ok
test user::linux::tests::i386::files::getdents_fills_compat_linux_dirent_and_readdir_one_entry ... ok
test user::linux::tests::i386::files::statfs_fills_compat_statfs_and_statfs64_checks_its_size ... ok
test user::linux::tests::i386::files::offsets_come_in_register_pairs_or_as_compat_off_t ... ok
test user::linux::tests::i386::files::stat64_and_compat_stat_fill_the_i386_structures ... ok
test user::linux::tests::i386::files::execve_reads_compat_vectors_and_an_i386_program_keeps_the_personality ... ok
test user::linux::tests::i386::process::affinity_masks_are_32_bit_words ... ok
test user::linux::tests::i386::process::usage_times_and_system_information_have_the_32_bit_layouts ... ok
test user::linux::tests::i386::process::resource_limits_clamp_to_the_32_bit_infinities ... ok
test user::linux::tests::i386::process::a_waited_child_reports_compat_rusage_and_siginfo ... ok
test user::linux::tests::i386::process::the_old_unames_nice_and_arch_prctl ... ok
test user::linux::tests::i386::seccomp::filters_see_the_32_bit_call ... ok
test user::linux::tests::i386::select::fd_sets_are_32_bit_words ... ok
test user::linux::tests::i386::set_thread_area_reloads_the_registers_holding_the_entry ... ok
test user::linux::tests::i386::select::timeouts_are_32_bit_in_and_out ... ok
test user::linux::tests::i386::descriptors::compat_ioctl_runs_the_files_whose_compat_handler_is_the_native_one ... ok
test user::linux::tests::i386::process::sixteen_bit_ids_read_as_overflow_and_minus_one_widens ... ok
test user::linux::tests::i386::sigcalls::compat_sigaction_is_twenty_bytes_and_hides_the_abi_flag ... ok
test user::linux::tests::i386::set_thread_area_fills_allocates_and_reads_back_tls_entries ... ok
test user::linux::tests::i386::sigcalls::old_sigsuspend_waits_with_its_third_argument_as_the_mask ... ok
test user::linux::tests::i386::sigcalls::old_sigaction_and_signal_use_one_word_masks ... ok
test user::linux::tests::i386::sigcalls::compat_sigaltstack_is_twelve_bytes ... ok
test user::linux::tests::i386::ptrace::a_32_bit_tracer_gets_the_i386_forms ... ok
test user::linux::tests::i386::sigcalls::the_old_mask_calls_see_the_low_word ... ok
test user::linux::tests::i386::sigcalls::a_result_is_a_restart_code_by_its_low_half ... ok
test user::linux::tests::i386::signals::a_bad_frame_raises_sigsegv_after_setting_the_mask_it_read ... ok
test user::linux::tests::i386::sigcalls::queued_and_waited_signals_carry_compat_siginfo ... ok
test user::linux::tests::i386::signals::a_stack_segment_of_its_own_switches_to_sa_restorer ... ok
test user::linux::tests::i386::signals::a_non_rt_frame_is_the_legacy_layout ... ok
test user::linux::tests::i386::signals::restart_codes_become_eintr_through_an_i386_frame ... ok
test user::linux::tests::i386::signals::an_rt_frame_is_the_ia32_layout ... ok
test user::linux::tests::i386::signals::a_handler_can_edit_the_saved_context ... ok
test user::linux::tests::i386::signals::an_alternate_stack_holds_the_frame_and_uc_stack_is_compat_stack_t ... ok
test user::linux::tests::i386::signals::sigreturn_reloads_changed_data_selectors ... ok
test user::linux::tests::i386::signals::without_sa_restorer_handlers_return_through_the_vdso ... ok
test user::linux::tests::i386::signals::strict_seccomp_allows_sigreturn_but_not_rt_sigreturn ... ok
test user::linux::tests::i386::ptrace::a_32_bit_threads_sets_are_the_i386_views ... ok
test user::linux::tests::i386::mqueue::attributes_are_compat_mq_attr ... ok
test user::linux::tests::i386::mqueue::notifications_read_compat_sigevent ... ok
test user::linux::tests::i386::signals::an_invalid_selector_faults_the_return_with_the_state_restored ... ok
test user::linux::tests::i386::signals::fpstate_variants_restore_or_fail_as_the_kernel_does ... ok
test user::linux::tests::i386::signals::sigreturn_restores_the_interrupted_context ... ok
test user::linux::tests::i386::mqueue::send_and_receive_timeouts_are_old_timespec32 ... ok
test user::linux::tests::i386::sysv::ipc_semctl_selects_the_layout_by_ipc_64 ... ok
test user::linux::tests::i386::sysv::old_permissions_hold_16_bit_ids ... ok
test user::linux::tests::i386::sockets::socketcall_reads_32_bit_arguments ... ok
test user::linux::tests::i386::sysv::semop_timeouts_are_old_timespec32_through_ipc ... ok
test user::linux::tests::i386::sockets::old_timeouts_are_old_timeval32_and_new_ones_are_not ... ok
test user::linux::tests::i386::threads::clone_settls_gives_the_child_a_tls_descriptor ... ok
test user::linux::tests::i386::threads::a_bad_user_desc_fails_the_clone_before_a_tid_is_taken ... ok
test user::linux::tests::i386::sysv::direct_semctl_hands_the_whole_command_on ... ok
test user::linux::tests::i386::sockets::compat_control_data_is_checked_before_the_data_is_sent ... ok
test user::linux::runtime_files::tests::native_runtime_executes_installed_dynamic_programs_without_a_sysroot ... ok
test user::linux::tests::i386::sysv::shm_attach_and_status_use_32_bit_layouts ... ok
test user::linux::tests::i386::sysv::messages_have_32_bit_types ... ok
test user::linux::tests::i386::sockets::interface_requests_use_compat_ifconf_and_32_byte_requests ... ok
test user::linux::tests::i386::threads::thread_exit_releases_the_32_bit_robust_list ... ok
test user::linux::tests::i386::sockets::mmsghdr_entries_are_32_bytes_with_msg_len_at_28 ... ok
test user::linux::tests::i386::threads::futex_time32_and_time64_read_their_timeouts ... ok
test user::linux::tests::i386::time::adjtimex_reads_and_writes_old_timex32 ... ok
test user::linux::tests::i386::time::a_time64_timespec_ignores_the_padding_above_its_nanoseconds ... ok
test user::linux::tests::i386::threads::the_32_bit_robust_list_is_a_separate_head ... ok
test user::linux::tests::i386::time::setting_the_time_reads_32_bit_structures ... ok
test user::linux::tests::i386::time::time32_calls_write_old_timespec32_and_time64_calls_the_kernel_timespec ... ok
test user::linux::tests::ifreq::interface_requests_follow_dev_ioctl ... ok
test user::linux::tests::i386::time::posix_timers_and_timerfds_take_32_bit_structures ... ok
test user::linux::tests::i386::time::an_interrupted_time32_sleep_reports_and_restarts_with_old_timespec32 ... ok
test user::linux::tests::i386::sockets::msghdr_and_rights_use_the_32_bit_layouts ... ok
test user::linux::tests::i386::time::interval_timers_and_file_times_use_32_bit_timevals ... ok
test user::linux::tests::kcmp::kcmp_checks_in_the_kernels_order_and_compares_files ... ok
test user::linux::tests::limits::a_new_limit_is_read_before_the_resource_is_checked ... ok
test user::linux::tests::kcmp::threads_share_what_their_clone_flags_shared ... ok
test user::linux::tests::limits::affinity_checks_the_length_before_the_task ... ok
test user::linux::tests::limits::per_linux32_shows_the_32_bit_machine ... ok
test user::linux::tests::loader::a_segment_without_pf_r_lacks_vm_read ... ok
test user::linux::tests::loader::et_exec_segments_bss_and_break ... ok
test user::linux::tests::loader::executable_bss_pages_stay_executable ... ok
test user::linux::tests::loader::gnu_stack_selects_stack_executability ... ok
test user::linux::tests::kcmp::epoll_targets_are_found_by_descriptor_and_offset ... ok
test user::linux::tests::loader::large_alignment_rounds_the_pie_base ... ok
test user::linux::tests::loader::later_overlapping_segments_replace_earlier_pages ... ok
test user::linux::tests::loader::mapping_names_carry_the_image_name ... ok
test user::linux::tests::loader::readonly_segment_with_bss_keeps_file_tail ... ok
test user::linux::tests::loader::pie_with_interpreter_loads_at_elf_et_dyn_base ... ok
test user::linux::tests::loader::static_pie_loads_top_down_below_mmap_base ... ok
test user::linux::tests::inotify::closes_come_with_the_last_reference ... ok
test user::linux::tests::inotify::polls_see_queued_events ... ok
test user::linux::tests::locks::flock_checks_the_command_then_the_descriptor ... ok
test user::linux::tests::locks::flock_locks_belong_to_the_description ... ok
test user::linux::tests::loader::rejects_images_linux_rejects ... ok
test user::linux::tests::inotify::one_shot_and_excl_unlink_watches ... ok
test user::linux::tests::locks::ofd_locks_belong_to_the_description ... ok
test user::linux::tests::locks::closing_any_descriptor_releases_the_processes_record_locks ... ok
test user::linux::tests::locks::record_lock_arguments_are_checked_in_the_kernels_order ... ok
test user::linux::tests::inotify::a_file_hears_of_itself_after_its_directory ... ok
test user::linux::tests::locks::unmapping_keeps_the_mappings_descriptor_until_the_locks_go ... ok
test user::linux::tests::misc::readahead_and_sync_file_range_check_the_file ... ok
test user::linux::tests::misc::proc_status_lists_the_groups_with_a_trailing_space ... ok
test user::linux::tests::locks::flock_waits_for_the_lock ... ok
test user::linux::tests::inotify::watches_follow_inotify_add_watch ... ok
test user::linux::tests::inotify::readers_wait_for_events ... ok
test user::linux::tests::misc::fsync_needs_the_operation_and_syncfs_any_file ... ok
test user::linux::tests::mlock::a_special_mapping_is_not_resized_or_kept ... ok
test user::linux::tests::mlock::locking_brings_pages_in_unless_on_fault ... ok
test user::linux::tests::mlock::locked_pages_are_not_discarded ... ok
test user::linux::tests::mlock::status_shows_vmlck_and_a_new_process_has_none ... ok
test user::linux::tests::inotify::file_calls_report_events_in_order ... ok
test user::linux::tests::mlock::mlock_checks_the_right_the_limit_and_the_range ... ok
test user::linux::tests::mlock::mlockall_locks_what_is_and_what_will_be ... ok
test user::linux::tests::misc::groups_are_inherited_sorted_and_set_by_root ... ok
test user::linux::tests::mounts::mount_copies_its_arguments_and_looks_up_the_mount_point_first ... ok
test user::linux::tests::inotify::instances_are_limited_per_user ... ok
test user::linux::tests::mounts::fsconfig_finds_no_file_system_context ... ok
test user::linux::tests::mounts::umount2_checks_its_flags_and_path_first ... ok
test user::linux::tests::mounts::the_new_mount_calls_check_may_mount_first ... ok
test user::linux::tests::mounts::open_tree_opens_a_path_without_privilege ... ok
test user::linux::tests::mounts::open_tree_attr_applies_attributes_before_publishing_the_descriptor ... ok
test user::linux::tests::mqueue::an_unlinked_queue_lives_while_it_is_open ... ok
test user::linux::tests::mounts::mount_setattr_checks_the_size_then_may_mount_then_the_attributes ... ok
test user::linux::tests::mqueue::a_queue_polls_readable_with_messages_and_writable_with_room ... ok
test user::linux::tests::mqueue::mq_getsetattr_sets_only_nonblocking ... ok
test user::linux::tests::mseal::a_seal_keeps_what_could_not_be_written ... ok
test user::linux::tests::mseal::mseal_checks_in_the_kernels_order ... ok
test user::linux::tests::mseal::a_seal_refuses_unmapping_remapping_and_reprotecting ... ok
test user::linux::tests::mqueue::a_queue_has_the_creators_ids_and_permissions ... ok
test user::linux::tests::mseal::brk_and_shmdt_keep_sealed_pages ... ok
test user::linux::tests::mqueue::a_notification_signals_the_arrival_in_an_empty_queue ... ok
test user::linux::tests::mqueue::mq_open_checks_in_the_kernels_order ... ok
test user::linux::tests::netlink::creation_follows_netlink_create ... ok
test user::linux::tests::netlink::a_passed_socket_is_the_same_socket ... ok
test user::linux::tests::mqueue::messages_come_highest_priority_first ... ok
test user::linux::tests::netlink::pktinfo_reports_the_group ... ok
test user::linux::tests::netlink::requests_are_acknowledged_as_netlink_rcv_skb_does ... ok
test user::linux::tests::netlink::port_ids_follow_netlink_bind ... ok
test user::linux::tests::netlink::options_follow_netlink_setsockopt ... ok
test user::linux::tests::nodes::the_guests_umask_alone_masks_new_files ... ok
test user::linux::tests::netlink::netlink_lacks_streams_and_answers_its_calls ... ok
test user::linux::tests::nodes::mknodat_checks_the_type_then_the_name_then_the_privilege ... ok
test user::linux::tests::netlink::links_dump_with_a_loopback ... ok
test user::linux::tests::pidfd::a_pidfd_is_a_root_owned_file_of_pidfs_that_refuses_io ... ok
test user::linux::tests::nodes::the_older_time_calls_convert_to_utimensat ... ok
test user::linux::tests::netlink::receives_truncate_and_peek ... ok
test user::linux::tests::nodes::utimensat_looks_up_the_path_before_checking_the_times ... ok
test user::linux::tests::netlink::addresses_dump_by_family ... ok
test user::linux::tests::pidfd::a_thread_pidfd_follows_the_thread_to_its_exit ... ok
test user::linux::tests::pidfd::a_host_watch_sees_another_process_end ... ok
test user::linux::tests::pidfd::pidfd_getfd_duplicates_the_callers_descriptors ... ok
test user::linux::tests::pidfd::pidfd_open_checks_its_arguments_and_makes_a_pidfs_file ... ok
test user::linux::tests::pidfd::pidfd_send_signal_checks_its_scope_and_record ... ok
test user::linux::tests::mqueue::waiting_tasks_are_handed_messages_and_slots ... ok
test user::linux::tests::posix_timers::a_sigev_none_timer_counts_down_without_firing ... ok
test user::linux::tests::posix_timers::a_one_shot_timer_fires_once ... ok
test user::linux::tests::pidfd::pidfd_ioctls_follow_pidfd_ioctl ... ok
test user::linux::tests::posix_timers::a_periodic_timer_counts_missed_periods_as_overruns ... ok
test user::linux::tests::posix_timers::absolute_settings_and_cpu_timers_in_the_past ... ok
test user::linux::tests::posix_timers::exec_flushes_timer_records_but_keeps_other_instances ... ok
test user::linux::tests::posix_timers::an_ignored_periodic_signal_is_parked_until_unignored ... ok
test user::linux::tests::pidfd::clone_returns_a_thread_pidfd ... ok
test user::linux::tests::posix_timers::ids_count_up_and_are_not_reused_at_once ... ok
test user::linux::tests::posix_timers::a_thread_timer_signals_its_thread ... ok
test user::linux::tests::posix_timers::the_other_timer_calls_check_their_arguments ... ok
test user::linux::tests::posix_timers::a_changed_or_deleted_timer_disowns_its_queued_signal ... ok
test user::linux::tests::posix_timers::an_expired_timer_queues_its_signal_once ... ok
test user::linux::tests::posix_timers::timer_create_checks_in_the_kernel_order ... ok
test user::linux::tests::priority::sched_setscheduler_checks_in_the_kernels_order ... ok
test user::linux::tests::priority::clone_io_tasks_share_one_io_context ... ok
test user::linux::tests::priority::a_task_starts_normal_and_reports_so ... ok
test user::linux::tests::priority::sched_setattr_copies_by_size_and_applies_the_rules ... ok
test user::linux::tests::pidfd::another_process_is_seen_through_the_host ... ok
test user::linux::tests::priority::time_slices_come_in_jiffies_of_4_ms ... ok
test user::linux::tests::priority::deadline_tasks_are_admitted_within_the_bandwidth ... ok
test user::linux::tests::posix_timers::an_ignored_timer_signal_comes_back_with_a_handler ... ok
test user::linux::tests::priority::nice_values_and_rlimit_nice ... ok
test user::linux::tests::priority::threads_inherit_attributes_and_timer_slack ... ok
test user::linux::tests::priority::io_priorities_are_set_per_task_and_derived_from_nice ... ok
test user::linux::tests::procfs::a_closed_descriptor_or_an_exited_thread_has_no_proc_entry ... ok
test user::linux::tests::ptrace::a_killed_tracees_stops_are_not_reported ... ok
test user::linux::tests::ptrace::execve_stops_a_traced_thread ... ok
test user::linux::tests::ptrace::a_traced_thread_stops_before_taking_a_signal ... ok
test user::linux::tests::procmem::process_madvise_advises_the_callers_memory_by_vector ... ok
test user::linux::tests::ptrace::requests_check_in_the_kernels_order ... ok
test user::linux::tests::ptrace::a_tracers_link_ending_detaches_or_kills ... ok
test user::linux::tests::ptrace::traceme_once_and_tracer_pid ... ok
test user::linux::tests::ptrace::traced_threads_queue_ignored_signals_and_trap_group_stops ... ok
test user::linux::tests::inotify::queues_merge_overflow_and_read_whole_records ... ok
test user::linux::tests::procmem::another_process_or_an_exited_leader_is_out_of_reach ... ok
test user::linux::tests::ptrace::answers_and_what_follows_them_arrive_together ... ok
test user::linux::tests::ptrace::x86_64_user_area_checks_what_putreg_checks ... ok
test user::linux::tests::procmem::process_vm_rw_checks_in_the_kernels_order ... ok
test user::linux::tests::procmem::transfers_go_page_by_page_with_vm_read_and_vm_write ... ok
test user::linux::tests::ptrace_fork::a_fork_is_traced_as_the_tracer_asked ... ok
test user::linux::tests::ptrace_events::threads_reaped_after_a_group_exit_report_its_status ... ok
test user::linux::tests::ptrace_events::a_tracer_reaps_the_traced_threads_that_exited ... ok
test user::linux::tests::ptrace_events::a_group_exit_ends_the_other_threads_then_stops ... ok
test user::linux::tests::ptrace_events::exit_stops_a_thread_before_it_ends ... ok
test user::linux::tests::ptrace_events::a_fatal_signal_stops_before_the_process_dies_but_sigkill_does_not ... ok
test user::linux::tests::ptrace_fork::the_forker_passes_a_link_then_stops_for_its_event ... ok
test user::linux::tests::ptrace_fork::vfork_stops_before_its_sleep_and_after ... ok
test user::linux::tests::ptrace_events::clone_traces_the_new_thread_as_its_maker_is ... ok
test user::linux::tests::ptrace_jobctl::sigcont_tells_every_seized_thread ... ok
test user::linux::tests::ptrace_jobctl::interrupt_ends_a_sleep_whose_call_restarts ... ok
test user::linux::tests::ptrace_fork::the_forked_process_is_traced_along_its_own_link ... ok
test user::linux::tests::ptrace_fork::a_tracer_adopts_a_forked_tracee_and_reaps_it ... ok
test user::linux::tests::ptrace_jobctl::listen_keeps_a_seized_thread_stopped_until_a_change ... ok
test user::linux::tests::ptrace_events::seccomp_trap_rolls_a_traced_call_back ... ok
test user::linux::tests::ptrace_jobctl::interrupt_traps_a_seized_thread_wherever_it_is ... ok
test user::linux::tests::ptrace_jobctl::a_group_stop_as_a_seized_and_an_attached_thread_reports_it ... ok
test user::linux::tests::ptrace_jobctl::the_tracer_learns_of_stops_and_listening ... ok
test user::linux::tests::ptrace_jobctl::the_other_traced_threads_join_a_group_stop ... ok
test user::linux::tests::ptrace_regsets::aarch64_tls_register_set ... ok
test user::linux::tests::ptrace_regsets::rseq_configuration ... ok
test user::linux::tests::ptrace_regsets::x86_64_arch_prctl_on_a_tracee ... ok
test user::linux::tests::ptrace::general_registers_as_each_architecture_lays_them_out ... ok
test user::linux::tests::ptrace_seccomp::a_suspended_tracee_skips_seccomp ... ok
test user::linux::tests::ptrace_regsets::x86_64_xsave_area ... ok
test user::linux::tests::ptrace_seccomp::a_tracer_checks_and_copies_seccomp_queries ... ok
test user::linux::tests::ptrace_seccomp::suspending_seccomp_needs_an_unconfined_admin_tracer ... ok
test user::linux::tests::ptrace_regsets::x86_64_ioperm_and_shadow_stack_sets_have_no_contents ... ok
test user::linux::tests::ptrace_stops::a_syscall_stops_signal_is_sent_from_the_kernel ... ok
test user::linux::tests::ptrace_events::seccomp_trace_stops_for_a_tracer_that_asked ... ok
test user::linux::tests::ptrace_stops::riscv_cannot_step ... ok
test user::linux::tests::ptrace_stops::aarch64_system_call_register_set ... ok
test user::linux::tests::ptrace_stops::a_tracer_gone_at_a_syscall_stop_sends_sigtrap_unless_tracesysgood ... ok
test user::linux::tests::ptrace_stops::only_x86_64_block_steps ... ok
test user::linux::tests::ptrace_regsets::floating_point_registers_as_each_architecture_lays_them_out ... ok
test user::linux::tests::ptrace_jobctl::sigstop_to_a_linked_process_goes_along_the_link ... ok
test user::linux::tests::ptrace_regsets::peeksiginfo_checks_and_copies_as_the_tracer ... ok
test user::linux::tests::ptrace_stops::sysemu_skips_by_the_flags_read_before_the_stop ... ok
test user::linux::tests::ptrace_stops::a_call_changed_or_skipped_at_its_entry ... ok
test user::linux::tests::ptrace_stops::stepping_into_a_handler_stops_before_its_first_instruction ... ok
test user::linux::tests::ptrace_stops::without_tracesysgood_the_stop_is_plain_sigtrap_and_info_is_none ... ok
test user::linux::tests::ptrace_stops::syscall_stops_show_each_architectures_entry_and_exit ... ok
test user::linux::tests::ptrace_stops::single_steps_trap_after_each_instruction ... ok
test user::linux::tests::rseq::rseq_checks_in_the_kernels_order_and_writes_its_fields ... ok
test user::linux::tests::rseq::the_return_to_user_mode_fills_in_ids_and_aborts_sections ... ok
test user::linux::tests::rseq::a_bad_descriptor_or_signature_is_fatal ... ok
test user::linux::tests::seccomp::filters_see_seccomp_data_and_decide ... ok
test user::linux::tests::seccomp::int80_calls_are_checked_as_i386 ... ok
test user::linux::tests::seccomp::traps_raise_sigsys_with_the_call ... ok
test user::linux::tests::seccomp::strict_mode_allows_four_calls ... ok
test user::linux::tests::ptrace_regsets::peeksiginfo_walks_either_queue_in_order ... ok
test user::linux::tests::seccomp::calls_are_checked_once_as_they_enter ... ok
test user::linux::tests::seccomp::kills_follow_the_number_of_threads ... ok
test user::linux::tests::seccomp::strict_mode_and_pr_set_tsc_disable_rdtsc_on_x86_64 ... ok
test user::linux::tests::seccomp::tsync_gives_every_thread_the_filters ... ok
test user::linux::tests::ptrace_seccomp::a_tracee_gives_its_filters_oldest_first ... ok
test user::linux::tests::signals::a_bad_frame_raises_sigsegv ... ok
test user::linux::tests::signals::arm64_without_sa_restorer_returns_through_the_vdso ... ok
test user::linux::tests::signals::kill_and_tgkill_validate_their_targets ... ok
test user::linux::tests::signals::proc_status_reports_the_signal_sets ... ok
test user::linux::tests::seccomp::installing_follows_seccomp_set_mode_filter ... ok
test user::linux::tests::signals::riscv_trampoline_is_li_a7_ecall_and_x86_has_none ... ok
test user::linux::tests::signals::restart_syscall_without_a_block_is_eintr ... ok
test user::linux::tests::signals::sigaction_masks_flags_and_flushes_ignored_signals ... ok
test user::linux::tests::signals::sigaltstack_reports_and_refuses_changes_on_the_stack ... ok
test user::linux::tests::signals::an_unwritable_stack_escalates_to_a_fatal_sigsegv ... ok
test user::linux::tests::ptrace_stops::block_steps_trap_after_branches_only ... ok
test user::linux::tests::signals::a_fault_records_the_arch_fault_state ... ok
test user::linux::tests::signals::nodefer_resethand_and_masked_signals ... ok
test user::linux::tests::signals::a_bad_frame_keeps_the_mask_it_already_set ... ok
test user::linux::tests::signals::stop_and_continue_signals_cancel_each_other ... ok
test user::linux::tests::signals::sigtimedwait_dequeues_without_a_handler ... ok
test user::linux::tests::signals::the_x86_page_fault_error_code_reports_a_present_entry ... ok
test user::linux::tests::signals::sigsuspend_returns_through_the_restart_path ... ok
test user::linux::tests::signals::a_handler_can_edit_the_saved_context ... ok
test user::linux::tests::signals::restart_codes_follow_the_handler_and_sa_restart ... ok
test user::linux::tests::signals::sa_onstack_uses_the_alternate_stack ... ok
test user::linux::tests::signals::x86_handlers_need_sa_restorer ... ok
test user::linux::tests::signals::unblocked_signals_nest_frames ... ok
test user::linux::tests::signals::writing_to_a_widowed_pipe_raises_sigpipe ... ok
test user::linux::tests::mqueue::queues_are_charged_to_their_creators_rlimit_and_counted ... ok
test user::linux::tests::sockets::creation_checks_follow_sock_create ... ok
test user::linux::tests::signals::without_a_handler_calls_restart ... ok
test user::linux::tests::seccomp::chains_are_bounded_by_max_insns_per_path ... ok
test user::linux::tests::sockets::inet_bind_and_connect_check_their_addresses ... ok
test user::linux::tests::sockets::a_send_that_faults_sends_what_linux_copied_whole ... ok
test user::linux::tests::sockets::ipv6_loopback_carries_whole_addresses ... ok
test user::linux::tests::sockets::abstract_names_and_autobind ... ok
test user::linux::tests::sockets::batches_send_and_receive_until_done ... ok
test user::linux::tests::sockets::addresses_copy_out_as_move_addr_to_user ... ok
test user::linux::tests::sockets::message_headers_are_checked_as_copy_msghdr_does ... ok
test user::linux::tests::sockets::credentials_are_checked_and_delivered_with_so_passcred ... ok
test user::linux::tests::sockets::socketpair_reserves_and_writes_its_descriptors_first ... ok
test user::linux::tests::sockets::descriptors_pass_as_scm_detach_fds_installs_them ... ok
test user::linux::tests::sockets::sockets_poll_and_answer_their_ioctls ... ok
test user::linux::tests::sockets::sigpipe_follows_the_protocol ... ok
test user::linux::tests::splice::tee_checks_its_flags_before_its_length ... ok
test user::linux::tests::signals::sigreturn_restores_the_interrupted_context ... ok
test user::linux::tests::stack::oversized_arguments_are_e2big ... ok
test user::linux::tests::sockets::unix_names_bind_resolve_and_report ... ok
test user::linux::tests::splice::splice_checks_in_the_kernels_order ... ok
test user::linux::tests::sockets::options_follow_sk_setsockopt_and_sk_getsockopt ... ok
test user::linux::tests::signals::handler_frames_match_each_abi ... ok
test user::linux::tests::splice::sockets_and_devices_splice ... ok
test user::linux::tests::splice::vmsplice_fills_and_empties_pipes ... ok
test user::linux::tests::splice::tee_copies_without_consuming ... ok
test user::linux::tests::splice::transfers_move_what_there_is ... ok
test user::linux::tests::supplied::selected_file_stats_observe_live_truncation_all_abis ... ok
test user::linux::tests::supplied::elf_interpreter_is_supplied_and_missing_interpreters_do_not_fall_back ... ok
test user::linux::tests::stack::riscv_has_cache_entries_and_no_platform ... ok
test user::linux::tests::stack::an_arm_task_has_no_arch_dlinfo_and_hwcap3_after_hwcap2 ... ok
test user::linux::tests::supplied::selected_host_files_use_demand_reads_and_guest_local_descriptors_all_abis ... ok
test user::linux::tests::syscall_mm::advice_skips_holes_then_reports_enomem ... ok
test user::linux::tests::stack::x86_64_layout_matches_create_elf_tables ... ok
test user::linux::tests::supplied::supplied_exec_paths_and_script_interpreters_reject_invalid_utf8_without_aliasing ... ok
test user::linux::tests::stack::string_order_and_alignment_hold_for_many_arguments ... ok
test user::linux::tests::syscall_mm::free_applies_only_to_private_anonymous_memory ... ok
test user::linux::tests::syscall_mm::dontneed_drops_private_pages_and_keeps_shared_ones ... ok
test user::linux::tests::supplied::supplied_bytes_override_existing_host_files_and_missing_names_never_fall_back ... ok
test user::linux::tests::supplied::supplied_programs_and_scripts_exec_without_host_paths_all_abis ... ok
test user::linux::tests::supplied::supplied_execveat_empty_path_keeps_image_bytes_after_cloexec_all_abis ... ok
test user::linux::tests::syscall_mm::growsdown_extends_to_the_start_of_the_stack ... ok
test user::linux::tests::syscall_mm::guard_regions_are_refused_rather_than_ignored ... ok
test user::linux::tests::syscall_mm::mprotect_validates_in_kernel_order ... ok
test user::linux::tests::syscall_mm::mprotect_applies_up_to_the_first_hole ... ok
test user::linux::tests::syscall_mm::personality_returns_the_previous_value ... ok
test user::linux::tests::syscall_mm::read_implies_exec_grants_exec_to_readable_mappings ... ok
test user::linux::tests::sockets::blocking_calls_end_by_timeout_or_signal ... ok
test user::linux::tests::syscall_mm::populating_for_reading_needs_vm_read ... ok
test user::linux::tests::syscall_mm::remove_requires_a_shared_mapping_that_may_be_written ... ok
test user::linux::tests::syscall_mm::populate_faults_pages_in_or_reports_why_it_cannot ... ok
test user::linux::tests::syscall_mm::shared_mappings_of_read_only_files_never_become_writable ... ok
test smir::ir::x86_native_replay::tests::legacy_sha::lifted_o0_o2_graphs_admit_all_60_928_inert_rex_register_cases_and_immediates ... ok
test user::linux::tests::syscall_mm::memfd_create_checks_flags_then_name ... ok
test user::linux::tests::syscall_mm::shared_anonymous_memory_is_one_shmem_object ... ok
test user::linux::tests::supplied::supplied_files_read_seek_stat_map_and_enumerate_all_abis ... ok
test user::linux::tests::syscall_mm::maps_shows_vm_read_rather_than_readable_pages ... ok
test user::linux::tests::sysvsem::a_thread_without_clone_sysvsem_has_a_list_of_its_own ... ok
test user::linux::tests::sysvshm::shmat_places_as_do_shmat ... ok
test user::linux::tests::sysvsem::unshare_sysvsem_leaves_the_undo_list_as_an_exit_would ... ok
test user::linux::tests::syscall_mm::shared_file_mappings_are_the_files_pages ... ok
test user::linux::tests::threads::a_pending_signal_makes_clone_restart ... ok
test user::linux::tests::threads::a_vfork_clone_sleeps_until_the_child_exits ... ok
test user::linux::tests::sysvshm::shmctl_follows_ksys_shmctl ... ok
test user::linux::tests::sysvshm::segments_attach_and_detach ... ok
test user::linux::tests::threads::clone_rejects_what_copy_process_refuses ... ok
test user::linux::tests::threads::clone_creates_a_thread_in_the_kernel_register_state ... ok
test user::linux::tests::threads::process_signals_go_to_a_thread_that_takes_them ... ok
test user::linux::tests::threads::proc_shows_each_thread ... ok
test user::linux::tests::threads::futex_wait_sleeps_until_a_matching_wake ... ok
test user::linux::tests::threads::clone3_reads_a_versioned_structure ... ok
test user::linux::tests::threads::thread_signals_and_exits ... ok
test user::linux::tests::sysvmsg::receivers_wait_for_a_message ... ok
test user::linux::tests::sysvsem::semctl_follows_ksys_semctl ... ok
test user::linux::tests::sysvsem::waits_end_by_value_removal_or_signal ... ok
test user::linux::tests::threads::thread_exit_clears_the_tid_word_and_releases_robust_futexes ... ok
test user::linux::tests::threads::unshare_follows_ksys_unshare ... ok
test user::linux::tests::threads::futex_requeue_and_wake_op_count_what_they_move ... ok
test user::linux::tests::threads::the_end_of_the_process_releases_every_threads_robust_futexes ... ok
test user::linux::tests::threads::pi_futex_ownership_passes_to_the_waiter ... ok
test user::linux::tests::sysvsem::semop_follows_do_semtimedop ... ok
test user::linux::tests::threads::an_interrupted_futex_wait_restarts_or_times_out ... ok
test user::linux::tests::uring::files::openat2_follows_copy_struct_from_user_and_build_open_flags ... ok
test user::linux::tests::uring::fdinfo_shows_the_rings_state ... ok
test user::linux::tests::uring::files::close_closes_descriptors_but_not_rings ... ok
test user::linux::tests::uring::an_sq_index_past_the_ring_is_dropped ... ok
test user::linux::tests::uring::a_request_that_fails_its_checks_ends_the_submission ... ok
test user::linux::tests::uring::files::open_preparation_takes_the_name_and_checks_the_request ... ok
test user::linux::tests::uring::drains_and_async_requests_complete_after_what_came_before ... ok
test user::linux::tests::uring::a_deferring_ring_runs_its_task_work_only_while_waiting ... ok
test user::linux::tests::uring::a_disabled_ring_takes_no_submissions_until_enabled ... ok
test user::linux::tests::uring::completions_that_find_no_room_overflow_in_order ... ok
test user::linux::tests::sysvmsg::messages_follow_do_msgsnd_and_do_msgrcv ... ok
test user::linux::tests::uring::files::openat_opens_into_the_descriptor_table ... ok
test user::linux::tests::uring::files::path_operations_run_on_the_workers_and_keep_their_links ... ok
test user::linux::tests::uring::files::xattrs_are_read_and_set ... ok
test user::linux::tests::uring::kbuf::provide_and_remove_follow_io_manage_buffers_legacy ... ok
test user::linux::tests::uring::files::direct_descriptors_open_close_and_install ... ok
test user::linux::tests::uring::files::pipe_makes_a_pipe ... ok
test user::linux::tests::uring::kbuf::incremental_rings_consume_buffers_in_part ... ok
test user::linux::tests::uring::links_run_in_order_and_a_failure_cancels_the_rest ... ok
test user::linux::tests::uring::kbuf::buffer_rings_follow_io_register_pbuf_ring ... ok
test user::linux::tests::uring::kbuf::buffer_rings_are_charged_to_a_user_without_cap_ipc_lock ... ok
test user::linux::tests::uring::kbuf::bundles_take_as_many_buffers_as_the_data_needs ... ok
test user::linux::tests::uring::net::socket_preparation_checks_the_request ... ok
test user::linux::tests::uring::net::messages_carry_vectors_and_flags ... ok
test user::linux::tests::uring::net::sockets_are_made_bound_listened_connected_and_accepted ... ok
test user::linux::tests::uring::net::sends_and_receives_on_a_socket_pair ... ok
test user::linux::tests::uring::kbuf::ring_buffers_are_taken_as_requests_complete ... ok
test user::linux::tests::uring::kbuf::multishot_reads_read_what_there_is ... ok
test user::linux::tests::uring::kbuf::receives_hand_back_provided_buffers_and_sends_keep_them ... ok
test user::linux::tests::uring::net::transfers_check_the_socket_and_buffer_selection ... ok
test user::linux::tests::uring::kbuf::reads_take_provided_buffers_in_order ... ok
test user::linux::tests::uring::kbuf::multishot_receives_post_each_buffer ... ok
test user::linux::tests::uring::nops_complete_in_submission_order ... ok
test user::linux::tests::uring::net::tcp_connects_in_the_background_and_reports_its_queue ... ok
test user::linux::tests::uring::kbuf::multishot_recvmsg_lays_out_each_buffer ... ok
test user::linux::tests::uring::nop_flags_follow_io_nop ... ok
test user::linux::tests::uring::poll::a_file_without_a_wait_queue_reports_at_once_or_never ... ok
test user::linux::tests::uring::poll::poll_preparation_checks_the_request ... ok
test user::linux::tests::uring::poll::a_poll_completes_with_the_events_its_file_reports ... ok
test user::linux::tests::uring::poll::fdinfo_lists_the_poll_table_by_hash_bucket ... ok
test user::linux::tests::uring::net::waitall_counts_what_moved ... ok
test user::linux::tests::uring::net::accepts_into_slots_and_many_at_once ... ok
test user::linux::tests::uring::poll::a_poll_whose_task_work_is_queued_cannot_be_removed ... ok
test user::linux::tests::uring::poll::a_wake_up_of_io_urings_own_ends_a_multishot_poll ... ok
test user::linux::tests::uring::poll::a_multishot_poll_reports_each_wake_up ... ok
test user::linux::tests::uring::registered_ring_descriptors_stand_for_the_ring ... ok
test user::linux::tests::uring::registration_follows_io_uring_register ... ok
test user::linux::tests::uring::rsrc::fdinfo_escapes_registered_file_paths ... ok
test user::linux::tests::uring::poll::a_removal_finds_updates_or_cancels_a_poll ... ok
test user::linux::tests::uring::rsrc::nop_looks_up_registered_files_and_buffers ... ok
test user::linux::tests::uring::rsrc::a_registered_file_stays_open_until_its_node_goes ... ok
test user::linux::tests::uring::rsrc::registering_files_follows_io_sqe_files_register ... ok
test user::linux::tests::uring::rsrc::pinned_memory_is_charged_to_a_user_without_cap_ipc_lock ... ok
test user::linux::tests::uring::rsrc::files2_follows_io_register_rsrc ... ok
test user::linux::tests::uring::rsrc::registering_buffers_follows_io_sqe_buffers_register ... ok
test user::linux::tests::uring::rsrc::compat_rings_read_compat_vectors ... ok
test user::linux::tests::uring::rsrc::a_node_in_use_is_released_with_its_last_request ... ok
test user::linux::tests::uring::rsrc::the_files_update_operation_installs_and_allocates ... ok
test user::linux::tests::uring::rw::o_path_descriptors_are_not_files_to_io_uring ... ok
test user::linux::tests::uring::rsrc::file_updates_follow_io_register_rsrc_update ... ok
test user::linux::tests::uring::rsrc::released_nodes_post_their_tags ... ok
test user::linux::tests::uring::rsrc::buffer_updates_follow_io_sqe_buffers_update ... ok
test user::linux::tests::uring::rw::registered_files_serve_transfers ... ok
test user::linux::tests::uring::rw::a_transfer_waits_for_its_file ... ok
test user::linux::tests::uring::rw::transfers_on_a_regular_file ... ok
test user::linux::tests::uring::the_ring_file_maps_its_regions_and_nothing_else ... ok
test user::linux::tests::uring::rsrc::the_allocation_range_follows_io_register_file_alloc_range ... ok
test user::linux::tests::uring::setup_refuses_what_the_kernel_refuses ... ok
test user::linux::tests::uring::poll::a_poll_keeps_its_link ... ok
test user::linux::tests::uring::rw::waiting_requests_do_not_outlive_exec_or_cross_fork ... ok
test user::linux::tests::uring::rw::transfers_check_the_request_and_the_file ... ok
test user::linux::tests::uring::the_ring_is_writable_until_full_and_readable_with_completions ... ok
test user::linux::tests::uring::rw::a_write_without_readers_fails_through_task_work ... ok
test user::linux::tests::uring::rw::the_other_file_operations_run_on_the_workers ... ok
test user::linux::tests::uring::rw::a_sleeping_call_wakes_for_a_waiting_request ... ok
test user::linux::tests::uring::timeout::sync_cancel_cancels_through_registration ... ok
test user::linux::tests::uring::rw::vectored_and_registered_buffer_transfers ... ok
test user::linux::tests::uring::setup_rounds_the_entries_and_reports_the_ring_layout ... ok
test user::linux::tests::uring::timeout::timeout_preparation_checks_the_request ... ok
test user::linux::tests::uring::rsrc::cloned_buffers_share_the_source_buffers ... ok
test user::linux::tests::uring::timeout::timers_do_not_outlive_exec_or_cross_fork ... ok
test user::linux::tests::uring::waits_end_with_enough_completions_a_timeout_or_a_signal ... ok
test user::linux::tests::uring::timeout::async_cancel_finds_queued_polled_and_timed_requests ... ok
test user::linux::tests::vectored::fadvise_refuses_a_negative_length ... ok
test user::linux::tests::vectored::a_vector_longer_than_memory_reads_what_fits ... ok
test user::linux::tests::vectored::a_pipe_transfer_that_faults_moves_whole_pages ... ok
test user::linux::tests::uring::timeout::an_expired_timeout_fails_its_link_unless_etime_is_success ... ok
test user::linux::tests::vectored::a_file_transfer_that_faults_reports_the_bytes_before_it ... ok
test user::linux::tests::uring::timeout::a_timeout_is_removed_or_updated ... ok
test user::linux::tests::vectored::empty_vectors_are_passed_over ... ok
test user::linux::tests::vectored::only_the_2_forms_take_minus_one_as_the_current_position ... ok
test user::linux::tests::waits::alarm_rounds_the_previous_remainder ... ok
test user::linux::tests::vectored::vectors_are_imported_before_anything_moves ... ok

thread 'user::linux::tests::uring::timeout::a_multishot_timeout_reports_each_expiry' (6732) panicked at src/user/linux/tests/uring/timeout.rs:223:5:
assertion `left == right` failed
  left: [(1, -62, 2), (1, -62, 2)]
 right: [(1, -62, 2)]
test user::linux::tests::waits::pipes_poll_as_pipe_poll_reports ... ok
note: run with `RUST_BACKTRACE=1` environment variable to display a backtrace
test user::linux::tests::uring::timeout::a_linked_timeout_bounds_the_request_before_it ... ok
test user::linux::tests::uring::timeout::a_timeout_expires_or_counts_completions ... ok
test user::linux::tests::vectored::rwf_flags_are_refused_as_kiocb_set_rw_flags_refuses_them ... ok
test user::linux::tests::waits::blocking_pipe_reads_are_interruptible ... ok
test user::linux::tests::waits::ppoll_and_pselect_masks_are_temporary ... ok
test user::linux::tests::waits::select_clamps_validates_and_updates_the_timeout ... ok
test user::linux::tests::waits::an_interrupted_poll_writes_zero_revents_and_restarts ... ok
test user::linux::tests::waits::clock_nanosleep_clocks_and_absolute_sleeps ... ok
test user::mm::mapped_file::tests::duplicate_handles_share_identity_across_private_and_shared_sources ... ok
test user::mm::shared::tests::fixed_objects_map_to_their_end_and_have_their_own_identity ... ok
test user::mm::shared::tests::positional_bounds_and_readonly_errors_do_not_mutate_the_object ... ok
test user::mm::shared_words::tests::empty_and_overflowing_lengths ... ok
test user::mm::shared::tests::zeroing_clamps_at_end_and_preserves_prefix_cursor_and_size ... ok
test user::linux::tests::waits::itimer_real_reports_and_replaces_its_setting ... ok
test user::linux::tests::xattr::namespaces_follow_xattr_permission_and_the_handlers ... ok
test user::mm::shared_words::tests::unix_mapping_remains_shared_after_fork ... ok
test user::mm::tests::anonymous_pages_are_zero_and_populated_on_first_touch ... ok
test user::mm::tests::anonymous_files_are_empty_close_on_exec_and_memfds_on_linux ... ok
test user::mm::tests::arena_exhaustion_is_reported_and_classified ... ok
test user::mm::tests::clones_share_one_space ... ok
test user::mm::tests::accesses_within_a_page_and_across_pages_check_the_same_way ... ok
test user::mm::tests::code_log_overflow_forces_full_invalidation ... ok
test user::linux::tests::xattr::descriptors_sockets_and_the_at_calls ... ok
test user::mm::tests::code_log_tracks_changes_that_invalidate_translations ... ok
test user::mm::tests::discard_requires_a_fully_mapped_aligned_range ... ok
test user::mm::tests::discarding_executable_pages_logs_a_code_change ... ok
test user::mm::tests::failed_host_write_changes_nothing ... ok
test user::mm::tests::faults_distinguish_unmapped_from_protection ... ok
test user::mm::tests::freed_frames_are_zeroed_before_reuse ... ok
test user::mm::tests::probe_ends_at_the_first_fault_whatever_the_length ... ok
test user::mm::shared::tests::positional_data_crosses_view_boundaries_without_moving_shared_cursor ... ok
test user::mm::tests::read_cstr_crosses_pages_and_bounds_length ... ok
test user::mm::tests::raw_access_ignores_permissions_but_not_mapping ... ok
test user::linux::tests::uring::timeout::a_multishot_timeout_reports_each_expiry ... FAILED
test user::mm::shared_words::tests::zeroed_aligned_and_shared_between_threads ... ok
test user::mm::tests::remap_moves_pages_without_copying ... ok
test user::mm::tests::page_table_walk_skips_absent_subtrees ... ok
test user::mm::tests::rejects_invalid_configuration_and_ranges ... ok
test user::mm::tests::discard_refetches_pages_from_their_backing ... ok
test user::mm::tests::remapping_over_populated_pages_discards_contents ... ok
test user::mm::tests::reserved_physical_frames_are_never_allocated ... ok
test user::linux::tests::waits::sigtimedwait_is_woken_by_an_interval_timer ... ok
test user::mm::tests::shared_objects::read_only_objects_refuse_every_store ... ok
test user::linux::tests::xattr::setxattr_checks_flags_then_name_then_value_then_path ... ok
test user::mm::tests::shared_objects::anonymous_objects_are_zero_and_shared_between_mappings ... ok
test user::mm::tests::shared_objects::a_read_only_extent_is_reattached_for_writing ... ok
test user::mm::tests::unmap_releases_frames_and_tolerates_holes ... ok
test user::mm::tests::protect_updates_populated_pages_and_requires_full_coverage ... ok
test user::mm::tests::vma_find_free_bottom_up_prefers_lowest_gap ... ok
test user::mm::tests::vma_find_free_top_down_prefers_highest_gap ... ok
test user::mm::tests::shared_objects::shared_file_pages_are_the_files_own ... ok
test user::mm::tests::vma_coverage_and_lookup ... ok
test user::mm::tests::set_flags_splits_changes_and_merges_back ... ok
test user::mm::tests::shared_objects::extents_and_frames_share_the_arena_without_overlap ... ok
test user::mm::tests::shared_objects::host_memory_is_attached_by_the_object ... ok
test user::mm::tests::source_backed_pages_follow_file_semantics ... ok
test user::mm::tests::vma_coalesce_requires_matching_attributes ... ok
test user::mm::tests::vma_insert_replaces_and_splits_overlaps ... ok
test user::mm::tests::vma_remove_splits_and_reports_pieces ... ok
test user::mm::tests::vma_source_offsets_follow_splits ... ok
test user::linux::tests::waits::itimer_expiry_interrupts_a_sleep_and_rearms_on_dequeue ... ok
test user::readiness::tests::unix_duplicate_poll_interests_preserve_each_requests_mask ... ok
test user::readiness::tests::levels_are_independent_persistent_and_clearable ... ok
test user::readiness::tests::unix_levels_survive_fork ... ok
test user::readiness::tests::finite_empty_and_expired_waits ... ok
test user::supplied_fs::tests::components_must_exist_and_be_directories_before_dot_dot ... ok
test user::supplied_fs::tests::namespace_clones_share_payload_and_new_images_do_not_change_old_namespace ... ok
test user::supplied_fs::tests::selected_file_images_are_bounded_and_only_regular_files_are_admitted ... ok
test user::supplied_fs::tests::selected_backing_is_demand_read_and_survives_namespace_extension ... ok
test user::supplied_fs::tests::supplied_keys_are_validated_and_inferred_directory_collisions_rejected ... ok
test user::mm::windows_identity::tests::last_owner_reaps_entry_and_reopen_does_not_reuse_token ... ok
test user::mm::windows_identity::tests::delayed_destructor_preserves_replacement_and_exhaustion_is_transactional ... ok
test user::mm::windows_identity::tests::full_volume_and_file_id_distinguish_live_objects ... ok
test user::mm::windows_identity::tests::concurrent_duplicate_registration_has_one_live_identity ... ok
test user::windows::arch::tests::windows_cloned_x86_thread_can_reload_the_teb_selector ... ok
test user::windows::arch::tests::windows_machine_pointer_and_processor_mappings ... ok
test user::windows::arch::tests::windows_integer_register_width_and_invalid_indices ... ok
test user::supplied_fs::tests::supplied_lookup_is_posix_case_sensitive_and_never_normalizes_host_paths ... ok
test user::supplied_fs::tests::selected_roots_are_lazy_read_only_and_preserved_by_extensions ... ok
test user::windows::arch::tests::windows_instruction_budget_is_exact_and_zero_is_a_noop ... ok
test user::supplied_fs::tests::utf8_component_and_total_path_byte_limits_are_exact ... ok
test user::windows::arch::tests::windows_teb_registers_are_visible_to_guest_instructions ... ok
test user::supplied_fs::tests::selected_roots_reject_symlink_escape_and_nonregular_backing ... ok
test user::readiness::tests::delayed_wake_including_more_than_64_levels_and_duplicates ... ok
test user::windows::context::tests::context_bad_architecture_flags_and_unsupported_groups_are_transactional ... ok
test user::windows::context::tests::context_arm64_x18_is_an_independently_selected_group ... ok
test user::windows::context::tests::context_apply_preserves_unselected_ss_gdt_and_extended_vector_state ... ok
test user::windows::context::tests::context_apply_preserves_instruction_counter_teb_and_unselected_float_state ... ok
test user::windows::context::tests::context_x64_mxcsr_field_is_authoritative_and_status_bits_are_sanitized ... ok
test user::windows::context::tests::context_bad_mxcsr_cannot_partially_restore_integer_control_or_segments ... ok
test user::windows::context::tests::context_bad_selector_and_execution_mode_changes_are_transactional ... ok
test user::windows::context::tests::context_capture_apply_round_trip_all_architectures ... ok
test user::linux::tests::waits::restart_syscall_resumes_the_remaining_sleep ... ok
test user::mm::tests::randomized_operations_match_a_reference_model ... ok
test user::windows::dll::crt::bootstrap::fp_tests::fpreset_x86_flags_retry_keeps_loaded_context_and_does_not_repeat_reset ... ok
test user::windows::dll::crt::bootstrap::fp_tests::fpreset_x86_info_read_retry_keeps_snapshot_and_does_not_repeat_reset ... ok
test user::windows::dll::crt::bootstrap::fp_tests::fpreset_x86_info_effective_address_wraps_modulo_32_bits ... ok
test user::windows::dll::crt::bootstrap::fp_tests::fpreset_x86_tag_retry_does_not_repeat_status_store_or_pointer_loads ... ok
test user::windows::dll::crt::bootstrap::fp_tests::fpreset_x86_any_flag_bit_predicate_and_exact_saved_dword_writes ... ok
test user::windows::dll::crt::bootstrap::fp_tests::fpreset_x86_status_write_fault_restarts_rmw_read_only ... ok
test user::windows::dll::crt::bootstrap::fp_tests::fpreset_x86_status_read_fault_retains_decoded_flags ... ok
test user::windows::dll::crt::bootstrap::fp_tests::fpreset_x86_ptd_slot_read_fault_precedes_reset ... ok
test user::windows::dll::crt::bootstrap::tests::exception_slot_is_pointer_width_null_stable_nonoverlapping_and_thread_owned ... ok
test user::windows::dll::crt::bootstrap::fp_tests::fpreset_win64_ignores_nonnull_and_unreadable_exception_slot ... ok
test user::windows::dll::crt::bootstrap::tests::app_enum_is_unconditional_32_bit_state_without_ptd_allocation ... ok
test user::windows::dll::crt::bootstrap::tests::math_registration_stores_pointer_identity_without_validation_or_callback ... ok
test user::windows::dll::crt::bootstrap::tests::x86_locale_getptd_oom_precedes_unreadable_stack_formal ... ok
test user::linux::tests::waits::a_wait_nothing_can_end_is_reported ... ok
test user::windows::dll::crt::bootstrap::tests::locale_setup_fault_preserves_register_formals_but_x86_reads_stack_after_setup ... ok
test user::windows::dll::crt::bootstrap::tests::invalid_locale_errno_fault_captures_mode_and_does_not_call_handler_early ... ok
test user::windows::dll::crt::bootstrap::tests::locale_returns_previous_mode_and_minus_one_changes_only_global_status ... ok
test user::windows::dll::crt::bootstrap::tests::six_genuine_ucrt_exports_have_alias_identity_without_legacy_promotion ... ok
test user::windows::dll::crt::bootstrap::tests::invalid_locale_without_handler_commits_errno_before_forced_exit ... ok
test user::windows::dll::crt::bootstrap::tests::invalid_locale_sets_errno_before_checked_handler_and_preserves_handler_mutations ... ok
test user::windows::dll::crt::initialize::tests::early_error_does_not_read_inaccessible_remaining_entries_all_abis ... ok
test user::windows::dll::crt::initialize::tests::error_initializer_uses_only_low_int_bits_and_stops_all_abis ... ok
test user::windows::dll::crt::bootstrap::tests::x86_policy_stack_faults_resume_with_repaired_formals_and_no_early_effect ... ok
test user::windows::dll::crt::initialize::tests::callback_mutations_are_read_lazily_with_captured_end_all_abis ... ok
test user::windows::dll::crt::initialize::tests::initializer_signatures_and_empty_ranges_all_abis ... ok
test user::windows::dll::crt::bootstrap::fp_tests::fpreset_architectural_effects_and_payload_preservation_all_abis ... ok
test user::windows::dll::crt::initialize::tests::ascending_null_holes_and_exclusive_unmapped_end_all_abis ... ok
test user::windows::dll::crt::initialize::tests::late_table_fault_preserves_completed_callback_frontier_all_abis ... ok
test user::windows::dll::crt::initialize::tests::guest_width_overflow_rejects_without_wrap_all_abis ... ok
test user::windows::dll::crt::initialize::tests::independent_nested_initializer_continuations_all_abis ... ok
test user::windows::dll::crt::bootstrap::tests::getptd_bootstrap_oom_uses_existing_actual_abort_policy ... ok
test user::windows::dll::crt::initialize::tests::legacy_error_initializer_admission_matches_arch_inventory_all_abis ... ok
test user::windows::dll::crt::initialize::tests::discarded_continuation_has_no_global_progress_or_completion_all_abis ... ok
test user::windows::dll::crt::initialize::tests::read_only_tables_are_not_modified_all_abis ... ok
test user::windows::dll::crt::initialize::tests::repaired_read_retries_saved_cursor_and_end_not_callback_arguments_all_abis ... ok
test user::windows::dll::crt::initialize::tests::partial_null_word_at_page_boundary_is_a_read_fault_all_abis ... ok
test user::windows::dll::crt::memory::tests::zero_count_no_dereference_is_explicit_personality_profile_all_abis ... ok
test user::windows::dll::crt::memory::tests::unsigned_byte_compare_and_search_stop_before_unneeded_fault_all_abis ... ok
test user::windows::dll::crt::memory::tests::guest_width_overflow_and_size_max_fail_without_allocating_count_all_abis ... ok
test user::windows::dll::crt::memory::tests::memmove_overlap_in_both_directions_and_identical_all_abis ... ok
test user::windows::dll::crt::memory::tests::source_and_destination_faults_precede_buffer_writes_all_abis ... ok
test user::windows::dll::crt::memory::tests::buffer_copy_fill_and_comparison_all_abis ... ok
test user::windows::dll::crt::memory::tests::wide_buffers_preserve_raw_units_and_unsigned_order_all_abis ... ok
test user::windows::dll::crt::bootstrap::tests::getptd_oom_abort_runs_registered_signal_then_selected_normal_exit_policy ... ok
test user::windows::dll::crt::onexit::storage::tests::allocator_candidate_alias_does_not_zero_caller_table_or_publish_a_block ... ok
test user::windows::dll::crt::onexit::storage::tests::generation_and_guest_address_exhaustion_fail_without_publication ... ok
test user::windows::dll::crt::onexit::storage::tests::initialization_cross_page_fault_is_atomic_and_preserves_old_generation ... ok
test user::windows::dll::crt::onexit::storage::tests::initialize_writes_exact_three_guest_pointers_and_requires_valid_alignment ... ok
test user::windows::dll::crt::onexit::storage::tests::corrupt_fields_never_free_arbitrary_memory_and_initialize_can_repair ... ok
test user::windows::dll::crt::onexit::storage::tests::growth_is_fresh_preserves_order_and_never_enters_malloc_ledger ... ok
test user::windows::dll::crt::onexit::storage::tests::growth_source_fault_rolls_back_candidate_and_retry_uses_old_generation ... ok
test user::windows::dll::crt::onexit::storage::tests::overlapping_table_objects_and_internal_buffer_aliases_are_rejected_before_writes ... ok
test user::windows::dll::crt::onexit::storage::tests::lazy_reads_observe_future_mutation_and_fault_does_not_pop_unread_slot ... ok
test user::windows::dll::crt::onexit::storage::tests::execute_is_lifo_skips_null_and_invalidates_until_reinitialize ... ok
test user::windows::dll::crt::onexit::storage::tests::fixed_heap_growth_oom_preserves_full_old_table_and_block ... ok
test user::windows::dll::crt::onexit::storage::tests::process_discard_reaps_all_host_blocks_without_guest_access_or_callbacks ... ok
test user::windows::dll::crt::onexit::storage::tests::readonly_header_fault_preserves_append_detach_and_owned_blocks ... ok
test user::windows::dll::crt::onexit::storage::tests::destroyed_private_heap_is_an_explicit_internal_error_before_callback_reads ... ok
test user::windows::dll::crt::onexit::storage::tests::abandoned_receipts_preserve_owner_and_free_only_their_generation ... ok
test user::windows::dll::crt::onexit::storage::tests::externally_freed_opaque_block_and_nonmatching_reuse_are_rejected_not_freed ... ok
test user::windows::dll::crt::startup::codepage::tests::supplementary_and_unpaired_units_use_explicit_default_profile ... ok
test user::windows::dll::crt::onexit::storage::tests::reinitialize_and_nested_execute_do_not_clobber_detached_generations ... ok
test user::windows::dll::crt::onexit::storage::tests::receipt_extraction_preserves_pre_reserved_capacity_for_live_drops ... ok
test user::windows::dll::crt::onexit::tests::genuine_table_binding_matrix_and_legacy_exclusions_all_abis ... ok
test user::windows::dll::crt::startup::codepage::tests::all_windows_decode_bytes_roundtrip_and_controls_are_not_undefined ... ok
test user::windows::dll::crt::onexit::tests::later_x86_formal_fault_preserves_already_decoded_table ... ok
test user::windows::dll::crt::onexit::tests::null_uninitialized_empty_and_lifo_lifecycle_all_abis ... ok
test user::windows::dll::crt::startup::codepage::tests::primary_windows_bestfit_examples_change_narrow_parse_syntax ... ok
test user::windows::dll::crt::onexit::tests::pending_slot_fault_keeps_cursor_and_clobbered_formal_all_abis ... ok
test user::windows::dll::crt::onexit::tests::abandoning_old_epoch_does_not_free_reinitialized_epoch_all_abis ... ok
test user::windows::dll::crt::startup::parse::tests::adversarial_short_strings_roundtrip_through_a_separate_encoder ... ok
test user::windows::dll::crt::startup::parse::tests::utf16_units_survive_without_lossy_conversion_or_normalization ... ok
test user::windows::dll::crt::startup::parse::tests::backslash_quote_parity_is_checked_at_small_and_long_boundaries ... ok
test user::windows::dll::crt::onexit::tests::deliberate_terminal_owner_reaps_without_replacing_exit_all_abis ... ok
test user::windows::dll::crt::onexit::tests::normal_process_retirement_preserves_tables_for_dll_detach_all_abis ... ok
test user::windows::dll::crt::startup::parse::tests::primary_document_examples_are_independent_literal_expectations ... ok
test user::windows::dll::crt::startup::parse::tests::literal_and_trailing_backslashes_are_not_discarded ... ok
test user::windows::dll::crt::startup::parse::tests::quoted_double_quotes_empty_and_unclosed_arguments ... ok
test user::windows::dll::crt::startup::parse::tests::only_space_and_tab_are_delimiters_and_nul_ends_input ... ok
test user::windows::dll::crt::startup::parse::tests::argv0_quotes_toggle_but_backslashes_are_always_literal ... ok
test user::windows::dll::crt::startup::parse::tests::empty_and_leading_whitespace_follow_the_explicit_profile ... ok
test user::windows::dll::crt::startup::parse::tests::first_raw_quote_is_metadata_not_a_globbing_or_quote_presence_test ... ok
test user::windows::dll::crt::startup::storage::tests::guest_width_addition_reports_fault_instead_of_truncating_all_abis ... ok
test user::windows::dll::crt::startup::storage::tests::cleanup_attempts_all_owned_blocks_even_when_one_release_fails_all_abis ... ok
test user::windows::dll::crt::startup::storage::tests::admission_failure_releases_reservation_and_preserves_original_no_memory_all_abis ... ok
test user::windows::dll::crt::startup::storage::tests::no_params_is_empty_input_not_config_reconstruction_all_abis ... ok
test user::windows::dll::crt::startup::storage::tests::public_cells_validate_kind_width_and_write_permission_before_allocation_all_abis ... ok
test user::windows::dll::crt::startup::storage::tests::counted_utf16_at_page_end_retains_unpaired_units_without_terminator_read_all_abis ... ok
test user::windows::dll::crt::startup::storage::tests::malformed_counted_metadata_never_allocates_a_candidate_all_abis ... ok
test user::windows::dll::crt::startup::storage::tests::environment_bounds_faults_and_termination_are_checked_without_count_allocation_all_abis ... ok
test user::windows::dll::crt::startup::tests::binding_admission_does_not_promote_shims_or_arm_missing_data ... ok
test user::windows::dll::crt::startup::tests::arm_void_environment_getters_do_not_manufacture_integer_return ... ok
test user::windows::dll::crt::startup::tests::checked_output_fault_precedes_mainargs_initialization_or_configuration ... ok
test user::windows::dll::crt::initialize::tests::long_null_runs_have_no_snapshot_limit_or_host_recursion_all_abis ... ok
test user::windows::dll::crt::startup::tests::invalid_configure_returns_einval_after_actual_handler_and_keeps_cells ... ok
test user::windows::dll::crt::startup::storage::tests::actual_parameters_snapshot_aliases_and_host_owned_cleanup_all_abis ... ok
test user::windows::dll::crt::startup::tests::exhausted_guest_commitment_reports_errno_and_releases_candidate_reservations ... ok
test user::windows::dll::crt::startup::tests::initial_environment_snapshot_is_distinct_from_mutable_current_cells ... ok
test user::windows::dll::crt::startup::tests::program_path_getters_read_current_cells_not_argv0_or_config ... ok
test user::windows::dll::crt::startup::tests::new_mode_is_real_runtime_local_state_and_invalid_handler_is_called_once ... ok
test user::windows::dll::crt::startup::tests::modern_legacy_mainargs_writes_exact_widths_and_null_terminated_vectors ... ok
test user::windows::dll::crt::startup::tests::configure_modes_and_same_mode_guest_mutations_are_runtime_local ... ok
test user::windows::dll::crt::startup::tests::configure_checked_cell_repair_retains_nonzero_mode_after_arg_clobber ... ok
test user::windows::dll::crt::startup::wildcard::tests::independent_dos_pattern_partitions ... ok
test user::windows::dll::crt::startup::wildcard::tests::non_unicode_host_names_fail_without_lossy_fabrication ... ok
test user::windows::dll::crt::startup::tests::raw_guest_command_buffers_not_config_arguments_control_both_argv_widths ... ok
test user::windows::dll::crt::startup::tests::mainargs_output_repair_keeps_original_pointers_after_formal_args_are_clobbered ... ok
test user::windows::dll::crt::startup::tests::later_mainargs_source_repair_retains_already_read_startinfo_value ... ok
test user::windows::dll::crt::startup::tests::later_stack_formal_repair_preserves_previously_decoded_arguments ... ok
test user::windows::dll::crt::startup::tests::alternating_widths_do_not_publish_a_vector_with_the_other_widths_count ... ok
test user::windows::dll::crt::startup::tests::completed_environment_stage_survives_later_argv_fault_without_duplicate_storage ... ok
test user::windows::dll::crt::startup::wildcard::tests::long_frontiers_do_not_use_recursive_backtracking ... ok
test user::windows::dll::crt::stdio::backend::tests::exact_bounded_read_advances_only_the_read_prefix ... ok
test user::windows::dll::crt::startup::wildcard::tests::closed_process_does_not_expand_host_directory_entries_all_abis ... ok
test user::windows::dll::crt::startup::tests::winmain_tail_uses_program_quotes_and_control_padding_not_argument_reparse ... ok
test user::windows::dll::crt::stdio::backend::tests::scratch_bounds_reject_before_any_host_effect ... ok
test user::windows::dll::crt::stdio::backend::tests::console_flush_failure_preserves_the_accepted_byte_count ... ok
test user::windows::dll::crt::stdio::backend::tests::interrupted_operations_retry_only_the_unaccepted_suffix ... ok
test user::windows::dll::crt::stdio::backend::tests::captured_crt_backend_preserves_bounds_and_finite_input_all_abis ... ok
test user::windows::dll::crt::stdio::backend::tests::empty_transfer_performs_no_read_or_write ... ok
test user::windows::dll::crt::stdio::backend::tests::short_writes_continue_at_the_accepted_frontier_and_retain_error_progress ... ok
test user::windows::dll::crt::stdio::backend::tests::zero_write_is_an_error_not_an_infinite_progress_loop ... ok
test user::windows::dll::crt::startup::wildcard::tests::unsupported_paths_and_missing_directory_are_distinct ... ok
test user::windows::dll::crt::startup::tests::completed_environment_stage_survives_argv_oom_without_duplicate_storage ... ok
test user::windows::dll::crt::stdio::detach_tests::uninitialized_runtime_detach_is_noop_without_context_or_storage_creation_all_abis ... ok
test user::windows::dll::crt::startup::wildcard::tests::actual_mapped_directory_expansion_and_prefix_byte_encoding_all_abis ... ok
test user::windows::dll::crt::stdio::storage::tests::adoption_is_transfer_not_duplication_and_fdopen_never_opens_or_truncates ... ok
test user::windows::dll::crt::stdio::storage::tests::caller_buffer_is_used_real_guest_storage_and_never_freed_by_close ... ok
test user::windows::dll::crt::stdio::storage::tests::buffer_fault_and_invalid_input_preserve_old_generation_state_and_commitment ... ok
test user::windows::dll::crt::stdio::storage::tests::close_preflight_failure_and_protected_handle_preserve_live_stream ... ok
test user::windows::dll::crt::stdio::detach_tests::ordinary_input_detach_preserves_readahead_pushback_and_revision_without_buffer_access_all_abis ... ok
test user::windows::dll::crt::stdio::detach_tests::new_streams_are_not_added_to_captured_snapshot_during_fault_repair_all_abis ... ok
test user::windows::dll::crt::stdio::detach_tests::detach_flushes_only_initialized_ucrt_and_keeps_streams_and_handles_open_all_abis ... ok
test user::windows::dll::crt::stdio::detach_tests::output_host_failure_does_not_stop_later_streams_or_close_any_stream_all_abis ... ok
test user::windows::dll::crt::stdio::storage::tests::file_readonly_guard_and_stale_revision_prevent_metadata_overwrite ... ok
test user::windows::dll::crt::stdio::storage::tests::external_close_and_different_object_handle_reuse_cannot_retarget_or_close_replacement ... ok
test user::windows::dll::crt::stdio::detach_tests::commit_read_candidate_preserves_input_but_reports_host_error_and_continues_all_abis ... ok
test user::windows::dll::crt::stdio::detach_tests::revised_active_stream_during_fault_repair_is_rejected_without_replaying_prefix_all_abis ... ok
test user::windows::dll::crt::stdio::storage::tests::generation_and_revision_exhaustion_reject_without_partial_publication ... ok
test user::windows::dll::crt::stdio::storage::tests::discard_is_idempotent_no_guest_writes_and_releases_only_owned_storage_and_pins ... ok
test user::windows::dll::crt::stdio::storage::tests::final_host_close_failure_still_closes_logical_stream_and_releases_buffer_once ... ok
test user::windows::dll::crt::stdio::storage::tests::fdopen_failure_is_atomic_and_closed_legacy_slot_reuse_changes_lifetime_generation ... ok
test user::windows::dll::crt::stdio::detach_tests::accepted_prefix_and_final_continuation_survive_fault_and_clobbered_formals_all_abis ... ok
test user::windows::dll::crt::stdio::storage::tests::invalid_handle_flags_and_pointer_width_cannot_add_descriptors_or_pins ... ok
test user::windows::dll::crt::stdio::storage::tests::owned_buffer_swap_release_and_unbuffered_ignore_invalid_size_and_pointer ... ok
test user::windows::dll::crt::stdio::storage::tests::guest_commit_exhaustion_preserves_buffer_and_fdopen_ownership ... ok
test user::windows::dll::crt::stdio::storage::tests::raw_private_vm_free_is_detected_without_freeing_a_different_size_replacement ... ok
test user::windows::dll::crt::stdio::storage::tests::legacy_public_fields_reflect_actual_guest_buffer_cursors_and_flags ... ok
test user::windows::dll::crt::startup::tests::raw_replaced_command_buffer_has_no_hidden_length_cap_and_faults_at_exact_frontier ... ok
test user::windows::dll::crt::stdio::storage::tests::missing_standard_handles_are_unassociated_and_unsupported_pipes_still_pin ... ok
test user::windows::dll::crt::stdio::storage::tests::late_data_preflight_fault_is_atomic_before_any_export_write ... ok
test user::windows::dll::crt::stdio::storage::tests::rights_modes_and_generation_checks_reject_before_ownership_transfer ... ok
test user::windows::dll::crt::stdio::storage::tests::initial_profiles_have_stable_standard_files_real_cells_and_distinct_descriptors ... ok
test user::windows::dll::crt::stdio::storage::tests::write_prefix_cursor_and_snapshot_revisions_cannot_replay_fault_handler_progress ... ok
test user::windows::dll::crt::stdio::storage::tests::real_legacy_data_writes_exact_array_preserves_adjacent_bytes_and_is_not_owned_vm ... ok
test user::windows::dll::crt::stdio::storage::tests::source_fault_and_bad_data_metadata_have_no_allocation_or_pin_effects ... ok
test user::windows::dll::crt::stdio::tests::append_only_reduced_handle_grant_cannot_overwrite_shared_file_cursor ... ok
test user::windows::dll::crt::stdio::tests::fdopen_w_mode_attaches_without_truncating_and_append_moves_to_end ... ok
test user::windows::dll::crt::stdio::tests::low_level_text_internal_scratch_boundaries_do_not_expand_whole_call_raw_budget ... ok
test user::windows::dll::crt::stdio::tests::low_level_text_read_budgets_raw_bytes_without_refilling_contracted_output ... ok
test user::windows::dll::crt::stdio::tests::get_osfhandle_error_returns_guest_intptr_minus_one_on_every_abi ... ok
test user::windows::dll::crt::stdio::tests::read_buffer_is_retained_by_fflush_and_eof_is_set_only_after_attempt_past_end ... ok
test user::windows::dll::crt::stdio::tests::host_read_failure_preserves_cached_lookahead_and_sets_sticky_stream_error ... ok
test user::windows::dll::crt::stdio::tests::same_stream_reconfiguration_during_fault_repair_is_rejected_without_prefix_replay ... ok
test user::windows::dll::crt::stdio::tests::mandatory_buffer_flush_failure_does_not_report_current_unwritten_items ... ok
test user::windows::dll::crt::stdio::tests::read_fault_preserves_consumed_file_offset_and_overwritten_output_witness ... ok
test user::windows::dll::crt::stdio::tests::returning_invalid_handler_result_survives_errno_store_fault_without_reinvocation ... ok
test user::windows::dll::crt::stdio::tests::unbuffered_write_fault_retains_host_prefix_and_captured_formals ... ok
test user::windows::dll::crt::stdio::tests::real_user_buffer_rounding_full_flush_and_close_preserve_caller_storage ... ok
test user::windows::dll::crt::stdio::tests::text_read_handles_crlf_chunk_edge_bare_cr_and_ctrl_z_without_binary_translation ... ok
test user::windows::dll::crt::stdio::tests::zero_stdio_requests_leave_buffer_and_flags_unchanged ... ok
test user::windows::dll::crt::stdio::tests::text_output_ctrl_z_terminates_this_request_at_exact_logical_item_frontier ... ok
test user::windows::dll::crt::strings::tests::hostile_null_guard_and_guest_width_overflow_remain_faults_all_abis ... ok
test user::windows::dll::crt::strings::tests::copy_padding_and_exact_count_without_extra_nul_all_abis ... ok
test user::windows::dll::crt::strings::tests::character_and_substring_search_includes_terminator_all_abis ... ok
test user::windows::dll::crt::strings::tests::late_string_fault_leaves_only_streamed_prefix_all_abis ... ok
test user::windows::dll::crt::stdio::tests::update_stream_can_write_after_eof_without_discarding_input_on_fflush ... ok
test user::windows::dll::crt::strings::tests::lengths_end_page_nul_and_bounded_unterminated_all_abis ... ok
test user::windows::dll::crt::strings::tests::ordinal_unsigned_compare_stops_at_nul_or_difference_all_abis ... ok
test user::windows::dll::crt::stdio::tests::unicode_even_byte_requests_reject_before_buffer_or_host_effects_and_odd_ones_validate ... ok
test user::windows::dll::crt::strings::tests::unbounded_missing_terminator_faults_without_truncated_success_all_abis ... ok
test user::windows::dll::crt::strings::tests::append_bounded_source_and_terminator_all_abis ... ok
test user::windows::dll::crt::strings::tests::zero_bound_and_empty_needle_are_explicit_no_dereference_profiles_all_abis ... ok
test user::windows::dll::crt::termination::exit_tests::abort_behavior_masks_are_32_bit_and_disabled_reportfault_uses_normal_exit_all_abis ... ok
test user::windows::dll::crt::termination::exit_tests::dynamic_termination_named_exports_are_ucrt_only_all_abis ... ok
test user::windows::dll::crt::termination::exit_tests::duplicate_tls_runs_calling_threads_custom_terminate_handler_all_abis ... ok
test user::windows::dll::crt::termination::exit_tests::signal_action_precedence_queries_and_global_thread_identity_all_abis ... ok
test user::windows::dll::crt::termination::exit_tests::invalid_raise_errno_fault_never_repeats_handler_or_redecodes_formals_all_abis ... ok
test user::windows::dll::crt::termination::exit_tests::software_signal_alias_query_reset_and_abort_continuation_all_abis ... ok
test user::windows::dll::crt::termination::exit_tests::software_signal_ignore_default_term_and_invalid_paths_all_abis ... ok
test user::windows::dll::crt::termination::exit_tests::x86_later_signal_and_abort_formal_fault_retains_first_decoded_argument ... ok
test user::windows::dll::crt::termination::lock::tests::dropping_unacquired_waiter_does_not_release_owner_or_register_target_all_abis ... ok
test user::windows::dll::crt::termination::lock::tests::receipt_reaping_preserves_capacity_for_still_live_guards_all_abis ... ok
test user::windows::dll::crt::termination::exit_tests::tls_executes_on_exit_caller_not_main_thread_all_abis ... ok
test user::windows::dll::crt::termination::exit_tests::exit_selected_slot_fault_keeps_target_status_and_recursive_lock_all_abis ... ok
test user::windows::dll::crt::termination::exit_tests::quick_exit_drains_only_quick_without_tls_all_abis ... ok
test user::windows::dll::crt::termination::exit_tests::full_exit_marks_completion_after_callbacks_and_releases_guard_all_abis ... ok
test user::windows::dll::crt::termination::exit_tests::returning_cleanup_is_recursively_enterable_not_suppressed_all_abis ... ok
test user::windows::dll::crt::termination::exit_tests::returning_full_tls_precedes_live_lifo_queue_and_repeats_all_abis ... ok
test user::windows::dll::crt::termination::exit_tests::tls_null_registration_is_available_then_any_duplicate_terminates_all_abis ... ok
test user::windows::dll::crt::termination::lock::tests::recursion_exhaustion_does_not_publish_guard_or_run_operation_all_abis ... ok
test user::windows::dll::crt::strings::tests::long_scanner_has_no_legacy_64k_cutoff_all_abis ... ok
test user::windows::dll::crt::termination::storage::tests::callback_registration_restarts_at_latest_insertion_endpoint_without_replay ... ok
test user::windows::dll::crt::termination::storage::tests::growth_during_callback_preserves_visited_holes_and_refreshes_buffer_identity ... ok
test user::windows::dll::crt::termination::storage::tests::in_capacity_write_fault_has_no_publication_or_block_effects ... ok
test user::windows::dll::crt::termination::exit_tests::minimal_modes_skip_both_queues_tls_and_returning_completion_all_abis ... ok
test user::windows::dll::crt::termination::exit_tests::fatal_ptd_oom_runs_abort_policy_not_catchable_no_memory_all_abis ... ok
test user::windows::dll::crt::termination::storage::tests::clearing_fault_preserves_selected_target_without_rereading_repaired_bytes ... ok
test user::windows::dll::crt::termination::storage::tests::abandoned_receipt_preserves_remaining_global_callbacks_and_owner_identity ... ok
test user::windows::dll::crt::termination::storage::tests::generation_revision_and_guest_width_exhaustion_are_checked_before_effects ... ok
test user::windows::dll::crt::termination::storage::tests::growth_fallback_and_total_oom_preserve_old_entries_and_live_blocks ... ok
test user::windows::dll::crt::termination::storage::tests::insertion_length_lifo_duplicate_callbacks_and_null_holes_match_sdk_scan ... ok
test user::windows::dll::crt::termination::storage::tests::growth_uses_sdk_capped_increment_and_zeroes_unused_tail ... ok
test user::windows::dll::crt::termination::storage::tests::growth_source_fault_rolls_back_candidate_and_retry_preserves_old_callbacks ... ok
test user::windows::dll::crt::termination::storage::tests::initial_allocation_uses_four_slot_fallback_when_thirty_two_slots_do_not_fit ... ok
test user::windows::dll::crt::termination::storage::tests::ordinary_and_quick_nested_tickets_are_independent_without_storage_lock_policy ... ok
test user::windows::dll::crt::termination::storage::tests::nested_reset_then_fresh_registration_uses_new_generation_even_if_base_reused ... ok
test user::windows::dll::crt::termination::storage::tests::non_aba_raw_free_or_destroy_is_detected_without_freeing_foreign_reuse ... ok
test user::windows::dll::crt::termination::storage::tests::reentrant_registration_during_selected_slot_repair_rejects_stale_selection ... ok
test user::windows::dll::crt::termination::storage::tests::nested_drain_consumes_remaining_slots_once_and_outer_safely_observes_reset ... ok
test user::windows::dll::crt::termination::storage::tests::queues_are_runtime_and_kind_isolated_and_do_not_use_malloc_ledger ... ok
test user::windows::dll::crt::termination::storage::tests::unread_slot_fault_keeps_cursor_and_future_guest_value_is_read_lazily ... ok
test user::windows::dll::crt::termination::storage::tests::selected_callback_is_a_value_and_nested_reset_cannot_retarget_or_replay_it ... ok
test user::windows::dll::crt::termination::tests::explicit_callback_can_register_both_global_kinds_recursively_all_abis ... ok
test user::windows::dll::crt::termination::tests::genuine_named_bindings_and_unadmitted_legacy_names_all_abis ... ok
test user::windows::dll::crt::termination::tests::global_private_storage_is_not_malloc_ledger_all_abis ... ok
test user::windows::dll::crt::termination::tests::expected_first_allocation_oom_returns_negative_and_unlocks_all_abis ... ok
test user::windows::dll::crt::termination::tests::other_thread_can_initialize_independent_table_while_exit_lock_is_held_all_abis ... ok
test user::windows::dll::crt::termination::tests::nested_explicit_drain_holds_runtime_lock_until_outer_return_all_abis ... ok
test user::windows::dll::crt::termination::tests::global_null_duplicate_and_separate_lifo_queues_all_abis ... ok
test user::windows::dll::crt::termination::tests::nonterminal_abandonment_reports_unfinished_lock_and_reaps_it_all_abis ... ok
test user::windows::dll::crt::termination::tests::registration_fault_retains_target_across_formal_clobber_all_abis ... ok
test user::windows::dll::crt::termination::storage::tests::receipt_extraction_keeps_pre_reserved_drop_capacity_and_process_discard_is_host_only ... ok
test user::windows::dll::crt::termination::tests::terminal_abandonment_releases_guard_without_global_callback_execution_all_abis ... ok
test user::windows::dll::crt::termination::tests::raw_process_discard_frees_queues_without_accessing_noaccess_slots_all_abis ... ok
test user::windows::dll::crt::tests::first_error_context_oom_is_an_explicit_admission_exception ... ok
test user::windows::dll::crt::tests::error_cells_are_guest_authoritative_thread_not_fiber_and_runtime_local ... ok
test user::windows::dll::crt::tests::handler_queries_answer_from_what_a_guest_can_install ... ok
test user::windows::dll::crt::tests::invalid_blocks_are_corruption_not_invalid_parameter_callbacks ... ok
test user::windows::dll::crt::tests::invalid_default_and_noreturn_bypass_guest_exception_notifications ... ok
test user::windows::dll::crt::tests::checked_guest_width_oom_and_realloc_failure_preserve_original ... ok
test user::windows::dll::crt::tests::expand_never_moves_and_failure_does_not_resize_the_old_block ... ok
test user::windows::dll::crt::tests::commitment_exhaustion_reports_enomem_and_keeps_realloc_source ... ok
test user::windows::dll::crt::tests::readonly_errno_accessors_work_but_writes_and_allocators_preflight ... ok
test user::windows::dll::crt::tests::setters_write_exact_four_bytes_and_success_preserves_error_state ... ok
test user::windows::dll::crt::tests::unsupported_new_handler_registration_and_legacy_compat_wrappers_are_not_exports ... ok
test user::windows::dll::crt::termination::tests::different_thread_registration_parks_and_retries_captured_target_all_abis ... ok
test user::windows::dll::crt::tests::invalid_handler_precedence_arguments_and_continuation_errno ... ok
test user::windows::dll::crt::termination::tests::runtime_locks_do_not_alias_each_other_or_guest_address_waits_all_abis ... ok
test user::windows::dll::crt::tests::strdup_and_wcsdup_preserve_terminators_and_raw_wchar_units ... ok
test user::windows::dll::crt::tests::zero_allocations_alignment_zeroing_and_private_heap_ownership ... ok
test user::windows::dll::files::tests::console_zero_length_direction_and_reduced_grants_all_abis ... ok
test user::windows::dll::files::tests::closed_filesystem_denies_existing_paths_and_captures_console_all_abis ... ok
test user::windows::dll::files::tests::process_destruction_performs_final_close_deletion_all_abis ... ok
test user::windows::dll::files::tests::invalid_guest_outputs_inputs_and_last_error_precede_host_effects_all_abis ... ok
test user::windows::dll::files::tests::signed_seek_boundaries_security_attributes_and_directory_admission_all_abis ... ok
test user::windows::dll::files::tests::duplicate_cursors_independent_opens_and_append_only_grants_all_abis ... ok
test user::windows::dll::files::tests::symlink_pending_opens_and_distinct_link_deletion_all_abis ... ok
test user::windows::dll::files::tests::delete_requests_wait_for_every_independent_and_duplicate_handle_all_abis ... ok
test user::windows::dll::files::tests::access_grants_metadata_and_both_sharing_directions_all_abis ... ok
test user::windows::dll::files::tests::hard_link_sharing_readonly_and_replacement_safe_deletion_all_abis ... ok
test user::windows::dll::function_table::tests::lookup_export_exists_only_on_64_bit_kernel_hosts ... ok
test user::windows::dll::function_table::tests::lookup_nonnull_history_is_rejected_without_output_mutation_both_abis ... ok
test user::windows::dll::files::tests::dispositions_roundtrip_eof_seek_extension_truncation_and_flush_all_abis ... ok
test user::windows::dll::function_table::tests::lookup_output_write_fault_is_atomic_and_miss_does_not_write_both_abis ... ok
test user::windows::dll::function_table::tests::lookup_static_entry_returns_guest_pointer_and_writes_image_base_both_abis ... ok
test user::windows::dll::kernel::tests::get_command_line_a_ascii_pointer_is_process_owned_all_abis ... ok
test user::windows::dll::handles::tests::duplicate_preserves_identity_grants_flags_and_rolls_back_output_faults ... ok
test user::windows::dll::kernel::tests::tls_expansion_address_uses_guest_width_and_checked_64_bit_addition ... ok
test user::windows::dll::handles::tests::close_source_applies_on_output_fault_and_current_thread_becomes_real_handle ... ok
test user::windows::dll::kernel::tests::get_command_line_a_cp1252_best_fit_all_abis ... ok
test user::windows::dll::function_table::tests::lookup_dynamic_entry_before_add_and_after_delete_is_miss_both_abis ... ok
test user::windows::dll::kernel::tests::forged_tls_pointer_faults_and_failed_expansion_publication_frees_block ... ok
test user::windows::dll::fls::tests::slots_are_pointer_width_correct_and_errors_do_not_fabricate_values_all_abis ... ok
test user::windows::dll::files::tests::nul_access_zero_length_errors_and_unsupported_requests_all_abis ... ok
test user::windows::dll::fls::tests::free_calls_all_nonnull_contexts_and_closing_index_cannot_be_reallocated_all_abis ... ok
test user::windows::dll::fls::tests::abandoned_callback_and_guest_teb_faults_are_explicit_all_abis ... ok
test user::windows::dll::kernel::tests::heap_failure_honors_call_and_creation_exception_flags_without_last_error ... ok
test user::windows::dll::kernel::vch_tests::null_vectored_callback_is_rejected_without_consuming_a_registration_handle ... ok
test user::windows::dll::kernel::tests::terminate_process_checks_current_handles_and_remains_distinct_from_exit_all_abis ... ok
test user::windows::dll::kernel::vch_tests::both_public_hosts_expose_vch_with_exact_scalar_abi_on_all_architectures ... ok
test user::windows::dll::kernel::vch_tests::win64_shared_handle_space_accepts_last_slot_then_exhausts_without_mutation ... ok
test user::windows::dll::kernel::vch_tests::x86_shared_handle_space_accepts_last_slot_then_exhausts_without_mutation ... ok
test user::windows::dll::kernel::vch_tests::cross_family_handle_collision_fails_closed_without_mutation ... ok
test user::windows::dll::kernel::vch_tests::vch_and_veh_handles_are_disjoint_and_removal_is_family_specific ... ok
test user::windows::dll::kernel::vch_tests::vch_first_prepends_zero_appends_and_duplicate_callbacks_have_distinct_handles ... ok
test user::windows::dll::fls::tests::context_cleanup_handles_callback_rearming_and_preserves_current_identity_all_abis ... ok
test user::windows::dll::libraries::tests::module_handle_ex_invalid_flags_do_not_publish_or_acquire_all_abis ... ok
test user::windows::dll::libraries::tests::loader_lock_is_reentrant_and_released_before_normal_return_all_abis ... ok
test user::windows::dll::libraries::tests::distinct_thread_parks_and_guest_address_wakes_cannot_unlock_loader_all_abis ... ok
test user::windows::dll::libraries::tests::abandoned_nested_guards_release_every_level_all_abis ... ok
test user::windows::dll::locks::tests::critical_section_cross_page_init_and_late_write_faults_are_transactional ... ok
test user::windows::dll::locks::tests::completed_wait_cannot_consume_twice_and_forged_address_cannot_wake_cv ... ok
test user::windows::dll::locks::tests::critical_section_registered_waiter_poll_and_cancel_are_single_transitions ... ok
test user::windows::dll::locks::tests::critical_section_exports_follow_all_scalar_abis_and_recursive_ownership ... ok
test user::windows::dll::locks::tests::object_wait_all_recursion_overflow_is_rejected_before_any_consumption ... ok
test user::windows::dll::locks::tests::process_exit_releases_final_wait_pins_without_accessing_unreadable_lockwords ... ok
test user::windows::dll::locks::tests::synchronization_storage_alignment_bounds_and_recursion_overflow_fail_closed ... ok
test user::windows::dll::locks::tests::srw_exports_track_reader_owners_and_writer_waiters_without_false_success ... ok
test user::windows::dll::locks::tests::condition_cs_wake_and_timeout_reacquire_before_return_even_when_stolen ... ok
test user::windows::dll::locks::tests::srw_acquire_release_and_wait_registration_roll_back_on_write_fault ... ok
test user::windows::dll::libraries::tests::unready_native_handles_cannot_acquire_counted_or_pinned_ownership_all_abis ... ok
test user::windows::dll::locks::tests::wait_on_address_widths_fifo_namespace_timeout_and_checked_reads ... ok
test user::windows::dll::locks::tests::condition_srw_modes_and_invalid_cv_fault_do_not_release_lock ... ok
test user::windows::dll::native::tests::ntcontinue_rejects_invalid_state_and_explicitly_rejects_alert_delivery ... ok
test user::windows::dll::sysinfo::tests::arm64_features_are_the_baseline_and_the_implemented_extensions ... ok
test user::windows::dll::native::tests::nt_termination_self_paths_are_forced_all_abis ... ok
test user::windows::dll::slist::tests::depth_wraps_at_sixteen_bits ... ok
test user::windows::dll::slist::tests::a_list_of_entries_is_pushed_in_one_operation ... ok
test user::windows::dll::sysinfo::tests::file_time_counts_from_1601_in_hundred_nanoseconds ... ok
test user::windows::dll::slist::tests::a_fault_leaves_the_list_as_it_was ... ok
test user::windows::dll::slist::tests::push_and_pop_are_last_in_first_out ... ok
test user::windows::dll::slist::tests::flush_returns_the_whole_chain_intact ... ok
test user::windows::dll::slist::tests::misaligned_operations_raise_on_sixty_four_bit_windows ... ok
test user::windows::dll::locks::tests::zero_timeout_condition_waits_release_and_reacquire_with_checked_writes ... ok
test user::windows::dll::tests::builtin_tables_have_no_shadowed_architecture_specific_exports ... ok
test user::windows::dll::sysinfo::tests::shared_processor_features_match_hle_api_for_each_guest_cpu ... ok
test user::windows::dll::tests::kernel32_forwarders_bind_to_the_ntdll_addresses ... ok
test user::windows::dll::sysinfo::tests::every_guest_answers_from_its_own_cpu ... ok
test user::windows::dll::sysinfo::tests::x86_features_follow_the_cpuid_model ... ok
test user::windows::dll::tests::builtin_forwarders_resolve_to_builtin_functions ... ok
test user::windows::dll::threading::tests::creation_rejects_hostile_flags_security_and_outputs_without_publication ... ok
test user::windows::dll::threading::tests::exhausted_or_colliding_thread_ids_fail_before_resource_mutation ... ok
test user::windows::dll::tests::initializer_admission_distinguishes_legacy_compatibility_from_ucrt_imports ... ok
test user::windows::dll::threading::tests::create_thread_suspended_reservation_and_handle_grant_all_abis ... ok
test user::windows::dll::threading::tests::named_event_case_namespace_collision_and_existing_properties_all_abis ... ok
test user::windows::dll::threading::tests::named_open_access_checks_and_last_error_success_preservation ... ok
test user::windows::dll::threading::tests::object_names_security_and_string_faults_do_not_publish_handles ... ok
test user::windows::dll::threading::tests::parked_wait_refs_survive_handle_close_and_release_on_cancel ... ok
test user::windows::dll::threading::tests::manual_event_stays_signaled_until_reset_and_name_boundaries_are_checked ... ok
test user::windows::dll::threading::tests::multiple_waits_lowest_index_wait_all_atomicity_and_duplicate_rejection ... ok
test user::windows::dll::threading::tests::exit_thread_frees_owned_tls_expansion_without_trusting_forged_teb_pointer ... ok
test user::windows::dll::threading::tests::semaphore_release_limits_output_fault_and_existing_counts_all_abis ... ok
test user::windows::fs::tests::devices_are_recognized_with_extensions ... ok
test user::windows::dll::threading::tests::recursive_mutex_release_owner_and_abandonment_all_abis ... ok
test user::windows::dll::threading::tests::thread_stack_reserve_arithmetic_is_checked_and_commit_requests_fit ... ok
test user::windows::dll::threading::tests::wait_array_fault_and_later_invalid_handle_do_not_consume_first_object ... ok
test user::windows::dll::threading::tests::termination_signals_thread_object_and_apcs_fail_while_terminating ... ok
test user::windows::dll::threading::tests::queued_apcs_fifo_and_alertable_sleep_flow_all_abis ... ok
test user::windows::fs::tests::drive_map_translates_both_ways ... ok
test user::windows::fs::tests::host_parent_components_are_lexical_before_drive_selection ... ok
test user::windows::dll::threading::tests::suspend_resume_boundaries_and_current_real_handle_all_abis ... ok
test user::windows::heap::tests::blocks_are_aligned_distinct_and_reused_after_free ... ok
test user::windows::dll::threading::tests::switch_to_thread_accounts_for_suspension_and_loader_serialization ... ok
test user::windows::fs::tests::terminal_parent_components_traverse_before_name_trimming ... ok
test user::windows::fs::tests::full_path_normalization ... ok
test user::windows::heap::tests::growable_heaps_add_segments_and_fixed_heaps_do_not ... ok
test user::windows::dll::libraries::tests::module_handle_ex_address_count_unchanged_pin_and_name_all_abis ... ok
test user::windows::heap::tests::failed_initial_commit_releases_reservation_and_reuses_address ... ok
test user::windows::heap::tests::invalid_heap_alignment_and_initial_maximum_are_rejected_before_reserving ... ok
test user::windows::heap::tests::late_zero_fault_does_not_write_earlier_accessible_page ... ok
test user::windows::dll::tests::crt_hosts_are_distinct_and_exports_use_cdecl ... ok
test user::windows::heap::tests::moved_realloc_destination_fault_rolls_back_commit_and_preserves_original ... ok
test user::windows::heap::tests::creation_reserves_page_rounded_maximum_and_commits_initial_pages_only ... ok
test user::windows::heap::tests::moved_realloc_source_fault_releases_candidate_segment_and_preserves_old_block ... ok
test user::windows::heap::tests::partial_multi_run_commit_is_rolled_back_and_existing_protection_kept ... ok
test user::windows::heap::tests::in_place_growth_cannot_cross_adjacent_reservations ... ok
test user::windows::heap::tests::failed_zero_allocation_preserves_indexes_data_and_reserved_page_charge ... ok
test user::windows::heap::tests::in_place_zero_growth_fault_preserves_old_block_and_refunds_new_pages ... ok
test user::windows::heap::tests::failed_growth_releases_new_reservation_without_changing_heap_indexes ... ok
test user::windows::heap::tests::guest_size_rounding_overflow_never_mutates_heap_or_vm ... ok
test user::windows::heap::tests::free_blocks_do_not_coalesce_across_segment_boundaries_in_either_order ... ok
test user::windows::heap::tests::same_rounded_realloc_fault_preserves_requested_size_and_bytes ... ok
test user::windows::heap::tests::realloc_grows_in_place_or_moves_and_zeroes ... ok
test user::windows::hle::args::tests::narrow_stack_argument_does_not_read_unspecified_padding ... ok
test user::windows::hle::args::tests::variadic_double_uses_x64_duplicate_integer_register ... ok
test user::windows::hle::args::tests::variadic_x86_wide_value_advances_two_slots ... ok
test user::windows::dll::libraries::tests::free_and_exit_unmaps_data_without_returning_to_guest_code_all_abis ... ok
test user::windows::hle::args::tests::variadic_fault_does_not_advance_memory_or_argument_cursor ... ok
test user::windows::hle::args::tests::pointer_addition_obeys_guest_width_and_checks_access_bounds ... ok
test user::windows::hle::args::tests::x86_scalar_widths_and_cdecl_variadic_tail ... ok
test user::windows::hle::args::tests::x64_mixed_parameters_use_positions_and_32_byte_shadow_space ... ok
test user::windows::hle::args::tests::argument_stack_fault_is_preserved ... ok
test user::windows::hle::args::tests::arm64_integer_and_float_register_allocation_is_independent ... ok
test user::windows::hle::dispatch::retry_tests::arm64_four_register_callback_args_need_no_stack_write ... ok
test user::windows::hle::dispatch::retry_tests::x64_checked_callback_does_not_probe_unused_shadow_guard ... ok
test user::windows::hle::dispatch::retry_tests::arm64_veh_register_argument_setup_does_not_touch_guard_below_records ... ok
test user::windows::hle::dispatch::retry_tests::arm64_veh_register_only_callback_does_not_preflight_untouched_stack_guard ... ok
test user::windows::hle::dispatch::retry_tests::repaired_frontier_uses_saved_site_not_clobbered_caller_state_all_abis ... ok
test user::windows::hle::dispatch::retry_tests::leaving_same_height_frontier_discards_retry_without_executing_it_all_abis ... ok
test user::windows::hle::dispatch::retry_tests::context_skip_at_original_stack_height_cannot_reuse_retry_all_abis ... ok
test user::windows::hle::dispatch::retry_tests::x64_fifth_callback_argument_faults_at_actual_guarded_stack_slot ... ok
test user::windows::hle::dispatch::retry_tests::private_dispatcher_retry_trap_rejects_fresh_and_resume_half_entries ... ok
test user::windows::hle::dispatch::retry_tests::same_height_context_escape_retires_successfully_started_callback_all_abis ... ok
test user::windows::hle::dispatch::retry_tests::x64_vch_callback_guard_fault_repair_preserves_selected_handler ... ok
test user::windows::hle::dispatch::retry_tests::x64_veh_callback_guard_fault_repair_preserves_selected_handler ... ok
test user::windows::hle::dispatch::retry_tests::checked_callback_fault_abandonment_drops_owner_without_calling_all_abis ... ok
test user::windows::hle::dispatch::retry_tests::x64_unhandled_filter_callback_guard_fault_repair_preserves_selected_filter ... ok
test user::windows::hle::dispatch::tests::callback_integer_abi_all_register_stack_boundaries ... ok
test user::windows::dll::libraries::tests::abandoned_native_initializer_cleans_resources_before_reporting_failure_all_abis ... ok
test user::windows::hle::dispatch::tests::failed_callback_setup_preserves_cpu_and_rejects_underflow ... ok
test user::windows::dll::libraries::tests::disable_thread_calls_rejects_executable_data_and_static_tls_all_abis ... ok
test user::windows::hle::dispatch::retry_tests::x64_ehandler_callback_persistent_setup_fault_is_bounded ... ok
test user::windows::hle::dispatch::retry_tests::x64_dispatcher_retry_is_abandoned_when_nested_veh_changes_context_pc_or_sp ... ok
test user::windows::hle::dispatch::retry_tests::x64_ehandler_callback_guard_fault_veh_repair_preserves_selected_handler ... ok
test user::windows::hle::dispatch::retry_tests::x64_rearmed_dispatcher_callback_guard_faults_stop_before_fifth_nested_dispatch ... ok
test user::windows::hle::dispatch::tests::callback_preflight_preserves_first_actual_write_fault_order ... ok
test user::windows::hle::dispatch::tests::active_exception_dispatch_fault_is_terminal_and_still_consumes_guards ... ok
test user::windows::hle::dispatch::tests::memory_exception_preserves_direction_and_fault_address ... ok
test user::windows::hle::dispatch::retry_tests::checked_callback_setup_keeps_selected_call_across_repair_all_abis ... ok
test user::windows::hle::dispatch::retry_tests::x64_repaired_dispatcher_rejects_unsupported_ehandler_raise_without_scratch_search ... ok
test user::windows::hle::dispatch::tests::unreadable_x86_teb_during_exception_dispatch_cannot_recurse_on_host ... ok
test user::windows::hle::dispatch::tests::readonly_return_address_reads_succeed_at_entry_and_resume ... ok
test user::windows::hle::dispatch::x86_retry_tests::x86_private_dispatcher_retry_rejects_fresh_and_resume_half ... ok
test user::windows::hle::dispatch::x86_retry_tests::x86_frame_handler_persistent_readonly_setup_fault_fails_closed ... ok
test user::windows::hle::dispatch::retry_tests::x64_nested_guard_search_bridges_pending_dispatcher_retry_to_ehandler_rax_profile ... ok
test user::windows::hle::dispatch::x86_retry_tests::x86_nested_setup_fault_continue_search_visits_teb_registration ... ok
test user::windows::hle::dispatch::x86_retry_tests::x86_frame_handler_guard_setup_fault_is_repaired_by_veh ... ok
test user::windows::hle::dispatch::x86_retry_tests::x86_repaired_frame_handler_invalid_disposition_rejects_synthetic_resume_search ... ok
test user::windows::hle::dispatch::x86_retry_tests::x86_dispatcher_context_guard_fault_retains_selected_frame_handler ... ok
test user::windows::hle::dispatch::tests::callback_stack_writes_classify_protection_and_both_guard_types ... ok
test user::windows::hle::dispatch::x86_retry_tests::x86_dispatcher_context_exhausted_stack_guard_preserves_overflow_classification ... ok
test user::windows::hle::dispatch::x86_retry_tests::x86_changed_nested_context_abandons_selected_handler_retry ... ok
test user::windows::hle::dispatch::x86_retry_tests::x86_unhandled_filter_guard_setup_fault_retries_original_filter ... ok
test user::windows::hle::dispatch::x86_retry_tests::x86_veh_guard_setup_fault_retries_original_vectored_slot ... ok
test user::windows::hle::dispatch::x86_retry_tests::x86_vch_guard_setup_fault_retries_original_continue_slot ... ok
test user::windows::hle::dispatch::tests::entry_and_resume_stack_reads_classify_and_consume_guards ... ok
test user::windows::hle::dispatch::tests::normal_and_forced_terminal_flows_remain_distinct_all_abis ... ok
test user::windows::hle::exception::tests::table_bridges_only_exact_pending_dispatcher_retry_frontier ... ok
test user::windows::hle::exception::tests::normal_protected_callbacks_keep_scope_until_owner_returns_all_abis ... ok
test user::windows::hle::exception::tests::protected_wait_keeps_scope_until_wait_continuation_completes_all_abis ... ok
test user::windows::hle::dispatch::x86_retry_tests::x86_selected_scope_dispatcher_context_guard_fault_retains_taken_handler ... ok
test user::windows::hle::exception::tests::callback_setup_av_and_guard_are_not_cpp_and_repair_keeps_protected_capture_all_abis ... ok
test user::windows::hle::exception::tests::selected_unwind_data_fault_is_terminal_without_veh_or_owner_drop_all_abis ... ok
test user::windows::hle::exception::tests::table_sentinel_bridges_unprotected_owner_without_fabricating_callback_return ... ok
test user::windows::loader::apiset::tests::crt_foundation_contracts_share_one_live_builtin_host ... ok
test user::windows::loader::apiset::tests::families_resolve_to_their_hosts ... ok
test user::windows::hle::exception::tests::selected_handler_disables_itself_and_does_not_drop_pending_owners_all_abis ... ok
test user::windows::hle::exception::tests::veh_continue_precedes_matching_scope_and_resume_trap_retires_it_all_abis ... ok
test user::windows::hle::exception::tests::exact_filters_skip_unrelated_codes_and_nest_inner_first_all_abis ... ok
test user::windows::hle::exception::tests::x86_inner_guest_registration_precedes_boundary_and_outer_record_follows_decline ... ok
test user::windows::hle::exception::tests::table_inner_language_handler_precedes_synthetic_boundary ... ok
test user::windows::hle::exception::tests::nested_dispatcher_containment_disables_each_filter_then_searches_real_outer_handler_all_abis ... ok
test user::windows::hle::exception::tests::selected_unwind_runs_inner_cleanup_before_handler_and_preserves_outer_all_abis ... ok
test user::windows::loader::data_init_tests::startup_data_installs_without_a_thread_and_repeated_load_preserves_cells_all_abis ... ok
test user::windows::loader::data_init_tests::early_source_fault_releases_image_without_publishing_module_traps_or_runtime_all_abis ... ok
test user::windows::hle::exception::tests::selected_unwind_rejects_nonsearch_dispositions_without_handler_or_owner_drop_all_abis ... ok
test user::windows::loader::dynamic::tests::detaching_entry_is_not_referenced_or_recursively_unloaded ... ok
test user::windows::loader::builtin_ready_tests::builtin_ready_order_follows_completion_and_repeated_load_is_not_duplicated_all_abis ... ok
test user::windows::loader::data_init_tests::late_ldr_failure_aborts_data_before_module_or_trap_success_all_abis ... ok
test user::windows::loader::builtin_ready_tests::failed_builtin_publication_never_enters_ready_ledger_and_retry_commits_once_all_abis ... ok
test user::windows::loader::apiset_schema::tests::truncated_overflowing_invalid_utf16_and_unsupported_namespaces_fail ... ok
test user::windows::loader::dynamic::tests::forced_shutdown_discards_host_receipts_without_guest_cleanup_or_tls_loss ... ok
test user::windows::loader::dynamic::tests::exe_as_data_does_not_resolve_imports_or_allocate_tls ... ok
test user::windows::loader::data_init_tests::successfully_installed_runtime_is_not_owned_by_forwarder_rollback_all_abis ... ok
test user::windows::hle::exception::tests::prune_and_fiber_switch_move_or_drop_scope_ownership_all_abis ... ok
test user::windows::loader::dynamic::tests::independent_nested_reference_retains_successful_dependency_after_outer_failure ... ok
test user::windows::loader::dynamic::tests::forwarder_lookup_initializes_target_and_owns_its_dependency ... ok
test user::windows::loader::dynamic::tests::reference_sentinel_exhaustion_preserves_both_guest_and_host_counters ... ok
test user::windows::loader::dynamic::tests::absent_forwarded_export_rollback_removes_target_tls_and_owner_edge ... ok
test user::windows::loader::ldr::tests::startup_heap_access_failure_retains_no_memory_compatibility ... ok
test user::windows::loader::ldr::tests::startup_unwritable_peb_keeps_compatibility_status_without_allocating ... ok
test user::windows::loader::dynamic::tests::references_graph_cycles_and_stable_tombstones_all_abis ... ok
test user::windows::loader::dynamic::tests::historical_slot_cap_rejects_new_images_before_allocation_but_reuses_live_modules ... ok
test user::windows::loader::services::tests::refuses_partial_hooked_or_unrecognized_stubs ... ok
test user::windows::memory::tests::commit_never_replaces_untracked_existing_bytes ... ok
test user::windows::memory::tests::allocate_flags_are_supported_or_explicitly_rejected ... ok
test user::windows::loader::dynamic::tests::protected_existing_teb_prevents_all_tls_publication_and_releases_images ... ok
test user::windows::memory::tests::commitment_charge_counts_only_new_pages_and_returns_on_free ... ok
test user::windows::memory::tests::commitment_crosses_pages_and_preserves_existing_contents ... ok
test user::windows::memory::tests::exhausted_combined_allocation_rolls_back_new_reservation ... ok
test user::windows::memory::tests::decommit_is_idempotent_and_recommit_is_zeroed ... ok
test user::windows::memory::tests::distinct_reservations_are_not_one_protection_region ... ok
test user::windows::memory::tests::guard_is_one_shot_for_each_page ... ok
test user::windows::loader::dynamic::tests::partial_ldr_name_allocation_failure_is_recoverable_without_panic ... ok
test user::windows::memory::tests::huge_reservations_use_only_state_boundaries ... ok
test user::windows::memory::tests::free_search_handles_limits_alignment_overlap_and_both_directions ... ok
test user::windows::memory::tests::image_reported_protection_preserves_trap_mapping ... ok
test user::windows::memory::tests::protection_and_decommit_invalidate_executable_code ... ok
test user::windows::memory::tests::protection_combinations_follow_documented_constraints ... ok
test user::windows::memory::tests::guest_memory_information_abi_matches_both_pointer_widths ... ok
test user::windows::memory::tests::invalid_ranges_do_not_wrap_or_mutate_memory ... ok
test user::windows::memory::tests::protection_checks_every_page_before_changing_any ... ok
test user::windows::memory::tests::release_requires_original_base_and_zero_size ... ok
test user::windows::memory::tests::reservation_rounds_base_and_inclusive_byte_coverage ... ok
test user::windows::memory::tests::query_reports_forward_runs_and_distinct_initial_protection ... ok
test user::windows::loader::apiset_schema::tests::schema_identity_default_alias_and_unavailable_paths ... ok
test user::windows::memory::tests::utf16_unit_count_cannot_wrap_byte_length ... ok
test user::windows::loader::apiset_schema::tests::duplicate_schema_hash_identity_is_rejected_even_when_full_names_differ ... ok
test user::windows::objects::tests::explicit_handle_grants_are_preserved_without_escalation ... ok
test user::windows::native::tests::native_selection_refuses_a_different_host_os ... ok
test user::windows::objects::tests::handles_are_lowest_free_multiples_of_four_and_ignore_tag_bits ... ok
test user::windows::loader::services::tests::conflicting_numbers_and_oversized_export_tables_are_rejected ... ok
test user::windows::objects::tests::objects_live_until_their_last_handle_closes ... ok
test user::windows::loader::services::tests::derives_export_identity_and_number_from_selected_image ... ok
test user::windows::loader::services::tests::wow64_preserves_encoded_numbers_and_requires_the_exported_transition_thunk ... ok
test user::windows::objects::tests::protected_handles_cannot_be_closed ... ok
test user::windows::objects::tests::wait_pins_validate_all_objects_and_multiplicities_before_commit ... ok
test user::windows::objects::tests::names_are_exact_case_and_global_namespace_is_distinct ... ok
test user::windows::native::tests::selected_image_reads_are_read_only_and_bounded_before_copying ... ok
test user::windows::loader::dynamic::tests::dynamic_tls_is_published_for_existing_and_new_threads_then_removed ... ok
test user::windows::loader::services::tests::conditional_wow64_leaf_requires_complete_matching_branches_marker_and_thunk ... ok
test user::windows::objects::tests::process_table_drain_removes_protected_handles_names_and_internal_refs ... ok
test user::windows::process::fiber::tests::dormant_fiber_migrates_without_thread_tls_or_stack_ownership_all_abis ... ok
test user::windows::process::fiber::tests::fiber_invalid_sizes_and_faulting_conversion_are_transactional_all_abis ... ok
test user::windows::loader::dynamic::tests::rollback_bool_failure_is_distinct_from_exception_and_releases_owned_data ... ok
test user::windows::process::fiber::tests::fiber_conversion_switch_reconversion_owns_stacks_all_abis ... ok
test user::windows::process::embedded_tests::closed_configuration_rejects_host_entrypoint_trace_entropy_and_colliding_keys ... ok
test user::windows::process::fiber::tests::fiber_continuations_seh_and_fls_follow_context_not_thread_all_abis ... ok
test user::windows::process::embedded_tests::closed_loader_never_falls_back_to_existing_host_dependencies ... ok
test user::windows::process::fiber::tests::fiber_stack_commit_promotion_obeys_1mib_boundaries_all_abis ... ok
test user::windows::process::fiber::tests::active_cleanup_does_not_destroy_other_owned_dormant_stacks_all_abis ... ok
test user::windows::process::fiber::tests::recycled_opaque_marker_cannot_replace_a_live_context_all_abis ... ok
test user::windows::process::fiber::tests::x86_float_switch_restores_saving_targets_and_shares_nonsaving_targets ... ok
test user::windows::process::fiber::tests::loader_owned_start_wrapper_is_thread_bound_until_callback_completes_all_abis ... ok
test user::windows::memory::tests::state_run_boundaries_match_independent_page_model ... ok
test user::windows::process::sched::tests::access_violation_parameters_distinguish_read_write_and_dep ... ok
test user::windows::process::sched::tests::apc_restoration_preserves_same_height_wait_parent_all_abis ... ok
test user::windows::process::lifecycle::detach_tests::detach_buffer_fault_keeps_loader_guard_until_exact_retry_finishes_all_abis ... ok
test user::windows::process::lifecycle::tests::detach_reverses_completion_order_not_mapping_order_all_abis ... ok
test user::windows::process::lifecycle::tests::original_thread_and_suppressed_module_skip_thread_tls_notifications_all_abis ... ok
test user::windows::process::sched::tests::apcs_deliver_fifo_and_restore_interrupted_context ... ok
test user::windows::process::sched::tests::bounded_tests::failure_is_terminal_and_cached_all_abis ... ok
test user::windows::process::lifecycle::tests::startup_commits_each_module_and_releases_lock_before_user_entry_all_abis ... ok
test user::windows::process::lifecycle::detach_tests::ucrt_flush_runs_between_reverse_completed_native_notifications_all_abis ... ok
test user::windows::process::lifecycle::detach_tests::executable_pe_tls_follows_ucrt_flush_in_existing_exit_profile_all_abis ... ok
test user::windows::process::lifecycle::tests::startup_false_detaches_failing_then_ready_modules_without_repeat_all_abis ... ok
test user::windows::process::lifecycle::tests::normal_detach_preserves_thread_resources_until_exit_outcome_all_abis ... ok
test user::windows::process::sched::tests::floating_exception_selection_respects_masks_and_stack_fault ... ok
test user::windows::process::sched::tests::bounded_tests::indefinite_guest_wait_returns_blocked_and_cancellation_preserves_wait_all_abis ... ok
test user::windows::process::sched::tests::exhausted_stack_guard_dispatches_veh_on_consumed_emergency_page_all_abis ... ok
test user::windows::process::sched::tests::bounded_tests::zero_and_cancel_preserve_state_and_resume_all_abis ... ok
test user::windows::process::sched::tests::bounded_tests::separate_calls_preserve_round_robin_all_abis ... ok
test user::windows::process::sched::tests::bounded_tests::blocked_is_resumable_without_sleep_or_thread_loss_all_abis ... ok
test user::windows::process::sched::tests::hle_fetch_traps_require_live_committed_executable_guest_state ... ok
test user::windows::process::sched::tests::monitor_tests::bounded_process_calls_preserve_reservations_until_an_actual_thread_switch ... ok
test user::windows::process::sched::tests::monitor_tests::arm64_selected_peer_invalidates_outgoing_reservation ... ok
test user::windows::process::sched::tests::monitor_tests::arm64_one_instruction_yields_preserve_same_thread_reservation ... ok
test user::windows::process::sched::tests::monitor_tests::round_robin_selection_excludes_suspended_and_blocked_threads ... ok
test user::windows::process::sched::tests::ordinary_and_stack_guards_are_consumed_before_exception_dispatch ... ok
test user::windows::process::sched::tests::forced_thread_termination_signals_preserved_handle ... ok
test user::windows::process::sched::tests::normal_fls_exit_keeps_environment_until_callback_returns_all_abis ... ok
test user::windows::process::sched::tests::bounded_tests::last_thread_exit_completes_and_terminal_calls_do_not_repeat_teardown_all_abis ... ok
test user::windows::process::sched::tests::forced_thread_exit_skips_callbacks_but_signals_and_frees_resources_all_abis ... ok
test user::windows::process::fiber::tests::fiber_cap_precedes_new_stack_and_heap_effects_all_abis ... ok
test user::windows::process::sched::tests::periodic_timer_advances_by_full_periods ... ok
test user::windows::process::sched::tests::nonterminal_fls_escape_reports_receipt_before_more_guest_execution_all_abis ... ok
test user::windows::process::sched::tests::private_dispatcher_retry_fetch_requires_an_owned_checked_call ... ok
test user::windows::nls::tests::native_nls_snapshot_bounds_identity_padding_and_shared_bytes ... ok
test user::windows::process::sched::tests::exit_tests::forced_process_exit_aborts_held_loader_without_guest_detach_all_abis ... ok
test user::windows::process::sched::tests::process_exit_cancels_wait_pins_destroys_threads_and_closes_protected_handles ... ok
test user::windows::process::sched::tests::raw_nt_services_never_infer_build_specific_numbers ... ok
test user::windows::process::sched::tests::secondary_dll_notifications_do_not_freeze_attached_application_threads_all_abis ... ok
test user::windows::process::sched::tests::services_tests::allocate_ex_tests::native_allocate_ex_respects_untracked_mappings_and_fault_priority_all_abis ... ok
test user::windows::process::sched::tests::exit_tests::normal_process_exit_stops_before_detach_after_peer_teardown_failure_all_abis ... ok
test user::windows::process::sched::tests::services_tests::allocate_ex_tests::native_allocate_ex_full_array_capture_precedes_type_and_requirements_all_abis ... ok
test user::windows::process::sched::tests::services_tests::allocate_ex_tests::native_allocate_ex_fixed_rounding_unaligned_outputs_and_rollback_all_abis ... ok
test user::windows::process::sched::tests::services_tests::allocate_ex_tests::wow64_allocate_ex_large_address_aware_alignment_uses_guest_image_policy ... ok
test user::windows::process::sched::tests::services_tests::allocate_ex_tests::native_allocate_ex_default_loader_reservation_and_commit_all_abis ... ok
test user::windows::process::sched::tests::services_tests::allocate_ex_tests::native_allocate_ex_fault_copy_order_and_guards_all_abis ... ok
test user::windows::process::sched::tests::services_tests::allocate_ex_tests::native_allocate_ex_constrained_holes_alignment_top_down_and_commit_all_abis ... ok
test user::windows::process::sched::tests::services_tests::emulation_basic_tests::wow64_emulation_basic_query_tracks_the_executable_large_address_aware_flag ... ok
test user::windows::process::sched::tests::services_tests::emulation_basic_tests::native_emulation_basic_query_readonly_destinations_and_output_aliases_preserve_write_order_all_abis ... ok
test user::windows::process::sched::tests::services_tests::emulation_basic_tests::native_emulation_basic_query_output_and_return_guards_are_one_shot_all_abis ... ok
test user::windows::process::sched::tests::services_tests::emulation_basic_tests::native_emulation_basic_query_length_null_and_return_faults_are_class_specific_all_abis ... ok
test user::windows::process::embedded_tests::supplied_dependencies_run_static_and_dynamic_loader_lifecycles_all_abis ... ok
test user::windows::process::sched::tests::services_tests::event_tests::native_event_interoperates_with_win32_waits_state_and_close_all_abis ... ok
test user::windows::process::sched::tests::services_tests::event_tests::native_event_creates_real_objects_and_closes_without_leaking_all_abis ... ok
test user::windows::process::sched::tests::services_tests::allocate_ex_tests::native_allocate_ex_rejects_invalid_requirements_without_mutation_all_abis ... ok
test user::windows::process::sched::tests::services_tests::event_tests::native_event_rejects_unimplemented_security_and_names_without_publication_all_abis ... ok
test user::windows::process::sched::tests::services_tests::emulation_basic_tests::native_emulation_basic_query_reports_guest_memory_bounds_cpu_and_preserves_wow64_padding_all_abis ... ok
test user::windows::process::sched::tests::services_tests::hotpatch_tests::native_hotpatch_check_reports_unavailable_and_zero_return_length_all_abis ... ok
test user::windows::process::sched::tests::services_tests::emulation_basic_tests::native_emulation_basic_query_probes_fields_before_writing_and_does_not_probe_wow64_padding_all_abis ... ok
test user::windows::process::sched::tests::services_tests::allocate_ex_tests::native_allocate_ex_wow_capture_precedes_type_validation_all_abis ... ok
test user::windows::process::sched::tests::services_tests::hotpatch_tests::builtin_hotpatch_query_returns_nt_fault_status_without_guest_exception_all_abis ... ok
test user::windows::process::sched::tests::services_tests::allocate_ex_tests::native_allocate_ex_parameter_capture_validation_and_alignment_all_abis ... ok
test user::windows::process::sched::tests::services_tests::native_alloc_invalid_pointer_returns_status_without_dispatching_guest_exception ... ok
test user::windows::process::embedded_tests::default_host_entropy_starts_a_process_without_unix_device_paths ... ok
test user::windows::process::sched::tests::services_tests::native_basic_query_output_and_return_guards_are_one_shot_all_abis ... ok
test user::windows::process::sched::tests::services_tests::allocate_ex_tests::native_allocate_ex_parameter_alignment_depends_on_wow_capture_all_abis ... ok
test user::windows::process::sched::tests::services_tests::native_basic_query_length_null_and_return_faults_are_class_specific_all_abis ... ok
test user::windows::process::sched::tests::services_tests::native_close_preserves_kernel_resume_stack_and_arch_argument_transport ... ok
test user::windows::process::sched::tests::services_tests::native_basic_query_readonly_destinations_and_output_aliases_preserve_write_order_all_abis ... ok
test user::windows::process::sched::tests::services_tests::hotpatch_tests::native_hotpatch_mutating_and_unknown_operations_remain_explicitly_unsupported ... ok
test user::windows::process::sched::tests::services_tests::native_range_query_guard_destinations_are_disarmed_once_without_guest_exception_all_abis ... ok
test user::windows::process::sched::tests::services_tests::event_tests::native_event_retains_boolean_byte_and_reuses_manual_auto_wait_semantics_all_abis ... ok
test user::windows::process::sched::tests::services_tests::event_tests::native_event_output_and_attribute_fault_order_preserves_objects_all_abis ... ok
test user::windows::process::sched::tests::services_tests::native_range_query_checks_write_permissions_and_orders_overlapping_outputs_all_abis ... ok
test user::windows::process::sched::tests::services_tests::allocate_ex_tests::native_allocate_ex_numa_validation_follows_capture_and_process_access_all_abis ... ok
test user::windows::process::sched::tests::services_tests::native_termination_is_forced_and_unknown_services_are_diagnosed ... ok
test user::windows::process::sched::tests::services_tests::nls_tests::native_nls_ntstatus_to_win32_errors_matches_installed_rtl_oracle ... ok
test user::windows::process::sched::tests::services_tests::native_range_query_fault_order_and_wow64_partial_publication_match_observed_abi ... ok
test user::windows::process::sched::tests::services_tests::native_basic_query_reports_guest_memory_bounds_cpu_and_preserves_wow64_padding_all_abis ... ok
test user::windows::process::sched::tests::services_tests::nls_tests::native_nls_bad_output_precedes_unknown_section_type_all_abis ... ok
test user::windows::process::sched::tests::services_tests::nls_tests::native_nls_null_section_output_is_invalid_parameter_all_abis ... ok
test user::windows::process::sched::tests::services_tests::native_system_query_combined_faults_probe_output_before_returned_all_abis ... ok
test user::windows::process::sched::tests::services_tests::nls_tests::native_nls_views_cannot_gain_write_or_execute_protection_or_be_freed_as_private_all_abis ... ok
test user::windows::process::sched::tests::services_tests::native_basic_query_probes_fields_before_writing_and_does_not_probe_wow64_padding_all_abis ... ok
test user::windows::process::sched::tests::services_tests::native_range_query_length_errors_and_unknown_classes_do_not_publish_output_all_abis ... ok
test user::windows::process::sched::tests::services_tests::event_tests::native_event_state_probes_before_type_and_access_without_mutation_all_abis ... ok
test user::windows::process::sched::tests::services_tests::process_query_tests::native_process_cookie_for_an_unmodeled_peer_is_explicitly_unsupported ... ok
test user::windows::process::sched::tests::services_tests::nls_tests::native_nls_readonly_distinct_mapped_views_optional_size_and_aliases_all_abis ... ok
test user::windows::process::sched::tests::services_tests::event_tests::native_event_maps_created_handle_access_and_inherit_all_abis ... ok
test user::windows::process::sched::tests::services_tests::native_range_query_preserves_width_alignment_optional_length_and_kernel_resume_all_abis ... ok
test user::windows::process::sched::tests::services_tests::process_query_tests::native_process_cookie_is_stable_across_queries_prng_changes_and_guest_abis ... ok
test user::windows::process::sched::tests::services_tests::processor_feature_tests::native_processor_feature_bitmap_probes_unused_supplied_tail_all_abis ... ok
test user::windows::process::sched::tests::services_tests::hotpatch_tests::native_hotpatch_disabled_fault_priority_aliases_and_partial_return_length_all_abis ... ok
test user::windows::process::sched::tests::services_tests::process_query_tests::native_process_cookie_fault_priority_differs_from_system_queries_all_abis ... ok
test user::windows::process::sched::tests::services_tests::registry_tests::native_registry_invalid_key_precedes_unreadable_value_name_all_abis ... ok
test user::windows::process::sched::tests::services_tests::process_query_tests::native_process_cookie_aliases_and_each_guard_preserve_probe_write_and_retry_order_all_abis ... ok
test user::windows::process::sched::tests::services_tests::registry_tests::native_registry_open_null_output_returns_nt_status_all_abis ... ok
test user::windows::process::sched::tests::services_tests::nls_tests::native_nls_unmap_interior_owned_views_close_and_type_access_all_abis ... ok
test user::windows::process::sched::tests::services_tests::processor_feature_tests::native_processor_feature_bitmap_fault_order_guards_and_aliases_all_abis ... ok
test user::windows::process::sched::tests::services_tests::registry_tests::native_registry_open_odd_name_is_rejected_before_native_text_probe_all_abis ... ok
test user::windows::process::sched::tests::services_tests::processor_feature_tests::native_processor_feature_bitmap_lengths_and_suffix_preservation_all_abis ... ok
test user::windows::process::sched::tests::services_tests::registry_tests::builtin_registry_probe_faults_return_nt_status_without_guest_seh_all_abis ... ok
test user::windows::process::sched::tests::services_tests::registry_tests::fixed::native_segment_heap_present_raw_values_and_descendant_handle_lifetime_all_abis ... ok
test user::windows::process::sched::tests::services_tests::registry_tests::native_registry_query_alignment_conversion_and_short_buffer_all_abis ... ok
test user::windows::process::sched::tests::services_tests::process_query_tests::native_process_cookie_checks_exact_length_alignment_and_handle_write_grants_all_abis ... ok
test user::windows::process::sched::tests::services_tests::hotpatch_tests::native_hotpatch_disabled_lengths_and_opaque_version_flags_all_abis ... ok
test user::windows::process::sched::tests::services_tests::registry_tests::native_registry_snapshot_scope_relative_roots_type_and_access_all_abis ... ok
test user::windows::process::sched::tests::services_tests::registry_tests::native_registry_query_captures_descriptor_before_handle_but_text_after_validation_all_abis ... ok
test user::windows::process::sched::tests::services_tests::registry_tests::fixed::native_segment_heap_absent_absolute_relative_and_partial_parent_all_abis ... ok
test user::windows::process::sched::tests::services_tests::registry_tests::tree::native_ifeo_known_absent_root_and_children_return_name_not_found_all_abis ... ok
test user::windows::process::sched::tests::services_tests::registry_tests::native_registry_selected_namespace_query_and_handle_lifetime_all_abis ... ok
test user::windows::process::sched::tests::services_tests::registry_tests::native_registry_truncated_name_zeroes_incomplete_code_unit_all_abis ... ok
test user::windows::process::sched::tests::services_tests::registry_tests::native_registry_read_grants_typed_handles_close_and_nonwaitable_lifetime_all_abis ... ok
test user::windows::process::sched::tests::services_tests::virtual_memory_tests::native_virtual_memory_basic_regions_image_metadata_and_padding_all_abis ... ok
test user::windows::process::sched::tests::services_tests::virtual_memory_tests::native_virtual_memory_free_reserved_mapped_and_no_target_read_all_abis ... ok
test user::windows::process::sched::tests::services_tests::virtual_memory_tests::native_virtual_memory_image_query_private_all_abis ... ok
test user::windows::process::sched::tests::services_tests::nls_tests::native_nls_probe_order_context_optional_size_and_guard_priority_all_abis ... ok
test user::windows::process::sched::tests::services_tests::registry_tests::tree::native_ifeo_absolute_children_serialize_raw_values_and_preserve_outside_frontier_all_abis ... ok
test user::windows::process::sched::tests::services_tests::virtual_memory_tests::native_virtual_memory_return_length_alias_is_published_last_all_abis ... ok
test user::windows::process::sched::tests::services_tests::registry_tests::tree::native_ifeo_opens_relative_paths_with_observed_absence_and_root_lifetime_all_abis ... ok
test user::windows::process::sched::tests::services_tests::registry_tests::native_registry_value_layout_lengths_case_and_defined_prefix_all_abis ... ok
test user::windows::process::sched::tests::services_tests::virtual_memory_tests::working_set::native_working_set_protection_guards_and_decommit_observe_current_guest_state ... ok
test user::windows::process::sched::tests::services_tests::virtual_memory_tests::working_set::native_working_set_query_observes_lazy_residency_without_faulting_all_abis ... ok
test user::windows::process::sched::tests::services_tests::virtual_memory_tests::native_virtual_memory_class_length_bound_priority_and_wow_optional_guards ... ok
test user::windows::process::sched::tests::services_tests::virtual_memory_tests::working_set::native_working_set_incomplete_last_record_crosses_noaccess_or_guard_only_native ... ok
test user::windows::process::sched::tests::services_tests::virtual_memory_tests::working_set::native_working_set_early_bounds_and_guest_conversion_budget_all_abis ... ok
test user::windows::process::sched::tests::services_tests::virtual_memory_tests::working_set::native_working_set_unmapped_reserved_and_private_image_frames_all_abis ... ok
test user::windows::process::sched::tests::services_tests::virtual_memory_tests::native_virtual_memory_shared_guard_disables_wow_length_copy_before_output ... ok
test user::windows::process::sched::tests::services_tests::wow64_close_consumes_only_its_internal_return_and_keeps_callee_cleanup_in_guest_code ... ok
test user::windows::process::sched::tests::services_tests::wow64_range_query_tracks_the_executable_large_address_aware_flag ... ok
test user::windows::process::sched::tests::services_tests::wow64_stack_arguments_faults_and_unknown_numbers_have_distinct_results ... ok
test user::windows::process::sched::tests::timed_wait_completes_and_last_thread_exit_ends_process ... ok
test user::windows::process::sched::tests::services_tests::virtual_memory_tests::native_virtual_memory_typed_process_rights_lifetime_and_remote_frontier ... ok
test user::windows::process::sched::tests::terminal_fls_callback_aborts_api_without_replacing_exit_all_abis ... ok
test user::windows::process::sched::tests::services_tests::virtual_memory_tests::working_set::native_working_set_input_capture_precedes_wow_handle_check_and_output_copy ... ok
test user::windows::process::sched::tests::timer_signal_completes_object_wait_without_skipping_guest_wait ... ok
test user::windows::process::sched::tests::unhandled_cpu_exceptions_preserve_guest_status ... ok
test user::windows::process::sched::tests::services_tests::virtual_memory_tests::native_virtual_memory_return_length_faults_and_two_guard_order_all_abis ... ok
test user::windows::process::sched::tests::services_tests::virtual_memory_tests::working_set::native_working_set_successful_return_alias_overwrites_record_last_all_abis ... ok
test user::windows::process::sched::tests::services_tests::virtual_memory_tests::working_set::native_working_set_query_rights_closed_handle_and_failure_length_all_abis ... ok
test user::windows::process::sched::tests::services_tests::virtual_memory_tests::native_virtual_memory_native_extent_wow_prefix_and_pointer_sized_lengths ... ok
test user::windows::process::start::tests::program_quoting_does_not_double_literal_trailing_backslashes ... ok
test user::windows::process::stack::tests::checked_personality_stack_preparation_grows_before_writes_all_abis ... ok
test user::windows::process::sched::tests::services_tests::virtual_memory_tests::native_virtual_memory_null_unaligned_outputs_and_return_length_all_abis ... ok
test user::windows::process::stack::tests::protected_teb_and_nonstack_guards_do_not_publish_growth_all_abis ... ok
test user::windows::process::stack::tests::guard_growth_publishes_exact_frontier_and_preserves_hard_bottom_all_abis ... ok
test user::windows::process::start::tests::quotes_empty_spaces_quotes_and_trailing_backslashes ... ok
test user::windows::process::thread::tests::hostile_stack_size_releases_the_unpublished_teb ... ok
test user::windows::process::sched::tests::services_tests::virtual_memory_tests::working_set::native_working_set_record_lengths_floor_only_wow_and_preserve_tail_bytes ... ok
test user::windows::process::thread::tests::inaccessible_tls_template_releases_stack_teb_and_heap_blocks ... ok
test user::windows::process::sched::tests::services_tests::virtual_memory_tests::working_set::native_working_set_return_length_probe_guard_order_and_shared_alias_all_abis ... ok
test user::windows::process::thread::tests::overflowing_tls_template_size_and_invalid_index_are_rejected ... ok
test user::windows::registry::tests::registry_preserves_raw_type_bytes_surrogates_and_snapshot_handle_ownership ... ok
test user::windows::process::start::parameters_tests::modern_parameter_tail_is_zero_and_disjoint_from_strings_all_abis ... ok
test user::windows::registry::tree::tests::ifeo_closed_tree_preserves_raw_values_and_descendant_handle_lifetime ... ok
test user::windows::registry::fixed::tests::segment_heap_partial_selection_preserves_present_absent_scope_and_old_parent ... ok
test user::windows::registry::tree::tests::ifeo_lookup_obeys_native_separator_absence_and_closed_scope ... ok
test user::windows::seh::arm64::tests::arm64_full_frame_pair_restores_caller_and_handler ... ok
test user::windows::seh::arm64::tests::arm64_llvm_save_any_preindex_zero_encodes_16_bytes ... ok
test user::windows::seh::arm64::tests::arm64_full_partial_prolog_and_epilog_skip_completed_instructions ... ok
test user::windows::seh::arm64::tests::arm64_llvm_save_next_precedes_base_pair_in_reverse_unwind_order ... ok
test user::windows::seh::arm64::tests::arm64_full_pac_hint_counts_partial_prolog_and_epilog ... ok
test user::windows::seh::arm64::tests::arm64_scalar_float_saves_preserve_high_vector_bits ... ok
test user::windows::seh::arm64::tests::arm64_reserved_and_faulting_unwind_leave_context_unchanged ... ok
test user::windows::seh::arm64::tests::arm64_windows_cpu_keeps_pac_unwind_in_hint_profile ... ok
test user::windows::registry::fixed::tests::segment_heap_rejects_invalid_parent_scope_duplicate_and_shared_value_exhaustion ... ok
test user::windows::seh::dynamic::tests::admission_cap_empty_pointer_and_reserved_arm64_flags_are_bounded ... ok
test user::windows::seh::dynamic::tests::aggregate_entry_cap_rejects_a_second_table_without_reading_it ... ok
test user::windows::process::sched::tests::services_tests::registry_tests::native_registry_open_capture_order_output_zeroing_and_read_only_policy_all_abis ... ok
test user::windows::seh::dynamic::tests::image_lookup_miss_falls_through_and_overlaps_fail_closed ... ok
test user::windows::seh::arm64::tests::arm64_packed_chained_frame_restores_fp_lr ... ok
test user::windows::seh::dynamic::tests::arm64_packed_and_full_xdata_use_registered_base ... ok
test user::windows::seh::dynamic::tests::x64_metadata_fault_keeps_context_and_malformed_mutation_is_not_leaf ... ok
test user::windows::seh::arm64::tests::arm64_packed_pac_hint_chained_and_fragment_frames ... ok
test user::windows::seh::dynamic::tests::x64_unsorted_and_mutated_tables_are_read_live ... ok
test user::windows::registry::tests::registry_snapshot_rejects_table_count_name_data_total_and_case_collisions ... ok
test user::windows::registry::tests::selected_runtime_registry_rejects_key_scope_duplicates_and_aggregate_exhaustion ... ok
test user::windows::seh::dynamic::tests::x64_dynamic_nonleaf_unwind_registration_and_exact_pointer_delete ... ok
test user::windows::seh::tests::continuation_cannot_fabricate_flags_when_guest_record_is_unreadable ... ok
test user::windows::registry::tests::selected_runtime_registry_namespace_is_scoped_shares_collation_and_retains_owners ... ok
test user::windows::registry::tree::tests::ifeo_values_share_existing_namespace_count_byte_and_collision_budgets ... ok
test user::windows::seh::unwind::tests::dormant_unwind_context_output_fault_is_not_success ... ok
test user::windows::seh::unwind::tests::dispatcher_context_x86_rejection_writes_nothing ... ok
test user::windows::registry::tree::tests::ifeo_tree_rejects_colliding_names_grammar_depth_and_key_path_exhaustion ... ok
test user::windows::seh::tests::continuation_checks_flags_before_continue_handlers_and_admits_continuable_context ... ok
test user::windows::seh::tests::terminal_exception_paths_are_forced_all_abis ... ok
test user::windows::seh::unwind::tests::dispatcher_context_writes_exact_architecture_extent_and_preserves_sentinels ... ok
test user::windows::seh::unwind::tests::dispatcher_context_exact_page_boundary_does_not_touch_protected_next_page ... ok
test user::windows::seh::unwind::tests::frame_tracker_checks_cycles_lr_and_exact_cap ... ok
test user::windows::seh::unwind::tests::genuine_leafs_finish_but_repeated_arm64_leaf_fails_closed ... ok
test user::windows::seh::tests::noncontinuable_vectored_and_unhandled_filter_cannot_resume ... ok
test user::windows::seh::unwind::tests::failed_metadata_lookup_preserves_original_exception_without_leaf_restoration ... ok
test user::windows::seh::unwind::tests::metadata_reader_rejects_adjacent_readable_mapping ... ok
test user::windows::seh::unwind::tests::lookup_distinguishes_absence_guest_fault_and_malformed_extent ... ok
test user::windows::seh::x64::tests::x64_partial_prolog_skips_unexecuted_stack_allocation ... ok
test user::windows::seh::x64::tests::x64_small_allocation_and_push_restore_caller ... ok
test user::windows::seh::x64::tests::x64_chained_record_cycle_is_rejected ... ok
test user::windows::seh::x64::tests::x64_fault_and_reserved_metadata_leave_context_unchanged ... ok
test user::windows::seh::x64::tests::x64_machine_frame_restores_all_five_slots_with_or_without_error_code ... ok
test user::windows::seh::x64::tests::x64_machine_frame_late_slot_fault_is_transactional ... ok
test user::windows::seh::x86::tests::handler_continuation_reads_are_checked_and_self_chain_is_rejected ... ok
test user::windows::seh::x86::tests::record_flags_fault_and_dispatcher_word_retry_are_reported ... ok
test user::windows::seh::x64::tests::x64_frame_register_saved_integer_and_xmm_and_handler ... ok
test user::windows::seh::x86::tests::rtl_unwind_rejects_exit_and_null_ip_before_changing_the_chain ... ok
test user::windows::seh::x86::tests::unreadable_teb_and_registration_do_not_become_end_or_null_handler ... ok
test user::windows::seh::x86::tests::rtl_unwind_rejects_invalid_disposition_before_unlinking ... ok
test user::windows::seh::x86::tests::rtl_unwind_rejects_collided_without_fabricating_a_pop ... ok
test user::windows::seh::x64::tests::x64_epilog_suffix_is_simulated_instead_of_replaying_prolog ... ok
test user::windows::seh::x86::tests::rtl_unwind_rejects_unreadable_head_target_before_allocating ... ok
test user::windows::seh::x64::tests::x64_tail_jump_outside_function_and_rex_register_tail_jump ... ok
test user::windows::seh::x86::tests::rtl_unwind_post_handler_fault_is_terminal_without_unlinking ... ok
test user::windows::seh::x86::tests::rtl_unwind_rejects_changed_link_and_self_cycle ... ok
test user::windows::tls::fls::tests::abandoned_free_releases_closing_slot_without_success_or_stale_values ... ok
test user::windows::tls::fls::tests::context_keys_migrate_without_aliasing_or_overwriting ... ok
test user::windows::tls::fls::tests::finished_ticket_drop_cannot_clear_a_new_cleanup_admission ... ok
test user::windows::tls::fls::tests::cleanup_uses_live_generations_and_handles_rearmed_values ... ok
test user::windows::tls::tests::tls_indices_are_lowest_free_and_bounded ... ok
test user::windows::sync::exit_tests::normal_exit_keeps_initialized_critical_sections_and_dead_owner_all_abis ... ok
test vm::memory::tests::guest_memory_size_allows_configured_cap ... ok
test vm::memory::tests::align_up_down ... ok
test user::windows::sync::tests::waiter_counter_overflow_rejects_without_publishing_or_writing ... ok
test user::windows::tls::fls::tests::free_is_all_context_nonnull_and_recycling_waits_for_completion ... ok
test vm::memory::tests::guest_memory_size_rejects_values_above_cap ... ok
test vm::memory::tests::guest_memory_size_checks_overflow_before_padding ... ok
test user::windows::tls::fls::tests::nonconvergent_cleanup_is_bounded_and_abandonment_is_reported ... ok
test user::windows::sync::exit_tests::normal_exit_releases_peer_object_pin_once_and_discards_address_waits_all_abis ... ok
test user::windows::sync::exit_tests::normal_exit_does_not_consume_completed_peer_waits_twice_all_abis ... ok
test user::windows::seh::x86::tests::valid_chain_end_and_exact_registration_cap ... ok
test vm::snapshot::tests::test_snapshot_config ... ok
test user::windows::sync::exit_tests::normal_exit_never_touches_unreadable_peer_lock_storage_all_abis ... ok
test vm::snapshot::tests::snapshot_rejects_config_memory_size_mismatch ... ok
test vm::snapshot::tests::snapshot_rejects_oversized_memory_metadata ... ok
test vm::runtime::tests::legacy_serial_irq_does_not_call_backend_for_emulator ... ok
test vm::runtime::tests::legacy_serial_irq_drives_pic_and_kvm_irq_line ... ok
test user::windows::sync::exit_tests::normal_exit_retires_srw_writer_without_guest_write_and_reconciles_lazily_all_abis ... ok
test vm::snapshot::tests::emulator_state_bincode_roundtrip_preserves_interrupt_and_model_msr_state ... ok
test vm::snapshot::tests::checkpoint_config_bincode_roundtrip ... ok
test vm::snapshot::tests::device_state_bincode_roundtrip ... ok
test user::windows::tls::fls::tests::bounded_slots_and_generation_overflow_fail_without_publication ... ok
test user::windows::process::sched::tests::services_tests::registry_tests::native_registry_query_fault_order_guards_alias_and_cross_page_prefix_all_abis ... ok
test smir::ir::x86_native_replay::tests::legacy_gfni::exact_graph_validator_covers_every_affine_immediate_at_o0_o1_o2 ... ok
test smir::ir::x86_native_replay::tests::legacy_gfni::exact_graph_validator_covers_all_9792_kind_rex_register_and_level_images has been running for over 60 seconds
test smir::ir::x86_native_replay::tests::legacy_gfni::graph_validator_rejects_every_inverse_operation_field_and_hint_at_o0_o2 has been running for over 60 seconds
test smir::ir::x86_native_replay::tests::legacy_gfni::graph_validator_rejects_every_inverse_operation_field_and_hint_at_o0_o2 ... ok
test smir::ir::x86_native_replay::tests::legacy_gfni::exact_graph_validator_covers_all_9792_kind_rex_register_and_level_images ... ok

failures:

failures:
    user::linux::tests::uring::timeout::a_multishot_timeout_reports_each_expiry

test result: FAILED. 7551 passed; 1 failed; 2 ignored; 0 measured; 0 filtered out; finished in 109.28s

error: test failed, to rerun pass `--lib`
