    Blocking waiting for file lock on artifact directory
warning: "stdcall" is not a supported ABI for the current target
  --> vendor\vm-memory\src\mmap\windows.rs:22:1
   |
22 | / extern "stdcall" {
23 | |     pub fn VirtualAlloc(
24 | |         lpAddress: *mut c_void,
25 | |         dwSize: size_t,
...  |
49 | |     pub fn CloseHandle(hObject: RawHandle) -> u32; // BOOL
50 | | }
   | |_^
   |
   = warning: this was previously accepted by the compiler but is being phased out; it will become a hard error in a future release!
   = note: for more information, see issue #137018 <https://github.com/rust-lang/rust/issues/137018>
   = help: if you need `extern "stdcall"` on win32 and `extern "C"` everywhere else, use `extern "system"`
   = note: `#[warn(unsupported_calling_conventions)]` (part of `#[warn(future_incompatible)]`) on by default

warning: `vm-memory` (lib) generated 1 warning
    Finished `test` profile [unoptimized + debuginfo] target(s) in 44.69s
     Running unittests src\lib.rs (C:\Windows\Temp\assist-native-rax-20261010\target\debug\deps\rax-d861ee8f992d7cb6.exe)

running 6954 tests
test backend::emulator::aarch32::tests::state_round_trips_banked_and_system_registers ... ok
test backend::emulator::aarch32::tests::svc_is_taken_through_the_vector_table ... ok
test backend::emulator::aarch32::tests::undefined_instructions_are_returned_without_retiring ... ok
test backend::emulator::aarch32::tests::thumb_instructions_advance_by_their_length ... ok
test backend::emulator::aarch32::tests::wfi_halts_until_woken ... ok
test backend::emulator::aarch32::tests::code_and_data_anywhere_in_guest_memory_are_used ... ok
test backend::emulator::aarch32::tests::unmapped_accesses_fault_at_the_first_missing_byte_without_retiring ... ok
test backend::emulator::aarch64::tests::guest_thread_id_writes_are_reflected_in_state ... ok
test backend::emulator::aarch64::tests::seeded_thread_id_registers_are_guest_visible ... ok
test backend::emulator::aarch64::tests::ordinary_machine_delivers_unmapped_fault_to_guest ... ok
test backend::emulator::aarch64::tests::fault_exit_preserves_system_delivery_for_other_events ... ok
test backend::emulator::aarch64::user_tests::brk_reports_a_breakpoint_exception_without_retiring ... ok
test backend::emulator::aarch64::tests::set_state_round_trips_modeled_sregs ... ok
test backend::emulator::aarch64::user_tests::a_crossing_store_that_faults_publishes_nothing ... ok
test backend::emulator::aarch64::user_tests::memory_recording_reports_user_accesses ... ok
test backend::emulator::aarch64::user_tests::new_user_executes_at_el0t ... ok
test backend::emulator::aarch64::user_tests::floating_point_is_enabled_at_el0 ... ok
test backend::emulator::aarch64::user_tests::run_stops_at_the_system_call ... ok
test backend::emulator::aarch64::user_tests::page_permissions_are_enforced_with_the_exact_address ... ok
test backend::emulator::aarch64::user_tests::svc_retires_and_reports_a_system_call_with_the_pc_past_it ... ok
test backend::emulator::aarch64::user_tests::translate_addr_applies_the_user_translation ... ok
test backend::emulator::aarch64::user_tests::undefined_encodings_report_an_unknown_reason_exception ... ok
test backend::emulator::cortex_m::tests::enabled_usage_fault_reports_division_by_zero ... ok
test backend::emulator::cortex_m::tests::a_fault_at_hardfault_priority_locks_up ... ok
test backend::emulator::cortex_m::tests::bkpt_escalates_to_hardfault_returning_to_itself ... ok
test backend::emulator::cortex_m::tests::imported_handler_mode_can_return ... ok
test backend::emulator::cortex_m::tests::illegal_exc_return_takes_invpc ... ok
test backend::emulator::cortex_m::tests::exception_entry_realigns_the_stack_and_return_undoes_it ... ok
test backend::emulator::cortex_m::tests::process_stack_frames_and_exc_return ... ok
test backend::emulator::cortex_m::tests::state_round_trips_special_and_system_registers ... ok
test backend::emulator::cortex_m::tests::svc_enters_svcall_and_bx_lr_returns ... ok
test backend::emulator::cortex_m::tests::memory_faults_and_undefined_instructions_return_to_the_embedder ... ok
test backend::emulator::cortex_m::tests::svc_that_cannot_preempt_escalates_to_hardfault ... ok
test backend::emulator::cortex_m::tests::thumb_and_thumb2_code_executes_from_guest_memory ... ok
test backend::emulator::cortex_m::tests::unaligned_trap_applies_to_word_loads ... ok
test backend::emulator::cortex_m::tests::wfi_waits_until_woken ... ok
test backend::emulator::riscv::cpu::state_tests::privilege_csrs_and_vectors_round_trip ... ok
test backend::emulator::riscv::cpu::state_tests::default_fields_leave_the_hart_unchanged ... ok
test backend::emulator::riscv::cpu::user_tests::ebreak_reports_a_breakpoint_without_retiring ... ok
test backend::emulator::riscv::cpu::user_tests::ecall_reports_a_system_call_and_resumes_after_it ... ok
test backend::emulator::riscv::cpu::user_tests::illegal_and_privileged_instructions_stay_in_u_mode ... ok
test backend::emulator::riscv::cpu::user_tests::page_permissions_are_enforced_with_the_exact_address ... ok
test backend::emulator::riscv::cpu::user_tests::run_stops_at_the_system_call ... ok
test backend::emulator::riscv::cpu::user_tests::a_crossing_store_that_faults_publishes_nothing ... ok
test backend::emulator::riscv::cpu::user_tests::user_mode_has_no_device_windows ... ok
test backend::emulator::riscv::cpu::user_tests::translate_addr_applies_the_user_translation ... ok
test config::tests::address_parses_hex_and_decimal ... ok
test config::tests::from_checkpoint_allows_cli_memory_override_after_metadata_match ... ok
test config::tests::from_checkpoint_rejects_config_memory_mismatch ... ok
test config::tests::from_checkpoint_rejects_oversized_embedded_memory ... ok
test config::tests::memory_size_parses_units ... ok
test config::tests::memory_size_rejects_bad_values ... ok
test devices::ac97::tests::bdbar_programming_byte_wise_and_alignment ... ok
test devices::ac97::tests::codec_ready_on_reset ... ok
test devices::ac97::tests::control_register_bits_and_run ... ok
test devices::ac97::tests::lvi_write_while_running_clears_halt ... ok
test devices::ac97::tests::lvi_programming_and_civ_readonly ... ok
test devices::ac97::tests::control_reset_bit_self_clears_and_resets_channel ... ok
test devices::ac97::tests::global_control_and_status ... ok
test devices::ac97::tests::master_volume_read_write_and_mute_bit ... ok
test devices::ac97::tests::mono_volume_masks_to_mono_field ... ok
test devices::ac97::tests::nabm_channel_decode ... ok
test devices::ac97::tests::pcm_out_dma_fault_sets_fifo_error ... ok
test devices::ac97::tests::pcm_out_engine_idle_when_not_running ... ok
test devices::ac97::tests::record_select_and_gain_general_purpose_rw ... ok
test devices::ac97::tests::pcm_out_plays_buffers_and_advances_civ ... ok
test devices::ac97::tests::pio_nabm_access ... ok
test devices::ac97::tests::pio_word_access_mixer ... ok
test devices::ac97::tests::pio_out_of_range_reads_ff ... ok
test devices::ac97::tests::reset_register_reports_capabilities ... ok
test devices::ac97::tests::status_rwc_bits_write_one_to_clear ... ok
test devices::ac97::tests::vendor_id_registers ... ok
test devices::ac97::tests::volume_reserved_bits_masked_off ... ok
test devices::ac97::tests::writing_reset_register_restores_defaults ... ok
test devices::ahci::tests::cap2_reads_zero ... ok
test devices::ahci::tests::cap_pi_vs_are_read_only ... ok
test devices::ahci::tests::cap_reports_capabilities ... ok
test devices::ahci::tests::ci_does_not_run_without_st ... ok
test devices::ahci::tests::command_header_parse ... ok
test devices::ahci::tests::fis_h2d_parse ... ok
test devices::ahci::tests::disk_capacity ... ok
test devices::ahci::tests::ghc_ae_and_ie_writable ... ok
test devices::ahci::tests::identify_command_round_trip ... ok
test devices::ahci::tests::port_signature_is_sata_disk ... ok
test devices::ahci::tests::ghc_hr_resets_and_self_clears ... ok
test devices::ahci::tests::port_tfd_reports_ready ... ok
test devices::ahci::tests::prd_parse_byte_count_is_one_based ... ok
test devices::ahci::tests::pxclb_pxfb_programming ... ok
test devices::ahci::tests::ports_implemented_is_port0 ... ok
test devices::ahci::tests::pxcmd_st_fre_drive_cr_fr ... ok
test devices::ahci::tests::port_ssts_reports_device_present ... ok
test devices::ahci::tests::pxis_and_hba_is_write_one_clear ... ok
test devices::ahci::tests::pxis_pxserr_write_one_clear ... ok
test devices::ahci::tests::read_dma_ext_out_of_range_errors ... ok
test devices::ahci::tests::read_dma_ext_scatter_gather ... ok
test devices::ahci::tests::version_is_1_3 ... ok
test devices::bus::mmio_tests::mmio_read_write_dispatches ... ok
test devices::ahci::tests::write_then_read_dma_ext_round_trip ... ok
test devices::bus::mmio_tests::mmio_register_rejects_overlap ... ok
test devices::bus::tests::register_rejects_overlap ... ok
test devices::bus::tests::read_write_dispatches ... ok
test devices::crypto::tests::aes128_cbc_decrypt_nist ... ok
test devices::crypto::tests::aes128_decrypt_block_fips197 ... ok
test devices::crypto::tests::aes256_decrypt_block_fips197 ... ok
test devices::crypto::tests::sha1_known_vectors ... ok
test devices::dma::tests::address_register_low_high_via_flip_flop ... ok
test devices::dma::tests::clear_flip_flop_command ... ok
test devices::dma::tests::clear_mask_register ... ok
test devices::dma::tests::controller2_16bit_channel_registers ... ok
test devices::dma::tests::flip_flop_independent_per_controller ... ok
test devices::dma::tests::count_register_via_flip_flop ... ok
test devices::dma::tests::master_clear_resets_flip_flop_and_masks ... ok
test devices::dma::tests::page_registers ... ok
test devices::dma::tests::mode_register ... ok
test devices::dma::tests::physical_address_composition ... ok
test devices::dma::tests::single_mask_bit ... ok
test devices::dma::tests::status_request_bits_and_clear_on_read ... ok
test devices::dma::tests::write_all_mask ... ok
test devices::e1000::tests::ctrl_read_write_roundtrip ... ok
test devices::e1000::tests::eeprom_checksum_word_is_baba ... ok
test devices::e1000::tests::eerd_reads_mac_words ... ok
test devices::e1000::tests::icr_read_clears ... ok
test devices::e1000::tests::icr_write_clears_bits ... ok
test devices::e1000::tests::ims_imc_mask_gating ... ok
test devices::e1000::tests::mac_shadowed_into_receive_address ... ok
test devices::e1000::tests::rctl_tctl_enable_bits ... ok
test devices::e1000::tests::mta_read_write ... ok
test devices::e1000::tests::rx_disabled_rejects_frame ... ok
test devices::e1000::tests::rx_full_ring_signals_overrun ... ok
test devices::e1000::tests::rx_injection_sets_rxt0_and_advances_rdh ... ok
test devices::e1000::tests::rx_then_interrupt_pending_when_unmasked ... ok
test devices::e1000::tests::status_is_link_up_and_read_only ... ok
test devices::e1000::tests::subword_write_preserves_other_bytes ... ok
test devices::e1000::tests::tdt_write_drives_tx_processing ... ok
test devices::e1000::tests::tx_context_descriptor_skipped ... ok
test devices::e1000::tests::tx_disabled_does_nothing ... ok
test devices::e1000::tests::tx_multi_descriptor_frame_reassembled ... ok
test devices::fdc::tests::chs_to_offset_geometry ... ok
test devices::fdc::tests::configure_accepts_params ... ok
test devices::fdc::tests::dor_motor_and_drive_select ... ok
test devices::fdc::tests::msr_rqm_dio_transitions ... ok
test devices::fdc::tests::invalid_command_returns_st0_invalid ... ok
test devices::fdc::tests::dumpreg_returns_ten_bytes ... ok
test devices::fdc::tests::image_size_is_1_44mb ... ok
test devices::fdc::tests::read_data_round_trip ... ok
test devices::fdc::tests::read_id_returns_chs ... ok
test devices::fdc::tests::read_data_out_of_range_aborts ... ok
test devices::fdc::tests::reset_pends_four_sense_interrupts_and_irq ... ok
test devices::fdc::tests::recalibrate_then_sense_interrupt ... ok
test devices::fdc::tests::sense_drive_status_reports_track0_and_ready ... ok
test devices::fdc::tests::sense_drive_status_reports_write_protect ... ok
test devices::fdc::tests::seek_updates_cylinder ... ok
test devices::fdc::tests::specify_accepts_params ... ok
test devices::fdc::tests::version_returns_0x90 ... ok
test devices::fdc::tests::write_then_read_back_same_sector ... ok
test devices::fdc::tests::write_data_round_trip ... ok
test devices::fw_cfg::tests::add_bytes_round_trip_via_selector_and_data ... ok
test devices::fw_cfg::tests::add_file_assigns_incrementing_selectors ... ok
test devices::fw_cfg::tests::id_reads_feature_bitmap_le ... ok
test devices::fw_cfg::tests::selector_write_resets_offset ... ok
test devices::fw_cfg::tests::signature_reads_qemu_byte_by_byte ... ok
test devices::fw_cfg::tests::add_file_appears_in_directory_with_be_size_and_select ... ok
test devices::fw_cfg::tests::unknown_selector_reads_zero ... ok
test devices::hpet::tests::test_32bit_access_split_of_capabilities ... ok
test devices::hpet::tests::test_32bit_write_preserves_other_half ... ok
test devices::hpet::tests::test_byte_access_reassembles ... ok
test devices::hpet::tests::test_byte_wise_write_reassembles ... ok
test devices::hpet::tests::test_capabilities_layout ... ok
test devices::hpet::tests::test_capabilities_readonly ... ok
test devices::hpet::tests::test_config_legacy_routing_bit ... ok
test devices::hpet::tests::test_config_reserved_bits_ignored ... ok
test devices::hpet::tests::test_counter_write_while_halted ... ok
test devices::hpet::tests::test_crossed_helper ... ok
test devices::hpet::tests::test_enable_preserves_exact_counter_crossing_boundary ... ok
test devices::hpet::tests::test_fsb_route_register_stored ... ok
test devices::hpet::tests::test_periodic_one_tick_gap_rearms_without_iterating_missed_ticks ... ok
test devices::hpet::tests::test_oneshot_fires_and_status_rw1c_clears ... ok
test devices::hpet::tests::test_disabled_interrupt_does_not_fire ... ok
test devices::hpet::tests::test_counter_halted_by_default ... ok
test devices::hpet::tests::test_periodic_rearm_after_large_elapsed_window ... ok
test devices::hpet::tests::test_timer_config_capability_bits_preserved ... ok
test devices::hpet::tests::test_timers_independent ... ok
test devices::i8042::tests::i8042_a20_gate_via_output_port ... ok
test devices::i8042::tests::i8042_aux_byte_sets_obf_and_aux_status ... ok
test devices::i8042::tests::i8042_aux_irq_gated_off_when_disabled ... ok
test devices::i8042::tests::i8042_aux_reply_queue_is_bounded ... ok
test devices::i8042::tests::i8042_command_byte_write_then_read ... ok
test devices::i8042::tests::i8042_disable_enable_keyboard ... ok
test devices::i8042::tests::i8042_ibf_stays_clear_during_two_byte_command ... ok
test devices::i8042::tests::i8042_interface_tests_return_zero ... ok
test devices::i8042::tests::i8042_irq1_gated_off_when_disabled ... ok
test devices::i8042::tests::i8042_irq1_raised_when_enabled ... ok
test devices::i8042::tests::i8042_keyboard_ack_queue_is_bounded ... ok
test devices::i8042::tests::i8042_keyboard_command_gets_ack ... ok
test devices::i8042::tests::i8042_pulse_0xfe_requests_reset ... ok
test devices::i8042::tests::i8042_read_output_port ... ok
test devices::i8042::tests::i8042_reset_via_output_port_bit0_low ... ok
test devices::i8042::tests::i8042_scancode_fifo_sets_obf_and_pops_in_order ... ok
test devices::i8042::tests::i8042_self_test_returns_0x55 ... ok
test devices::i8042::tests::i8042_unknown_ports_read_ff ... ok
test devices::i8042::tests::i8042_write_aux_routes_to_mouse_stream ... ok
test devices::i8042::tests::mouse_enable_reporting_then_movement_produces_packet_and_irq12 ... ok
test devices::i8042::tests::mouse_get_device_id_default_is_standard ... ok
test devices::i8042::tests::mouse_intellimouse_magic_sequence_switches_id_and_packet_size ... ok
test devices::i8042::tests::mouse_no_packet_when_reporting_disabled ... ok
test devices::i8042::tests::mouse_remote_mode_read_data_returns_packet ... ok
test devices::i8042::tests::mouse_reset_sequence_ack_bat_id ... ok
test devices::i8042::tests::mouse_set_resolution_acks_command_and_param ... ok
test devices::i8042::tests::mouse_set_sample_rate_acks_command_and_param ... ok
test devices::i8042::tests::mouse_simple_commands_each_ack ... ok
test devices::i8042::tests::mouse_status_request_returns_three_bytes ... ok
test devices::ide::tests::capacity_from_disk_length ... ok
test devices::ide::tests::drive_select_reflected_in_register ... ok
test devices::ide::tests::identify_on_slave_aborts ... ok
test devices::ide::tests::initial_status_drdy ... ok
test devices::ide::tests::identify_returns_sane_block ... ok
test devices::ide::tests::lba28_read_sector_round_trip ... ok
test devices::ide::tests::lba28_write_sector_round_trip ... ok
test devices::ide::tests::lba48_read_round_trip ... ok
test devices::ide::tests::nien_masks_interrupt ... ok
test devices::ide::tests::multi_sector_read_round_trip ... ok
test devices::ide::tests::read_out_of_range_aborts ... ok
test devices::ide::tests::secondary_channel_ports ... ok
test devices::ide::tests::srst_resets_signature ... ok
test devices::ide::tests::atapi_read12_large_request_buffers_only_current_drq_chunk ... ok
test devices::ide::tests::status_bsy_drq_transitions ... ok
test devices::ide::tests::unknown_command_aborts ... ok
test devices::ide::tests::write_then_read_back_via_ports ... ok
test devices::ioapic::tests::test_byte_access_widths ... ok
test devices::ioapic::tests::test_id_only_writable_bits ... ok
test devices::ioapic::tests::test_ioregsel_iowin_indirect_access ... ok
test devices::ioapic::tests::test_mask_gates_delivery ... ok
test devices::ioapic::tests::test_rte_low_high_half_write_readback ... ok
test devices::ioapic::tests::test_rte_readonly_bits_preserved ... ok
test devices::ioapic::tests::test_set_irq_out_of_range_ignored ... ok
test devices::ioapic::tests::test_set_irq_pending_vector ... ok
test devices::ioapic::tests::test_unmask_while_asserted_delivers ... ok
test devices::ioapic::tests::test_version_and_max_redir ... ok
test devices::hpet::tests::test_disable_latches_counter ... ok
test devices::hpet::tests::test_periodic_rearm ... ok
test devices::ioapic::tests::test_version_register_readonly ... ok
test devices::lapic::tests::test_ack_interrupt ... ok
test devices::lapic::tests::test_all_irr_bits ... ok
test devices::lapic::tests::test_apic_enable_disable ... ok
test devices::lapic::tests::test_apr_rrd_readonly ... ok
test devices::lapic::tests::test_complex_eoi_with_pending_irr ... ok
test devices::lapic::tests::test_complex_icr_full_64bit ... ok
test devices::lapic::tests::test_complex_multiple_nmi_pending ... ok
test devices::lapic::tests::test_complex_tpr_affects_ppr ... ok
test devices::lapic::tests::test_dcr_mask ... ok
test devices::lapic::tests::test_dfr_register ... ok
test devices::lapic::tests::test_eoi_any_value ... ok
test devices::lapic::tests::test_eoi_clears_highest_isr ... ok
test devices::lapic::tests::test_eoi_with_empty_isr ... ok
test devices::lapic::tests::test_esr_register ... ok
test devices::lapic::tests::test_get_pending_vector ... ok
test devices::lapic::tests::test_icr_preserves_written_value ... ok
test devices::lapic::tests::test_icr_register ... ok
test devices::lapic::tests::test_id_register_read_write ... ok
test devices::lapic::tests::test_invalid_register_offset ... ok
test devices::lapic::tests::test_ipi_all_delivery_modes_to_self ... ok
test devices::lapic::tests::test_ipi_all_excluding_self ... ok
test devices::lapic::tests::test_ipi_all_including_self ... ok
test devices::lapic::tests::test_ipi_init ... ok
test devices::lapic::tests::test_ipi_init_deassert_ignored ... ok
test devices::lapic::tests::test_ipi_logical_destination ... ok
test devices::lapic::tests::test_ipi_logical_no_match ... ok
test devices::lapic::tests::test_ipi_logical_partial_match ... ok
test devices::lapic::tests::test_ipi_logical_self_match ... ok
test devices::lapic::tests::test_ipi_lowest_priority ... ok
test devices::lapic::tests::test_ipi_overwrite_pending ... ok
test devices::lapic::tests::test_ipi_physical_destination ... ok
test devices::lapic::tests::test_ipi_rapid_succession ... ok
test devices::lapic::tests::test_ipi_self_fixed ... ok
test devices::lapic::tests::test_ipi_self_nmi ... ok
test devices::lapic::tests::test_ipi_sipi ... ok
test devices::lapic::tests::test_ipi_smi ... ok
test devices::lapic::tests::test_irr_priority_all_classes ... ok
test devices::lapic::tests::test_irr_same_class_different_vectors ... ok
test devices::lapic::tests::test_isr_tmr_irr_register_indexing ... ok
test devices::lapic::tests::test_isr_tmr_irr_registers ... ok
test devices::lapic::tests::test_lapic_device_read_1byte ... ok
test devices::lapic::tests::test_lapic_device_read_4byte ... ok
test devices::lapic::tests::test_lapic_device_read_2byte ... ok
test devices::lapic::tests::test_lapic_device_write_1byte ... ok
test devices::lapic::tests::test_lapic_device_write_4byte ... ok
test devices::lapic::tests::test_ldr_register ... ok
test devices::lapic::tests::test_lvt_all_registers ... ok
test devices::lapic::tests::test_lvt_registers ... ok
test devices::lapic::tests::test_mmio_device_boundary_addresses ... ok
test devices::lapic::tests::test_mmio_device_invalid_size ... ok
test devices::lapic::tests::test_mmio_device_read_sizes ... ok
test devices::lapic::tests::test_mmio_device_unaligned_read ... ok
test devices::lapic::tests::test_mmio_device_write_sizes ... ok
test devices::lapic::tests::test_multiple_interrupts_priority ... ok
test devices::lapic::tests::test_nested_interrupts_isr_tracking ... ok
test devices::lapic::tests::test_new_lapic_initial_state ... ok
test devices::lapic::tests::test_new_lapic_with_different_ids ... ok
test devices::lapic::tests::test_nmi_pending_state ... ok
test devices::lapic::tests::test_physical_self_target ... ok
test devices::lapic::tests::test_ppr_calculation ... ok
test devices::lapic::tests::test_ppr_with_nested_isr ... ok
test devices::lapic::tests::test_read_all_irr_registers ... ok
test devices::lapic::tests::test_read_all_isr_registers ... ok
test devices::lapic::tests::test_read_all_tmr_registers ... ok
test devices::lapic::tests::test_register_alignment ... ok
test devices::lapic::tests::test_register_gaps_return_zero ... ok
test devices::lapic::tests::test_set_irr ... ok
test devices::lapic::tests::test_spurious_vector_reserved_bits ... ok
test devices::lapic::tests::test_sipi_vector_calculation ... ok
test devices::lapic::tests::test_svr_register ... ok
test devices::lapic::tests::test_take_pending_ipi ... ok
test devices::lapic::tests::test_timer_all_divisors_produce_different_rates ... ok
test devices::lapic::tests::test_timer_ccr_returns_zero_when_no_initial ... ok
test devices::lapic::tests::test_timer_current_count_decreases ... ok
test devices::lapic::tests::test_timer_divisor_encoding ... ok
test devices::lapic::tests::test_timer_initial_count_max_value ... ok
test devices::lapic::tests::test_timer_initial_count_one ... ok
test devices::lapic::tests::test_timer_initial_count_starts_timer ... ok
test devices::hpet::tests::test_enable_starts_counter_and_is_monotonic ... ok
test devices::lapic::tests::test_complex_timer_with_interrupts ... ok
test devices::lapic::tests::test_concurrent_ipi_and_timer ... ok
test devices::lapic::tests::test_timer_masked ... ok
test devices::lapic::tests::test_timer_mode_change_while_running ... ok
test devices::lapic::tests::test_timer_mode_encoding ... ok
test devices::lapic::tests::test_timer_disabled_apic_no_interrupt ... ok
test devices::lapic::tests::test_timer_mask_while_pending ... ok
test devices::lapic::tests::test_timer_masked_no_interrupt ... ok
test devices::lapic::tests::test_complex_disable_with_pending ... ok
test devices::lapic::tests::test_timer_zero_initial_count ... ok
test devices::lapic::tests::test_torture_ipi_storm ... ok
test devices::lapic::tests::test_timer_oneshot_expiration ... ok
test devices::lapic::tests::test_torture_register_random_access ... ok
test devices::lapic::tests::test_torture_timer_reconfiguration ... ok
test devices::lapic::tests::test_tpr_register ... ok
test devices::lapic::tests::test_vector_boundaries ... ok
test devices::lapic::tests::test_version_register_readonly ... ok
test devices::nvme::tests::admin_identify_controller_flow ... ok
test devices::lapic::tests::test_torture_rapid_irr_set_clear ... ok
test devices::nvme::tests::admin_sq_rejects_out_of_range_tail_doorbell ... ok
test devices::nvme::tests::aqa_asq_acq_programming ... ok
test devices::nvme::tests::admin_identify_namespace_reports_size ... ok
test devices::nvme::tests::cap_vs_are_read_only ... ok
test devices::nvme::tests::cap_reports_capabilities ... ok
test devices::nvme::tests::create_io_queues_and_round_trip_data ... ok
test devices::nvme::tests::doorbell_write_tracking ... ok
test devices::nvme::tests::enable_sets_ready_disable_clears ... ok
test devices::nvme::tests::intms_set_and_clear ... ok
test devices::nvme::tests::invalid_admin_opcode_completes_with_error ... ok
test devices::nvme::tests::io_sq_rejects_out_of_range_tail_doorbell ... ok
test devices::nvme::tests::namespace_capacity ... ok
test devices::nvme::tests::nvm_read_out_of_range_fails ... ok
test devices::nvme::tests::set_features_num_queues_returns_count ... ok
test devices::nvme::tests::submission_entry_parse_extracts_fields ... ok
test devices::nvme::tests::version_is_1_4 ... ok
test devices::pci::tests::address_latch_byte_writes_assemble ... ok
test devices::pci::tests::add_function_registers_device ... ok
test devices::pci::tests::address_latch_decode ... ok
test devices::pci::tests::bar_sizing_io ... ok
test devices::pci::tests::bar_sizing_mem32 ... ok
test devices::pci::tests::bar_sizing_mem64_prefetch ... ok
test devices::pci::tests::config_data_byte_word_dword_access ... ok
test devices::pci::tests::config_data_partial_write_preserves_dword ... ok
test devices::pci::tests::config_space_helpers_roundtrip ... ok
test devices::pci::tests::host_bridge_vendor_device_class ... ok
test devices::pci::tests::unoccupied_slot_reads_all_ones ... ok
test devices::pic::tests::acknowledge_real_master_line_sets_isr ... ok
test devices::pic::tests::active_irq_includes_pending_and_in_service_requests ... ok
test devices::pic::tests::auto_eoi_does_not_set_isr ... ok
test devices::pic::tests::cascade_delivers_slave_vector_and_sets_both_isr ... ok
test devices::pic::tests::cascade_eoi_master_and_slave ... ok
test devices::pic::tests::defaults_all_masked ... ok
test devices::pic::tests::edge_triggered_line_requires_a_new_rising_edge ... ok
test devices::pic::tests::icw1_without_icw4_goes_ready_after_icw3 ... ok
test devices::pic::tests::icw_full_sequence_sets_state ... ok
test devices::pic::tests::icw_level_triggered_and_single_mode ... ok
test devices::pic::tests::master_vector_and_isr ... ok
test devices::pic::tests::non_specific_eoi_clears_highest ... ok
test devices::pic::tests::ocw1_imr_masking ... ok
test devices::pic::tests::ocw3_poll_mode_acknowledges ... ok
test devices::pic::tests::ocw3_read_irr_and_isr ... ok
test devices::pic::tests::priority_resolution_honors_isr ... ok
test devices::pic::tests::repeated_edge_pulses_latch_repeated_requests ... ok
test devices::pic::tests::rotate_on_non_specific_eoi ... ok
test devices::pic::tests::rotate_on_specific_eoi_and_set_priority ... ok
test devices::pic::tests::rotation_changes_priority_order ... ok
test devices::pic::tests::slave_eoi_via_device_refreshes_cascade ... ok
test devices::pic::tests::special_mask_mode_allows_lower_priority ... ok
test devices::pic::tests::specific_eoi_clears_named ... ok
test devices::pic::tests::spurious_master_irq7 ... ok
test devices::pic::tests::spurious_slave_irq15 ... ok
test devices::pit::tests::test_bcd_bit_decoded ... ok
test devices::pit::tests::test_bcd_reload_decode ... ok
test devices::pit::tests::test_bcd_roundtrip_helpers ... ok
test devices::pit::tests::test_bios_default_18hz_configuration ... ok
test devices::pit::tests::test_channel2_gate_change_reloads ... ok
test devices::pit::tests::test_channel2_gate_getter_setter ... ok
test devices::pit::tests::test_channel2_out_readable ... ok
test devices::pit::tests::test_channel_2_read_write ... ok
test devices::pit::tests::test_channels_independent ... ok
test devices::pit::tests::test_clear_interrupt ... ok
test devices::pit::tests::test_command_access_mode_parsing ... ok
test devices::pit::tests::test_command_channel_selection ... ok
test devices::pit::tests::test_command_operating_modes ... ok
test devices::pit::tests::test_counter_latch_command ... ok
test devices::pit::tests::test_counter_latch_preserves_until_read ... ok
test devices::pit::tests::test_default_channel_settings ... ok
test devices::pit::tests::test_has_pending_interrupt ... ok
test devices::pit::tests::test_high_byte_only_read ... ok
test backend::emulator::aarch32::tests::thumb_wait_hints_halt ... ok
test devices::pit::tests::test_high_byte_only_write ... ok
test devices::pit::tests::test_io_port_mapping ... ok
test devices::pit::tests::test_latch_does_not_change_mode ... ok
test devices::pit::tests::test_lobyte_hibyte_write_sequence ... ok
test devices::pit::tests::test_low_byte_only_read ... ok
test devices::pit::tests::test_low_byte_only_write ... ok
test devices::pit::tests::test_mode0_out_low_then_high ... ok
test devices::pit::tests::test_mode2_rate_generator_out_pulse ... ok
test devices::pit::tests::test_mode3_square_wave_out_toggles ... ok
test devices::pit::tests::test_mode4_strobe_out_high_then_one_tick_low ... ok
test devices::pit::tests::test_multiple_latch_commands_ignored ... ok
test devices::pit::tests::test_pit_frequency_constant ... ok
test devices::pit::tests::test_pit_new_default_state ... ok
test devices::pit::tests::test_read_flip_flop_unlatched_lohi ... ok
test devices::pit::tests::test_readback_latch_count ... ok
test devices::pit::tests::test_readback_latch_status ... ok
test devices::pit::tests::test_readback_multiple_channels_count ... ok
test devices::pit::tests::test_readback_status_null_count_bit ... ok
test devices::pit::tests::test_reload_value_zero_means_65536 ... ok
test devices::pit::tests::test_standard_100hz_configuration ... ok
test devices::pit::tests::test_status_byte_fields ... ok
test devices::pit::tests::test_tick_fires_after_terminal_count_mode0 ... ok
test devices::pit::tests::test_write_latch_cleared_on_mode_change ... ok
test devices::pl011::tests::amba_ids_probe ... ok
test devices::pl011::tests::rx_flow_and_interrupt ... ok
test devices::pl011::tests::tx_interrupt_when_unmasked ... ok
test devices::lapic::tests::test_timer_restart_clears_pending ... ok
test devices::lapic::tests::test_timer_vector_change_while_running ... ok
test devices::rtc::tests::alarm_matches_with_wildcards ... ok
test devices::rtc::tests::alarm_matches_in_bcd_mode ... ok
test devices::rtc::tests::alarm_interrupt_raises_irq8 ... ok
test devices::rtc::tests::bcd_helper ... ok
test devices::rtc::tests::century_register_is_reasonable ... ok
test devices::rtc::tests::format_value_respects_data_mode ... ok
test devices::rtc::tests::general_cmos_ram_read_write_roundtrip ... ok
test devices::rtc::tests::hours_12h_mode_sets_pm_bit ... ok
test devices::rtc::tests::hours_24h_mode ... ok
test devices::rtc::tests::index_write_masks_to_7f_and_tracks_nmi ... ok
test devices::rtc::tests::known_timestamp_breaks_down_correctly ... ok
test devices::rtc::tests::memory_size_bytes_are_sane ... ok
test devices::rtc::tests::periodic_disabled_when_rate_zero ... ok
test devices::rtc::tests::periodic_flag_not_raised_when_pie_disabled ... ok
test devices::rtc::tests::periodic_interrupt_raises_irq8_when_enabled ... ok
test devices::rtc::tests::periodic_period_for_rate_6_is_1024hz ... ok
test devices::rtc::tests::reading_time_registers_produces_valid_bcd ... ok
test devices::rtc::tests::reg_c_is_read_only_on_write ... ok
test devices::rtc::tests::reg_c_read_clears_flags ... ok
test devices::rtc::tests::register_a_uip_is_read_only_on_write ... ok
test devices::rtc::tests::register_d_is_read_only ... ok
test devices::rtc::tests::register_d_reports_valid_ram ... ok
test devices::rtc::tests::set_bit_freezes_update_and_alarm ... ok
test devices::rtc::tests::unhandled_port_reads_ff ... ok
test devices::rtc::tests::unix_epoch_breaks_down_correctly ... ok
test devices::rtc::tests::update_ended_interrupt_raises_irq8 ... ok
test devices::s3c64xx::tests::pwm_timer4_event ... ok
test devices::s3c64xx::tests::uart_rx_irq_flow ... ok
test devices::s3c64xx::tests::vic_enable_and_status ... ok
test devices::s5l8900::aes_engine_tests::aes_engine_uid_keytype ... ok
test devices::s5l8900::aes_engine_tests::aes_engine_register_protocol_cbc ... ok
test devices::s5l8900::pl192_tests::pl192_daisy_irq_surfaces_after_same_priority_direct_irq_finishes ... ok
test devices::s5l8900::pl192_tests::pl192_repeated_acknowledge_pushes_priority_stack_like_qemu ... ok
test devices::s5l8900::sysic_dos_tests::sysic_gpio_group_endpoint_offsets_do_not_panic ... ok
test devices::s5l8900::timer_tests::timer_clamps_tiny_programmed_count_like_qemu ... ok
test devices::s5l8900::timer_tests::timer_respects_minimum_instruction_spacing ... ok
test devices::s5l8900::timer_tests::timer_uses_programmed_count_without_immediate_irq ... ok
test devices::serial::tests::serial_divisor_read_back ... ok
test devices::s5l8900::spi_dos_tests::spi_rxcnt_does_not_overrun_rx_fifo ... ok
test devices::serial::tests::serial_fifo_enable ... ok
test devices::serial::tests::serial_fifo_reset ... ok
Atest devices::serial::tests::serial_fifo_trigger_levels ... ok
test devices::serial::tests::serial_ier_bits_masked ... ok
test devices::serial::tests::serial_iir_fifo_enabled_bits ... ok
test devices::serial::tests::serial_iir_no_interrupt ... ok
AAtest devices::serial::tests::serial_iir_global_interrupt_mask ... ok
test devices::serial::tests::serial_iir_rda_interrupt ... ok
test devices::serial::tests::serial_iir_rda_priority_over_thre ... ok
test devices::serial::tests::serial_iir_thre_interrupt ... ok
test devices::serial::tests::serial_lcr_write_read ... ok
test devices::serial::tests::serial_loopback_mode ... ok
test devices::serial::tests::serial_loopback_modem_signals ... ok
test devices::serial::tests::serial_lsr_data_ready_with_input ... ok
test devices::serial::tests::serial_lsr_fifo_no_overrun_until_full ... ok
test devices::serial::tests::serial_lsr_initial_state ... ok
test devices::serial::tests::serial_lsr_overrun_error ... ok
test devices::serial::tests::serial_mcr_bits_masked ... ok
test devices::serial::tests::serial_mmio_basic ... ok
test devices::serial::tests::serial_mmio_lsr ... ok
test devices::serial::tests::serial_msr_delta_bits ... ok
test devices::serial::tests::serial_port_out_of_range ... ok
test devices::serial::tests::serial_read_multiple_chars ... ok
test devices::serial::tests::serial_scratch_write_read ... ok
test devices::serial::tests::serial_single_byte_below_trigger_interrupts ... ok
test devices::serial::tests::serial_tracks_dlab_and_divisor ... ok
test devices::serial::tests::serial_typical_init_sequence ... ok
test devices::sysctl::tests::test_a20_toggle_via_port_a ... ok
test devices::sysctl::tests::test_fast_reset_via_port_a ... ok
test devices::sysctl::tests::test_full_reset_via_cf9 ... ok
test devices::sysctl::tests::test_new_defaults ... ok
test devices::sysctl::tests::test_port_a_no_reset_without_bit0 ... ok
test devices::sysctl::tests::test_port_b_ch2_gate_and_speaker_writes ... ok
test devices::sysctl::tests::test_port_b_ch2_out_setter ... ok
test devices::sysctl::tests::test_port_b_iochk_parity_bits_zero ... ok
test devices::sysctl::tests::test_port_b_refresh_bit_toggles ... ok
test devices::sysctl::tests::test_port_b_write_ignores_high_bits ... ok
test devices::sysctl::tests::test_post_scratch_range ... ok
test devices::sysctl::tests::test_post_scratch_read_write ... ok
test devices::sysctl::tests::test_reset_via_cf9 ... ok
test devices::sysctl::tests::test_unhandled_port_reads_ff ... ok
test devices::uhci::tests::attach_detach_port_state ... ok
test devices::uhci::tests::frame_processing_detects_looping_schedule ... ok
test devices::uhci::tests::frame_processing_noop_when_stopped ... ok
test devices::uhci::tests::frame_processing_terminated_list_advances_frame ... ok
test devices::uhci::tests::frame_processing_walks_qh_td_chain ... ok
test devices::uhci::tests::frbaseadd_alignment_and_frnum_programming ... ok
test devices::uhci::tests::greset_clears_state ... ok
test devices::uhci::tests::hcreset_clears_state ... ok
test devices::uhci::tests::low_speed_attach_sets_lsda ... ok
test devices::uhci::tests::out_of_window_access_ignored ... ok
test devices::uhci::tests::portsc_connect_enable_reset_and_change_rwc ... ok
test devices::uhci::tests::power_on_state_is_halted ... ok
test devices::uhci::tests::second_port_is_independent ... ok
test devices::uhci::tests::usbcmd_run_stop_drives_hchalted ... ok
test devices::uhci::tests::usbintr_writable_bits ... ok
test devices::uhci::tests::usbsts_write_one_to_clear ... ok
test devices::vga::tests::attribute_controller_flip_flop ... ok
test devices::vga::tests::crtc_index_data_round_trip ... ok
test devices::vga::tests::dac_palette_write_readback ... ok
test devices::vga::tests::dac_pel_mask_round_trip ... ok
test devices::vga::tests::framebuffer_sizing_and_mem_access ... ok
test devices::vga::tests::graphics_controller_indexed_regs ... ok
test devices::vga::tests::input_status_1_resets_flip_flop_and_progresses ... ok
test devices::vga::tests::misc_output_read_after_write ... ok
test devices::vga::tests::mmio_linear_round_trip ... ok
test devices::vga::tests::sequencer_indexed_regs ... ok
test devices::vga::tests::text_buffer_cell_access ... ok
test devices::virtio::blk::tests::capacity_from_disk_length ... ok
test devices::virtio::blk::tests::device_id_is_block ... ok
test devices::virtio::blk::tests::header_parse_extracts_type_and_sector ... ok
test devices::virtio::blk::tests::full_queue_drive_via_transport ... ok
test devices::virtio::blk::tests::out_of_range_sector_reports_ioerr ... ok
test devices::virtio::blk::tests::config_capacity_read_through_transport ... ok
test devices::virtio::blk::tests::read_only_device_rejects_writes ... ok
test devices::virtio::blk::tests::unsupported_request_reports_unsupp ... ok
test devices::virtio::blk::tests::write_then_read_round_trips_through_dma ... ok
test devices::virtio::tests::byte_wise_register_access_reassembles ... ok
test devices::virtio::tests::device_features_word_select ... ok
test devices::virtio::tests::device_id_reports_device ... ok
test devices::virtio::tests::feature_negotiation_masks_unoffered ... ok
test devices::virtio::tests::feature_negotiation_round_trips ... ok
test devices::virtio::tests::interrupt_ack_write_one_to_clear ... ok
test devices::virtio::tests::magic_version_vendor ... ok
test devices::virtio::tests::queue_address_registers_assemble_64bit ... ok
test devices::virtio::tests::queue_selection_num_max_and_ready ... ok
test devices::virtio::tests::status_bits_accumulate_and_reset ... ok
test devices::virtio::tests::write_only_registers_read_zero ... ok
test host::console::tests::escape_snapshot_and_quit ... ok
test host::console::tests::escape_split_across_polls ... ok
test host::console::tests::literal_ctrl_a ... ok
test host::console::tests::plain_bytes_pass_through ... ok
test host::console::tests::unknown_escape_passes_both_bytes ... ok
test isa::arm::aarch32::cp15::tests::test_cp15_cache_ops ... ok
test isa::arm::aarch32::cp15::tests::test_cp15_id_registers ... ok
test isa::arm::aarch32::cp15::tests::test_cp15_context ... ok
test isa::arm::aarch32::cp15::tests::test_cp15_sctlr ... ok
test isa::arm::aarch32::cp15::tests::test_cp15_tlb_ops ... ok
test isa::arm::aarch32::cp15::tests::test_cp15_ttbr ... ok
test isa::arm::aarch32::cp15::tests::test_cpacr_vfp ... ok
test isa::arm::aarch32::cp15::tests::test_id_register_readonly ... ok
test isa::arm::aarch32::cp15::tests::test_sctlr_bits ... ok
test isa::arm::aarch32::cpu::tests::test_add_with_carry ... ok
test isa::arm::aarch32::cpu::tests::test_byte_reverse ... ok
test isa::arm::aarch32::cpu::tests::test_condition_passed ... ok
test isa::arm::aarch32::cpu::tests::test_expand_imm_c ... ok
test isa::arm::aarch32::cpu::tests::test_psr_roundtrip ... ok
test isa::arm::aarch32::cpu::tests::test_shift_asr ... ok
test isa::arm::aarch32::cpu::tests::test_shift_lsl ... ok
test isa::arm::aarch32::cpu::tests::test_shift_lsr ... ok
test isa::arm::aarch32::cpu::tests::test_shift_ror ... ok
test isa::arm::aarch32::cpu::tests::test_shift_rrx ... ok
test isa::arm::aarch32::cpu::tests::test_sign_extend ... ok
test isa::arm::aarch32::instructions::tests::hints_barriers_and_udf_execute_as_the_architecture_defines ... ok
test isa::arm::aarch32::instructions::tests::acquire_release_and_exclusive_accesses_are_aligned ... ok
test devices::lapic::tests::test_timer_periodic_repeats ... ok
test devices::lapic::tests::test_timer_periodic_multiple_expirations ... ok
test isa::arm::aarch32::instructions::tests::mrrc_reads_the_generic_counters_as_cntkctl_allows ... ok
test isa::arm::aarch32::instructions::tests::msr_writes_ge_by_its_byte_mask ... ok
test isa::arm::aarch32::instructions::tests::multi_word_accesses_need_word_alignment ... ok
test isa::arm::aarch32::instructions::tests::pl0_cp15_reaches_only_the_thread_ids_and_enabled_barriers ... ok
test isa::arm::aarch32::instructions::tests::pl0_vmrs_and_vmsr_reach_only_fpscr ... ok
test isa::arm::aarch32::instructions::tests::svc_and_bkpt_immediates_follow_the_instruction_set ... ok
test isa::arm::aarch32::instructions::tests::neon_alignment_qualifiers_fault_before_any_access ... ok
test isa::arm::aarch32::instructions::tests::t16_data_processing_in_an_it_block_leaves_the_flags ... ok
test isa::arm::aarch32::instructions::tests::t32_coprocessor_moves_reach_the_system_registers ... ok
test isa::arm::aarch32::instructions::tests::t32_exclusives_use_the_t32_register_layout ... ok
test isa::arm::aarch32::instructions::tests::t32_advanced_simd_reads_its_u_bit_from_bit_28 ... ok
test isa::arm::aarch32::instructions::tests::t32_ldrd_and_strd_use_the_encoded_second_register ... ok
test isa::arm::aarch32::instructions::tests::t32_literal_load_uses_aligned_pc_plus_four_and_signed_u_offset ... ok
test isa::arm::aarch32::instructions::tests::t32_msr_and_mrs_move_the_apsr ... ok
test isa::arm::aarch32::instructions::tests::t32_stmia_and_ldmdb_of_sp_move_it_their_own_way ... ok
test isa::arm::aarch32::instructions::tests::t32_table_branches_index_from_the_pc_plus_four ... ok
test isa::arm::aarch32::instructions::tests::t32_vldr_literal_reads_from_the_aligned_pc_plus_four ... ok
test isa::arm::aarch32::instructions::tests::test_a32_blx_immediate_preserves_halfword_target ... ok
test isa::arm::aarch32::instructions::tests::test_a64_barriers_continue ... ok
test isa::arm::aarch32::instructions::tests::test_a64_noop_hints_continue ... ok
test isa::arm::aarch32::instructions::tests::test_add_immediate ... ok
test isa::arm::aarch32::instructions::tests::test_adds_sets_flags ... ok
test isa::arm::aarch32::instructions::tests::test_bfc_bfi ... ok
test isa::arm::aarch32::instructions::tests::test_bitfield_full_width_bounds ... ok
test isa::arm::aarch32::instructions::tests::test_bitfield_invalid_bounds_are_undefined ... ok
test isa::arm::aarch32::instructions::tests::test_branch ... ok
test isa::arm::aarch32::instructions::tests::test_cmp_sets_flags ... ok
test isa::arm::aarch32::instructions::tests::test_condition_ne ... ok
test isa::arm::aarch32::instructions::tests::test_exception_handling ... ok
test isa::arm::aarch32::instructions::tests::test_fiq_ldm_user_bank_restores_shared_high_registers ... ok
test isa::arm::aarch32::instructions::tests::test_fiq_stm_user_bank_stores_shared_high_registers ... ok
test isa::arm::aarch32::instructions::tests::test_ldr_str ... ok
test isa::arm::aarch32::instructions::tests::test_ldrex_strex ... ok
test isa::arm::aarch32::instructions::tests::test_mov_immediate ... ok
test isa::arm::aarch32::instructions::tests::test_msr_cpsr_control_does_not_change_execution_state ... ok
test isa::arm::aarch32::instructions::tests::test_mul ... ok
test isa::arm::aarch32::instructions::tests::test_privileged_mcr_mrc_cp15_still_access_state ... ok
test isa::arm::aarch32::instructions::tests::test_privileged_rfe_still_restores_cpsr_and_branches ... ok
test isa::arm::aarch32::instructions::tests::test_sdiv_udiv ... ok
test isa::arm::aarch32::instructions::tests::test_strex_fails_without_ldrex ... ok
test isa::arm::aarch32::instructions::tests::test_sub_immediate ... ok
test isa::arm::aarch32::instructions::tests::test_svc ... ok
test isa::arm::aarch32::instructions::tests::test_thumb_it_false_predicate_skips_following_instruction ... ok
test isa::arm::aarch32::instructions::tests::test_thumb_it_instruction_does_not_retire_its_own_state ... ok
test isa::arm::aarch32::instructions::tests::test_thumb_undefined_exception_lr_points_after_halfword ... ok
test isa::arm::aarch32::instructions::tests::test_user_mode_mcr_cp15_is_undefined_and_does_not_mutate_state ... ok
test isa::arm::aarch32::instructions::tests::test_user_mode_mrc_cp15_is_undefined_and_does_not_expose_state ... ok
test isa::arm::aarch32::instructions::tests::test_user_or_system_mode_rfe_is_undefined_and_does_not_change_mode ... ok
test isa::arm::aarch32::instructions::tests::test_user_or_system_mode_srs_is_undefined_and_does_not_write_memory ... ok
test isa::arm::aarch32::instructions::tests::thumb_cps_masks_only_above_user_mode_and_bxj_is_bx ... ok
test isa::arm::aarch32::instructions::tests::thumb_adr_is_the_word_aligned_pc_plus_or_minus_its_offset ... ok
test isa::arm::aarch32::instructions::tests::thumb_pc_reads_are_the_instruction_address_plus_four ... ok
test isa::arm::aarch32::mmu_v6::tests::disabled_is_identity ... ok
test isa::arm::aarch32::mmu_v6::tests::section_translation ... ok
test isa::arm::aarch32::mmu_v6::tests::small_page_translation ... ok
test isa::arm::aarch32::vfp::tests::test_fpscr_flags ... ok
test isa::arm::aarch32::vfp::tests::test_fpscr_rounding_mode ... ok
test isa::arm::aarch32::vfp::tests::test_neon_bitwise ... ok
test isa::arm::aarch32::vfp::tests::test_neon_vadd_i ... ok
test isa::arm::aarch32::vfp::tests::test_vadd_f32 ... ok
test isa::arm::aarch32::vfp::tests::test_vcmp_f32 ... ok
test isa::arm::aarch32::vfp::tests::test_vcvt_f32_s32 ... ok
test isa::arm::aarch32::vfp::tests::test_vcvt_s32_f32 ... ok
test isa::arm::aarch32::vfp::tests::test_vdup ... ok
test isa::arm::aarch32::vfp::tests::test_vdiv_f32 ... ok
test isa::arm::aarch32::vfp::tests::test_vfp_state_d_registers ... ok
test isa::arm::aarch32::vfp::tests::test_vfp_state_s_registers ... ok
test isa::arm::aarch32::vfp::tests::test_vfp_state_q_registers ... ok
test isa::arm::aarch32::vfp::tests::test_vmul_f32 ... ok
test isa::arm::aarch32::vfp::tests::test_vsub_f32 ... ok
test isa::arm::aarch64::cpu::system::clrex_tests::clrex_non_xzr_rt_is_undefined_without_clearing_reservation ... ok
test isa::arm::aarch64::cpu::system::clrex_tests::clrex_then_ldxr_rearms_local_monitor ... ok
test isa::arm::aarch64::cpu::system::clrex_tests::ordinary_barriers_do_not_clear_local_monitor ... ok
test isa::arm::aarch64::cpu::system::clrex_tests::clrex_all_immediates_clear_ldxr_reservation_before_stxr ... ok
test isa::arm::aarch64::cpu::tests::branch::test_adr ... ok
test isa::arm::aarch64::cpu::tests::branch::test_adrp ... ok
test isa::arm::aarch64::cpu::tests::branch::test_b ... ok
test isa::arm::aarch64::cpu::tests::branch::test_b_cond_taken ... ok
test isa::arm::aarch64::cpu::tests::branch::test_b_cond_not_taken ... ok
test isa::arm::aarch64::cpu::tests::branch::test_b_ne ... ok
test isa::arm::aarch64::cpu::tests::branch::test_b_negative ... ok
test isa::arm::aarch64::cpu::tests::branch::test_bl ... ok
test isa::arm::aarch64::cpu::tests::branch::test_blr ... ok
test isa::arm::aarch64::cpu::tests::branch::test_cbnz_taken ... ok
test isa::arm::aarch64::cpu::tests::branch::test_cbz_32bit ... ok
test isa::arm::aarch64::cpu::tests::branch::test_cbz_not_taken ... ok
test isa::arm::aarch64::cpu::tests::branch::test_cbz_taken ... ok
test isa::arm::aarch64::cpu::tests::branch::test_pauth_returns_use_the_link_register ... ok
test isa::arm::aarch64::cpu::tests::branch::test_pauth_eret_is_undefined_at_el0 ... ok
test isa::arm::aarch64::cpu::tests::branch::test_ret_xn ... ok
test isa::arm::aarch64::cpu::tests::branch::test_ret ... ok
test isa::arm::aarch64::cpu::tests::branch::test_tbz_high_bit ... ok
test isa::arm::aarch64::cpu::tests::branch::test_tbnz_taken ... ok
test isa::arm::aarch64::cpu::tests::branch::test_tbz_not_taken ... ok
test isa::arm::aarch64::cpu::tests::branch::test_pauth_branch_reserved_forms_are_undefined ... ok
test isa::arm::aarch64::cpu::tests::branch::test_pauth_branches_need_feat_pauth ... ok
test isa::arm::aarch64::cpu::tests::data::casp32_effective_addresses_wrap ... ok
test isa::arm::aarch64::cpu::tests::branch::test_tbz_taken ... ok
test isa::arm::aarch64::cpu::tests::data::casp64_unaligned_wrap_address_faults ... ok
test isa::arm::aarch64::cpu::tests::data::issue_187_pstate_uao_and_pan_require_advertised_features ... ok
test isa::arm::aarch64::cpu::tests::branch::test_pauth_branches_jump_to_the_register ... ok
test isa::arm::aarch64::cpu::tests::data::simd_f64_fma_zero_addend_sets_underflow_for_tiny_product ... ok
test isa::arm::aarch64::cpu::tests::data::test_adc_no_carry ... ok
test isa::arm::aarch64::cpu::tests::data::test_adcs ... ok
test isa::arm::aarch64::cpu::tests::data::test_adc ... ok
test isa::arm::aarch64::cpu::tests::data::test_add_extended ... ok
test isa::arm::aarch64::cpu::tests::data::test_add_extended_sxtw ... ok
test isa::arm::aarch64::cpu::tests::data::test_add_imm_64 ... ok
test isa::arm::aarch64::cpu::tests::data::test_add_lsl ... ok
test isa::arm::aarch64::cpu::tests::data::test_add_imm_shifted ... ok
test isa::arm::aarch64::cpu::tests::data::test_add_imm_32 ... ok
test isa::arm::aarch64::cpu::tests::data::sve_multiply_immediate_uses_signed_imm8 ... ok
test isa::arm::aarch64::cpu::tests::data::test_adds_imm_sets_flags ... ok
test isa::arm::aarch64::cpu::tests::data::test_add_shifted ... ok
test isa::arm::aarch64::cpu::tests::data::test_adds_shifted ... ok
test isa::arm::aarch64::cpu::tests::data::test_and_imm ... ok
test isa::arm::aarch64::cpu::tests::data::test_and_lsl ... ok
test isa::arm::aarch64::cpu::tests::data::test_and_shifted ... ok
test isa::arm::aarch64::cpu::tests::data::test_ands_reg ... ok
test isa::arm::aarch64::cpu::tests::data::test_asrv ... ok
test isa::arm::aarch64::cpu::tests::data::test_ands_imm ... ok
test isa::arm::aarch64::cpu::tests::data::test_bfm ... ok
test isa::arm::aarch64::cpu::tests::data::test_bfm_bfi_inserts_without_clearing_lower_bits ... ok
test isa::arm::aarch64::cpu::tests::data::test_bic ... ok
test isa::arm::aarch64::cpu::tests::data::test_bfm_self_bfi_replicates_byte ... ok
test isa::arm::aarch64::cpu::tests::data::test_cmp ... ok
test isa::arm::aarch64::cpu::tests::data::test_eor_imm ... ok
test isa::arm::aarch64::cpu::tests::data::test_eor_reg ... ok
test isa::arm::aarch64::cpu::tests::data::test_extr ... ok
test isa::arm::aarch64::cpu::tests::data::test_lslv ... ok
test isa::arm::aarch64::cpu::tests::data::test_lsrv ... ok
test isa::arm::aarch64::cpu::tests::data::test_mov_reg ... ok
test isa::arm::aarch64::cpu::tests::data::test_madd ... ok
test isa::arm::aarch64::cpu::tests::data::test_movz ... ok
test isa::arm::aarch64::cpu::tests::data::test_movk ... ok
test isa::arm::aarch64::cpu::tests::data::test_movz_shifted ... ok
test isa::arm::aarch64::cpu::tests::data::test_msub ... ok
test isa::arm::aarch64::cpu::tests::data::test_movn ... ok
test isa::arm::aarch64::cpu::tests::data::test_mul ... ok
test isa::arm::aarch64::cpu::tests::data::test_orr_reg ... ok
test isa::arm::aarch64::cpu::tests::data::test_orr_imm ... ok
test isa::arm::aarch64::cpu::tests::data::test_rorv ... ok
test isa::arm::aarch64::cpu::tests::data::test_sbc ... ok
test isa::arm::aarch64::cpu::tests::data::test_sbc_borrow ... ok
test isa::arm::aarch64::cpu::tests::data::test_neg ... ok
test isa::arm::aarch64::cpu::tests::data::test_ror_via_extr ... ok
test isa::arm::aarch64::cpu::tests::data::test_sbcs ... ok
test isa::arm::aarch64::cpu::tests::data::test_sbfm_sxtb ... ok
test isa::arm::aarch64::cpu::tests::data::test_sbfm_asr ... ok
test isa::arm::aarch64::cpu::tests::data::test_sub_imm ... ok
test isa::arm::aarch64::cpu::tests::data::test_sub_shifted ... ok
test isa::arm::aarch64::cpu::tests::data::test_subs_imm_negative ... ok
test isa::arm::aarch64::cpu::tests::data::test_subs_shifted ... ok
test isa::arm::aarch64::cpu::tests::data::test_ubfm_lsr ... ok
test isa::arm::aarch64::cpu::tests::memory::neon_ldst_structures_effective_addresses_wrap ... ok
test isa::arm::aarch64::cpu::tests::data::test_ubfm_lsl_discards_rotated_out_high_bit ... ok
test isa::arm::aarch64::cpu::tests::data::test_ubfm_uxtb ... ok
test isa::arm::aarch64::cpu::tests::data::test_ubfm_lsr_zero_fills_rotated_high_bits ... ok
test isa::arm::aarch64::cpu::tests::memory::tbi0_applies_through_stage_1_translation ... ok
test isa::arm::aarch64::cpu::tests::memory::tbi0_does_not_cover_the_ttbr1_half ... ok
test isa::arm::aarch64::cpu::tests::memory::tbi_faults_report_the_tagged_address ... ok
test isa::arm::aarch64::cpu::tests::memory::tbi0_ignores_the_top_byte_of_data_addresses ... ok
test isa::arm::aarch64::cpu::tests::memory::tbid0_keeps_instruction_addresses_significant ... ok
test isa::arm::aarch64::cpu::tests::memory::test_ldp_post_index ... ok
test isa::arm::aarch64::cpu::tests::memory::test_ldp_32 ... ok
test isa::arm::aarch64::cpu::tests::memory::test_ldp_64 ... ok
test isa::arm::aarch64::cpu::tests::memory::test_ldr_literal_32 ... ok
test isa::arm::aarch64::cpu::tests::memory::test_ldr_imm ... ok
test isa::arm::aarch64::cpu::tests::memory::test_ldr_literal_64 ... ok
test isa::arm::aarch64::cpu::tests::memory::test_ldr_32 ... ok
test isa::arm::aarch64::cpu::tests::memory::test_ldr_post_index ... ok
test isa::arm::aarch64::cpu::tests::memory::test_ldrh ... ok
test isa::arm::aarch64::cpu::tests::memory::test_ldrsh ... ok
test isa::arm::aarch64::cpu::tests::memory::test_ldrsb ... ok
test isa::arm::aarch64::cpu::tests::memory::test_ldrb ... ok
test isa::arm::aarch64::cpu::tests::memory::test_ldrsw ... ok
test isa::arm::aarch64::cpu::tests::memory::test_ldraa_needs_feat_pauth_and_an_aligned_sp ... ok
test isa::arm::aarch64::cpu::tests::memory::test_ldrsw_literal ... ok
test isa::arm::aarch64::cpu::tests::memory::test_str_32 ... ok
test isa::arm::aarch64::cpu::tests::memory::test_stp_64 ... ok
test isa::arm::aarch64::cpu::tests::memory::test_stp_pre_index ... ok
test isa::arm::aarch64::cpu::tests::memory::test_str_imm ... ok
test isa::arm::aarch64::cpu::tests::memory::test_strb ... ok
test isa::arm::aarch64::cpu::tests::memory::test_str_pre_index ... ok
test isa::arm::aarch64::cpu::tests::memory::test_strh ... ok
test isa::arm::aarch64::cpu::tests::memory::test_ldraa_ldrab_offsets_and_writeback ... ok
test isa::arm::aarch64::cpu::tests::memory::without_tbi_a_tagged_data_address_faults ... ok
test isa::arm::aarch64::cpu::tests::misc::addvl_sp_still_updates_sp ... ok
test isa::arm::aarch64::cpu::tests::misc::issue_39_ldtr_sttr_use_unprivileged_permission_checks ... ok
test isa::arm::aarch64::cpu::tests::misc::issue_187_unadvertised_uao_does_not_override_permissions ... ok
test isa::arm::aarch64::cpu::tests::misc::issue_49_import_sregs_sanitizes_tcr_sizes_for_mmu ... ok
test isa::arm::aarch64::cpu::tests::misc::issue_39_lrcpc3_pair_uses_unprivileged_permission_checks ... ok
test isa::arm::aarch64::cpu::tests::memory::test_xpaclri_strips_lr_instruction_pac ... ok
test isa::arm::aarch64::cpu::tests::misc::neon_ldst_single_rejects_nonzero_rm_no_offset ... ok
test isa::arm::aarch64::cpu::tests::misc::rdvl_xzr_does_not_update_sp ... ok
test isa::arm::aarch64::cpu::tests::misc::simd_float_fused_sets_underflow_status_for_lost_product ... ok
test isa::arm::aarch64::cpu::tests::misc::rdffr_rejects_0x24_family ... ok
test isa::arm::aarch64::cpu::tests::misc::simd_rsqrts_sets_inexact_for_lost_product ... ok
test isa::arm::aarch64::cpu::tests::misc::simd_float_compare_nan_sets_invalid_status ... ok
test isa::arm::aarch64::cpu::tests::misc::simd_modified_imm_rejects_reserved_bits ... ok
test isa::arm::aarch64::cpu::tests::misc::simd_sqrdmlah_sqrdmlsh_set_qc_on_saturation ... ok
test isa::arm::aarch64::cpu::tests::misc::simd_fmlal_rejects_reserved_size ... ok
test isa::arm::aarch64::cpu::tests::misc::simd_dot_rejects_non_word_size ... ok
test isa::arm::aarch64::cpu::tests::misc::sve_clast_no_active_preserves_gpr ... ok
test isa::arm::aarch64::cpu::tests::misc::sve2_int_pairwise_rejects_reserved_encodings ... ok
test isa::arm::aarch64::cpu::tests::misc::sve_fscale_rejects_byte_elements ... ok
test isa::arm::aarch64::cpu::tests::misc::sve_fscale_preserves_half_nan_payloads ... ok
test isa::arm::aarch64::cpu::tests::misc::sve_fscale_updates_status ... ok
test isa::arm::aarch64::cpu::tests::misc::sve_ftmad_preserves_half_nan_payloads ... ok
test isa::arm::aarch64::cpu::tests::misc::sve2_xtn_rejects_reserved_encodings ... ok
test isa::arm::aarch64::cpu::tests::misc::sve_integer_immediate_arithmetic_rejects_reserved_forms ... ok
test isa::arm::aarch64::cpu::tests::misc::sve_ftsmul_f64_updates_status ... ok
test isa::arm::aarch64::cpu::tests::misc::sve_ldff1_gather_suppresses_non_first_fault ... ok
test isa::arm::aarch64::cpu::tests::misc::sve_ld234_rejects_bit20_set ... ok
test isa::arm::aarch64::cpu::tests::misc::sve_minmax_immediate_arithmetic_updates_destructive_operand ... ok
test isa::arm::aarch64::cpu::tests::misc::sve_prefetch_register_offset_rejects_rm31 ... ok
test isa::arm::aarch64::cpu::tests::misc::sve_whilels_wraparound_keeps_full_prefix ... ok
test isa::arm::aarch64::cpu::tests::misc::test_bitmask_decode ... ok
test isa::arm::aarch64::cpu::tests::misc::test_arm_cpu_trait ... ok
test isa::arm::aarch64::cpu::tests::misc::test_32bit_operations ... ok
test isa::arm::aarch64::cpu::tests::misc::sve_unpredicated_wide_shift_uses_covered_dword_amounts ... ok
test isa::arm::aarch64::cpu::tests::misc::sve_saturating_immediate_arithmetic_updates_destructive_operand ... ok
test isa::arm::aarch64::cpu::tests::misc::test_br ... ok
test isa::arm::aarch64::cpu::tests::misc::sve_unpredicated_shift_immediate_decodes_tsize ... ok
test isa::arm::aarch64::cpu::tests::misc::test_ccmn ... ok
test isa::arm::aarch64::cpu::tests::misc::test_breakpoint ... ok
test isa::arm::aarch64::cpu::tests::misc::test_ccmp_false ... ok
test isa::arm::aarch64::cpu::tests::misc::test_ccmp_true ... ok
test isa::arm::aarch64::cpu::tests::misc::test_cinc ... ok
test isa::arm::aarch64::cpu::tests::misc::sve_gather_scatter_reject_unallocated_combos ... ok
test isa::arm::aarch64::cpu::tests::misc::test_cmn ... ok
test isa::arm::aarch64::cpu::tests::misc::test_condition_flags ... ok
test isa::arm::aarch64::cpu::tests::misc::test_crc32 ... ok
test isa::arm::aarch64::cpu::tests::misc::test_condition_evaluation ... ok
test isa::arm::aarch64::cpu::tests::misc::test_cpu_creation ... ok
test isa::arm::aarch64::cpu::tests::misc::test_csel_false ... ok
test isa::arm::aarch64::cpu::tests::misc::test_csel_true ... ok
test isa::arm::aarch64::cpu::tests::misc::test_cset ... ok
test isa::arm::aarch64::cpu::tests::misc::test_csetm ... ok
test isa::arm::aarch64::cpu::tests::misc::test_csinc_false ... ok
test isa::arm::aarch64::cpu::tests::misc::test_csinc_true ... ok
test isa::arm::aarch64::cpu::tests::misc::test_csinv ... ok
test isa::arm::aarch64::cpu::tests::misc::test_csneg ... ok
test isa::arm::aarch64::cpu::tests::misc::test_dmb ... ok
test isa::arm::aarch64::cpu::tests::misc::test_dsb ... ok
test isa::arm::aarch64::cpu::tests::misc::test_function_call ... ok
test isa::arm::aarch64::cpu::tests::misc::test_eon ... ok
test isa::arm::aarch64::cpu::tests::misc::test_isb ... ok
test isa::arm::aarch64::cpu::tests::misc::test_loop ... ok
test isa::arm::aarch64::cpu::tests::misc::test_max_values ... ok
test isa::arm::aarch64::cpu::tests::misc::test_ngc ... ok
test isa::arm::aarch64::cpu::tests::misc::test_memory_operations ... ok
test isa::arm::aarch64::cpu::tests::misc::test_nop ... ok
test isa::arm::aarch64::cpu::tests::misc::test_mneg ... ok
test isa::arm::aarch64::cpu::tests::misc::test_register_access ... ok
test isa::arm::aarch64::cpu::tests::misc::test_mvn ... ok
test isa::arm::aarch64::cpu::tests::misc::test_orn ... ok
test isa::arm::aarch64::cpu::tests::misc::test_sdiv ... ok
test isa::arm::aarch64::cpu::tests::misc::test_sdiv_by_zero ... ok
test isa::arm::aarch64::cpu::tests::misc::test_signed_overflow ... ok
test isa::arm::aarch64::cpu::tests::misc::test_smaddl ... ok
test isa::arm::aarch64::cpu::tests::misc::test_simple_program ... ok
test isa::arm::aarch64::cpu::tests::misc::test_smulh ... ok
test isa::arm::aarch64::cpu::tests::misc::test_smull ... ok
test isa::arm::aarch64::cpu::tests::misc::test_stack_pointer ... ok
test isa::arm::aarch64::cpu::tests::misc::test_tst ... ok
test isa::arm::aarch64::cpu::tests::misc::test_udiv ... ok
test isa::arm::aarch64::cpu::tests::misc::test_udiv_by_zero ... ok
test isa::arm::aarch64::cpu::tests::misc::test_umaddl ... ok
test isa::arm::aarch64::cpu::tests::misc::test_umull ... ok
test isa::arm::aarch64::cpu::tests::misc::test_umulh ... ok
test isa::arm::aarch64::cpu::tests::misc::test_zero_register_as_dest ... ok
test isa::arm::aarch64::cpu::tests::misc::test_zero_register_as_source ... ok
test isa::arm::aarch64::cpu::tests::simd::simd_fmulx_sets_underflow_for_tiny_f64_result ... ok
test isa::arm::aarch64::cpu::tests::simd::simd_fp16_fma_lost_product_sets_inexact ... ok
test isa::arm::aarch64::cpu::tests::simd::simd_copy_ins_rejects_q0 ... ok
test isa::arm::aarch64::cpu::tests::simd::simd_indexed_sdot_rejects_scalar_form ... ok
test isa::arm::aarch64::cpu::tests::simd::simd_frintts_sets_fpsr_status ... ok
test isa::arm::aarch64::cpu::tests::simd::simd_float_narrow_sets_fpsr_status ... ok
test isa::arm::aarch64::cpu::tests::simd::simd_fp8fma_by_element_requires_v9_4_profile ... ok
test isa::arm::aarch64::cpu::tests::simd::simd_scalar_fp16_pairwise_add_rejects_reserved_size_bit ... ok
test isa::arm::aarch64::cpu::tests::simd::simd_scalar_abs_neg_rejects_non_doubleword_size ... ok
test isa::arm::aarch64::cpu::tests::simd::simd_scalar_sqdmlal_sets_qc_on_saturation ... ok
test isa::arm::aarch64::cpu::tests::simd::simd_two_reg_scalar_narrowing_writes_low_lane ... ok
test isa::arm::aarch64::cpu::tests::simd::simd_scalar_cmp_zero_rejects_non_doubleword_size ... ok
test isa::arm::aarch64::cpu::tests::simd::simd_two_reg_scalar_rejects_vector_only_narrow_widen_slots ... ok
test isa::arm::aarch64::cpu::tests::simd::sve_fcvt_d2h_preserves_nan_payload ... ok
test isa::arm::aarch64::cpu::tests::simd::simd_scalar_fp16_pairwise_maxmin_rejects_reserved_size_bit ... ok
test isa::arm::aarch64::cpu::tests::simd::sve_dup_scalar_register_broadcasts_xn_or_sp ... ok
test isa::arm::aarch64::cpu::tests::simd::sve_fp_abs_compare_ordered_qnan_sets_ioc ... ok
test isa::arm::aarch64::cpu::tests::simd::sve_fp_compare_zero_ordered_qnan_sets_ioc ... ok
test isa::arm::aarch64::cpu::tests::simd::sve_fp_estimate_updates_status ... ok
test isa::arm::aarch64::cpu::tests::simd::sve_int_to_fp16_overflow_sets_ofc_ixc ... ok
test isa::arm::aarch64::cpu::tests::simd::sve_fp_unpredicated_vector_add_executes ... ok
test isa::arm::aarch64::cpu::tests::simd::simd_scalar_shift_imm_rejects_non_doubleword_size ... ok
test isa::arm::aarch64::cpu::tests::simd::sve_fp_pairwise_rejects_reserved_encodings ... ok
test isa::arm::aarch64::cpu::tests::simd::sve_ld1_st1_immediate_offset_scales_by_memory_footprint ... ok
test isa::arm::aarch64::cpu::tests::simd::sve_ld1rq_effective_address_wraps_no_panic ... ok
test isa::arm::aarch64::cpu::tests::simd::sve_ld1r_address_addition_wraps_no_panic ... ok
test isa::arm::aarch64::cpu::tests::simd::sve_integer_immediate_arithmetic_updates_destructive_vector ... ok
test isa::arm::aarch64::cpu::tests::simd::test_f32_to_bf16_with_fpcr_rounding_modes ... ok
test isa::arm::aarch64::cpu::tests::sve::sve_fp_predicated_immediate_add_executes ... ok
test isa::arm::aarch64::cpu::tests::sve::sve_fp_predicated_immediate_maxnm_uses_zero ... ok
test isa::arm::aarch64::cpu::tests::simd::sve_last_scalar_selects_active_or_wrapped_element ... ok
test isa::arm::aarch64::cpu::tests::simd::sve_zip_uzp_trn_rejects_reserved_opc ... ok
test isa::arm::aarch64::cpu::tests::sve::sve_fp16_predicated_fmulx_uses_mulx_semantics ... ok
test isa::arm::aarch64::cpu::tests::sve::sve_pred_whole_register_ldst_address_wraps_no_panic ... ok
test isa::arm::aarch64::cpu::tests::sve::sve_integer_compare_zw_updates_predicate_and_flags ... ok
test isa::arm::aarch64::cpu::tests::simd::sve_logical_immediate_updates_destructive_vector ... ok
test isa::arm::aarch64::cpu::tests::sve::sve_predicate_sel_s_form_is_undefined ... ok
test isa::arm::aarch64::cpu::tests::sve::sve_predicate_permute_rejects_reserved_predicate_bits ... ok
test isa::arm::aarch64::cpu::tests::sve::test_sve2_bgrp_all_ones_mask_no_panic ... ok
test isa::arm::aarch64::cpu::tests::sve::sve_predicate_rev_rejects_reserved_predicate_bits ... ok
test isa::arm::aarch64::cpu::tests::sve::test_sve2_dupq_quadword_no_panic ... ok
test isa::arm::aarch64::cpu::tests::sve::test_sve2_flogb_double_no_panic ... ok
test isa::arm::aarch64::cpu::tests::system::issue_187_el0_cannot_forge_uao_or_pan ... ok
test isa::arm::aarch64::cpu::tests::sve::test_sve2_sqshl_s_positive_saturation_no_panic ... ok
test isa::arm::aarch64::cpu::tests::system::issue_187_exception_entry_clears_uao_until_eret ... ok
test isa::arm::aarch64::cpu::tests::system::issue_39_unprivileged_access_uses_el0_permission_checks ... ok
test isa::arm::aarch64::cpu::tests::sve::sve_predicated_wide_shift_uses_covered_dword_amounts ... ok
test isa::arm::aarch64::cpu::tests::system::test_el0_clidr_el1_read_traps ... ok
test isa::arm::aarch64::cpu::tests::system::test_el0_drps_traps ... ok
test isa::arm::aarch64::cpu::tests::system::test_el0_eret_traps ... ok
test isa::arm::aarch64::cpu::tests::system::sve_brkn_rejects_reserved_bits ... ok
test isa::arm::aarch64::cpu::tests::system::rng_mrs_sets_z_when_value_unavailable ... ok
test isa::arm::aarch64::exceptions::tests::test_spsr_build_parse ... ok
test isa::arm::aarch64::exceptions::tests::test_syndrome_data_abort ... ok
test isa::arm::aarch64::exceptions::tests::test_syndrome_svc ... ok
test isa::arm::aarch64::exceptions::tests::test_vector_offset ... ok
test isa::arm::aarch64::cpu::tests::system::test_el0_pstate_immediate_controls_continue ... ok
test isa::arm::aarch64::gic::tests::test_dist_registers ... ok
test isa::arm::aarch64::gic::tests::test_eoi_and_deactivate_ignore_unallocated_intids ... ok
test isa::arm::aarch64::cpu::tests::system::test_el0_feature_hints_and_barriers_continue ... ok
test isa::arm::aarch64::gic::tests::test_gic_creation ... ok
test isa::arm::aarch64::gic::tests::test_interrupt_state ... ok
test isa::arm::aarch64::cpu::tests::system::test_el0_privileged_pstate_immediate_traps ... ok
test isa::arm::aarch64::cpu::tests::system::test_el0_pstate_register_controls_continue ... ok
test isa::arm::aarch64::mmu::tests::test_decode_mair ... ok
test isa::arm::aarch64::mmu::tests::test_granule_sizes ... ok
test isa::arm::aarch64::gic::tests::test_sgi ... ok
test isa::arm::aarch64::gic::tests::test_spi ... ok
test isa::arm::aarch64::mmu::tests::test_mmu_config_sanitizes_tsz_ranges ... ok
test isa::arm::aarch64::mmu::tests::test_mmu_disabled ... ok
test isa::arm::aarch64::mmu::tests::test_pte_permissions ... ok
test isa::arm::aarch64::mmu::tests::test_pte_valid ... ok
test isa::arm::aarch64::sysregs::tests::test_sysregs_default ... ok
test isa::arm::aarch64::sysregs::tests::test_sysregs_read_write ... ok
test isa::arm::aarch64::sysregs::tests::test_timer_interrupt ... ok
test isa::arm::aarch64::sysregs::tests::test_timer_tick ... ok
test isa::arm::aarch64::tests::test_spsr_modes ... ok
test isa::arm::aarch64::tests::test_vector_offsets ... ok
test isa::arm::common::cpu::tests::test_aarch64_support ... ok
test isa::arm::aarch64::cpu::tests::system::test_el0_privileged_op1_3_sys_traps ... ok
test isa::arm::common::cpu::tests::test_arm_version_properties ... ok
test isa::arm::common::cpu::tests::test_exception_numbers ... ok
test isa::arm::common::cpu::tests::test_exception_priorities ... ok
test isa::arm::common::cpu::tests::test_mve_support ... ok
test isa::arm::common::cpu::tests::test_processor_state_cpsr_roundtrip ... ok
test isa::arm::common::cpu::tests::test_processor_state_pstate_roundtrip ... ok
test isa::arm::common::cpu::tests::test_sve_support ... ok
test isa::arm::common::features::tests::feature_queries ... ok
test isa::arm::common::features::tests::feature_sets ... ok
test isa::arm::common::isa::tests::exception_level ... ok
test isa::arm::common::isa::tests::mode_decoding ... ok
test isa::arm::common::isa::tests::version_aarch64_support ... ok
test isa::arm::common::isa::tests::version_profile ... ok
test isa::arm::common::memory::mpu::tests::test_mpu_access_check ... ok
test isa::arm::common::memory::mpu::tests::test_mpu_background_region ... ok
test isa::arm::common::memory::mpu::tests::test_mpu_execute_never ... ok
test isa::arm::common::memory::mpu::tests::test_mpu_privileged_only ... ok
test isa::arm::common::memory::mpu::tests::test_mpu_region_priority ... ok
test isa::arm::common::memory::mpu::tests::test_mpu_region_v7m ... ok
test isa::arm::common::memory::mpu::tests::test_mpu_region_v8m ... ok
test isa::arm::common::memory::mpu::tests::test_mpu_registers ... ok
test isa::arm::common::memory::mpu::tests::test_mpu_type ... ok
test isa::arm::common::memory::regions::tests::test_ap_bits_v7m ... ok
test isa::arm::common::memory::regions::tests::test_access_permission ... ok
test isa::arm::common::memory::regions::tests::test_memory_attributes ... ok
test isa::arm::common::memory::regions::tests::test_memory_region_contains ... ok
test isa::arm::common::memory::regions::tests::test_memory_region_overlaps ... ok
test isa::arm::common::memory::tests::test_exclusive_monitor ... ok
test isa::arm::common::memory::tests::test_exclusive_memory ... ok
test isa::arm::common::memory::tests::test_flat_memory_basic ... ok
test isa::arm::common::state::tests::cpsr_mode ... ok
test isa::arm::common::state::tests::exc_return_check ... ok
test isa::arm::common::state::tests::pstate_el ... ok
test isa::arm::common::memory::tests::test_standard_memory ... ok
test isa::arm::common::state::tests::xpsr_exception ... ok
test isa::arm::common::sysreg::tests::cp15_encoding ... ok
test isa::arm::common::sysreg::tests::sysreg_decode ... ok
test isa::arm::common::sysreg::tests::sysreg_encoding ... ok
test isa::arm::common::sysreg::tests::sysreg_roundtrip ... ok
test isa::arm::cortex_m::cpu::tests::test_breakpoint ... ok
test isa::arm::cortex_m::cpu::tests::test_add_imm ... ok
test isa::arm::cortex_m::cpu::tests::test_cpu_creation ... ok
test isa::arm::cortex_m::cpu::tests::test_conditional_branch ... ok
test isa::arm::cortex_m::cpu::tests::test_cpu_reset ... ok
test isa::arm::cortex_m::cpu::tests::test_flags ... ok
test isa::arm::cortex_m::cpu::tests::test_mov_imm ... ok
test isa::arm::cortex_m::cpu::tests::test_push_pop ... ok
test isa::arm::cortex_m::cpu::tests::test_svc ... ok
test isa::arm::cortex_m::cpu::tests::test_thumb32_add_imm ... ok
test isa::arm::cortex_m::cpu::tests::test_thumb32_and_imm ... ok
test isa::arm::cortex_m::cpu::tests::test_thumb32_bl ... ok
test isa::arm::cortex_m::cpu::tests::test_thumb32_clz ... ok
test isa::arm::cortex_m::cpu::tests::test_thumb32_ldm ... ok
test isa::arm::cortex_m::cpu::tests::test_thumb32_ldr_imm12 ... ok
test isa::arm::cortex_m::cpu::tests::test_thumb32_ldrd ... ok
test isa::arm::cortex_m::cpu::tests::test_thumb32_mla ... ok
test isa::arm::cortex_m::cpu::tests::test_thumb32_mov_imm ... ok
test isa::arm::cortex_m::cpu::tests::test_thumb32_mul ... ok
test isa::arm::cortex_m::cpu::tests::test_thumb32_orr_imm ... ok
test isa::arm::cortex_m::cpu::tests::test_thumb32_rbit ... ok
test isa::arm::cortex_m::cpu::tests::test_thumb32_sdiv ... ok
test isa::arm::cortex_m::cpu::tests::test_thumb32_smull ... ok
test isa::arm::cortex_m::cpu::tests::test_thumb32_stm ... ok
test isa::arm::cortex_m::cpu::tests::test_thumb32_str_imm12 ... ok
test isa::arm::cortex_m::cpu::tests::test_thumb32_strd ... ok
test isa::arm::cortex_m::cpu::tests::test_thumb32_sub_imm ... ok
test isa::arm::cortex_m::cpu::tests::test_thumb32_udiv ... ok
test isa::arm::cortex_m::cpu::tests::test_thumb32_umull ... ok
test isa::arm::cortex_m::cpu::tests::test_wfi ... ok
test isa::arm::cortex_m::exec::alu::tests::add_with_carry_reports_carry_and_overflow ... ok
test isa::arm::cortex_m::exec::alu::tests::saturation_clamps_and_reports ... ok
test isa::arm::cortex_m::exec::alu::tests::shift_c_handles_amounts_of_32_and_more ... ok
test isa::arm::cortex_m::exec::alu::tests::thumb_expand_imm_covers_replication_and_rotation ... ok
test isa::arm::cortex_m::exec::tests::armv6m_executes_only_its_thumb_subset ... ok
test isa::arm::cortex_m::exec::tests::handler_mode_cannot_select_the_process_stack ... ok
test isa::arm::cortex_m::exec::tests::clear_epsr_t_faults_on_the_next_instruction ... ok
test isa::arm::cortex_m::exec::tests::it_blocks_reject_unpredictable_members ... ok
test isa::arm::cortex_m::exec::tests::dsp_instructions_need_armv7e_m ... ok
test isa::arm::cortex_m::exec::tests::stack_pointer_writes_ignore_bits_1_0 ... ok
test isa::arm::cortex_m::exec::tests::wfe_consumes_a_pending_event ... ok
test isa::arm::cortex_m::exec::tests::unprivileged_code_cannot_change_masks_or_read_stack_pointers ... ok
test isa::arm::cortex_m::nvic::tests::test_nvic_enable_disable ... ok
test isa::arm::cortex_m::nvic::tests::test_nvic_exception_entry_return ... ok
test isa::arm::cortex_m::nvic::tests::test_nvic_ipr_register ... ok
test isa::arm::cortex_m::nvic::tests::test_nvic_pending ... ok
test isa::arm::cortex_m::nvic::tests::test_nvic_pending_exception ... ok
test isa::arm::cortex_m::nvic::tests::test_nvic_priority ... ok
test isa::arm::cortex_m::nvic::tests::test_nvic_priority_masking ... ok
test isa::arm::cortex_m::nvic::tests::test_nvic_register_access ... ok
test isa::arm::cortex_m::nvic::tests::test_nvic_system_priority ... ok
test isa::arm::cortex_m::scb::tests::test_cortex_m_variants ... ok
test isa::arm::cortex_m::scb::tests::test_scb_aircr ... ok
test isa::arm::cortex_m::scb::tests::test_scb_ccr ... ok
test isa::arm::cortex_m::scb::tests::test_scb_cfsr ... ok
test isa::arm::cortex_m::scb::tests::test_scb_cpuid ... ok
test isa::arm::cortex_m::scb::tests::test_scb_fault_enables ... ok
test isa::arm::cortex_m::scb::tests::test_scb_memmanage_fault ... ok
test isa::arm::cortex_m::scb::tests::test_scb_pendsv ... ok
test isa::arm::cortex_m::scb::tests::test_scb_reset_request ... ok
test isa::arm::cortex_m::scb::tests::test_scb_systick ... ok
test isa::arm::cortex_m::scb::tests::test_scb_vtor ... ok
test isa::arm::cortex_m::systick::tests::test_systick_basic ... ok
test isa::arm::cortex_m::systick::tests::test_systick_calib ... ok
test isa::arm::cortex_m::systick::tests::test_systick_countdown ... ok
test isa::arm::cortex_m::systick::tests::test_systick_disabled ... ok
test isa::arm::cortex_m::systick::tests::test_systick_interrupt ... ok
test isa::arm::cortex_m::systick::tests::test_systick_multiple_underflows ... ok
test isa::arm::cortex_m::systick::tests::test_systick_register_access ... ok
test isa::arm::cortex_m::systick::tests::test_systick_timing ... ok
test isa::arm::cortex_m::tests::test_cortex_m0_basic ... ok
test isa::arm::cortex_m::tests::test_interrupt_injection ... ok
test isa::arm::cortex_m::tests::test_cortex_m4_basic ... ok
test isa::arm::cortex_m::tests::test_scb_basic ... ok
test isa::arm::cortex_m::tests::test_systick_basic ... ok
test isa::arm::decoder::aarch32::tests::bit_field_encodings_check_op2_and_udf_is_undefined ... ok
test isa::arm::decoder::aarch32::tests::data_processing_register_shift_decodes_rs_for_every_opcode_and_shift ... ok
test isa::arm::decoder::aarch32::tests::exclusive_family_still_requires_and_accepts_fixed_1001_nibble ... ok
test isa::arm::decoder::aarch32::tests::extra_literal_imm8_high_nibble_does_not_alias_exclusive_decode ... ok
test isa::arm::decoder::aarch32::tests::load_acquire_and_store_release_forms ... ok
test isa::arm::decoder::aarch32::tests::miscellaneous_space_is_not_data_processing ... ok
test isa::arm::decoder::aarch32::tests::test_add_imm ... ok
test isa::arm::decoder::aarch32::tests::test_add_reg ... ok
test isa::arm::decoder::aarch32::tests::test_and_reg ... ok
test isa::arm::decoder::aarch32::tests::test_b ... ok
test isa::arm::decoder::aarch32::tests::test_bl ... ok
test isa::arm::decoder::aarch32::tests::test_bx ... ok
test isa::arm::decoder::aarch32::tests::test_clz ... ok
test isa::arm::decoder::aarch32::tests::test_cmp_reg ... ok
test isa::arm::decoder::aarch32::tests::test_conditional ... ok
test isa::arm::decoder::aarch32::tests::test_integer_divide_operands ... ok
test isa::arm::decoder::aarch32::tests::test_ldr_imm ... ok
test isa::arm::decoder::aarch32::tests::test_ldrb ... ok
test isa::arm::decoder::aarch32::tests::test_mov_imm ... ok
test isa::arm::decoder::aarch32::tests::test_mov_reg ... ok
test isa::arm::decoder::aarch32::tests::test_mul ... ok
test isa::arm::decoder::aarch32::tests::test_mvn ... ok
test isa::arm::decoder::aarch32::tests::test_nop ... ok
test isa::arm::decoder::aarch32::tests::test_orr_reg ... ok
test isa::arm::decoder::aarch32::tests::test_pop ... ok
test isa::arm::decoder::aarch32::tests::test_push ... ok
test isa::arm::decoder::aarch32::tests::test_shifted_reg ... ok
test isa::arm::decoder::aarch32::tests::test_str_imm ... ok
test isa::arm::decoder::aarch32::tests::test_sub_reg ... ok
test isa::arm::decoder::aarch32::tests::test_svc ... ok
test isa::arm::decoder::aarch64::tests::test_32bit_operations ... ok
test isa::arm::decoder::aarch64::tests::issue_48_rejects_reserved_scalar_fp_ptype ... ok
test isa::arm::decoder::aarch64::tests::issue_48_decodes_scalar_fp_subclasses_by_subfields ... ok
test isa::arm::decoder::aarch64::tests::test_add_imm ... ok
test isa::arm::decoder::aarch64::tests::test_adc ... ok
test isa::arm::decoder::aarch64::tests::test_add_sub_extended_reserved_fixed_bits_decode_unknown ... ok
test isa::arm::decoder::aarch64::tests::test_add_imm_zero_sp_aliases_to_mov ... ok
test isa::arm::decoder::aarch64::tests::test_add_sub_imm_tags ... ok
test isa::arm::decoder::aarch64::tests::test_adr_basic ... ok
test isa::arm::decoder::aarch64::tests::test_adr_different_register ... ok
test isa::arm::decoder::aarch64::tests::test_adr_negative_offset ... ok
test isa::arm::decoder::aarch64::tests::test_adr_vs_adrp_bit31_difference ... ok
test isa::arm::decoder::aarch64::tests::test_adrp_basic ... ok
test isa::arm::decoder::aarch64::tests::test_adrp_different_register ... ok
test isa::arm::decoder::aarch64::tests::test_adrp_page_aligned ... ok
test isa::arm::decoder::aarch64::tests::test_and_shifted_reg ... ok
test isa::arm::decoder::aarch64::tests::test_asr_reg ... ok
test isa::arm::decoder::aarch64::tests::test_atomic_cas_decode ... ok
test isa::arm::decoder::aarch64::tests::test_atomic_casp_decode ... ok
test isa::arm::decoder::aarch64::tests::test_atomic_ldapr_decode ... ok
test isa::arm::decoder::aarch64::tests::test_atomic_swp_decode ... ok
test isa::arm::decoder::aarch64::tests::test_b ... ok
test isa::arm::decoder::aarch64::tests::test_bfm_xzr_extract_low_keeps_bfxil_alias ... ok
test isa::arm::decoder::aarch64::tests::test_bitfield_extend_aliases_use_two_register_operands ... ok
test isa::arm::decoder::aarch64::tests::test_bl ... ok
test isa::arm::decoder::aarch64::tests::test_blr ... ok
test isa::arm::decoder::aarch64::tests::test_br ... ok
test isa::arm::decoder::aarch64::tests::test_brk ... ok
test isa::arm::decoder::aarch64::tests::test_cbnz ... ok
test isa::arm::decoder::aarch64::tests::test_cbz ... ok
test isa::arm::decoder::aarch64::tests::test_clrex_decode ... ok
test isa::arm::decoder::aarch64::tests::test_clz ... ok
test isa::arm::decoder::aarch64::tests::test_cmp_imm ... ok
test isa::arm::decoder::aarch64::tests::test_cond_compare_reserved_s_bit_decode_undefined ... ok
test isa::arm::decoder::aarch64::tests::test_cond_select_aliases_invert_condition_operand ... ok
test isa::arm::decoder::aarch64::tests::test_conditional_branch ... ok
test isa::arm::decoder::aarch64::tests::test_csel ... ok
test isa::arm::decoder::aarch64::tests::test_csetm_omits_source_operands ... ok
test isa::arm::decoder::aarch64::tests::test_csinv_keeps_source_operands ... ok
test isa::arm::decoder::aarch64::tests::test_dgh_hint_decode ... ok
test isa::arm::decoder::aarch64::tests::test_dp_1_source_rejects_reserved_opcode2_values ... ok
test isa::arm::decoder::aarch64::tests::test_extract_reserved_opc_decode_undefined ... ok
test isa::arm::decoder::aarch64::tests::test_ldp ... ok
test isa::arm::decoder::aarch64::tests::test_high_multiply_omits_ra_operand ... ok
test isa::arm::decoder::aarch64::tests::test_ldr_imm ... ok
test isa::arm::decoder::aarch64::tests::test_logical_imm_64bit_rotation_decode ... ok
test isa::arm::decoder::aarch64::tests::test_logical_imm_mov_alias_respects_move_wide_preference ... ok
test isa::arm::decoder::aarch64::tests::test_logical_imm_reserved_all_ones_mask_is_undefined ... ok
test isa::arm::decoder::aarch64::tests::test_logical_shifted_mov_alias_requires_lsl_zero ... ok
test isa::arm::decoder::aarch64::tests::test_long_multiply_negative_aliases ... ok
test isa::arm::decoder::aarch64::tests::test_loregion_ordered_ldst_decode ... ok
test isa::arm::decoder::aarch64::tests::test_lrcpc3_pair_decode ... ok
test isa::arm::decoder::aarch64::tests::test_lsl_reg ... ok
test isa::arm::decoder::aarch64::tests::test_lsr_reg ... ok
test isa::arm::decoder::aarch64::tests::test_madd ... ok
test isa::arm::decoder::aarch64::tests::test_mov_imm ... ok
test isa::arm::decoder::aarch64::tests::test_mov_reg ... ok
test isa::arm::decoder::aarch64::tests::test_mte_dp2_register_31_decode ... ok
test isa::arm::decoder::aarch64::tests::test_mte_tag_memory_decode ... ok
test isa::arm::decoder::aarch64::tests::test_mul ... ok
test isa::arm::decoder::aarch64::tests::test_mvn ... ok
test isa::arm::decoder::aarch64::tests::test_neg ... ok
test isa::arm::decoder::aarch64::tests::test_nop ... ok
test isa::arm::decoder::aarch64::tests::test_ordered_ldst_decode_ignores_rs_and_rt2_fields ... ok
test isa::arm::decoder::aarch64::tests::test_ordered_ldst_decode_rejects_widened_bucket ... ok
test isa::arm::decoder::aarch64::tests::test_ordered_unscaled_decode ... ok
test isa::arm::decoder::aarch64::tests::test_orr_shifted_reg ... ok
test isa::arm::decoder::aarch64::tests::test_pacga_register_31_decode ... ok
test isa::arm::decoder::aarch64::tests::test_pauth_dp1_decode ... ok
test isa::arm::decoder::aarch64::tests::test_rbit ... ok
test isa::arm::decoder::aarch64::tests::test_ret ... ok
test isa::arm::decoder::aarch64::tests::test_rev ... ok
test isa::arm::decoder::aarch64::tests::test_sb_decode ... ok
test isa::arm::decoder::aarch64::tests::test_sbc_xzr_source_decodes_ngc_aliases ... ok
test isa::arm::decoder::aarch64::tests::test_scalar_fp_decoder_classifies_by_subfields ... ok
test isa::arm::decoder::aarch64::tests::test_sdiv ... ok
test isa::arm::decoder::aarch64::tests::test_shifted_subs_prefers_cmp_over_negs_when_rd_is_zr ... ok
test isa::arm::decoder::aarch64::tests::test_simd_two_reg_misc_distinct_mnemonics ... ok
test isa::arm::decoder::aarch64::tests::test_stgp_decode ... ok
test isa::arm::decoder::aarch64::tests::test_store_exclusive_release_decode_operands ... ok
test isa::arm::decoder::aarch64::tests::test_stp ... ok
test isa::arm::decoder::aarch64::tests::test_str_imm ... ok
test isa::arm::decoder::aarch64::tests::test_sub_imm ... ok
test isa::arm::decoder::aarch64::tests::test_svc ... ok
test isa::arm::decoder::aarch64::tests::test_sve_int_mla_mls_decode ... ok
test isa::arm::decoder::aarch64::tests::test_sve_pred_true_false_fixed_fields_decode_unknown ... ok
test isa::arm::decoder::aarch64::tests::test_tbnz ... ok
test isa::arm::decoder::aarch64::tests::test_tbz ... ok
test isa::arm::decoder::aarch64::tests::test_tst_shifted_reg ... ok
test isa::arm::decoder::aarch64::tests::test_udiv ... ok
test isa::arm::decoder::aarch64::tests::test_unmodeled_simd_three_same_integer_ops_decode_unknown ... ok
test isa::arm::decoder::aarch64::tests::test_unprivileged_load_store_decode ... ok
test isa::arm::decoder::aarch64::tests::test_wfxt_decode ... ok
test isa::arm::decoder::operand::tests::test_aarch32_register_names ... ok
test isa::arm::decoder::operand::tests::test_fp_register_names ... ok
test isa::arm::decoder::operand::tests::test_immediate ... ok
test isa::arm::decoder::operand::tests::test_register_list ... ok
test isa::arm::decoder::operand::tests::test_register_names ... ok
test isa::arm::decoder::tests::test_condition_decode ... ok
test isa::arm::decoder::tests::test_condition_invert ... ok
test isa::arm::decoder::tests::test_extend_type_decode ... ok
test isa::arm::decoder::tests::test_mnemonic_display ... ok
test isa::arm::decoder::tests::test_shift_type_decode ... ok
test isa::arm::decoder::thumb::tests::t16_cps_decodes_and_setend_does_not ... ok
test isa::arm::decoder::thumb::tests::t32_coprocessor_space_decodes_as_its_a32_equivalent ... ok
test isa::arm::decoder::thumb::tests::t32_coprocessor_space_maps_to_its_a32_encoding ... ok
test isa::arm::decoder::thumb::tests::t32_exclusives_table_branches_and_acquire_release_decode ... ok
test isa::arm::decoder::thumb::tests::t32_misc_control_decodes_hints_barriers_and_status_moves ... ok
test isa::arm::decoder::thumb::tests::t32_push_and_pop_are_stmdb_and_ldmia_of_sp_with_writeback ... ok
test isa::arm::decoder::thumb::tests::test_16bit_add_reg ... ok
test isa::arm::decoder::thumb::tests::test_16bit_b ... ok
test isa::arm::decoder::thumb::tests::test_16bit_beq ... ok
test isa::arm::decoder::thumb::tests::test_16bit_bx_lr ... ok
test isa::arm::decoder::thumb::tests::test_16bit_cbz_cbnz_decode_displacements_as_branch_labels ... ok
test isa::arm::decoder::thumb::tests::test_16bit_cmp_imm ... ok
test isa::arm::decoder::thumb::tests::test_16bit_ldr_imm ... ok
test isa::arm::decoder::thumb::tests::test_16bit_lsl ... ok
test isa::arm::decoder::thumb::tests::test_16bit_mov_imm ... ok
test isa::arm::decoder::thumb::tests::test_16bit_nop ... ok
test isa::arm::decoder::thumb::tests::test_16bit_pop ... ok
test isa::arm::decoder::thumb::tests::test_16bit_push ... ok
test isa::arm::decoder::thumb::tests::test_16bit_svc ... ok
test isa::arm::decoder::thumb::tests::test_32bit_add_imm ... ok
test isa::arm::decoder::thumb::tests::test_32bit_bl ... ok
test isa::arm::decoder::thumb::tests::test_32bit_ldr_imm ... ok
test isa::arm::decoder::thumb::tests::test_32bit_literal_loads_decode_full_positive_and_negative_imm12 ... ok
test isa::arm::decoder::thumb::tests::test_32bit_mov_imm ... ok
test isa::arm::decoder::thumb::tests::test_32bit_push_multiple ... ok
test isa::arm::decoder::thumb::tests::test_32bit_register_extends_preserve_exact_operation ... ok
test isa::arm::decoder::thumb::tests::test_is_32bit ... ok
test isa::hexagon::semantics::hvx_hist::tests::vhist_requires_tmp_load_into_v0 ... ok
test isa::hexagon::decode::pair_base_tests::tfr_control_pair_rejects_odd_register_base ... ok
test isa::hexagon::semantics::hvx_v6mpy::tests::v6mpy_rejects_odd_pair_base_no_abort ... ok
test isa::hexagon::semantics::shift::tests::immediate_shift_count_ignores_constant_extender ... ok
test isa::hexagon::semantics::shift_ext::tests::ashiftr_64_guards_oversized_shift ... ok
test isa::hexagon::semantics::shift_ext::tests::shift_ext_immediate_count_ignores_constant_extender ... ok
test isa::hexagon::semantics::shift_ext::tests::valignib_offset_does_not_underflow_with_extender ... ok
test isa::hexagon::semantics::tests::hvx_out_of_range_access_marks_instruction_invalid ... ok
test isa::hexagon::cpu::vcpu_impl::tests::step_insn_executes_and_counts_one_packet ... ok
test isa::hexagon::semantics::tests::hvx_pair_helpers_reject_odd_pair_bases ... ok
test isa::hexagon::semantics::tests::invalid_hvx_pair_dispatch_is_rejected_without_writes ... ok
test isa::riscv::compressed::tests::c_addi ... ok
test isa::riscv::compressed::tests::c_ebreak ... ok
test isa::riscv::compressed::tests::c_li ... ok
test isa::riscv::compressed::tests::c_mv_add ... ok
test isa::riscv::compressed::tests::c_ntl_hints ... ok
test isa::riscv::compressed::tests::compressed_double_memory_encodings_require_d ... ok
test isa::riscv::compressed::tests::rv32_compressed_single_precision_memory_requires_f ... ok
test isa::hexagon::semantics::tests::issue_162_rejects_odd_pair_bases_across_hvx_families ... ok
test isa::riscv::compressed::tests::rv32c_reserved_shifts_are_illegal ... ok
test isa::riscv::compressed::tests::zcb_aliases_require_dependent_extensions ... ok
test isa::riscv::compressed::tests::zclsd_rv32_pair_load_store_overlap_slots ... ok
test isa::riscv::compressed::tests::zcmp_zcmt_decode_overlap_slot ... ok
test isa::riscv::cpu::csr_ops::tests::counter_enable_csrs_are_32_bit_and_gate_lower_privilege_reads ... ok
test isa::riscv::cpu::csr_ops::tests::csr_availability_tracks_xlen_and_declaring_extensions ... ok
test isa::riscv::cpu::csr_ops::tests::csr_instructions_enforce_the_encoded_minimum_privilege ... ok
test isa::riscv::cpu::csr_ops::tests::mepc_masks_the_configured_ialign_on_reads_and_mret ... ok
test isa::riscv::cpu::csr_ops::tests::misa_reports_enabled_h_and_v_independently ... ok
test isa::riscv::cpu::csr_ops::tests::mtvec_warl_readback_never_exposes_a_reserved_mode ... ok
test isa::riscv::cpu::csr_ops::tests::sepc_masks_ialign_and_sret_restores_only_supervisor_stack ... ok
test isa::riscv::cpu::csr_ops::tests::sret_privilege_and_tsr_failures_do_not_commit_state ... ok
test isa::riscv::cpu::csr_ops::tests::status_interrupt_and_delegation_csrs_canonicalize_warl_fields ... ok
test isa::riscv::cpu::execution::tests::failed_store_conditionals_use_write_probe_without_mmio_read ... ok
test isa::riscv::cpu::execution::tests::failed_store_conditionals_check_address_without_writing ... ok
test isa::riscv::cpu::execution::tests::instruction_fetch_enforces_the_configured_ialign ... ok
test isa::riscv::cpu::execution::tests::only_normally_completed_instructions_increment_instret ... ok
test isa::riscv::cpu::execution::tests::unavailable_csrs_trap_before_register_commit ... ok
test isa::riscv::cpu::execution::tests::wfi_does_not_stall_for_a_locally_enabled_pending_interrupt ... ok
test isa::riscv::cpu::fp_moves::tests::rv32_zfa_doubleword_moves_preserve_both_halves ... ok
test isa::riscv::cpu::state_transfer::tests::csrs_round_trip_through_their_warl_rules ... ok
test isa::riscv::cpu::state_transfer::tests::vector_state_round_trips_and_checks_its_size ... ok
test isa::riscv::cpu::tests::add_sub_words ... ok
test isa::riscv::cpu::tests::addi_and_add ... ok
test isa::riscv::cpu::tests::amo_add ... ok
test isa::riscv::cpu::tests::amocas_word_double_and_quad ... ok
test isa::riscv::cpu::tests::branch_alignment_traps_only_when_taken_without_compressed_extension ... ok
test isa::riscv::cpu::tests::andes_gp_relative_load_store_and_addigp ... ok
test isa::riscv::cpu::tests::branch_taken ... ok
test isa::riscv::cpu::tests::andes_bitfield_lea_branch_and_byte_scans ... ok
test isa::riscv::cpu::tests::cache_and_wait_hints_retire_without_state_changes ... ok
test isa::riscv::cpu::tests::branches_all_conditions ... ok
test isa::riscv::cpu::tests::cbo_zero_zeroes_aligned_cache_block ... ok
test isa::riscv::cpu::tests::clz_cpop ... ok
test isa::riscv::cpu::tests::div_overflow ... ok
test isa::riscv::cpu::tests::csr_readwrite_and_illegal ... ok
test isa::riscv::cpu::tests::ecall_exit_can_be_delivered_as_machine_trap ... ok
test isa::riscv::cpu::tests::hazard3_bextm_and_bextmi_extract_multiple_bits ... ok
test isa::riscv::cpu::tests::fcsr_subfields ... ok
test isa::riscv::cpu::tests::hazard3_power_hints_are_gated ... ok
test isa::riscv::cpu::tests::hypervisor_virtual_load_store_use_flat_memory ... ok
test isa::riscv::cpu::tests::jal_jalr_link_and_target ... ok
test isa::riscv::cpu::tests::load_store_roundtrip ... ok
test isa::riscv::cpu::tests::lui_auipc ... ok
test isa::riscv::cpu::tests::machine_external_interrupt_enters_rv32_vectored_mtvec ... ok
test isa::riscv::cpu::tests::mask_reductions_reject_nonzero_vstart ... ok
test isa::riscv::cpu::tests::mul_div_rem ... ok
test isa::riscv::cpu::tests::privileged_fences_are_flat_memory_noops ... ok
test isa::riscv::cpu::tests::rv32_add_wraps_32 ... ok
test isa::riscv::cpu::tests::q_decode_only_ops_trap_on_execute ... ok
test isa::riscv::cpu::tests::rv32_aes32_scalar_crypto ... ok
test isa::riscv::cpu::tests::rv32_fallthrough_pc_wraps_at_xlen ... ok
test isa::riscv::cpu::tests::rv32_load_sign_extends_to_32 ... ok
test isa::riscv::cpu::tests::rv32_mulh_div ... ok
test isa::riscv::cpu::tests::rv32_no_word_ops ... ok
test isa::riscv::cpu::tests::rv32_sha512_pair_crypto ... ok
test isa::riscv::cpu::tests::rv32_shift_amount_masked_5_bits ... ok
test isa::riscv::cpu::tests::rv32_slt_signed ... ok
test isa::riscv::cpu::tests::rv32_sra_signed_32 ... ok
test isa::riscv::cpu::tests::rv32_zclsd_compressed_pair_load ... ok
test isa::riscv::cpu::tests::rv32_zbkb_zip_unzip_interleave_bits ... ok
test isa::riscv::cpu::tests::rv32_zilsd_pair_load_store ... ok
test isa::riscv::cpu::tests::sra_arith ... ok
test isa::riscv::cpu::tests::sstatus_cannot_escalate_sret_via_mpp ... ok
test isa::riscv::cpu::tests::sstatus_preserves_machine_only_mstatus_bits ... ok
test isa::riscv::cpu::tests::supervisor_interrupt_csrs_are_delegated_views ... ok
test isa::riscv::cpu::tests::system_ecall_ebreak_fence ... ok
test isa::riscv::cpu::tests::vcompress_rejects_reserved_states ... ok
test isa::riscv::cpu::tests::vector_config ... ok
test isa::riscv::cpu::tests::vadc_vsbc_reject_unmasked_encoding ... ok
test isa::riscv::cpu::tests::vfncvt_fp8_result_rejects_sew8 ... ok
test isa::riscv::cpu::tests::vlseg_rejects_oversized_register_group ... ok
test isa::riscv::cpu::tests::vmask_logical_rejects_masked_encoding ... ok
test isa::riscv::cpu::tests::vmvr_rejects_reserved_encodings ... ok
test isa::riscv::cpu::tests::vrgather_rejects_overlapping_operands ... ok
test isa::riscv::cpu::tests::vslidedown_oversized_offset_zeroes_lane ... ok
test isa::riscv::cpu::tests::warm_reset_clears_arch_state_keeps_nothing ... ok
test isa::riscv::cpu::tests::xida_sltw_compares_low_words_signed ... ok
test isa::riscv::cpu::tests::xsoteria_bit_set_clear ... ok
test isa::riscv::cpu::tests::xsoteria_csr_scratch_permissive_only_when_enabled ... ok
test isa::riscv::cpu::tests::xsoteria_decode_gated_rv32_and_flag ... ok
test isa::riscv::cpu::tests::xsoteria_decode_golden_bytes ... ok
test isa::riscv::cpu::tests::xsoteria_grev_full_reverse_and_rev8 ... ok
test isa::riscv::cpu::tests::xsoteria_pcnt_clz_fls ... ok
test isa::riscv::cpu::tests::xthead_indexed_integer_and_fp_memory ... ok
test isa::riscv::cpu::tests::xthead_scalar_arithmetic_and_fmv ... ok
test isa::riscv::cpu::tests::xthead_vdot_documented_vmaqa_executes ... ok
test isa::riscv::cpu::tests::xthead_vdot_mask_is_byte_granular ... ok
test isa::riscv::cpu::tests::xthead_vdot_rejects_bad_sew_and_undocumented_packed_exec ... ok
test isa::riscv::cpu::tests::zcmp_push_pop_and_return ... ok
test isa::riscv::cpu::tests::zcmp_register_moves_and_zcmt_table_jumps ... ok
test isa::riscv::cpu::vector_config::tests::every_vector_configuration_form_resets_vstart ... ok
test isa::riscv::cpu::vector_config::tests::unsupported_vtype_still_resets_vstart_when_vill_is_recorded ... ok
test isa::riscv::cpu::vector_memory::tests::mask_and_whole_register_fault_indices_use_their_effective_elements ... ok
test isa::riscv::cpu::vector_memory::tests::indexed_segment_fields_use_sew_while_indices_use_encoded_eew ... ok
test isa::riscv::cpu::vector_memory::tests::mask_load_and_store_use_byte_indexed_vstart ... ok
test isa::riscv::cpu::vector_memory::tests::mask_transfer_respects_vill_and_whole_register_groups_are_validated ... ok
test isa::riscv::cpu::vector_memory::tests::memory_operands_validate_data_index_and_segment_groups ... ok
test isa::riscv::cpu::vector_memory::tests::segment_fault_only_first_traps_at_zero_and_trims_later_faults ... ok
test isa::riscv::cpu::vector_memory::tests::vector_memory_faults_publish_the_faulting_element ... ok
test isa::riscv::cpu::vector_permute::tests::whole_register_move_resumes_in_sew_sized_elements ... ok
test isa::riscv::cpu::vector_permute::tests::whole_register_move_snapshots_overlapping_source_group ... ok
test isa::riscv::cpu::vector_memory::tests::whole_register_transfer_uses_encoded_eew_and_ignores_vill ... ok
test isa::riscv::cpu::vector_validation::tests::carry_and_borrow_require_vm_zero_and_nonzero_destination ... ok
test isa::riscv::cpu::vector_validation::tests::every_reduction_rejects_nonzero_vstart_and_validates_vector_source ... ok
test isa::riscv::cpu::vector_validation::tests::mask_prefix_constraints_are_checked_before_execution ... ok
test isa::riscv::cpu::vector_validation::tests::averaging_integer_groups_must_be_aligned ... ok
test isa::riscv::cpu::vector_validation::tests::mask_results_validate_sources_and_lowest_register_overlap ... ok
test isa::riscv::cpu::vector_validation::tests::masked_nonmask_destinations_cannot_overlap_v0 ... ok
test isa::riscv::cpu::vector_validation::tests::remaining_same_width_families_validate_every_vector_group ... ok
test isa::riscv::cpu::vector_validation::tests::narrowing_rejects_misaligned_groups_and_reserved_lmul ... ok
test isa::riscv::cpu::vector_validation::tests::reserved_frm_traps_before_vl_and_vstart_short_circuits ... ok
test isa::riscv::cpu::vector_validation::tests::same_width_integer_groups_must_be_aligned ... ok
test isa::riscv::cpu::vector_validation::tests::scalar_move_forms_reserve_masked_encodings ... ok
test isa::riscv::cpu::vector_validation::tests::slide_up_rejects_overlap_and_misaligned_groups_but_down_allows_overlap ... ok
test isa::riscv::cpu::vector_validation::tests::vector_extensions_validate_scaled_source_emul ... ok
test isa::riscv::cpu::vector_validation::tests::vfncvt_fp16_to_unsigned_integer8_rounds_saturates_and_accrues_flags ... ok
test isa::riscv::cpu::vector_validation::tests::vector_fp_validation_rejects_unsupported_eew8_without_overrejecting_conversions ... ok
test isa::riscv::cpu::vector_validation::tests::narrowing_overlap_uses_exact_rational_emul ... ok
test isa::riscv::cpu::vector_validation::tests::vid_requires_reserved_vs2_field_to_name_v0 ... ok
test isa::riscv::cpu::vector_validation::tests::viota_enforces_nonrestartable_and_operand_overlap_rules ... ok
test isa::riscv::cpu::vector_validation::tests::vmv_forms_require_reserved_vs2_field_to_name_v0 ... ok
test isa::riscv::cpu::vector_validation::tests::vrgatherei16_validates_exact_index_emul_and_source_aliasing ... ok
test isa::riscv::cpu::vector_validation::tests::widening_group_boundaries_use_exact_rational_emul ... ok
test isa::riscv::cpu::vector_validation::tests::widening_rejects_low_part_and_fractional_source_overlap ... ok
test isa::riscv::cpu::vector_validation::tests::widening_reductions_allow_any_scalar_destination_register ... ok
test isa::riscv::cpu::vector_validation::tests::widening_arithmetic_covers_integer_fp_and_conversion_families ... ok
test isa::riscv::decode::hypervisor::tests::hlvx_wu_is_legal_on_both_xlens_with_h ... ok
test isa::riscv::cpu::vector_validation::tests::widening_wide_source_forms_allow_same_width_alias ... ok
test isa::riscv::decode::op_imm::tests::rv32_rejects_shamt_bit_five_for_every_shift_immediate_family ... ok
test isa::riscv::decode::tests::andes_decode_gp_relative_and_custom2 ... ok
test isa::riscv::decode::tests::andes_takes_custom0_priority_over_hazard3_like_ida ... ok
test isa::riscv::decode::tests::decode_add_sub ... ok
test isa::riscv::decode::tests::decode_addi ... ok
test isa::riscv::decode::tests::decode_branch_imm ... ok
test isa::riscv::decode::tests::decode_cbo_zero_requires_zicboz_and_full_funct12 ... ok
test isa::riscv::decode::tests::decode_m_mul ... ok
test isa::riscv::decode::tests::decode_cbo_management_and_prefetch_hints ... ok
test isa::riscv::decode::tests::decode_privileged_fence_and_hypervisor_tables ... ok
test isa::riscv::decode::tests::decode_q_extension_is_opt_in_and_excludes_q_moves ... ok
test isa::riscv::decode::tests::decode_rv32_aes32_scalar_crypto_is_gated ... ok
test isa::riscv::decode::tests::decode_rv32_sha512_pair_crypto_is_gated ... ok
test isa::riscv::decode::tests::decode_rv32_zilsd_load_store_pairs ... ok
test isa::riscv::decode::tests::decode_slli_rv64 ... ok
test isa::riscv::decode::tests::decode_xida_sltw_is_opt_in_rv64_only ... ok
test isa::riscv::decode::tests::decode_zawrs_zihintpause_zihintntl_and_zacas ... ok
test isa::riscv::decode::tests::decode_zbkb_zip_unzip_rv32_only ... ok
test isa::riscv::decode::tests::hazard3_decode_power_hints_and_custom0 ... ok
test isa::riscv::decode::tests::hazard3_rejects_reserved_custom0_fields ... ok
test isa::riscv::decode::tests::vector_memory_decode_is_independent_of_f_and_accepts_segment_fof ... ok
test isa::riscv::decode::tests::xsoteria_immediate_field_decodes_to_imm ... ok
test isa::riscv::decode::tests::xsoteria_unary_requires_zero_rs2_field ... ok
test isa::riscv::decode::tests::xthead_custom0_priority_matches_ida ... ok
test isa::riscv::decode::tests::xsoteria_rejects_bad_funct ... ok
test isa::riscv::decode::tests::xthead_decode_scalar_and_memory_tables ... ok
test isa::riscv::decode::tests::xthead_decode_vdot_tables_after_fmem ... ok
test isa::riscv::decode::zfa_moves::tests::doubleword_moves_require_rv32_d_and_zfa ... ok
test isa::riscv::disasm::tests::disasm_hazard3_vendor_ops ... ok
test isa::riscv::disasm::tests::disasm_andes_vendor_ops ... ok
test isa::riscv::disasm::tests::disasm_q_extension_when_enabled ... ok
test isa::riscv::disasm::tests::disasm_privileged_and_zbkb_zip_unzip ... ok
test isa::riscv::disasm::tests::disasm_xida_sltw_when_enabled ... ok
test isa::riscv::disasm::tests::disasm_samples ... ok
test isa::riscv::disasm::tests::disasm_xthead_vendor_ops ... ok
test isa::riscv::disasm::tests::disasm_rv32_zfa_doubleword_moves_and_hlvx_wu ... ok
test isa::riscv::float::tests::bits_u64_copy_respects_bits_width ... ok
test isa::riscv::disasm::tests::disasm_zcmp_zcmt_and_pair_load_store ... ok
test isa::riscv::float::tests::ftoi8_rounding_saturation_and_flags_are_exact ... ok
test isa::riscv::memory::tests::flat_roundtrip_widths ... ok
test isa::riscv::memory::tests::out_of_bounds ... ok
test isa::x86_64::apx::tests::rex2_opcode_reservations_cover_exact_map_rows_and_prefix_bytes ... ok
test isa::x86_64::apx::tests::rex2_xsave_reservations_require_exact_memory_groups ... ok
test isa::x86_64::bios::tests::cd_activation_is_per_vcpu ... ok
test isa::x86_64::cpu::decode_cache_invalidation_tests::invalidate_code_page_clears_rip0_entry ... ok
test isa::x86_64::cpu::decode_cache_invalidation_tests::decode_cache_hit_refetches_current_guest_bytes ... ok
test isa::x86_64::cpu::enter_tests::compatibility_enter_uses_ss_base_for_display_reads_and_stack_writes ... ok
test isa::x86_64::cpu::enter_tests::direct_enter_final_probe_and_late_read_fault_leave_registers_restartable ... ok
test isa::x86_64::cpu::leave_tests::direct_leave16_uses_full_rbp_address_and_merges_only_bp ... ok
test isa::x86_64::cpu::enter_tests::direct_enter_noncanonical_stack_range_raises_ss_before_memory_access ... ok
test isa::x86_64::cpu::enter_tests::direct_enter_rex_order_width_nesting_and_flags_are_exact ... ok
test isa::x86_64::cpu::leave_tests::direct_leave_pop_fault_is_noncommitting ... ok
test isa::x86_64::cpu::mmx_xmm_transfer_tests::direct_cross_file_transfers_commit_values_and_mmx_tag_after_success ... ok
test isa::x86_64::cpu::leave_tests::direct_leave_ss_and_ac_faults_are_noncommitting ... ok
test isa::x86_64::cpu::leave_tests::direct_rex2_leave_checks_apx_before_any_stack_commit ... ok
test isa::x86_64::cpu::leave_tests::direct_leave_obeys_long_mode_width_prefix_order_and_preserves_state ... ok
test isa::x86_64::cpu::mxcsr_restore_tests::direct_mxcsr_restore_ignores_invalid_memory_when_mxcsr_is_unselected_or_initialized ... ok
test backend::emulator::cortex_m::oracle_tests::cortex_m4_matches_the_qemu_oracle ... ok
test isa::x86_64::cpu::mxcsr_restore_tests::direct_mxcsr_restore_only_selected_memory_values_can_page_fault ... ok
test isa::x86_64::cpu::mxcsr_restore_tests::direct_mxcsr_restore_header_faults_precede_selected_mxcsr_page_faults ... ok
test isa::x86_64::cpu::mxcsr_restore_tests::direct_mxcsr_restore_fxrstor_accepts_all_supported_bits_and_pending_unmasked_status ... ok
test isa::x86_64::cpu::mxcsr_restore_tests::direct_mxcsr_restore_snapshot_roundtrips_supported_mxcsr_and_all_existing_fields ... ok
test isa::x86_64::cpu::mxcsr_restore_tests::direct_mxcsr_restore_earlier_legality_faults_precede_operand_reads_and_commit ... ok
test isa::x86_64::cpu::mxcsr_restore_tests::direct_mxcsr_restore_snapshot_rejects_reserved_bits_without_mutation ... ok
test isa::x86_64::cpu::mxcsr_restore_tests::direct_mxcsr_restore_standard_ignores_only_the_unspecified_header_tail ... ok
test isa::riscv::cpu::vector_validation::tests::every_decoded_opfvv_and_opfvf_encoding_validates_frm ... ok
test isa::x86_64::cpu::mxcsr_restore_tests::parity::direct_smir_mxcsr_restore_compacted_xstate_bit63_is_allowed_at_o0_o1_o2 ... ok
test isa::x86_64::cpu::ptwrite_tests::deterministic_cpuid_profile_does_not_advertise_ptwrite ... ok
test isa::x86_64::cpu::mxcsr_restore_tests::parity::direct_smir_selected_mxcsr_read_fault_classification_at_o0_o1_o2 ... ok
test isa::x86_64::cpu::ptwrite_tests::direct_ptwrite_faults_before_register_or_memory_observation ... ok
test isa::x86_64::cpu::ptwrite_tests::direct_ptwrite_feature_fault_precedes_address_faults ... ok
test isa::x86_64::cpu::rex2_admission_tests::direct_rex2_control_debug_nonexistent_selectors_ud_before_all_state ... ok
test isa::x86_64::cpu::rex2_admission_tests::direct_rex2_control_debug_transfers_use_full_extensions_on_cold_and_cache_hits ... ok
test isa::x86_64::cpu::rex2_admission_tests::direct_rex2_emms_is_dynamic_and_cache_stable ... ok
test isa::x86_64::cpu::stack_segment_tests::long_mode_stack_helpers_ignore_ss_base ... ok
test isa::x86_64::cpu::stack_segment_tests::non_long_mode_stack_helpers_use_ss_base ... ok
test isa::x86_64::cpu::sti_tests::a_faulting_shadowed_instruction_consumes_the_sti_shadow ... ok
test isa::x86_64::cpu::sti_tests::maskable_injection_is_blocked_but_nmi_delivery_consumes_the_sti_shadow ... ok
test isa::x86_64::cpu::sti_tests::sti_cli_sequence_never_exposes_an_interruptible_boundary ... ok
test isa::x86_64::cpu::sti_tests::sti_hlt_consumes_the_shadow_before_halt_and_allows_wakeup ... ok
test isa::x86_64::cpu::sti_tests::sti_nop_exposes_interrupts_only_after_the_nop_boundary ... ok
test isa::x86_64::cpu::sti_tests::sti_pvi_sets_vif_without_enabling_physical_interrupts_or_shadow ... ok
test isa::x86_64::cpu::sti_tests::sti_pvi_vip_fault_is_noncommitting_and_ends_a_prior_shadow ... ok
test isa::x86_64::cpu::sti_tests::sti_shadow_round_trips_snapshots_but_external_state_injection_clears_it ... ok
test isa::x86_64::cpu::sti_tests::sti_with_if_already_set_creates_no_interrupt_shadow ... ok
test isa::x86_64::cpu::vcpu_impl::tests::set_state_replaces_lazily_derived_flags ... ok
test isa::x86_64::cpu::vcpu_impl::tests::snapshot_restore_reinstates_the_saved_lazy_flags ... ok
test isa::x86_64::cpu::waitpkg_tests::direct_waitpkg_faults_are_precise_and_noncommitting ... ok
test isa::x86_64::cpu::mxcsr_restore_tests::direct_mxcsr_restore_rejects_each_reserved_bit_before_any_payload_commit ... ok
test isa::x86_64::cpu::waitpkg_tests::direct_waitpkg_probes_umonitor_memory_and_clears_only_wait_status_flags ... ok
test isa::x86_64::cpu::waitpkg_tests::direct_waitpkg_non_long_address_sizes_and_virtual_8086_tsd_are_exact ... ok
test isa::x86_64::cpu::waitpkg_tests::direct_waitpkg_tsd_bypasses_are_exact ... ok
test isa::x86_64::cpu::xop_tests::direct_packed_xop_feature_faults_precede_nm_and_memory_faults ... ok
test isa::x86_64::cpu::xop_tests::direct_packed_xop_memory_enforces_canonical_and_alignment_priority ... ok
test isa::x86_64::cpu::xop_tests::direct_packed_xop_executes_every_assigned_cell_and_both_w_operand_orders ... ok
test isa::x86_64::cpu::xop_tests::direct_packed_xop_reserved_fields_raise_ud_before_nm_or_memory_observation ... ok
test isa::x86_64::cpu::xop_tests::direct_vpcmov_compatibility_mode_ignores_is4_high_bit_and_keeps_w_role ... ok
test isa::x86_64::cpu::xop_tests::direct_vpcmov_memory_forms_preserve_roles_alignment_and_fault_precision ... ok
test isa::x86_64::cpu::xop_tests::direct_vpcmov_executes_both_widths_w_roles_aliases_and_high_registers ... ok
test isa::x86_64::cpu::xop_tests::direct_vpcmov_reserved_and_dynamic_faults_precede_memory_observation ... ok
test isa::x86_64::cpu::xop_vpcom_tests::direct_vpcom_compatibility_mode_honors_xop_register_restrictions ... ok
test isa::x86_64::cpu::xop_vpcom_tests::direct_vpcom_feature_enabled_memory_fault_is_noncommitting ... ok
test isa::x86_64::cpu::xop_vpcom_tests::direct_vpcom_executes_every_element_family_and_immediate_image ... ok
test isa::x86_64::cpu::rex2_admission_tests::direct_rex2_reservations_are_exhaustive_precise_and_cached_without_commit ... ok
test isa::x86_64::cpu::mxcsr_restore_tests::direct_mxcsr_restore_selection_distinguishes_standard_and_compacted_forms ... ok
test isa::x86_64::cpu::xop_vpcom_tests::direct_vpcom_memory_is_one_aligned_full_width_read_with_exact_rip ... ok
test isa::x86_64::decode::dispatch::evex::align_tests::vector_align_memory_broadcast_remains_supported ... ok
test isa::x86_64::cpu::xop_vpcom_tests::direct_vpcom_reserved_and_dynamic_faults_precede_nm_and_memory ... ok
test isa::x86_64::decode::dispatch::evex::align_tests::vector_align_reserved_fields_raise_precise_ud_without_commit ... ok
test isa::x86_64::decode::dispatch::evex::apx_cet_tests::direct_profile_disabled_apx_wrss_and_wruss_raise_ud_before_modrm_fetch ... ok
test isa::x86_64::decode::dispatch::evex::amx_disabled_tests::every_assigned_amx_avx512_cell_raises_ud_before_modrm_fetch ... ok
test isa::x86_64::decode::dispatch::evex::apx_count_tests::direct_apx_count_materializes_only_the_flags_each_form_defines ... ok
test isa::x86_64::decode::dispatch::evex::apx_count_tests::direct_apx_count_memory_fault_is_noncommitting_and_preserves_lazy_flags ... ok
test isa::x86_64::decode::dispatch::evex::apx_count_tests::direct_apx_count_reserved_fields_fault_without_commit ... ok
test isa::x86_64::decode::dispatch::evex::apx_count_tests::direct_apx_count_uses_egpr_register_and_memory_index_extensions ... ok
test isa::x86_64::decode::dispatch::evex::apx_crc32_tests::direct_apx_crc32_byte_register_codes_exclude_legacy_high_bytes ... ok
test isa::x86_64::decode::dispatch::evex::apx_count_tests::direct_apx_count_covers_every_width_nf_state_source_class_and_flag_contract ... ok
test isa::x86_64::decode::dispatch::evex::apx_crc32_tests::direct_apx_crc32_covers_scalable_widths_egprs_and_redundant_66 ... ok
test isa::x86_64::decode::dispatch::evex::apx_crc32_tests::direct_apx_crc32_memory_fault_is_noncommitting ... ok
test isa::x86_64::decode::dispatch::evex::apx_crc32_tests::direct_apx_crc32_memory_uses_fs_and_addr32_egpr_addresses ... ok
test isa::x86_64::decode::dispatch::evex::apx_crc32_tests::direct_apx_crc32_invalid_fields_and_disabled_apx_fault_without_commit ... ok
test isa::x86_64::decode::dispatch::evex::apx_group3_tests::direct_apx_group3_div_idiv_cover_double_width_dividend_sources_and_nf ... ok
test isa::x86_64::decode::dispatch::evex::apx_group3_tests::direct_apx_group3_mul_imul_cover_widths_sources_overflow_and_nf ... ok
test isa::x86_64::decode::dispatch::evex::apx_invpcid_tests::direct_apx_invpcid_accepts_wig_and_exact_egpr_sib_operands ... ok
test isa::x86_64::decode::dispatch::evex::apx_invpcid_tests::direct_apx_invpcid_rejects_every_reserved_field_prefix_and_register_form ... ok
test isa::x86_64::decode::dispatch::evex::apx_invpcid_tests::direct_compatibility_mode_invpcid_uses_r32_and_32_bit_default_addresses ... ok
test isa::x86_64::decode::dispatch::evex::apx_group3_tests::direct_apx_group3_divide_errors_are_precise_and_noncommitting ... ok
test isa::x86_64::cpu::xop_vpcom_tests::direct_vpcom_preserves_all_destination_source_aliases ... ok
test isa::x86_64::decode::dispatch::evex::apx_invpcid_tests::direct_legacy_invpcid_preserves_flags_and_accepts_all_defined_types ... ok
test isa::x86_64::decode::dispatch::evex::apx_movbe_tests::direct_apx_movbe_apx_and_memory_faults_are_precise_and_noncommitting ... ok
test isa::x86_64::decode::dispatch::evex::apx_invpcid_tests::direct_invpcid_fault_priority_and_descriptor_checks_are_noncommitting ... ok
test isa::x86_64::decode::dispatch::evex::apx_movbe_tests::direct_apx_movbe_uses_egpr_and_memory_index_extensions ... ok
test isa::x86_64::decode::dispatch::evex::apx_movbe_tests::direct_apx_movbe_reserved_fields_fault_without_commit ... ok
test isa::x86_64::decode::dispatch::evex::apx_movdir_tests::direct_apx_movdir64b_copies_from_egpr_address_to_egpr_destination ... ok
test isa::x86_64::decode::dispatch::evex::apx_movdir_tests::direct_apx_movdir_address_size_and_fs_apply_to_the_correct_operands ... ok
test isa::x86_64::decode::dispatch::evex::apx_movdir_tests::direct_apx_movdir_fault_priority_is_precise_and_noncommitting ... ok
test isa::x86_64::decode::dispatch::evex::apx_movbe_tests::direct_apx_movbe_covers_both_directions_widths_and_source_classes ... ok
test isa::x86_64::decode::dispatch::evex::apx_movdir_tests::direct_apx_movdiri_executes_both_widths_and_egpr_sib_addresses ... ok
test isa::x86_64::decode::dispatch::evex::apx_movrs_tests::direct_apx_movrs_covers_every_width_egpr_addressing_and_flags ... ok
test isa::x86_64::decode::dispatch::evex::apx_movrs_tests::direct_apx_movrs_feature_and_memory_faults_are_precise_and_noncommitting ... ok
test isa::x86_64::decode::dispatch::evex::apx_movdir_tests::direct_apx_movdir_reserved_fields_and_disabled_feature_fault_without_commit ... ok
test isa::x86_64::decode::dispatch::evex::apx_movrs_tests::direct_apx_movrs_honors_fs_addr32_and_egpr_sib_extensions ... ok
test isa::x86_64::decode::dispatch::evex::apx_movrs_tests::direct_legacy_movrs_covers_every_width_partial_write_and_flags ... ok
test isa::x86_64::decode::dispatch::evex::apx_movrs_tests::direct_legacy_movrs_distinguishes_high_bytes_from_rex_low_bytes ... ok
test isa::x86_64::decode::dispatch::evex::apx_nf_tests::apx_nf_exclusion_is_narrow_for_legal_neighbors_and_required_nf0_forms ... ok
test isa::x86_64::decode::dispatch::evex::apx_movrs_tests::direct_movrs_reserved_forms_fault_without_commit ... ok
test isa::x86_64::decode::dispatch::evex::align_tests::vector_align_covers_every_shape_extension_alias_mask_and_immediate_boundary ... ok
test isa::x86_64::decode::dispatch::evex::apx_nf_tests::every_apx_nf_adc_sbb_register_opcode_is_precise_ud_before_modrm ... ok
test isa::x86_64::decode::dispatch::evex::apx_nf_tests::every_apx_nf_group1_adc_sbb_form_is_precise_ud_at_modrm ... ok
test isa::x86_64::decode::dispatch::evex::apx_nf_tests::every_apx_nf_group3_not_form_is_precise_ud_at_modrm ... ok
test isa::x86_64::decode::dispatch::evex::apx_reserved_tests::profile_disabled_apx_f8_forms_raise_ud_before_modrm_fetch ... ok
test isa::x86_64::decode::dispatch::evex::apx_reserved_tests::rex2_lea_remains_available_in_legacy_map0 ... ok
test isa::x86_64::decode::dispatch::evex::bw_immediate_tests::bw_immediate_memory_sources_remain_supported ... ok
test isa::x86_64::decode::dispatch::evex::bw_immediate_tests::bw_immediate_reserved_fields_raise_precise_ud_without_commit ... ok
test isa::x86_64::decode::dispatch::evex::apx_nf_tests::every_apx_group3_implicit_nd_form_is_precise_ud_at_modrm ... ok
test isa::x86_64::decode::dispatch::evex::bw_immediate_tests::dbpsadbw_maximum_sad_is_1020 ... ok
test isa::x86_64::decode::dispatch::evex::apx_reserved_tests::every_unassigned_apx_map4_opcode_raises_ud_before_modrm_fetch ... ok
test isa::x86_64::decode::dispatch::evex::bw_shuffle_madd_tests::bw_shuffle_madd_memory_sources_remain_supported ... ok
test isa::x86_64::decode::dispatch::evex::bw_shuffle_madd_tests::bw_shuffle_madd_reserved_fields_raise_precise_ud_without_commit ... ok
test isa::x86_64::decode::dispatch::evex::bw_shuffle_madd_tests::madd_saturation_and_wrap_boundaries_are_exact ... ok
test isa::x86_64::decode::dispatch::evex::bw_shuffle_madd_tests::bw_shuffle_madd_covers_shapes_wig_extensions_aliases_masks_and_edges ... ok
test isa::x86_64::decode::dispatch::evex::chunk_extract_tests::chunk_extract_memory_destinations_remain_supported ... ok
test isa::x86_64::decode::dispatch::evex::apx_nf_tests::every_apx_nf_group2_rcl_rcr_form_is_precise_ud_at_modrm ... ok
test isa::x86_64::decode::dispatch::evex::chunk_extract_tests::chunk_extract_reserved_fields_raise_precise_ud_without_commit ... ok
test isa::x86_64::decode::dispatch::evex::chunk_insert_tests::chunk_insert_memory_sources_remain_supported ... ok
test isa::x86_64::decode::dispatch::evex::chunk_insert_tests::chunk_insert_reserved_fields_raise_precise_ud_without_commit ... ok
test isa::x86_64::cpu::mxcsr_restore_tests::parity::direct_smir_mxcsr_restore_unsupported_header_bits_remain_gp_at_o0_o1_o2 ... ok
test isa::x86_64::decode::dispatch::evex::chunk_shuffle_tests::chunk_shuffle_memory_broadcast_remains_supported ... ok
test isa::x86_64::decode::dispatch::evex::chunk_shuffle_tests::chunk_shuffle_reserved_fields_raise_precise_ud_without_commit ... ok
test isa::x86_64::decode::dispatch::evex::bw_immediate_tests::bw_immediates_cover_shapes_wig_extensions_aliases_masks_and_selectors ... ok
test isa::x86_64::decode::dispatch::evex::fp_class_tests::fp_class_masked_memory_suppresses_inactive_faults_and_commits_last ... ok
test isa::x86_64::decode::dispatch::evex::chunk_shuffle_tests::chunk_shuffle_covers_shapes_extensions_aliases_masks_and_all_selectors ... ok
test isa::x86_64::decode::dispatch::evex::chunk_extract_tests::chunk_extract_covers_shapes_extensions_aliases_masks_and_selectors ... ok
test isa::x86_64::decode::dispatch::evex::gpr_broadcast_tests::gpr_broadcast_reserved_fields_raise_precise_ud_without_commit ... ok
test isa::x86_64::decode::dispatch::evex::mask_broadcast_tests::mask_broadcast_expands_every_shape_extension_and_k_source ... ok
test isa::x86_64::decode::dispatch::evex::mask_broadcast_tests::mask_broadcast_reserved_fields_raise_precise_ud ... ok
test isa::x86_64::decode::dispatch::evex::chunk_insert_tests::chunk_insert_covers_shapes_extensions_aliases_masks_and_selectors ... ok
test isa::x86_64::decode::dispatch::evex::nt_load_tests::nt_load_alignment_fault_precedes_memory_and_commits_nothing ... ok
test isa::x86_64::decode::dispatch::evex::nt_load_tests::nt_load_covers_all_widths_low_high_destinations_and_upper_zeroing ... ok
test isa::x86_64::decode::dispatch::evex::nt_load_tests::nt_load_reserved_fields_raise_precise_ud_without_commit ... ok
test isa::x86_64::decode::dispatch::evex::fp_class_tests::fp_class_reserved_fields_raise_precise_ud_without_commit ... ok
test isa::x86_64::decode::dispatch::evex::pair_intersect_tests::pair_intersect_memory_fault_is_precise_and_noncommitting ... ok
test isa::x86_64::decode::dispatch::evex::pair_intersect_tests::pair_intersect_odd_destination_aliases_preceding_even_pair ... ok
test isa::x86_64::decode::dispatch::evex::pair_intersect_tests::pair_intersect_reserved_fields_and_disabled_feature_raise_precise_ud ... ok
test isa::x86_64::decode::dispatch::evex::tests::apx_adc_reg_materializes_lazy_cf ... ok
test isa::x86_64::decode::dispatch::evex::pair_intersect_tests::pair_intersect_memory_uses_full_and_broadcast_compressed_disp8_scales ... ok
test isa::x86_64::decode::dispatch::evex::tests::apx_cfcmov_memory_destination_suppresses_false_fault_like_llvm ... ok
test isa::x86_64::decode::dispatch::evex::tests::apx_cfcmov_memory_source_suppresses_false_fault_like_llvm ... ok
test isa::x86_64::decode::dispatch::evex::tests::apx_cmov_nd_memory_source_still_faults_when_false ... ok
test isa::x86_64::decode::dispatch::evex::tests::apx_cfcmov_two_operand_directions_and_false_zero_like_llvm ... ok
test isa::x86_64::decode::dispatch::evex::pair_intersect_tests::pair_intersect_covers_all_shapes_destinations_extensions_aliases_and_matches ... ok
test isa::x86_64::decode::dispatch::evex::tests::apx_cmov_nd_uses_vvvv_destination_like_llvm ... ok
test isa::x86_64::decode::dispatch::evex::tests::apx_conditional_map4_rejects_invalid_pp2_like_llvm ... ok
test isa::x86_64::cpu::mxcsr_restore_tests::parity::direct_smir_mxcsr_restore_reserved_bits_fault_only_when_loaded_at_o0_o1_o2 ... ok
test isa::x86_64::decode::dispatch::evex::tests::apx_ctest_default_flags_clear_stale_lazy_flags ... ok
test isa::x86_64::decode::dispatch::evex::tests::apx_imul_clears_stale_lazy_flags_for_following_condition ... ok
test isa::x86_64::decode::dispatch::evex::tests::apx_map4_setzu_and_evex_setcc_split_by_nd_like_llvm ... ok
test isa::x86_64::decode::dispatch::evex::tests::apx_push2_wraps_aligned_rsp_without_wrapping_the_transfer ... ok
test isa::x86_64::decode::dispatch::evex::tests::apx_sbb_imm_materializes_lazy_cf ... ok
test isa::x86_64::decode::dispatch::evex::tests::apx_shld_imm_rip_relative_includes_imm8_in_target ... ok
test isa::x86_64::decode::dispatch::evex::tests::apx_shrd_imm_rip_relative_includes_imm8_in_target ... ok
test isa::x86_64::decode::dispatch::evex::tests::evex_fixed_packed_compare_reserved_fields_raise_precise_ud ... ok
test isa::x86_64::decode::dispatch::evex::tests::evex_fixed_packed_compare_wig_executes_w0_and_w1_identically ... ok
test isa::x86_64::decode::dispatch::evex::tests::evex_mask_blend_reserved_fields_raise_precise_ud ... ok
test isa::x86_64::decode::dispatch::evex::tests::evex_lane_shuffle_reserved_fields_raise_precise_ud ... ok
test isa::x86_64::decode::dispatch::evex::tests::evex_mask_blends_select_exact_elements_and_zero_upper_state ... ok
test isa::x86_64::decode::dispatch::evex::tests::evex_mask_to_vector_ignores_k_source_extension_fields ... ok
test isa::x86_64::decode::dispatch::evex::tests::evex_mask_to_vector_reserved_fields_raise_precise_ud ... ok
test isa::x86_64::decode::dispatch::evex::tests::evex_packed_extend_reserved_fields_raise_precise_ud ... ok
test isa::x86_64::decode::dispatch::evex::tests::evex_packed_extend_wig_executes_w0_and_w1_identically ... ok
test isa::x86_64::decode::dispatch::evex::tests::apx_reserved_pop2_and_group45_forms_raise_precise_ud ... ok
test isa::x86_64::decode::dispatch::evex::tests::evex_vpmulhrsw_wig_executes_w0_and_w1_identically ... ok
test isa::x86_64::decode::dispatch::evex::tests::evex_vector_to_mask_collects_sign_bits_and_clears_high_mask_bits ... ok
test isa::x86_64::decode::dispatch::evex::tests::evex_vector_to_mask_reserved_fields_raise_precise_ud ... ok
test isa::x86_64::decode::dispatch::evex::tests::evex_vpshufd_memory_broadcast_remains_legal ... ok
test isa::x86_64::decode::dispatch::evex::tests::f32_to_bf16_matches_vcvtne_rounding_edges ... ok
test isa::x86_64::decode::dispatch::evex::tests::evex_word_lane_shuffles_treat_w_as_ignored ... ok
test isa::x86_64::decode::dispatch::vex::convert_tests::vcvtph2ps_masked_invalid_quiets_snan_and_clears_unchanged_low_destination ... ok
test isa::x86_64::decode::dispatch::vex::convert_tests::vcvtph2ps_later_memory_fault_precedes_invalid_status_and_destination_commit ... ok
test isa::x86_64::decode::dispatch::vex::convert_tests::vcvtph2ps_reserved_w_and_vvvv_fault_before_memory_or_state_access ... ok
test isa::x86_64::decode::dispatch::vex::convert_tests::vcvtph2ps_unmasked_invalid_obeys_osxmmexcpt_without_destination_commit ... ok
test isa::x86_64::decode::dispatch::vex::convert_tests::vcvtps2ph_dynamic_rounding_honors_daz_ignores_ftz_and_clears_unchanged_upper ... ok
test isa::x86_64::decode::dispatch::vex::convert_tests::vcvtps2ph_immediate_rounding_modes_cover_ties_and_overflow_direction ... ok
test isa::x86_64::decode::dispatch::evex::tests::evex_mask_to_vector_expands_all_shapes_and_clears_upper_lanes ... ok
test isa::x86_64::decode::dispatch::vex::convert_tests::vcvtps2ph_late_memory_fault_precedes_status_and_partial_store ... ok
test isa::x86_64::decode::dispatch::vex::convert_tests::vcvtps2ph_masked_conversion_reports_all_defined_status_classes ... ok
test isa::x86_64::decode::dispatch::vex::convert_tests::vcvtps2ph_unmasked_invalid_obeys_osxmmexcpt_without_any_destination_commit ... ok
test isa::x86_64::decode::dispatch::vex::crypto_tests::direct_vex_vpclmulqdq_accepts_wig_w1 ... ok
test isa::x86_64::decode::dispatch::vex::crypto_tests::direct_vex_vpclmulqdq_zeroes_every_bit_above_vl ... ok
test isa::x86_64::decode::fpu_addr_tests::compat16_address_override_selects_absolute_disp32 ... ok
test isa::x86_64::decode::fpu_addr_tests::compat32_absolute_operand_faults_even_if_rip_relative_decoy_is_mapped ... ok
test isa::x86_64::decode::fpu_addr_tests::compat32_fldcw_and_fnstcw_use_absolute_disp32 ... ok
test isa::x86_64::decode::fpu_addr_tests::compat32_fldcw_load_and_fnstcw_store_touch_only_absolute_operands ... ok
test isa::x86_64::decode::fpu_addr_tests::compat_disp32_uses_data_segment_or_explicit_override_after_offset ... ok
test isa::x86_64::decode::fpu_addr_tests::long_mode_retains_rip_relative_addressing_with_or_without_67 ... ok
test isa::x86_64::decode::fpu_addr_tests::sib_no_base_remains_absolute_in_both_modes ... ok
test isa::x86_64::decode::tests::effective_stack_segment_tracks_defaults_and_explicit_overrides ... ok
test isa::x86_64::decode::tests::fpu_rex_b_does_not_extend_the_sib_no_base_encoding ... ok
test isa::x86_64::decode::tests::modrm_disp_truncation_is_gp_at_boundary ... ok
test isa::x86_64::decode::tests::real_mode_addr32_ebp_base_defaults_to_ss ... ok
test isa::x86_64::decode::tests::real_mode_addr32_sib_esp_base_defaults_to_ss ... ok
test isa::x86_64::decode::tests::real_mode_segment_override_beats_stack_default ... ok
test isa::x86_64::decode::tests::real_mode_sib_no_base_defaults_to_ds ... ok
test isa::x86_64::decode::tests::rex2_truncated_payload_is_gp_at_boundary ... ok
test isa::x86_64::decode::tests::rex_b_does_not_extend_the_sib_no_base_encoding ... ok
test isa::x86_64::decode::tests::test_addr67_reg_indirect_truncates_to_32_bits ... ok
test isa::x86_64::decode::tests::test_addr67_rip_relative_masks_to_32_bits ... ok
test isa::x86_64::decode::tests::test_addr67_sib_base_index_scale_disp_truncates ... ok
test isa::x86_64::decode::tests::test_addr_plain_64bit_unaffected ... ok
test isa::x86_64::decode::tests::test_evex_sib_base_index_extensions ... ok
test isa::x86_64::decode::tests::test_is_prefix ... ok
test isa::x86_64::decode::tests::test_legacy_prefix_after_rex_clears_rex_state ... ok
test isa::x86_64::decode::tests::test_rex2_decode ... ok
test isa::x86_64::exception::tests::gate_target_must_be_canonical_and_present ... ok
test isa::x86_64::exception::tests::gate_validation_rejects_every_reserved_surface_before_presence ... ok
test isa::x86_64::exception::tests::legacy_gate_decode_distinguishes_16_and_32_bit_forms_and_reserved_bits ... ok
test isa::x86_64::exception::tests::legacy_software_gate_checks_dpl_and_presence_in_architectural_order ... ok
test isa::x86_64::exception::tests::nested_exception_matrix_matches_contributory_and_page_fault_rules ... ok
test isa::x86_64::exception::tests::software_gate_dpl_is_checked_but_external_delivery_ignores_it ... ok
test isa::x86_64::execute::control::far::tests::direct_code_descriptor_enforces_privilege_presence_mode_and_offset ... ok
test isa::x86_64::execute::control::far::tests::far_call_gate_target_allows_only_architectural_privilege_transitions ... ok
test isa::x86_64::execute::control::far::tests::ia32e_call_gate_enforces_reserved_privilege_presence_and_target_contracts ... ok
test isa::x86_64::execute::control::far::tests::ia32e_compatibility_target_loads_eip_even_from_m16_64_pointer ... ok
test isa::x86_64::execute::control::jump::tests::long_mode_jcc_not_taken_preserves_high_rip_bits ... ok
test isa::x86_64::execute::control::jump::tests::long_mode_jmp_far_ptr16_injects_ud ... ok
test isa::x86_64::execute::control::jump::tests::long_mode_jmp_far_ptr_injects_ud ... ok
test isa::x86_64::execute::control::jump::tests::long_mode_jmp_rel32_preserves_high_rip_bits ... ok
test isa::x86_64::execute::control::jump::tests::long_mode_jmp_rel8_preserves_high_rip_bits ... ok
test isa::x86_64::execute::data::mov::tests::canonical_48_boundaries_cover_both_sign_extensions ... ok
test isa::x86_64::execute::io::permission::tests::allowed_direct_scalar_io_preserves_flags_and_uses_little_endian_data ... ok
test isa::x86_64::execute::io::permission::tests::io_bitmap_checks_every_byte_bit_in_unaligned_transfers ... ok
test isa::x86_64::execute::io::permission::tests::malformed_or_absent_tss_permission_maps_deny_fail_closed ... ok
test isa::x86_64::execute::io::permission::tests::real_mode_iopl_and_virtual_8086_select_the_bitmap_exactly ... ok
test isa::x86_64::execute::io::permission::tests::scalar_and_string_permission_faults_do_not_commit_architectural_state ... ok
test isa::x86_64::execute::io::permission::tests::tss_bitmap_reads_are_supervisor_accesses_and_page_fault_precise ... ok
test isa::x86_64::execute::io::permission::tests::zero_count_rep_string_io_bypasses_permission_and_memory_access ... ok
test isa::x86_64::execute::simd::avx512::fp_ternary_math::tests::scale_f_special_values_follow_the_operand_table ... ok
test isa::x86_64::decode::dispatch::vex::crypto_tests::direct_vex_vpclmulqdq_covers_all_immediates_widths_wig_extensions_and_aliases ... ok
test isa::x86_64::execute::simd::avx512::vsib::vsib_smir_tests::evex_vsib_smir_addr32_no_base_truncates_index_before_segment_addition ... ok
test isa::x86_64::decode::dispatch::evex::gpr_broadcast_tests::gpr_broadcast_covers_every_shape_extension_mask_and_ignored_x ... ok
test isa::x86_64::execute::simd::avx512::vsib::vsib_smir_tests::evex_vsib_smir_scatter_accepts_index_source_alias_and_snapshots_each_lane ... ok
test isa::x86_64::decode::dispatch::evex::fp_class_tests::fp_class_covers_all_shapes_classes_daz_masks_extensions_and_aliases ... ok
test isa::x86_64::execute::simd::avx512::vsib::vsib_tests::vsib_32bit_mode_uses_default_ds_or_ss_and_rejects_16bit_addresses ... ok
test isa::x86_64::execute::simd::avx512::vsib::vsib_tests::vsib_addr32_wraps_after_signed_index_scale_and_compressed_displacement_before_fs ... ok
test isa::x86_64::execute::simd::avx512::vsib::vsib_tests::vsib_all_48_shapes_commit_each_completed_lane_and_resume_without_repeating_accesses ... ok
test isa::x86_64::execute::simd::avx512::vsib::vsib_smir_tests::evex_vsib_smir_all_48_shapes_preserve_fault_progress_and_restart_at_o0_o1_o2 ... ok
test isa::x86_64::execute::simd::avx512::vsib::vsib_tests::vsib_32bit_mode_ignores_r_prime_and_b_but_rejects_v_prime_zero ... ok
test isa::x86_64::execute::simd::avx512::vsib::vsib_tests::vsib_apx_actual_egpr_base_requires_apx_and_64bit_mode_even_when_mask_is_zero ... ok
test isa::x86_64::execute::simd::avx512::vsib::vsib_tests::vsib_first_active_lane_fault_preserves_entire_destination_and_high_mask ... ok
test isa::x86_64::execute::simd::avx512::vsib::vsib_tests::vsib_full_masks_cover_all_lane_positions_and_data_widths ... ok
test isa::x86_64::execute::simd::avx512::vsib::vsib_tests::vsib_no_base_disp32_ignores_evex_b_and_consumes_the_entire_displacement ... ok
test isa::x86_64::execute::simd::avx512::vsib::vsib_tests::vsib_gather_rejects_destination_index_alias_even_for_an_empty_mask ... ok
test isa::x86_64::execute::simd::avx512::vsib::vsib_tests::vsib_scatter_all_24_shapes_allow_source_index_alias ... ok
test isa::x86_64::execute::simd::avx512::vsib::vsib_tests::vsib_scatter_partially_overlapping_elements_commit_in_lane_order ... ok
test isa::x86_64::execute::simd::avx512::vsib::vsib_tests::vsib_unused_b4_and_x4_do_not_require_apx_or_modify_vector_indices ... ok
test isa::x86_64::execute::simd::avx512::vsib::vsib_tests::vsib_verifier_never_reaches_wrong_pc_inactive_or_out_of_range_lane ... ok
test isa::x86_64::execute::simd::avx512::vsib::vsib_tests::vsib_apx_b4_selects_egpr_bases_without_changing_vector_index_or_mask_semantics ... ok
test isa::x86_64::cpu::mxcsr_restore_tests::parity::direct_smir_mxcsr_restore_selection_and_valid_values_at_o0_o1_o2 ... ok
test isa::x86_64::execute::simd::avx512_comi_tests::evex_comi_covers_truth_table_nan_classes_llig_extensions_aliases_and_state ... ok
test isa::x86_64::execute::simd::avx512::vsib::vsib_tests::vsib_zero_active_masks_suppress_faults_and_clear_only_completion_outputs ... ok
test isa::x86_64::execute::simd::avx512_comi_tests::evex_comi_handles_fp16_denormals_fp32_fp64_daz_and_sae ... ok
test isa::x86_64::execute::simd::avx512_comi_tests::evex_comi_memory_form_reads_scalar_and_commits_only_after_access ... ok
test isa::x86_64::execute::simd::avx512_comi_tests::evex_comi_unmasked_exception_is_precise_and_obeys_osxmmexcpt ... ok
test isa::x86_64::execute::simd::avx512_comi_tests::evex_comi_rejects_reserved_fields_before_address_or_state_access ... ok
test isa::x86_64::execute::simd::avx512_fp16_widen::tests::raw_widening_is_exhaustive_for_every_binary16_encoding ... ok
test isa::x86_64::execute::simd::avx512_fp16_widen_tests::memory_masks_suppress_accesses_broadcast_exactly_and_preserve_fault_priority ... ok
test isa::x86_64::execute::simd::avx512_fp16_widen_tests::reserved_fields_fail_before_effective_address_or_architectural_state_access ... ok
test isa::x86_64::execute::simd::avx512_fp16_widen_tests::unmasked_invalid_and_denormal_exceptions_are_precise_and_obey_osxmmexcpt ... ok
test isa::x86_64::execute::simd::avx512_fp16_widen_tests::sae_is_512_bit_status_suppressing_for_all_ignored_ll_values ... ok
test isa::x86_64::execute::simd::avx512_fp16_widen_tests::widening_covers_widths_extensions_masks_aliases_specials_and_full_state ... ok
test isa::x86_64::execute::simd::avx512_fp_compare_tests::evex_fp_compare_rejects_reserved_controls_before_memory_or_state_access ... ok
test isa::x86_64::execute::simd::avx512_fp_compare_tests::evex_scalar_fp_compare_accepts_exact_llig_sae_control_domain ... ok
test isa::x86_64::execute::simd::avx512_fp_compare_tests::evex_packed_fp_compare_uses_exact_width_and_sae_controls ... ok
test isa::x86_64::execute::simd::avx512::vsib::vsib_tests::vsib_verifier_replays_independent_prefix_without_accessing_terminal_lane ... ok
test isa::x86_64::execute::simd::avx512_int_to_fp_tests::register_embedded_rounding_attempt_is_fixed_512_bit_exact_and_ignores_all_ll_values ... ok
test isa::x86_64::execute::simd::avx512_int_to_fp_tests::reserved_controls_fault_before_state_or_memory_access ... ok
test isa::x86_64::execute::simd::avx512_fp_special_tests::scalar_evex_special_functions_apply_exact_register_sae_domain ... ok
test isa::x86_64::execute::simd::avx512_nt_tests::legacy_movntdqa_enforces_alignment_and_stages_the_complete_load ... ok
test isa::x86_64::execute::simd::avx512_fp_special_tests::scalar_evex_special_functions_accept_memory_only_when_b_is_clear ... ok
test isa::x86_64::execute::simd::avx512_nt_tests::vex_movntdqa_alignment_and_later_faults_are_precise_and_noncommitting ... ok
test isa::x86_64::execute::simd::avx512_sat_convert::tests::exact_scalar_helper_covers_signed_unsigned_boundaries ... ok
test isa::x86_64::execute::simd::avx512_sat_convert::tests::nontruncating_f32_byte_thresholds_are_bit_precise_for_every_rounding_mode ... ok
test isa::x86_64::execute::simd::avx512_sat_convert_tests::a_later_memory_fault_precedes_status_and_every_destination_commit ... ok
test isa::x86_64::decode::dispatch::vex::crypto_tests::direct_vex_gfni_matches_llvm_encodings_and_independent_field_equations ... ok
test isa::x86_64::execute::simd::avx512_nt_tests::vex_movntdqa_all_destinations_widths_and_wig_values_zero_upper_bits ... ok
test isa::x86_64::execute::simd::avx512_sat_convert_tests::direct_execution_and_canonical_smir_match_register_masks_and_sae ... ok
test isa::x86_64::execute::simd::avx512_sat_convert_tests::feature_gate_and_reserved_fields_fail_before_address_or_state_access ... ok
test isa::x86_64::execute::simd::avx512_sat_convert_tests::nontruncating_forms_apply_all_mxcsr_and_embedded_rounding_modes ... ok
test isa::x86_64::execute::simd::avx512_sat_convert_tests::masks_zero_or_merge_whole_dword_slots_and_aliases_snapshot_the_source ... ok
test isa::x86_64::execute::simd::avx512_sat_convert_tests::memory_forms_apply_masks_broadcast_and_compressed_disp8_before_conversion ... ok
test isa::x86_64::execute::simd::avx512_sat_convert_tests::sae_and_daz_have_exact_dynamic_mxcsr_behavior ... ok
test isa::x86_64::execute::simd::gfni::tests::affine_identity_matrix ... ok
test isa::x86_64::execute::simd::avx512_sat_convert_tests::unmasked_invalid_and_precision_are_precise_and_obey_osxmmexcpt ... ok
test isa::x86_64::execute::simd::avx512_nt_tests::evex_movntdqa_all_vector_lengths_align_and_commit_atomically ... ok
test isa::x86_64::execute::simd::gfni::tests::gf_mul_known_values ... ok
test isa::x86_64::execute::simd::gfni::tests::gf_inv_is_inverse ... ok
test isa::x86_64::execute::simd::avx512_sat_convert_tests::register_forms_cover_widths_extensions_boundaries_status_and_upper_zeroing ... ok
test isa::x86_64::execute::simd::gfni::tests::affine_matches_aes_sbox ... ok
test isa::x86_64::execute::simd::sse4a::tests::direct_sse4a_bitfield_forms_cover_controls_aliases_and_extended_xmm ... ok
test isa::x86_64::execute::simd::sse4a::tests::direct_sse4a_dynamic_faults_are_precise_and_noncommitting ... ok
test isa::x86_64::execute::simd::sse4a::tests::direct_sse4a_movnt_dynamic_faults_are_precise_and_noncommitting ... ok
test isa::x86_64::execute::simd::avx512::vsib::vsib_tests::vsib_reserved_fields_raise_ud_before_memory_or_completion_changes ... ok
test isa::x86_64::execute::simd::sse4a::tests::direct_sse4a_reserved_shapes_raise_ud_without_state_commit ... ok
test isa::x86_64::execute::simd::xop::tests::signed_counts_reduce_modulo_element_width_without_overflow ... ok
test isa::x86_64::execute::simd::xop::tests::vector_counts_use_each_elements_low_byte ... ok
test isa::x86_64::execute::simd::sse4a::tests::direct_sse4a_movnt_reserved_shapes_precede_ts_and_memory_faults_do_not_commit ... ok
test isa::x86_64::execute::simd::sse4a::tests::direct_sse4a_movnt_stores_exact_scalar_width_and_extended_xmm ... ok
test isa::x86_64::execute::system::control_regs::control_write_validation_tests::compatibility_mode_can_leave_ia32e_but_64_bit_code_and_pcide_cannot ... ok
test isa::x86_64::execute::string::movs::tests::long_mode_movsb_ignores_ds_source_override_base ... ok
test isa::x86_64::execute::string::movs::tests::long_mode_movsb_ignores_es_destination_base ... ok
test isa::x86_64::execute::system::control_regs::control_write_validation_tests::supported_cr4_profile_is_explicit_and_reserved_fields_fault ... ok
test isa::x86_64::execute::string::movs::tests::long_mode_movsb_honors_fs_source_override_base ... ok
test isa::x86_64::execute::string::movs::tests::non_long_mode_movsb_uses_es_destination_base ... ok
test isa::x86_64::execute::system::cpuid::tests::cpuid_tbm_bit_tracks_feature_gate ... ok
test isa::x86_64::execute::system::cpuid::tests::cpuid_advertises_implemented_hint_and_cache_features ... ok
test isa::x86_64::execute::system::cpuid::tests::cpuid_xop_bit_tracks_feature_gate_independently_from_tbm ... ok
test isa::x86_64::execute::system::cpuid::tests::cpuid_advertises_implemented_debug_extensions_control ... ok
test isa::x86_64::execute::system::cpuid::tests::cpuid_sse4a_bit_tracks_feature_gate ... ok
test isa::x86_64::execute::system::descriptor::tests::ordinary_segment_descriptor_decode_preserves_cache_and_sets_accessed ... ok
test isa::x86_64::execute::system::descriptor::tests::selector_verification_uses_type_and_privilege_but_ignores_presence ... ok
test isa::x86_64::execute::system::descriptor::tests::real_and_virtual_8086_segment_images_are_selector_derived ... ok
test isa::x86_64::execute::system::descriptor::tests::stack_descriptor_requires_writable_data_and_exact_cpl_rpl_dpl ... ok
test isa::x86_64::execute::system::msr::tests::canonical_48_boundaries_are_exact ... ok
test isa::x86_64::execute::system::descriptor::tests::ordinary_data_descriptor_type_privilege_and_presence_faults_are_exact ... ok
test isa::x86_64::execute::system::descriptor::tests::selector_query_extended_descriptor_and_values_are_exact ... ok
test isa::x86_64::execute::system::msr::tests::misc_enable_reset_and_read_only_profile_bits_are_exact ... ok
test isa::x86_64::execute::system::msr::tests::bios_signature_discovery_accepts_only_the_architectural_clear ... ok
test isa::x86_64::execute::system::msr::tests::efer_writes_preserve_lma_and_reject_reserved_or_live_lme_changes ... ok
test isa::x86_64::execute::system::descriptor::tests::selector_query_type_matrices_privilege_and_presence_are_exact ... ok
test isa::x86_64::execute::system::msr::tests::pat_accepts_all_memory_types_and_rejects_every_reserved_encoding ... ok
test isa::x86_64::execute::system::msr::tests::platform_and_supervisor_xstate_msrs_match_cpuid_profile ... ok
test isa::x86_64::execute::system::msr::tests::umwait_control_matches_advertised_waitpkg_profile ... ok
test isa::x86_64::execute::system::msr::tests::unknown_and_noncanonical_msr_accesses_fault_without_state ... ok
test isa::x86_64::execute::system::msr::tests::write_effects_classify_serialization_and_gs_shadow_exactly ... ok
test isa::x86_64::execute::system::stack_flags::tests::popf_privilege_table_preserves_protected_fields_and_clears_rf ... ok
test isa::x86_64::execute::system::stack_flags::tests::push_images_clear_vm_rf_and_upper_bits_only_for_dword_or_qword ... ok
test isa::x86_64::execute::system::stack_flags::tests::vme_push_and_pop_virtualize_if_and_fault_after_read_conditions ... ok
test isa::x86_64::execute::system::timing::tests::legacy_pmc_selector_and_width_boundaries_are_exact ... ok
test isa::x86_64::execute::system::timing::tests::legacy_pmc_privilege_gate_models_pce_and_real_mode ... ok
test isa::x86_64::linear::tests::instruction_fetch_wraps_at_4gib ... ok
test isa::x86_64::linear::tests::a_page_crossing_access_wraps_at_4gib ... ok
test isa::x86_64::linear::tests::implicit_destinations_wrap_and_use_their_segments ... ok
test isa::x86_64::linear::tests::sixty_four_bit_mode_neither_wraps_nor_uses_legacy_bases ... ok
test isa::x86_64::linear::tests::memory_operands_wrap_at_4gib ... ok
test isa::x86_64::memory::fault::tests::partial_access_retains_the_source_diagnosis ... ok
test isa::x86_64::memory_tests::crossing_write_commits_every_chunk_after_successful_preflight ... ok
test isa::x86_64::linear::tests::vex_gathers_use_32_bit_addresses_and_ds_outside_64bit_mode ... ok
test isa::x86_64::memory_tests::crossing_write_preflights_all_pages_before_committing_ram ... ok
test isa::x86_64::memory_tests::crossing_write_preflights_later_virtual_page_before_committing_ram ... ok
test isa::x86_64::memory_tests::physical_access_fault_names_the_unmapped_address_once ... ok
  ADDPD dispatch: PASS
  ADDPS dispatch: PASS
  ADDPS YMM dispatch: PASS
test isa::x86_64::simd_native::tests::test_addpd_all_variants ... ok
test isa::x86_64::simd_native::tests::test_addps_all_variants ... ok
test isa::x86_64::simd_native::tests::test_addps_ymm_dispatch ... ok
  DIVPD dispatch: PASS
  DIVPS dispatch: PASS
test isa::x86_64::simd_native::tests::test_divpd_all_variants ... Host SIMD capabilities:
ok
  SSE2:     false
  SSE3:     false
  SSSE3:    false
  SSE4.1:   false
  SSE4.2:   false
  AVX:      false
  AVX2:     false
  FMA:      false
  AVX-512F: false
  AVX-512BW:false
  AVX-512VL:false
  NEON:     true
test isa::x86_64::simd_native::tests::test_divps_all_variants ... ok
  Integer overflow (byte): PASS
test isa::x86_64::linear::tests::the_stack_wraps_at_4gib ... ok
  Integer overflow (dword): PASS
test isa::x86_64::simd_native::tests::test_host_capabilities ... ok
  Integer overflow (word): PASS
test isa::x86_64::simd_native::tests::test_integer_overflow_byte ... ok
  MULPD dispatch: PASS
test isa::x86_64::simd_native::tests::test_integer_overflow_dword ... ok
  MULPS dispatch: PASS
test isa::x86_64::simd_native::tests::test_integer_overflow_word ... ok
test isa::x86_64::simd_native::tests::test_mulpd_all_variants ... ok
  NEON vs scalar ADDPD: PASS
  NEON vs scalar ADDPS: PASS
test isa::x86_64::simd_native::tests::test_mulps_all_variants ... ok
  NEON vs scalar DIVPD: PASS
test isa::x86_64::simd_native::tests::test_neon_vs_scalar_addpd ... ok
  NEON vs scalar DIVPS: PASS
test isa::x86_64::simd_native::tests::test_neon_vs_scalar_addps ... ok
test isa::x86_64::simd_native::tests::test_neon_vs_scalar_divpd ... ok  NEON vs scalar MULPS: PASS

test isa::x86_64::simd_native::tests::test_neon_vs_scalar_divps ... ok
  NEON vs scalar PADDB: PASS
test isa::x86_64::simd_native::tests::test_neon_vs_scalar_mulps ... ok
  NEON vs scalar MULPD: PASS
test isa::x86_64::simd_native::tests::test_neon_vs_scalar_paddb ... ok
  NEON vs scalar PADDD: PASS
test isa::x86_64::simd_native::tests::test_neon_vs_scalar_mulpd ... ok
  NEON vs scalar PADDQ: PASS
test isa::x86_64::simd_native::tests::test_neon_vs_scalar_paddd ... ok
  NEON vs scalar PADDW: PASS
test isa::x86_64::simd_native::tests::test_neon_vs_scalar_paddq ... ok
  NEON vs scalar PANDN: PASS
  NEON vs scalar PCMPEQB: PASS
test isa::x86_64::linear::tests::string_instructions_wrap_and_use_es ... ok
  NEON vs scalar PAND: PASS
test isa::x86_64::simd_native::tests::test_neon_vs_scalar_paddw ... ok
test isa::x86_64::simd_native::tests::test_neon_vs_scalar_pandn ... ok
  NEON vs scalar PCMPEQD: PASS
test isa::x86_64::simd_native::tests::test_neon_vs_scalar_pcmpeqb ... ok
  NEON vs scalar PMADDWD: PASS
test isa::x86_64::simd_native::tests::test_neon_vs_scalar_pand ... ok
test isa::x86_64::simd_native::tests::test_neon_vs_scalar_pcmpeqd ... ok
test isa::x86_64::simd_native::tests::test_neon_vs_scalar_pmaddwd ... ok
  NEON vs scalar PMINUB: PASS
  NEON vs scalar PMAXUB: PASS
  NEON vs scalar PMULLD: PASS
  NEON vs scalar PMULLW: PASS
  NEON vs scalar POR: PASS
test isa::x86_64::simd_native::tests::test_neon_vs_scalar_pminub ... ok
test isa::x86_64::simd_native::tests::test_neon_vs_scalar_pmaxub ... ok
test isa::x86_64::simd_native::tests::test_neon_vs_scalar_pmulld ...   NEON vs scalar PSHUFB: PASS
  NEON vs scalar PSLLD: PASS
ok
test isa::x86_64::simd_native::tests::test_neon_vs_scalar_pmullw ... ok
test isa::x86_64::simd_native::tests::test_neon_vs_scalar_por ...   NEON vs scalar PSLLQ: PASS
ok
  NEON vs scalar PSLLW: PASS
test isa::x86_64::simd_native::tests::test_neon_vs_scalar_pshufb ... ok
  NEON vs scalar PSRLD: PASS
test isa::x86_64::simd_native::tests::test_neon_vs_scalar_pslld ... ok
  NEON vs scalar PSRLQ: PASS
test isa::x86_64::simd_native::tests::test_neon_vs_scalar_psllq ... ok  NEON vs scalar PSRLW: PASS

test isa::x86_64::simd_native::tests::test_neon_vs_scalar_psllw ... ok
  NEON vs scalar PSUBB: PASS
test isa::x86_64::simd_native::tests::test_neon_vs_scalar_psrld ... ok
  NEON vs scalar PSUBD: PASS
test isa::x86_64::simd_native::tests::test_neon_vs_scalar_psrlq ... ok
  NEON vs scalar PSUBQ: PASS
test isa::x86_64::simd_native::tests::test_neon_vs_scalar_psrlw ... ok
test isa::x86_64::simd_native::tests::test_neon_vs_scalar_psubb ... ok
  NEON vs scalar PSUBW: PASS
  NEON vs scalar PXOR: PASS
test isa::x86_64::simd_native::tests::test_neon_vs_scalar_psubd ... ok
test isa::x86_64::simd_native::tests::test_neon_vs_scalar_psubq ... ok  NEON vs scalar SUBPD: PASS

  NEON vs scalar SUBPS: PASS
test isa::x86_64::simd_native::tests::test_neon_vs_scalar_psubw ... ok
  PADDB dispatch: PASS
test isa::x86_64::simd_native::tests::test_neon_vs_scalar_pxor ... ok
test isa::x86_64::simd_native::tests::test_neon_vs_scalar_subpd ... ok
test isa::x86_64::simd_native::tests::test_neon_vs_scalar_subps ... ok
  PADDQ dispatch: PASS
  PADDW dispatch: PASS
test isa::x86_64::simd_native::tests::test_paddb_all_variants ... ok
  PADDD dispatch: PASS
  PAND dispatch: PASS
test isa::x86_64::simd_native::tests::test_paddq_all_variants ...   PANDN dispatch: PASS
ok
test isa::x86_64::simd_native::tests::test_paddw_all_variants ... ok
  PCMPEQB dispatch: PASS
test isa::x86_64::simd_native::tests::test_paddd_all_variants ... ok
  PCMPEQD dispatch: PASS
test isa::x86_64::simd_native::tests::test_pand_all_variants ... ok
test isa::x86_64::simd_native::tests::test_pandn_all_variants ...   PMADDWD dispatch: PASS
ok
  PMAXUB dispatch: PASS
test isa::x86_64::simd_native::tests::test_pcmpeqb_all_variants ... ok
  PMINUB dispatch: PASS
test isa::x86_64::simd_native::tests::test_pcmpeqd_all_variants ... ok
  PMULLD dispatch: PASS
test isa::x86_64::simd_native::tests::test_pmaddwd_all_variants ... ok
  PMULLW dispatch: PASS
test isa::x86_64::simd_native::tests::test_pmaxub_all_variants ... ok
test isa::x86_64::simd_native::tests::test_pminub_all_variants ... ok
  POR dispatch: PASS
test isa::x86_64::simd_native::tests::test_pmulld_all_variants ... ok
  PSHUFB dispatch: PASS
  PSHUFB index wrap: PASS
test isa::x86_64::simd_native::tests::test_pmullw_all_variants ... ok
test isa::x86_64::simd_native::tests::test_por_all_variants ... ok
  PSHUFB MSB masking: PASS
  PSLLD dispatch: PASS
test isa::x86_64::simd_native::tests::test_pshufb_all_variants ... ok  PSLLQ dispatch: PASS

test isa::x86_64::simd_native::tests::test_pshufb_index_wrap ... ok
  PSLLW dispatch: PASS
test isa::x86_64::simd_native::tests::test_pshufb_msb_masking ... ok
test isa::x86_64::simd_native::tests::test_pslld_all_variants ... ok
  PSRLD dispatch: PASS
  PSRLQ dispatch: PASS
test isa::x86_64::simd_native::tests::test_psllq_all_variants ... ok
  PSRLW dispatch: PASS
test isa::x86_64::simd_native::tests::test_psllw_all_variants ... ok
  PSUBB dispatch: PASS
test isa::x86_64::simd_native::tests::test_psrld_all_variants ... ok
  PXOR dispatch: PASS
test isa::x86_64::simd_native::tests::test_psrlq_all_variants ... ok
test isa::x86_64::simd_native::tests::test_psrlw_all_variants ... ok
  Shift bounds (qword): PASS
  Shift bounds (dword): PASS
test isa::x86_64::simd_native::tests::test_psubb_all_variants ... ok
test isa::x86_64::simd_native::tests::test_pxor_all_variants ...   Shift bounds (word): PASS
ok
=== SIMD Variant Test Summary ===
Host capabilities:
  SSE2:     false
  SSE3:     false

  SSSE3:    false
  SSE4.1:   false
  SSE4.2:   false
  AVX:      false
  AVX2:     false
  FMA:      false
  AVX-512F: false
test isa::x86_64::simd_native::tests::test_shift_bounds_qword ... ok

Tested variants: scalar
=================================

test isa::x86_64::simd_native::tests::test_shift_bounds_dword ... ok
test isa::x86_64::simd_native::tests::test_shift_bounds_word ... ok
  SUBPS dispatch: PASS
  SUBPD dispatch: PASS
  YMM ADDPD correctness: PASS
test isa::x86_64::simd_native::tests::test_simd_variant_summary ... ok
test isa::x86_64::simd_native::tests::test_subps_all_variants ... ok
  YMM ADDPS correctness: PASS
test isa::x86_64::simd_native::tests::test_subpd_all_variants ... ok
  YMM DIVPS correctness: PASS
  YMM logical ops correctness: PASS
  YMM MULPS correctness: PASS
test isa::x86_64::simd_native::tests::test_ymm_addpd_correctness ... ok
test isa::x86_64::simd_native::tests::test_ymm_addps_correctness ... ok
test isa::x86_64::simd_native::tests::test_ymm_divps_correctness ...   YMM overflow wrap: PASS
ok
  YMM PADDB correctness: PASS
test isa::x86_64::simd_native::tests::test_ymm_logical_ops_correctness ... ok
  YMM PADDD correctness: PASS
test isa::x86_64::simd_native::tests::test_ymm_mulps_correctness ... ok
  YMM PADDQ correctness: PASS
test isa::x86_64::simd_native::tests::test_ymm_overflow_wrap ... ok
  YMM PADDW correctness: PASS
test isa::x86_64::simd_native::tests::test_ymm_paddb_correctness ... ok
test isa::x86_64::simd_native::tests::test_ymm_paddd_correctness ... ok
  YMM PAND correctness: PASS
test isa::x86_64::simd_native::tests::test_ymm_paddq_correctness ... ok
  YMM PANDN correctness: PASS
test isa::x86_64::simd_native::tests::test_ymm_paddw_correctness ... ok
  YMM PCMPEQB correctness: PASS
test isa::x86_64::simd_native::tests::test_ymm_pand_correctness ...   YMM PMADDWD correctness: PASS
ok  YMM PCMPEQD correctness: PASS

test isa::x86_64::simd_native::tests::test_ymm_pandn_correctness ... ok
test isa::x86_64::simd_native::tests::test_ymm_pcmpeqb_correctness ... ok
  YMM PMAXUB correctness: PASS
test isa::x86_64::simd_native::tests::test_ymm_pmaddwd_correctness ... ok  YMM PMINUB correctness: PASS

  YMM PMULLD correctness: PASS
test isa::x86_64::simd_native::tests::test_ymm_pcmpeqd_correctness ... ok
test isa::x86_64::simd_native::tests::test_ymm_pmaxub_correctness ... ok
  YMM PMULLW correctness: PASS
  YMM POR correctness: PASS
test isa::x86_64::simd_native::tests::test_ymm_pminub_correctness ... ok
test isa::x86_64::simd_native::tests::test_ymm_pmulld_correctness ... ok
test isa::x86_64::simd_native::tests::test_ymm_pmullw_correctness ... ok
  YMM PSUBB correctness: PASS
  YMM PSUBD correctness: PASS
test isa::x86_64::simd_native::tests::test_ymm_por_correctness ... ok
  YMM PSUBQ correctness: PASS
  YMM PSHUFB correctness: PASS
test isa::x86_64::simd_native::tests::test_ymm_psubb_correctness ... ok
  YMM PSUBW correctness: PASS
test isa::x86_64::simd_native::tests::test_ymm_psubd_correctness ... ok
  YMM PXOR correctness: PASS
test isa::x86_64::simd_native::tests::test_ymm_psubq_correctness ... ok
test isa::x86_64::simd_native::tests::test_ymm_pshufb_correctness ...   YMM SUBPS correctness: PASS
ok
test isa::x86_64::simd_native::tests::test_ymm_psubw_correctness ... ok
test isa::x86_64::simd_native::tests::test_ymm_pxor_correctness ... ok
test isa::x86_64::simd_native::tests::test_ymm_subps_correctness ... ok
test isa::x86_64::threaded::tests::test_threaded_batch_size ... ok
test isa::x86_64::user_gdt::tests::embedding_gdt_entries_preserve_reserved_selectors_and_cache ... ok
test isa::x86_64::user_gdt::tests::compatibility_mode_switches_cs ... ok
test isa::x86_64::user_gdt::tests::the_gdt_holds_linux_user_descriptors ... ok
test isa::x86_64::user_gdt::tests::a_changed_tls_entry_is_reloaded_where_it_is_held ... ok
test isa::x86_64::user_mode_tests::cpuid_reflects_the_user_mode_xcr0 ... ok
test isa::x86_64::threaded::tests::threaded_dispatch_enforces_rex2_and_lock_admission_on_cache_hits ... ok
test isa::x86_64::user_gdt::tests::a_tls_entry_bases_gs_in_compatibility_mode ... ok
test isa::x86_64::user_gdt::tests::lsl_reads_the_cpu_and_node ... ok
test isa::x86_64::user_gdt::tests::user_selectors_load_and_kernel_ones_fault ... ok
test isa::x86_64::user_mode_tests::divide_error_is_a_fault_at_the_div ... ok
test isa::x86_64::user_mode_tests::fetch_fault_reports_first_inaccessible_byte ... ok
test isa::x86_64::user_mode_tests::fetch_requires_execute_permission ... ok
test isa::x86_64::user_mode_tests::fs_base_addresses_thread_local_storage ... ok
test isa::x86_64::user_mode_tests::fxrstor_image_loads_the_legacy_region ... ok
test isa::x86_64::user_mode_tests::int3_reports_trap_with_following_return_rip ... ok
test isa::x86_64::user_mode_tests::non_canonical_access_raises_gp0_not_a_page_fault ... ok
test isa::x86_64::user_mode_tests::int_0x80_reports_software_interrupt ... ok
test isa::x86_64::user_mode_tests::permission_faults_are_precise ... ok
test isa::x86_64::user_mode_tests::page_crossing_store_into_readonly_page_commits_nothing ... ok
test isa::x86_64::user_mode_tests::privileged_instructions_raise_gp0_at_cpl3 ... ok
test isa::x86_64::user_mode_tests::set_xcr0_applies_xsetbv_rules ... ok
test isa::x86_64::user_mode_tests::remapping_the_translation_is_observed_immediately ... ok
test isa::x86_64::user_mode_tests::step_insn_reports_events_like_run ... ok
test isa::x86_64::user_mode_tests::syscall_exits_with_sysret_equivalent_state ... ok
test isa::x86_64::user_mode_tests::sysenter_exits_without_register_effects ... ok
test isa::x86_64::user_mode_tests::user_mode_installs_linux_ring3_state ... ok
test isa::x86_64::user_mode_tests::system_emulation_is_unaffected_without_user_mode ... ok
test isa::x86_64::user_mode_tests::ud2_reports_invalid_opcode_fault ... ok
test isa::x86_64::user_mode_tests::x87_canonical_unmapped_ss_operand_remains_guest_access_not_ss ... ok
test isa::x86_64::user_mode_tests::x87_control_image_66_prefix_selects_shorter_store_width ... ok
test isa::x86_64::user_mode_tests::x87_control_images_crossing_noncanonical_tail_are_ss0_and_noncommitting ... ok
test isa::x86_64::user_mode_tests::x87_nm_and_mf_take_priority_over_noncanonical_ss_operand ... ok
test isa::x86_64::user_mode_tests::x87_noncanonical_fault_class_tracks_effective_segment ... ok
test isa::x86_64::user_mode_tests::x87_noncanonical_tail_of_two_and_ten_byte_operands_is_ss0 ... ok
test isa::x86_64::user_mode_tests::xrstor_image_accepts_the_compacted_form ... ok
test isa::x86_64::user_mode_tests::xgetbv_and_avx_are_available_as_under_linux ... ok
test isa::x86_64::user_mode_tests::x87_restores_keep_empty_registers_empty ... ok
test isa::x86_64::user_mode_tests::xrstor_image_round_trips_and_initializes_absent_components ... ok
test isa::x86_64::user_mode_tests::xrstor_image_refuses_what_xrstor_faults_on ... ok
test isa::x86_64::user_mode_tests::xrstor_image_matches_the_xrstor_instruction ... ok
test isa::x86_64::user_mode_tests::xsave_image_matches_the_xsave_instruction ... ok
test isa::x86_64::user_xstate::x87_tests::user_x87_init_installs_every_raw_control_word_without_normalization ... ok
test machine::fdt::tests::alignment_of_props ... ok
test isa::x86_64::user_xstate::x87_tests::user_x87_init_preserves_non_x87_state_and_bypasses_instruction_fault_checks ... ok
test isa::x86_64::user_mode_tests::host_code_patch_takes_effect_after_invalidation ... ok
test machine::fdt::tests::minimal_tree_layout ... ok
test machine::gsc::image::tests::rd_u32_reads_le_and_bounds_checks ... ok
test machine::gsc::image::tests::single_slot_uses_header_entry ... ok
test machine::gsc::image::tests::multi_slot_picks_first_rw_entry ... ok
test machine::gsc::image::tests::unsigned_blob_falls_back_to_address_zero ... ok
test machine::gsc::image::tests::signed_image_maps_at_ro_base ... ok
test machine::gsc::runtime::tests::ap_ro_info_stub_only_supplies_cached_status_info_words ... ok
test machine::gsc::runtime::tests::ap_ro_crypto_stub_supplies_root_key_digest_compare_result ... ok
test machine::gsc::runtime::tests::ap_ro_stub_forces_kernel_verifier_return_to_ok ... ok
test machine::gsc::runtime::tests::ap_ro_crypto_stub_supplies_range_digest_compare_result ... ok
test isa::x86_64::user_xstate::x87_tests::user_x87_init_preserves_physical_payloads_for_every_top ... ok
test machine::gsc::runtime::tests::ap_ro_stub_supplies_cached_status_info_words ... ok
test machine::gsc::runtime::tests::ap_spi_fast_read_returns_erased_flash_without_image ... ok
test machine::gsc::runtime::tests::ap_spi_fast_read_uses_backing_ap_flash_image ... ok
test machine::gsc::runtime::tests::ap_spi_status_registers_are_write_one_to_clear ... ok
test machine::gsc::runtime::tests::ap_spi_transaction_clears_busy_and_returns_status_byte ... ok
test machine::gsc::runtime::tests::drbg_reports_done_and_nonzero_output ... ok
test machine::gsc::runtime::tests::core_irq_claim_tracks_armed_uart_rx ... ok
OK3test machine::gsc::runtime::tests::end_to_end_rv32_xsoteria_uart_console ... ok
test machine::gsc::runtime::tests::fifo_ram_window_round_trips ... ok
test machine::gsc::runtime::tests::flash_control1_programs_second_slot ... ok
test machine::gsc::runtime::tests::flash_info_bank_is_separate_from_xip_flash ... ok
test machine::gsc::runtime::tests::flash_read_and_erase_family_ops_work ... ok
test machine::gsc::runtime::tests::flash_program_op_uses_payload_registers_and_clears_control ... ok
test machine::gsc::runtime::tests::fuse_defaults_and_trng_are_available ... ok
test machine::gsc::runtime::tests::global_reset_preserves_persistent_pmu_scratch ... ok
test machine::gsc::runtime::tests::globalsec_active_image_regions_are_available ... ok
test machine::gsc::runtime::tests::gpio_interrupt_state_is_write_one_to_clear ... ok
test machine::gsc::runtime::tests::gsc_fifo_interrupt_state_is_write_one_to_clear ... ok
test machine::gsc::runtime::tests::mmio_registers_remember_writes ... ok
test machine::gsc::runtime::tests::gsc_fifo_reset_busy_bits_clear_on_read ... ok
test machine::gsc::runtime::tests::parse_tpm_cmds_splits_hex_commands ... ok
test machine::gsc::runtime::tests::pmu_chip_id_and_wake_source_are_fixed ... ok
test machine::gsc::runtime::tests::pmu_reset_magic_is_detected ... ok
test machine::gsc::runtime::tests::pmu_reset_loop_is_bounded ... ok
test machine::gsc::runtime::tests::rbox_ready_and_control_status_complete_immediately ... ok
test machine::gsc::runtime::tests::ready_map_returns_fixed_status ... ok
test machine::gsc::runtime::tests::rbox_interrupt_state_is_write_one_to_clear ... ok
test machine::gsc::runtime::tests::second_timer_counter_advances ... ok
test machine::gsc::runtime::tests::rstsrc_reads_por_then_clears_via_clrrst ... ok
test machine::gsc::runtime::tests::synthetic_cryptolib_rom_is_installed ... ok
test machine::gsc::runtime::tests::timer_counter_advances_with_published_time ... ok
test machine::gsc::runtime::tests::timer_compare_write_tracks_64bit_deadline ... ok
test machine::gsc::runtime::tests::uart_state_tracks_rx_queue ... ok
test machine::gsc::runtime::tests::usb_status_and_reset_registers_self_clear ... ok
test machine::pc::bios_boot::tests::real_mode_setup_loads_image_and_state ... ok
test machine::pc::bios_boot::tests::rejects_non_boot_iso ... ok
test machine::gsc::runtime::tests::gpio_input_banks_are_stable_status_words ... ok
test machine::pc::bios_boot::tests::parse_no_emulation_boot_image ... ok
test machine::pc::tests::build_e820_layout ... ok
test machine::s3c64xx::runtime::tests::get_state_serializes_live_vfp_state ... ok
test machine::s3c64xx::runtime::tests::set_state_restores_live_vfp_state ... ok
test machine::s5l8900::runtime::dos_bounds_tests::aes_oversized_insize_is_skipped ... ok
test machine::s5l8900::runtime::dos_bounds_tests::deterministic_timer_is_the_default ... ok
test machine::s5l8900::runtime::dos_bounds_tests::dma_bound_uses_s5l_ram_base_and_excludes_padding ... ok
test machine::s5l8900::runtime::dos_bounds_tests::dma_range_in_bounds_rejects_oversized_sizes ... ok
test machine::gsc::runtime::tests::spin_breaker_alternates_polarity ... ok
test machine::s5l8900::runtime::dos_bounds_tests::adm_irq_propagates_to_daisy_synchronously ... ok
test machine::s5l8900::runtime::dos_bounds_tests::engine_8900_oversized_data_len_is_skipped ... ok
test machine::s5l8900::runtime::dos_bounds_tests::timer_speedup_allows_explicit_diagnostic_override ... ok
test machine::s5l8900::runtime::dos_bounds_tests::timer_speedup_defaults_to_reference_pace ... ok
test oracle::address::tests::addr32_preserves_address_kind_and_adds_explicit_width_marker ... ok
test oracle::call_target::tests::addr32_memory_target_retains_c_api_compatible_kind_and_width_marker ... ok
test machine::s5l8900::runtime::dos_bounds_tests::dmadump_append_respects_cumulative_file_limit ... ok
test oracle::x86_frame::tests::leave_schema_exposes_width_feature_requirement_and_exact_successor ... ok
test oracle::x86_legacy::tests::invalid_forms_trap_and_truncation_fails ... ok
test oracle::x86_legacy::tests::lengths_and_control_flow_match_llvm ... ok
test oracle::x86_legacy::tests::relative_targets_wrap_to_the_operand_size ... ok
test oracle::x86_legacy::tests::rex_bytes_are_inc_and_dec_outside_64_bit_mode ... ok
test smir::interpret::tests::apx::lifted_apx_ndd_double_shifts_execute_aliases_partial_writes_and_nf_exactly ... ok
test smir::interpret::tests::apx::lifted_apx_group3_divide_errors_remain_noncommitting_at_o0_o1_o2 ... ok
test smir::interpret::tests::apx::lifted_apx_ndd_single_shift_cl_alias_executes_widths_and_nf_exactly ... ok
test smir::interpret::tests::arm::interworking_call_targets_use_explicit_pc_and_w32_indirect_masking ... ok
test smir::interpret::tests::apx::smir_x86_adx_matches_width_carry_chain_and_flag_contracts ... ok
test smir::interpret::tests::apx::lifted_apx_group3_implicit_matches_nf_contract_at_o0_o1_o2 ... ok
test smir::interpret::tests::arm::lifted_t16_adr_matches_the_direct_executor ... ok
test smir::interpret::tests::arm::lifted_t16_selective_nzcv_ops_interpret_all_prior_flag_states ... ok
test machine::pc::tests::iso_boot_uses_kvm_setup_addresses ... ok
test smir::interpret::tests::evex::binary::lifted_evex_packed_binary_masks_suppress_inactive_faults_and_exceptions ... ok
test smir::interpret::tests::evex::binary::lifted_evex_packed_embedded_control_is_512_bit_and_state_silent ... ok
test smir::interpret::tests::evex::binary::lifted_evex_scalar_binary_er_rounds_exactly_merges_upper_bits_and_is_state_silent ... ok
test smir::interpret::tests::evex::binary::lifted_evex_scalar_binary_masks_faults_and_exceptions_atomically ... ok
test smir::interpret::tests::evex::binary::lifted_evex_scalar_minmax_sae_preserves_raw_src2_nan_without_mxcsr_status ... ok
test isa::x86_64::user_xstate::x87_tests::user_x87_init_matches_admitted_guest_fninit_then_fldcw ... ok
test smir::interpret::tests::arm::lifted_t16_register_shifts_interpret_low_byte_boundaries_and_aliases ... ok
test smir::interpret::tests::evex::binary::lifted_legacy_and_vex_packed_binary_operations_preserve_exact_destination_boundaries ... ok
test smir::interpret::tests::evex::binary::lifted_packed_binary_dynamic_status_and_unmasked_exceptions_are_atomic ... ok
test smir::interpret::tests::evex::binary::lifted_vex_scalar_binary_operations_use_exact_mxcsr_semantics_and_lane_contract ... ok
test smir::interpret::tests::arm::lifted_t32_register_shifts_interpret_independent_aliases_and_flag_modes ... ok
test smir::interpret::tests::evex::binary::optimized_evex_scalar_binary_er_matches_o0_o1_o2 ... ok
test smir::interpret::tests::evex::binary::optimizer_retains_dead_dynamic_x86_fp_binary_status_at_o0_o1_o2 ... ok
test smir::interpret::tests::evex::binary::vfp16_arithmetic_accrues_exact_status_honors_sae_and_traps_before_commit ... ok
test smir::interpret::tests::evex::binary::x86_fp_binary_cores_cover_rounding_special_values_daz_and_minmax_selection ... ok
test smir::interpret::tests::evex::binary_priority::minmax_nan_precedence_selects_src2_without_denormal_status ... ok
test smir::interpret::tests::evex::binary_priority::packed_arithmetic_nan_precedence_is_lane_local_when_status_is_aggregated ... ok
test smir::interpret::tests::evex::binary_priority::arithmetic_nan_precedence_suppresses_same_lane_denormal_status_for_every_core ... ok
test smir::interpret::tests::evex::binary_priority::divide_by_zero_precedence_suppresses_same_lane_denormal_status ... ok
test smir::interpret::tests::evex::binary::x86_fp_div_rounding_matches_independent_rational_reference_grid ... ok
test smir::interpret::tests::evex::fp_compare::fp16_vector_compare_ignores_daz_and_masks_denormal_status_per_lane ... ok
test smir::interpret::tests::evex::fp_compare::vector_compare_nan_precedes_same_lane_denormal_but_not_other_lanes ... ok
test smir::interpret::tests::evex::part1::executes_evex_two_table_permute_overwrite_masks_and_complete_memory_faults ... ok
test smir::interpret::tests::evex::part1::lifted_evex_packed_fp_convert_honors_masks_high_regs_and_embedded_rounding ... ok
test smir::interpret::tests::evex::part1::executes_evex_vplzcnt_zero_values_masks_broadcast_and_fault_atomicity ... ok
test smir::interpret::tests::evex::part1::lifted_evex_packed_fp_convert_suppresses_masked_memory_faults_per_lane ... ok
test smir::interpret::tests::evex::part1::executes_evex_vpopcnt_elements_masks_broadcast_and_fault_atomicity ... ok
test smir::interpret::tests::evex::part1::lifted_evex_aligned_moves_execute_masks_and_type_e1_fault_order ... ok
test smir::interpret::tests::evex::part1::lifted_evex_packed_integer_logic_masks_broadcast_and_fault_suppression_are_exact ... ok
test smir::interpret::tests::evex::part1::lifted_evex_scalar_masked_moves_suppress_memory_faults_and_stores ... ok
test smir::interpret::tests::evex::part1::lifted_evex_scalar_masks_merge_zero_fault_suppress_and_address_high_registers ... ok
test smir::interpret::tests::evex::part1::lifted_evex_packed_logic_masks_broadcast_and_fault_suppression_are_exact ... ok
test smir::interpret::tests::evex::part1::lifted_evex_scalar_precision_family_executes_masks_er_sae_faults_and_exceptions ... ok
test smir::interpret::tests::evex::part1::lifted_evex_unaligned_fp_moves_execute_masks_fault_suppression_and_partial_stores ... ok
test smir::interpret::tests::evex::part1::lifted_evex_unaligned_integer_moves_execute_all_element_masks_and_faults ... ok
test smir::interpret::tests::evex::part1::lifted_legacy_vex_evex_packed_add_wraps_masks_broadcasts_and_faults_exactly ... ok
test smir::interpret::tests::evex::part1::lifted_legacy_vex_evex_scalar_and_packed_sqrt_execute_exact_lanes ... ok
test smir::interpret::tests::evex::part1::lifted_legacy_vex_evex_packed_subtract_wraps_masks_and_faults_exactly ... ok
test smir::interpret::tests::evex::part1::lifted_packed_fp16_precision_masks_suppress_faults_and_traps_atomically ... ok
test smir::interpret::tests::evex::part1::lifted_packed_fp16_precision_conversions_are_exact_and_honor_daz_ftz_er_sae ... ok
test smir::interpret::tests::evex::part1::x86_fp16_to_integer_exact_boundaries_cover_rounding_signedness_and_status ... ok
test smir::interpret::tests::evex::part1::lifted_x86_packed_fp16_to_int_is_exact_masked_atomic_and_sae_aware ... ok
test smir::interpret::tests::evex::part1::lifted_x86_packed_int_to_fp16_is_exact_masked_atomic_and_sae_aware ... ok
test smir::interpret::tests::evex::part2::executes_evex_fp16_minmax_selection_exceptions_masks_and_scalar_merge ... ok
test smir::interpret::tests::evex::part2::executes_evex_compress_expand_all_elements_aliases_dense_memory_and_faults ... ok
test smir::interpret::tests::evex::part2::executes_evex_integer_narrow_all_modes_ratios_masks_aliases_memory_and_faults ... ok
test smir::interpret::tests::evex::part2::executes_evex_map5_fp16_arithmetic_masks_and_zeroes_upper_state ... ok
test smir::interpret::tests::evex::part2::executes_evex_integer_test_masks_all_elements_polarities_masks_and_faults ... ok
test smir::interpret::tests::evex::part2::executes_evex_map5_fp16_embedded_rounding_independent_of_mxcsr ... ok
test smir::interpret::tests::evex::part2::executes_evex_multishift_qb_controls_masks_broadcast_and_e4nf_faults ... ok
test smir::interpret::tests::evex::part2::executes_evex_mask_blends_select_sources_zero_and_suppress_e4_faults ... ok
test smir::interpret::tests::evex::part2::executes_evex_packed_fp_arithmetic_masks_broadcasts_aliases_and_e4_faults ... ok
test smir::interpret::tests::evex::part2::executes_evex_packed_funnel_shifts_all_forms_masks_memory_and_faults ... ok
test smir::interpret::tests::evex::part2::executes_evex_packed_sqrt_masks_zeroes_and_suppresses_e4_faults ... ok
test smir::interpret::tests::evex::part2::executes_evex_packed_rotates_counts_masks_aliases_broadcasts_and_faults ... ok
test smir::interpret::tests::evex::part2::executes_evex_scatter_vsib_masks_signed_indices_and_partial_faults ... ok
test smir::interpret::tests::evex::part2::executes_evex_vector_align_wrap_masks_aliases_broadcast_and_e4nf_faults ... ok
test smir::interpret::tests::evex::part2::executes_evex_pair_intersect_duplicates_pairing_and_e4nf_faults ... ok
test smir::interpret::tests::evex::part2::executes_evex_vpconflict_prefix_dependencies_and_fault_atomicity ... ok
test smir::interpret::tests::evex::part2::executes_vpmadd52_low_high_accumulator_masks_broadcast_and_fault_atomicity ... ok
test smir::interpret::tests::evex::part2::executes_evex_ternary_logic_all_tables_masks_aliases_memory_and_faults ... ok
test smir::interpret::tests::evex::part2::lifted_evex_fp16_scalar_arithmetic_executes_ops_masks_aliases_and_faults ... ok
test smir::interpret::tests::evex::part2::lifted_evex_vmovsh_executes_aliases_masks_load_store_and_fault_suppression ... ok
test smir::interpret::tests::evex::part2::lifted_evex_fp16_sqrt_executes_masks_merges_aliases_and_suppresses_faults ... ok
test smir::interpret::tests::evex::part3::executes_evex_mask_vector_conversions_all_elements_widths_and_high_registers ... ok
test smir::interpret::tests::evex::part3::lifted_avx512_four_dot_product_wraps_saturates_masks_aliases_and_suppresses_faults ... ok
test smir::interpret::tests::evex::part3::lifted_avx512_four_fma_executes_sequential_rounding_masks_scalar_and_aliases ... ok
test smir::interpret::tests::evex::part3::lifted_avx512_four_fma_orders_exceptions_and_suppresses_whole_tuple_faults ... ok
test smir::interpret::tests::evex::part3::lifted_evex_chunk_extract_insert_execute_masks_aliases_tuples_and_e6nf_faults ... ok
test smir::interpret::tests::evex::part3::lifted_evex_fp16_complex_zero_mask_suppresses_memory_fault ... ok
test smir::interpret::tests::evex::part3::lifted_evex_fp16_fma_executes_and_zero_mask_suppresses_memory_faults ... ok
test smir::interpret::tests::evex::part3::lifted_evex_fp_class_executes_all_classes_daz_masks_and_fault_suppression ... ok
test smir::interpret::tests::evex::part3::lifted_evex_immediate_integer_compares_execute_predicates_masks_and_fault_suppression ... ok
test smir::interpret::tests::evex::part3::lifted_evex_shuffle_128_chunks_executes_selectors_masks_broadcasts_and_e4nf_faults ... ok
test smir::interpret::tests::evex::part3::lifted_legacy_vex_evex_movd_movq_execute_zeroing_widths_and_faults_exactly ... ok
test smir::interpret::tests::evex::part3::lifted_legacy_evex_packed_immediate_shifts_execute_masks_and_fault_classes ... ok
test smir::interpret::tests::evex::part3::lifted_x86_fixup_imm_preserves_old_dst_masks_upper_lanes_and_masked_reporting ... ok
test smir::interpret::tests::evex::part3::lifted_vex_evex_gather_executes_vsib_masks_and_restartable_faults ... ok
test smir::interpret::tests::evex::part3::x86_fixup_imm_exact_semantics_cover_tokens_responses_daz_and_reports ... ok
test smir::interpret::tests::evex::part3::lifted_x86_fp16_approx_preserves_masks_scalar_merge_mxcsr_and_fault_suppression ... ok
test smir::interpret::tests::evex::part3::x86_fp16_complex_preserves_boundary_rounding_pair_masks_scalar_copy_and_masked_exceptions ... ok
test smir::interpret::tests::evex::part3::x86_fp16_fma_is_single_round_mask_aware_and_exception_precise ... ok
test smir::interpret::tests::evex::part3::x86_fp16_to_fp32_is_exhaustive_over_binary16_encoding_space ... ok
test smir::interpret::tests::evex::part3::x86_fp16_approx_exhaustively_satisfies_special_cases_and_error_bound ... ok
test smir::interpret::tests::evex::saturating_convert::lifted_bf16_saturation_is_fixed_rounding_daz_and_mxcsr_independent ... ok
test smir::interpret::tests::evex::saturating_convert::lifted_fp16_saturation_uses_word_slots_ieee_subnormals_and_exact_thresholds ... ok
test smir::interpret::tests::evex::saturating_convert::lifted_i32_i64_saturation_preserves_narrowing_and_widening_lane_geometry ... ok
test smir::interpret::tests::evex::saturating_convert::lifted_nontruncating_byte_conversion_resolves_mxcsr_and_embedded_rounding ... ok
test smir::interpret::tests::evex::saturating_convert::lifted_saturating_byte_conversions_use_dword_slots_and_exact_status ... ok
test smir::interpret::tests::evex::saturating_convert::lifted_saturating_conversion_honors_daz_and_masked_memory_fault_suppression ... ok
test smir::interpret::tests::evex::saturating_convert::lifted_saturating_conversion_masks_exceptions_and_commits_atomically ... ok
test smir::interpret::tests::evex::saturating_convert::lifted_scalar_saturation_clamps_signed_unsigned_nan_and_infinity_exactly ... ok
test smir::interpret::tests::evex::saturating_convert::lifted_scalar_saturation_unmasked_exceptions_are_precise_and_sae_suppresses_them ... ok
test smir::interpret::tests::evex::part3::lifted_evex_gfni_executes_field_algebra_masks_and_memory_fault_classes ... ok
test smir::interpret::tests::evex::saturating_convert::malformed_scalar_saturation_ir_fails_closed_without_committing ... ok
test smir::interpret::tests::evex::saturating_convert::lifted_scalar_saturation_honors_daz_apx_addresses_and_memory_fault_order ... ok
test smir::interpret::tests::evex::saturating_convert::nontruncating_byte_helper_uses_pre_round_avx10_2_saturation_thresholds ... ok
test smir::interpret::tests::evex::saturating_convert::optimized_narrowing_and_widening_saturation_match_o0_o1_o2 ... ok
test smir::interpret::tests::evex::saturating_convert::optimized_nontruncating_conversion_matches_o0_o1_o2 ... ok
test smir::interpret::tests::evex::saturating_convert::saturating_conversion_helper_handles_nan_infinity_and_i64_u64_boundaries ... ok
test smir::interpret::tests::evex::saturating_convert::optimized_scalar_saturation_matches_o0_o1_o2 ... ok
test smir::interpret::tests::evex::saturating_convert::optimized_saturating_conversion_matches_o0_o1_o2 ... ok
test smir::interpret::tests::evex::sqrt::lifted_dynamic_scalar_sqrt_mask_suppresses_invalid_before_compute ... ok
test smir::interpret::tests::evex::sqrt::lifted_dynamic_sqrt_uses_mxcsr_rounding_status_and_atomic_traps ... ok
test smir::interpret::tests::evex::saturating_convert::bf16_saturation_exhaustively_matches_avx10_2_pseudocode ... ok
test smir::interpret::tests::evex::sqrt::lifted_evex_packed_sqrt_broadcast_executes_masks_and_fault_suppression ... ok
test smir::interpret::tests::evex::sqrt::lifted_evex_sqrt_er_executes_all_families_rounding_modes_and_lanes ... ok
test smir::interpret::tests::evex::sqrt::optimizer_retains_dead_dynamic_x86_sqrt_mxcsr_effect ... ok
test smir::interpret::tests::evex::sqrt::optimized_evex_sqrt_er_matches_o0_o1_o2 ... ok
test smir::interpret::tests::evex::sqrt::x86_sqrt_dynamic_exceptions_are_atomic_and_sae_is_state_silent ... ok
test smir::interpret::tests::evex::sqrt::lifted_evex_sqrt_er_preserves_mask_merge_flags_and_mxcsr ... ok
test smir::interpret::tests::evex::sqrt::x86_sqrt_integer_root_rounds_exactly_and_classifies_special_values ... ok
test smir::interpret::tests::leave::invalid_shape_mode_and_disabled_apx_do_not_commit ... ok
test smir::interpret::tests::leave::leave16_uses_full_rbp_as_address_and_merges_only_bp ... ok
test smir::interpret::tests::leave::leave_pop_fault_and_pretranslation_faults_do_not_commit_registers ... ok
test smir::interpret::tests::leave::leave64_commits_frame_and_preserves_unrelated_state_and_flags ... ok
test smir::interpret::tests::opmask::kmov_memory_faults_are_precise_and_noncommitting_at_o0_o1_o2 ... ok
test smir::interpret::tests::opmask::kmov_zero_extends_every_destination_class_and_transfers_exact_memory_widths ... ok
test smir::interpret::tests::opmask::ktest_and_kortest_set_only_cf_zf_and_clear_of_sf_af_pf_for_every_width ... ok
test smir::interpret::tests::opmask::opmask_metadata_is_exact_and_generic_jit_admission_remains_fail_closed ... ok
test smir::interpret::tests::riscv::rv_vector_fp_sew8_exits_without_committing_state ... ok
test smir::interpret::tests::riscv::rv_vector_load_fault_commits_completed_elements_and_faulting_vstart ... ok
test smir::interpret::tests::riscv::rv_vector_load_uses_current_scalar_vreg_address ... ok
test smir::interpret::tests::riscv::rv_vector_reserved_encoding_exits_without_committing_state ... ok
test smir::interpret::tests::riscv::rv_vector_vfncvt_fp16_to_integer8_commits_values_and_flags ... ok
test smir::interpret::tests::riscv::rv_vector_vid_reserved_vs2_exits_without_committing_state ... ok
test smir::interpret::tests::riscv::rv_vector_widening_overlap_exits_without_committing_state ... ok
test smir::interpret::tests::riscv::rv_whole_register_load_ignores_vill_and_uses_encoded_eew_vstart ... ok
test smir::interpret::tests::opmask::binary_not_unpack_and_shift_match_exact_width_semantics_at_o0_o1_o2 ... ok
test smir::interpret::tests::riscv::rvfp_invalid_rounding_mode_traps_without_writes ... ok
test smir::interpret::tests::riscv::rvfp_rv32_integer_destination_is_zero_extended_to_xlen ... ok
test smir::interpret::tests::scalar::addr32::addr32_memory_call_targets_wrap_before_segment_addition ... ok
test smir::interpret::tests::scalar::addr32::x86_lea_interpretation_applies_destination_width ... ok
test smir::interpret::tests::scalar::addr32::lifted_modrm_addr32_zero_extends_wraps_and_adds_segment_after_offset ... ok
test smir::interpret::tests::scalar::fp::part1::executes_bf16_converts_dot_masks_rounding_aliases_and_fault_classes ... ok
test smir::interpret::tests::scalar::fp::part1::fp_to_int_honors_rounding_mode ... ok
test smir::interpret::tests::scalar::fp::part1::lea_scaled_index_address_wraps ... ok
test smir::interpret::tests::scalar::fp::part1::lifted_comi_ucomi_memory_faults_preserve_all_flags ... ok
test smir::interpret::tests::scalar::fp::part1::lifted_comi_ucomi_set_exact_x86_flags_and_preserve_registers ... ok
test smir::interpret::tests::scalar::fp::part1::lifted_loop_family_executes_conditions_counter_width_and_preserves_flags ... ok
test smir::interpret::tests::scalar::fp::part1::lifted_compacted_xsave_family_layout_restore_and_validation ... ok
test smir::interpret::tests::scalar::fp::part1::lifted_sqrt_memory_faults_preserve_destinations_and_flags ... ok
test smir::interpret::tests::scalar::fp::part1::lifted_x86_fp_to_int_honors_mxcsr_width_truncation_and_indefinite ... ok
test smir::interpret::tests::scalar::fp::part1::lifted_x86_fp_to_int_memory_fault_preserves_destination_and_flags ... ok
test smir::interpret::tests::scalar::fp::part1::lifted_vcvtps2ph_register_memory_mask_rounding_sae_and_fault_atomicity ... ok
test smir::interpret::tests::scalar::fp::part1::lifted_x86_int_to_fp_honors_mxcsr_merge_zeroing_and_source_width ... ok
test smir::interpret::tests::scalar::fp::part1::lifted_x86_int_to_fp_memory_fault_preserves_destination_and_flags ... ok
test smir::interpret::tests::scalar::fp::part1::lifted_x86_scalar_fp_convert_memory_fault_preserves_destination_and_flags ... ok
test smir::interpret::tests::scalar::fp::part1::lifted_x86_scalar_fp_convert_honors_rounding_merge_and_upper_state ... ok
test smir::interpret::tests::scalar::fp::part1::lifted_xgetbv_xsetbv_roundtrip_dependencies_and_faults ... ok
test smir::interpret::tests::scalar::fp::part1::lifted_xsave_xsaveopt_xrstor_roundtrip_masks_initialization_and_faults ... ok
test smir::interpret::tests::scalar::fp::part1::x87_narrow_ieee_conversion_covers_rounding_boundaries_and_special_values ... ok
test smir::interpret::tests::evex::sqrt::x86_sqrt_rounding_matches_independent_ieee_reference_grid ... ok
test smir::interpret::tests::scalar::fp::part2::lifted_dot_products_execute_masks_rounding_mxcsr_atomicity_and_faults ... ok
test smir::interpret::tests::scalar::fp::part2::lifted_fp_compare_family_executes_all_predicates_masks_mxcsr_sae_and_faults ... ok
test smir::interpret::tests::scalar::fp::part2::lifted_horizontal_integer_family_executes_ordering_wrapping_saturation_and_faults ... ok
test smir::interpret::tests::scalar::fp::part1::x87_u128_integer_sqrt_satisfies_floor_invariant ... ok
test smir::interpret::tests::scalar::fp::part2::lifted_psign_family_executes_wrapping_control_aliases_and_faults ... ok
test smir::interpret::tests::scalar::fp::part2::lifted_round_family_executes_mxcsr_daz_exceptions_merges_and_faults ... ok
test smir::interpret::tests::scalar::fp::part2::lifted_x86_exp2_preserves_masks_fault_suppression_sae_and_exception_atomicity ... ok
test smir::interpret::tests::scalar::fp::part2::lifted_pavgb_pavgw_execute_rounded_unsigned_masks_alignment_and_faults ... ok
test smir::interpret::tests::scalar::fp::part2::lifted_scalar_vector_movq_executes_aliasing_upper_state_memory_and_faults_exactly ... ok
test smir::interpret::tests::scalar::fp::part2::lifted_x86_range_preserves_scalar_merge_fault_suppression_and_exception_atomicity ... ok
test smir::interpret::tests::scalar::fp::part2::lifted_x86_recip14_preserves_widths_scalar_merge_masks_mxcsr_and_fault_suppression ... ok
test smir::interpret::tests::scalar::fp::part2::smir_hex_fp_eval_matches_sem ... ok
test smir::interpret::tests::scalar::fp::part2::lifted_x86_recip28_preserves_scalar_merge_masks_sae_and_fault_atomicity ... ok
test smir::interpret::tests::scalar::fp::part2::lifted_x86_scale_f_preserves_scalar_merge_and_exception_atomicity ... ok
test smir::interpret::tests::scalar::fp::part2::smir_x86_scalar_shifts_apply_the_operand_count_mask ... ok
test smir::interpret::tests::scalar::fp::part2::smir_hex_fp_recip_eval_matches_sem ... ok
test smir::interpret::tests::scalar::fp::part2::x86_exp2_semantics_cover_error_bound_exact_specials_denormals_and_overflow ... ok
test smir::interpret::tests::scalar::fp::part2::x86_exp2_matches_intel_reference_polynomial_and_segment_error_bound ... ok
test smir::interpret::tests::scalar::fp::part2::x86_recip14_matches_intel_reference_all_segments_mxcsr_and_special_values ... ok
test smir::interpret::tests::scalar::fp::part2::x86_scale_f_exact_semantics_cover_floor_specials_daz_ftz_and_rounding ... ok
test smir::interpret::tests::scalar::fp::part2::x86_recip28_matches_intel_reference_all_segments_and_special_values ... ok
test smir::interpret::tests::scalar::fp::part3::lifted_x86_fp_compare_commits_every_truth_table_result_and_masked_invalid_status ... ok
test smir::interpret::tests::scalar::fp::part3::lifted_x86_fp_compare_handles_fp16_denormals_and_fp32_daz_precisely ... ok
test smir::interpret::tests::scalar::fp::part3::lifted_x86_fp_compare_nan_precedence_suppresses_same_lane_denormal_status ... ok
test smir::interpret::tests::scalar::fp::part3::lifted_x86_fp_compare_unmasked_exceptions_are_precise_and_sae_is_non_accruing ... ok
test smir::interpret::tests::scalar::fp::x86_fp_convert::lifted_scalar_fp_convert_commits_masked_status_and_exact_lane_state ... ok
test smir::interpret::tests::scalar::fp::x86_fp_convert::lifted_scalar_fp_convert_sae_and_inactive_masks_suppress_exceptions ... ok
test smir::interpret::tests::scalar::fp::x86_fp_convert::lifted_scalar_fp_convert_unmasked_exception_is_precise_and_noncommitting ... ok
test smir::interpret::tests::scalar::fp::x86_fp_convert::synthetic_invalid_scalar_fp_convert_ir_fails_closed_without_committing ... ok
test smir::interpret::tests::scalar::fp::x86_fp_to_int::lifted_scalar_fp_to_int_applies_daz_only_to_binary32_and_binary64 ... ok
test smir::interpret::tests::scalar::fp::x86_fp_to_int::lifted_scalar_fp_to_int_commits_masked_invalid_and_precision_status ... ok
test smir::interpret::tests::scalar::fp::x86_fp_to_int::lifted_scalar_fp_to_int_sae_suppresses_status_and_unmasked_traps ... ok
test smir::interpret::tests::scalar::fp::x86_fp_to_int::lifted_scalar_fp_to_int_unmasked_exception_is_precise_and_noncommitting ... ok
test smir::interpret::tests::scalar::fp::x86_int_to_fp::lifted_scalar_binary64_w0_is_exact_and_ignores_attempted_embedded_rounding ... ok
test smir::interpret::tests::scalar::fp::x86_int_to_fp::lifted_scalar_int_to_fp_sae_suppresses_status_and_unmasked_traps ... ok
test smir::interpret::tests::scalar::fp::x86_int_to_fp::lifted_scalar_int_to_fp_commits_masked_precision_and_overflow_status ... ok
test smir::interpret::tests::scalar::fp::x86_int_to_fp::lifted_scalar_int_to_fp_unmasked_exception_is_precise_and_noncommitting ... ok
test smir::interpret::tests::scalar::fp::x86_round_scale::lifted_fp16_round_scale_to_signed_zero_reports_precision_without_underflow ... ok
test smir::interpret::tests::scalar::fp::x86_int_to_fp::synthetic_invalid_scalar_int_to_fp_ir_fails_closed_without_committing ... ok
test smir::interpret::tests::scalar::hex::smir_hex_sf_fma_lib_matches_sem ... ok
test smir::interpret::tests::scalar::memory::atomic_cmpxadd_false_condition_stores_old_and_preserves_add_alias ... ok
test smir::interpret::tests::scalar::memory::atomic_cmpxadd_updates_memory_dst_and_flags ... ok
test smir::interpret::tests::scalar::fp::x86_round_scale::lifted_round_scale_executes_grids_mxcsr_masks_sae_and_faults ... ok
test smir::interpret::tests::scalar::memory::issue_112_optimized_load_after_pred_store_reads_fresh_memory ... ok
test smir::interpret::tests::scalar::fp::part1::x86_scalar_precision_softfloat_core_is_exact_across_f16_f32_f64 ... ok
test smir::interpret::tests::scalar::memory::issue_23_xadd_mem_faulting_store_preserves_flags_and_source ... ok
test smir::interpret::tests::scalar::memory::issue_23_xadd_mem_successful_store_commits_flags_and_source ... ok
test smir::interpret::tests::scalar::memory::lifted_0f3a_extracts_execute_lanes_widths_tuples_faults_and_flags ... ok
test smir::interpret::tests::scalar::memory::lifted_bit_tests_execute_partial_register_and_signed_memory_offsets ... ok
test smir::interpret::tests::scalar::memory::lifted_crc32c_executes_widths_high_bytes_aliases_memory_faults_and_flags ... ok
test smir::interpret::tests::scalar::memory::lifted_duplicate_moves_execute_patterns_masks_memory_and_faults ... ok
test smir::interpret::tests::scalar::memory::lifted_half_vector_moves_execute_merges_stores_upper_rules_and_faults ... ok
test smir::interpret::tests::scalar::memory::lifted_locked_memory_rmw_faults_preserve_flags_memory_and_registers ... ok
test smir::interpret::tests::scalar::memory::lifted_locked_memory_rmw_success_commits_atomic_results_and_flags ... ok
test smir::interpret::tests::scalar::memory::lifted_memory_rmw_store_faults_preserve_flags_memory_and_registers ... ok
test smir::interpret::tests::scalar::memory::lifted_moffs_pop_rm_and_group4_execute_memory_register_effects ... ok
test smir::interpret::tests::scalar::memory::lifted_memory_rmw_success_commits_results_and_flags ... ok
test smir::interpret::tests::scalar::memory::lifted_movnti_executes_sizes_unaligned_addresses_and_faults_atomically ... ok
test smir::interpret::tests::scalar::memory::lifted_movntdqa_executes_widths_alignment_upper_state_and_faults ... ok
test smir::interpret::tests::scalar::memory::lifted_x86_minmax_memory_faults_preserve_destinations_and_flags ... ok
test smir::interpret::tests::scalar::memory::lifted_maskmovdqu_executes_selected_stores_addresses_and_fault_suppression ... ok
test smir::interpret::tests::scalar::memory::lifted_non_temporal_vector_stores_execute_widths_alignment_and_faults ... ok
test smir::interpret::tests::scalar::memory::lifted_xchg_swaps_legacy_high_bytes_register_and_memory_forms ... ok
test smir::interpret::tests::scalar::memory::test_apply_lane_op_word ... ok
test smir::interpret::tests::scalar::memory::test_apply_lane_op_byte ... ok
test smir::interpret::tests::scalar::memory::lifted_x86_minmax_preserves_source2_nan_zero_and_lane_semantics ... ok
test smir::interpret::tests::scalar::memory::test_pred_load_commit_and_cancel ... ok
test smir::interpret::tests::scalar::memory::test_memory_operations ... ok
test smir::interpret::tests::scalar::memory::test_pred_store_commit_and_cancel ... ok
test smir::interpret::tests::scalar::memory::vcmp_executes_all_integer_conditions_and_ieee_float_lane_masks ... ok
test smir::interpret::tests::scalar::memory::vector_lane_insert_extract_preserve_other_bits_and_extend_exactly ... ok
test smir::interpret::tests::scalar::misc::cas_pair_failure_has_no_writeback_and_success_is_fault_precise ... ok
test smir::interpret::tests::scalar::misc::clmul_64x64_produces_exact_128_bit_polynomial_product ... ok
test smir::interpret::tests::scalar::misc::compute_address_wraps_signed_offsets ... ok
test smir::interpret::tests::scalar::misc::crc32c_primitive_matches_castagnoli_known_answers_and_widths ... ok
test smir::interpret::tests::scalar::misc::gp_relative_address_wraps_negative_offsets ... ok
test smir::interpret::tests::scalar::misc::issue_108_optimized_satn_keeps_usr_ovf_when_result_dead ... ok
test smir::interpret::tests::scalar::misc::issue_21_cmpxchg32_match_preserves_rax_high ... ok
test smir::interpret::tests::scalar::misc::issue_21_cmpxchg32_mismatch_preserves_dst_high ... ok
test smir::interpret::tests::scalar::misc::executes_direct_masked_vbmi_permute_operand_roles ... ok
test smir::interpret::tests::scalar::misc::lifted_bit_test_updates_execute_immediate_lock_and_fault_ordering ... ok
test smir::interpret::tests::scalar::misc::lifted_binary_alu_reads_and_writes_legacy_high_bytes ... ok
test smir::interpret::tests::scalar::misc::lifted_cwd_cdq_cqo_execute_partial_writes_and_preserve_flags ... ok
test smir::interpret::tests::scalar::misc::lifted_cbw_cwde_cdqe_execute_with_x86_partial_write_semantics ... ok
test smir::interpret::tests::scalar::misc::lifted_cmpxchg_xadd_handle_legacy_high_bytes_and_aliases ... ok
test smir::interpret::tests::scalar::misc::lifted_enter_executes_all_frame_phases_and_fault_ordering ... ok
test smir::interpret::tests::scalar::misc::lifted_0f3a_inserts_execute_merges_masks_aliases_tuples_faults_and_flags ... ok
test smir::interpret::tests::scalar::misc::lifted_group4_legacy_high_bytes_and_rex_low_bytes_are_distinct ... ok
test smir::interpret::tests::scalar::misc::lifted_immediate_shift_and_group3_forms_handle_legacy_high_bytes ... ok
test smir::interpret::tests::scalar::misc::lifted_lahf_sahf_execute_status_flag_transfers ... ok
test smir::interpret::tests::scalar::misc::lifted_group9_cmpxchg_random_seed_and_rdpid_semantics ... ok
test smir::interpret::tests::arm::lifted_a32_data_processing_register_shifts_cover_all_semantics_and_aliases ... ok
test smir::interpret::tests::scalar::misc::lifted_popcnt_tzcnt_lzcnt_execute_results_aliases_and_flags ... ok
test smir::interpret::tests::scalar::misc::lifted_mov_forms_read_and_write_legacy_high_bytes ... ok
test smir::interpret::tests::scalar::misc::lifted_rdtsc_reads_cycle_counter_and_zero_extends_edx_eax ... ok
test smir::interpret::tests::scalar::misc::lifted_get_exponent_executes_exact_specials_daz_masks_sae_and_faults ... ok
test smir::interpret::tests::scalar::misc::lifted_setcc_writes_legacy_high_bytes_and_rex_low_bytes ... ok
test smir::interpret::tests::scalar::misc::lifted_test_reads_legacy_high_bytes_without_modifying_registers ... ok
test smir::interpret::tests::scalar::misc::lifted_phminposuw_executes_unsigned_ties_aliases_alignment_and_faults ... ok
test smir::interpret::tests::scalar::misc::lifted_vzero_execute_maxvl_register_limits_and_preserve_flags ... ok
test smir::interpret::tests::scalar::misc::lifted_x86_xchg_preserves_word_uppers_and_zero_extends_dword_self_exchange ... ok
test smir::interpret::tests::scalar::misc::lifted_get_mantissa_executes_controls_specials_daz_masks_sae_and_faults ... ok
test smir::interpret::tests::scalar::misc::lifted_x86_cache_control_preserves_state_and_faults_on_invalid_address ... ok
test smir::interpret::tests::scalar::misc::non_x86_divs_min_overflow_wraps_without_trap ... ok
test smir::interpret::tests::scalar::misc::smir_bit_scan_updates_only_zf_and_preserves_undefined_status_flags ... ok
test smir::interpret::tests::scalar::misc::lifted_xlat_executes_address_size_segment_and_fault_semantics ... ok
test smir::interpret::tests::scalar::misc::lifted_vtestps_vtestpd_execute_sign_only_truth_table_and_faults ... ok
test smir::interpret::tests::scalar::misc::smir_x86_rcl_rcr_match_rotate_through_carry_oracle_cases ... ok
test smir::interpret::tests::scalar::misc::smir_x86_bls_matches_result_and_partial_flag_contracts ... ok
test smir::interpret::tests::scalar::misc::lifted_reduce_executes_remainders_special_cases_exceptions_masks_and_faults ... ok
test smir::interpret::tests::scalar::misc::smir_x86_rol_ror_preserve_of_for_raw_multi_counts ... ok
test smir::interpret::tests::scalar::misc::test_clmul_pmpyw_and_vpmpyh ... ok
test smir::interpret::tests::scalar::misc::test_cmpy_w128_sat_worst_case ... ok
test smir::interpret::tests::scalar::misc::test_basic_arithmetic ... ok
test smir::interpret::tests::scalar::misc::test_conditional_branch ... ok
test smir::interpret::tests::scalar::misc::test_sat_n_clamp_and_ovf ... ok
test smir::interpret::tests::scalar::misc::test_vaddsub_mixed_sat ... ok
test smir::interpret::tests::scalar::misc::test_vcarry_addcarryo ... ok
test smir::interpret::tests::scalar::misc::test_vcmptoq_byte_eq ... ok
test smir::interpret::tests::scalar::misc::test_vdealb4w ... ok
test smir::interpret::tests::scalar::misc::test_vcondmove_cancel ... ok
test smir::interpret::tests::scalar::misc::test_vhist ... ok
test smir::interpret::tests::scalar::misc::test_vlut_byte ... ok
test smir::interpret::tests::scalar::misc::test_vmulsublane ... ok
test smir::interpret::tests::scalar::misc::test_vmulevenwiden ... ok
test smir::interpret::tests::scalar::misc::test_sat_orig_shl_sweep_and_special ... ok
test smir::interpret::tests::scalar::misc::test_vmulsublanefrac ... ok
test smir::interpret::tests::scalar::misc::test_vpack_even_byte ... ok
test smir::interpret::tests::scalar::misc::test_vmulsublanesh ... ok
test smir::interpret::tests::scalar::misc::test_vmulword64pair ... ok
test smir::interpret::tests::scalar::misc::test_vpacksat_hub ... ok
test smir::interpret::tests::scalar::misc::test_vprefixqb ... ok
test smir::interpret::tests::scalar::misc::test_vpairpairreducemul ... ok
test smir::interpret::tests::scalar::misc::test_vpairreducemul ... ok
test smir::interpret::tests::scalar::misc::test_vqfromvandr ... ok
test smir::interpret::tests::scalar::misc::test_vrotr ... ok
test smir::interpret::tests::scalar::misc::test_vsatdw_clamp ... ok
test smir::interpret::tests::scalar::misc::test_vrotreducemulpair ... ok
test smir::interpret::tests::scalar::misc::test_vsetq ... ok
test smir::interpret::tests::scalar::misc::test_vshiftv_halfword ... ok
test smir::interpret::tests::scalar::misc::test_vshiftacc ... ok
test smir::interpret::tests::scalar::misc::test_vswap_pair ... ok
test smir::interpret::tests::scalar::misc::test_vwhist256_sat ... ok
test smir::interpret::tests::scalar::misc::test_vslidereducemul ... ok
test smir::interpret::tests::scalar::misc::test_bidir_shift_bit_exact ... ok
test smir::interpret::tests::scalar::misc::x86_count_ir_honors_full_partial_and_suppressed_flag_updates ... ok
test smir::interpret::tests::scalar::misc::x86_range_exact_semantics_cover_controls_nans_daz_and_ties ... ok
test smir::interpret::tests::scalar::misc::x86_unsigned_narrow_treats_high_bit_sources_as_unsigned ... ok
test smir::interpret::tests::scalar::misc::x87_legacy_environment_images_match_16_and_32_bit_protected_layouts ... ok
test smir::interpret::tests::scalar::shift_group6::sal_group6_zero_count_preserves_a_pending_lazy_flag_producer ... ok
test smir::interpret::tests::scalar::tsx::lifted_rtm_gp0_paths_fault_atomically_at_the_instruction_pc ... ok
test smir::interpret::tests::scalar::tsx::lifted_xtest_overwrites_all_status_flags_and_preserves_other_state ... ok
test smir::interpret::tests::scalar::tsx::xtest_ir_metadata_is_exact_and_not_cross_host_whitelisted ... ok
test smir::interpret::tests::scalar::tsx::xtest_interpretation_matches_at_every_optimization_level ... ok
test smir::interpret::tests::simd::convert::test_vnarrowshiftsat_wh_shift_round_sat ... ok
test smir::interpret::tests::simd::misc::smir_bextr_bzhi_flagful_ops_update_defined_x86_flags ... ok
test smir::interpret::tests::simd::misc::test_valign_right_shift4 ... ok
test smir::interpret::tests::simd::misc::smir_pdep_pext_result_ops_preserve_x86_flags ... ok
test smir::interpret::tests::simd::misc::test_valign_vror ... ok
test smir::interpret::tests::scalar::shift_group6::lifted_sal_group6_matches_shl_except_for_its_defined_emulator_af_policy ... ok
test smir::interpret::tests::simd::misc::test_vlane_oversized_lane_count_does_not_abort ... ok
test smir::interpret::tests::simd::misc::test_vlane_hexagon_vreg_end_to_end ... ok
test smir::interpret::tests::simd::misc::test_vlaneunary_ops ... ok
test smir::interpret::tests::simd::misc::test_vmaskzero ... ok
test smir::interpret::tests::simd::misc::test_vmulshiftsat_vmpyhvsrs ... ok
test smir::interpret::tests::simd::misc::test_vmulshiftsat_vmpyuhvs ... ok
test smir::interpret::tests::simd::misc::test_vmaskzero_oracc ... ok
test smir::interpret::tests::simd::misc::test_vnarrowshiftsat_truncate ... ok
test smir::interpret::tests::simd::misc::test_vnarrowshiftsat_unsigned_clamp ... ok
test smir::interpret::tests::simd::misc::test_vnarrowshiftsat_unsigned_source ... ok
test smir::interpret::tests::simd::misc::test_vnarrowshiftv_per_lane ... ok
test smir::interpret::tests::simd::misc::test_vreducemul_signed ... ok
test smir::interpret::tests::simd::misc::test_vwidenmul_signedness ... ok
test smir::interpret::tests::simd::misc::test_vwidenext_sequential ... ok
test smir::interpret::tests::simd::packed::fp_addsub_horizontal::lifted_haddps_unmasked_precision_traps_before_any_destination_write ... ok
test smir::interpret::tests::simd::packed::fp_addsub_horizontal::lifted_haddps_reports_unmasked_precomputation_before_postcomputation_status ... ok
test smir::interpret::tests::simd::packed::fp_addsub_horizontal::lifted_haddps_accrues_denormal_and_precision_status_and_preserves_legacy_upper_state ... ok
test smir::interpret::tests::simd::packed::mxcsr::lifted_legacy_vex_and_rex2_mxcsr_roundtrip_and_fault_atomicity ... ok
test smir::interpret::tests::simd::packed::fp_addsub_horizontal::paired_fp_ir_rejects_nonexistent_masks_widths_and_embedded_controls ... ok
test smir::interpret::tests::simd::packed::part1::executes_avx_vnni_int8_int16_signedness_saturation_aliases_memory_and_faults ... ok
test smir::interpret::tests::simd::packed::part1::executes_vnni_dot_signedness_saturation_masks_broadcast_and_fault_atomicity ... ok
test smir::interpret::tests::simd::packed::part1::interprets_vpermute_single_and_two_table_domains ... ok
test smir::interpret::tests::simd::packed::part1::executes_avx_permute_domains_masks_aliases_and_e4nf_fault_precision ... ok
test smir::interpret::tests::scalar::misc::x86_dot_product_softfloat_core_matches_ieee_nearest_and_directed_edges ... ok
test smir::interpret::tests::simd::packed::part1::lifted_legacy_and_vex_lddqu_preserve_or_zero_upper_and_fault_atomically ... ok
test smir::interpret::tests::simd::packed::part1::lifted_legacy_packed_sse_load_fault_preserves_full_destination ... ok
test smir::interpret::tests::simd::packed::part1::lifted_legacy_and_vex_movmsk_execute_exact_bits_zero_extend_and_preserve_flags ... ok
test smir::interpret::tests::simd::packed::part1::lifted_legacy_and_vex_packed_integer_logic_executes_exact_bits_and_faults_atomically ... ok
test smir::interpret::tests::simd::packed::part1::lifted_legacy_packed_sse_preserves_shared_state_above_bit_127 ... ok
test smir::interpret::tests::simd::packed::part1::lifted_legacy_and_vex_pmovmskb_execute_exact_bits_and_zero_extend ... ok
test smir::interpret::tests::simd::packed::part1::lifted_packed_sse_arithmetic_and_moves_execute ... ok
test smir::interpret::tests::simd::packed::part1::lifted_scalar_sse_memory_faults_preserve_destination_flags_and_memory ... ok
test smir::interpret::tests::simd::packed::part1::lifted_saturating_packed_add_subtract_clamps_all_signed_unsigned_boundaries ... ok
test smir::interpret::tests::simd::packed::part1::lifted_scalar_sse_moves_and_arithmetic_preserve_or_clear_upper_lanes_exactly ... ok
test smir::interpret::tests::simd::packed::part1::lifted_x86_packed_fp32_fp64_to_int_is_exact_atomic_and_daz_sae_aware ... ok
test smir::interpret::tests::simd::packed::part1::lifted_vex_scalar_memory_faults_preserve_destination_flags_and_memory ... ok
test smir::interpret::tests::simd::packed::part1::lifted_vex_scalar_moves_and_arithmetic_merge_xmm_and_zero_avx_upper_state ... ok
test smir::interpret::tests::simd::packed::part1::lifted_vex_scalar_arithmetic_all_ops_and_memory_sources_execute ... ok
test smir::interpret::tests::simd::packed::part1::lifted_x86_packed_fp_convert_honors_lanes_rounding_and_upper_state ... ok
test smir::interpret::tests::simd::packed::part1::lifted_x86_packed_fp_convert_memory_fault_preserves_destination_and_flags ... ok
test smir::interpret::tests::simd::packed::part1::lifted_x86_packed_int_to_fp32_fp64_is_exact_masked_atomic_and_sae_aware ... ok
test smir::interpret::tests::simd::packed::part2::executes_load_broadcasts_tuple_order_masks_gpr_aliases_and_e6_fault_suppression ... ok
test smir::interpret::tests::simd::packed::part2::executes_packed_variable_shifts_boundaries_signedness_masks_and_aliases ... ok
test smir::interpret::tests::simd::packed::part2::executes_vpshufbitqmb_lane_domains_opmask_zeroing_memory_and_faults ... ok
test smir::interpret::tests::simd::packed::part2::lifted_legacy_and_vex_packed_integer_compares_execute_signedness_widths_and_faults ... ok
test smir::interpret::tests::simd::packed::part2::lifted_mmx_pinsrw_pextrw_execute_rex_lanes_state_memory_and_faults ... ok
test smir::interpret::tests::simd::packed::part2::lifted_legacy_and_vex_packed_unpacks_interleave_per_128_bit_lane ... ok
test smir::interpret::tests::simd::packed::part2::smir_andn_updates_only_defined_x86_flags ... ok
test smir::interpret::tests::simd::packed::part2::lifted_mmx_movq_executes_directions_rex_memory_state_and_faults ... ok
test smir::interpret::tests::simd::packed::part2::lifted_mmx_pmovmskb_extracts_byte_signs_and_enters_mmx_state ... ok
test smir::interpret::tests::simd::packed::part2::smir_bextr_bzhi_result_ops_preserve_x86_flags_and_edge_counts ... ok
test smir::interpret::tests::simd::packed::part2::test_vbroadcast_gpr_to_words ... ok
test smir::interpret::tests::simd::packed::part2::test_vlanecond_byte ... ok
test smir::interpret::tests::simd::packed::part2::test_vreducemul_byte4_to_word ... ok
test smir::interpret::tests::simd::packed::part2::test_vnarrowshiftsat_wh_interleave ... ok
test smir::interpret::tests::simd::packed::part2::test_vshuffle2_byte_roundtrip ... ok
test smir::interpret::tests::simd::packed::part2::test_vshuffleeo_even_byte ... ok
test smir::interpret::tests::simd::packed::part2::test_vwidenaddsub_byte_layout ... ok
test smir::interpret::tests::simd::packed::part2::test_vwidenext_interleave_sign ... ok
test smir::interpret::tests::simd::packed::part2::test_vwidenmul_byte_layout ... ok
test smir::interpret::tests::simd::packed::part2::test_vwidenext_interleave_zero ... ok
test smir::interpret::tests::simd::packed::part2::vinterleave_selects_halves_independently_in_each_lane_block ... ok
test smir::interpret::tests::simd::packed::part2::test_vwidenmul_half_to_word ... ok
test smir::interpret::tests::simd::packed::part2::vshuffle_uses_explicit_lanes_two_source_indices_and_zeroes_inactive_state ... ok
test smir::interpret::tests::simd::packed::part3::lifted_mmx_average_and_pmaddwd_execute_rounding_wrap_aliases_and_faults ... ok
test smir::interpret::tests::simd::packed::part3::lifted_mmx_packed_multiply_executes_widths_aliases_state_and_faults ... ok
test smir::interpret::tests::simd::packed::part3::lifted_packed_extend_families_execute_sign_zero_masks_aliases_and_faults ... ok
test smir::interpret::tests::simd::packed::part3::lifted_pabs_family_executes_minima_masks_broadcasts_and_faults ... ok
test smir::interpret::tests::simd::packed::part3::lifted_palignr_executes_immediates_grouping_masks_aliases_and_faults ... ok
test smir::interpret::tests::simd::packed::part3::lifted_original_packed_minmax_executes_values_masks_e4_and_faults ... ok
test smir::interpret::tests::simd::packed::part3::lifted_packed_minmax_executes_signedness_masks_aliases_broadcasts_and_faults ... ok
test smir::interpret::tests::simd::packed::part3::lifted_pmaddubsw_executes_products_saturation_masks_aliases_and_faults ... ok
test smir::interpret::tests::simd::packed::part3::lifted_pmuldq_executes_even_signed_lanes_masks_aliases_and_faults ... ok
test smir::interpret::tests::simd::packed::part3::lifted_pmulhw_pmulhuw_execute_signedness_masks_alignment_and_faults ... ok
test smir::interpret::tests::simd::packed::part3::lifted_pmulld_pmulq_execute_widths_masks_broadcasts_and_fault_suppression ... ok
test smir::interpret::tests::simd::packed::part3::lifted_pmuludq_executes_even_unsigned_lanes_widths_and_masks ... ok
test smir::interpret::tests::simd::packed::part3::lifted_pmulhrsw_executes_rounding_masks_aliases_and_faults ... ok
test smir::interpret::tests::simd::packed::part3::lifted_pmullw_executes_widths_masks_alignment_and_fault_suppression ... ok
test smir::interpret::tests::simd::packed::part3::lifted_ptest_vptest_executes_flag_truth_table_widths_alignment_and_faults ... ok
test smir::interpret::tests::simd::packed::part3::lifted_saturating_packs_execute_lane_groups_masks_and_fault_boundaries ... ok
test smir::interpret::tests::simd::packed::part3::lifted_pshufb_executes_msb_zeroing_lane_locality_masks_and_faults ... ok
test smir::interpret::tests::simd::packed::part3::lifted_variable_blends_execute_mask_bits_aliases_widths_and_faults ... ok
test smir::interpret::tests::simd::packed::part3::reciprocal_estimates_execute_special_cases_and_accuracy_bound ... ok
test smir::interpret::tests::simd::packed::part3::lifted_vperm2x128_executes_controls_aliases_memory_and_faults ... ok
test smir::interpret::tests::simd::packed::part3::lifted_vex_fma3_executes_orders_sign_families_alternation_scalar_and_faults ... ok
test smir::interpret::tests::simd::packed::part3::vdotproduct_executes_vnni_accumulation_wrapping_saturation_and_signed_words ... ok
test smir::interpret::tests::simd::packed::part4::lifted_aesni_vaes_executes_fips_vectors_lanes_upper_state_and_faults ... ok
test smir::interpret::tests::simd::packed::part3::vfma_executes_fused_f32_f64_and_sign_controls ... ok
test smir::interpret::tests::simd::packed::part4::lifted_avx_ne_convert_executes_exact_bits_widths_mxcsr_and_faults ... ok
test smir::interpret::tests::simd::packed::part4::lifted_fp_unpack_family_executes_lane_blocks_masks_broadcast_and_e4nf_faults ... ok
test smir::interpret::tests::simd::packed::part4::lifted_mpsadbw_executes_block_selectors_aliases_alignment_faults_and_flags ... ok
test smir::interpret::tests::simd::packed::part4::lifted_immediate_blends_execute_raw_masks_repetition_aliases_and_faults ... ok
test smir::interpret::tests::simd::packed::part4::lifted_pclmulqdq_executes_selectors_blocks_aliases_memory_and_faults ... ok
test smir::interpret::tests::simd::packed::part4::lifted_packed_immediate_shuffles_execute_lanes_aliases_memory_and_faults ... ok
test smir::interpret::tests::simd::packed::part4::lifted_packed_shift_count_executes_full_counts_masks_mem128_and_faults ... ok
test smir::interpret::tests::simd::packed::part4::lifted_pmaddwd_executes_wrap_widths_masks_complete_memory_and_faults ... ok
test smir::interpret::tests::simd::packed::part4::lifted_psadbw_executes_all_widths_aliases_upper_state_and_faults ... ok
test smir::interpret::tests::simd::packed::part4::lifted_reciprocal_estimates_execute_merges_upper_state_alignment_and_faults ... ok
test smir::interpret::tests::simd::packed::part4::lifted_sha512_executes_schedule_rounds_aliases_and_preserves_flags ... ok
test smir::interpret::tests::simd::packed::part4::lifted_sm3_executes_schedule_rounds_aliases_memory_and_faults ... ok
test smir::interpret::tests::simd::packed::part4::lifted_sm4_executes_standard_vectors_widths_aliases_memory_and_faults ... ok
test smir::interpret::tests::simd::packed::part4::lifted_sse3_addsub_horizontal_executes_values_lane_groups_alignment_and_upper_state ... ok
test smir::interpret::tests::simd::packed::part4::lifted_vex_masked_memory_executes_zeroing_stores_and_element_faults ... ok
test smir::interpret::tests::simd::packed::part4::lifted_two_source_shuffles_execute_selectors_masks_broadcast_and_faults ... ok
test smir::interpret::tests::simd::packed::part4::lifted_x86_rsqrt14_preserves_widths_scalar_merge_masks_daz_and_fault_suppression ... ok
test smir::interpret::tests::simd::packed::part4::lifted_vex_packed_immediate_shifts_execute_overshifts_and_128_bit_lanes ... ok
test smir::interpret::tests::simd::packed::part4::lifted_x86_rsqrt28_preserves_scalar_merge_masks_sae_and_fault_atomicity ... ok
test smir::interpret::tests::simd::packed::part4::x86_rsqrt14_matches_intel_reference_all_segments_mxcsr_and_special_values ... ok
test smir::interpret::tests::simd::sse::interprets_vshufflebitqm_writes_k_mask ... ok
test smir::interpret::tests::simd::packed::saturating_pack_faults::evex_saturating_packs_use_e4nf_complete_memory_accesses ... ok
test smir::interpret::tests::simd::sse::test_vblend_mux ... ok
test smir::interpret::tests::simd::packed::part4::x86_rsqrt28_matches_intel_reference_all_segments_and_special_values ... ok
test smir::interpret::tests::simd::sse::lifted_maskmovq_addr32_wraps_each_lane_before_fs_segmentation ... ok
test smir::interpret::tests::sse4a::malformed_sse4a_controls_fail_closed_without_destination_commit ... ok
test smir::interpret::tests::sse4a::lifted_sse4a_forms_match_low_qword_semantics_at_o0_o1_o2 ... ok
test smir::interpret::tests::sse4a::malformed_sse4a_movnt_ops_fail_closed_before_memory_access ... ok
test smir::interpret::tests::sse4a::lifted_sse4a_movnt_stores_exact_scalar_width_at_o0_o1_o2 ... ok
test smir::interpret::tests::sse4a::sse4a_guard_exits_before_destination_or_flag_commit_for_every_dynamic_fault ... ok
test smir::interpret::tests::stack_flags::pop_privilege_filter_updates_only_permitted_fields ... ok
test smir::interpret::tests::sse4a::sse4a_movnt_guard_faults_before_memory_write_at_every_optimization_level ... ok
test smir::interpret::tests::stack_flags::pushed_image_can_be_modified_and_popped_as_one_complete_transaction ... ok
test smir::interpret::tests::string::lifted_movzx_movsx_read_legacy_high_bytes_and_rex_low_bytes ... ok
test smir::interpret::tests::stack_flags::stack_address_and_memory_faults_leave_rsp_and_flags_uncommitted ... ok
test smir::interpret::tests::stack_flags::vme_pop_post_read_gp_and_push_virtualization_are_precise ... ok
test smir::interpret::tests::stack_flags::push_images_and_rex_w_precedence_match_intel_masks_at_o0_o1_o2 ... ok
test smir::interpret::tests::string::lifted_string_faults_preserve_current_element_restart_state ... ok
test smir::interpret::tests::string::lifted_string_movs_stos_lods_execute_rep_df_segment_and_addr32 ... ok
test smir::interpret::tests::string::lifted_string_scas_cmps_rep_termination_and_flags ... ok
test smir::interpret::tests::simd::packed::part4::lifted_vdbpsadbw_executes_dword_shuffle_sad_masks_aliases_and_faults ... ok
test isa::x86_64::execute::simd::avx512::vsib::vsib_smir_tests::evex_vsib_smir_apx_requires_only_used_egpr_base_not_unused_x4 ... ok
test smir::interpret::tests::tbm::immediate_bextr_lifted_semantics_cover_width_and_control_edges ... ok
test smir::interpret::tests::three_dnow::lifted_3dnow_atomic_operation_preserves_flags_top_and_fault_atomicity ... ok
test smir::interpret::tests::three_dnow::three_d_now_atomic_family_covers_all_defined_suffix_semantics_and_numeric_bounds ... ok
test smir::interpret::tests::three_dnow::lifted_3dnow_pavgusb_and_pswapd_execute_and_order_memory_faults ... ok
test smir::interpret::tests::tbm::dynamic_tbm_guard_exits_before_register_or_memory_side_effects ... ok
test smir::interpret::tests::x86_fma::lifted_evex_fma3_executes_nondefault_rc_with_sae_and_scalar_merge ... ok
test smir::interpret::tests::tbm::all_map9_tbm_semantics_match_amd_pseudocode_at_o0_o1_o2 ... ok
test smir::interpret::tests::x86_fma::malformed_x86_fma_ir_fails_closed_and_remains_optimizer_observable ... ok
test smir::interpret::tests::x86_fma::lifted_vex_fma4_unmasked_exception_is_precise_and_noncommitting ... ok
test smir::interpret::tests::x86_fma::lifted_vex_fma4_reads_all_aliased_sources_before_destination_write ... ok
test smir::interpret::tests::x86_fma::lifted_vex_fma4_packed_kinds_are_fused_and_clear_above_vl ... ok
test smir::interpret::tests::x86_fma::lifted_vex_fma4_w_swaps_sources_and_scalar_l_is_ignored_with_zero_upper ... ok
test smir::interpret::tests::x86_fma::x86_fma_alternating_kinds_select_addition_and_subtraction_by_lane ... ok
test smir::interpret::tests::x86_fma::x86_fma_models_daz_ftz_overflow_underflow_precision_and_zero_sign ... ok
test smir::interpret::tests::x86_fma::x86_fma_nan_priority_follows_the_123_132_213_231_arithmetic_order ... ok
test smir::interpret::tests::x86_fma::x86_fma_quiet_nan_preempts_non_nan_invalid_product_classification ... ok
test smir::interpret::tests::x86_fma::x86_fma_reports_precomputation_before_postcomputation_exceptions ... ok
test smir::interpret::tests::x86_fma::x86_fma_retains_the_single_round_fused_residual ... ok
test smir::interpret::tests::x86_fma::x86_fma_writemask_suppresses_inactive_lane_arithmetic_and_status ... ok
test smir::interpret::tests::x86_fma::x86_fma_nan_precedence_suppresses_same_lane_denormal_status_for_all_formats ... ok
test smir::interpret::tests::x86_fma::x86_fma_unmasked_exception_is_precise_and_embedded_rounding_is_sae ... ok
test smir::interpret::tests::x86_fma::x86_fma_rounds_binary32_and_binary64_from_mxcsr_or_embedded_control ... ok
test smir::interpret::tests::x86_fma::x86_fma_embedded_rounding_uses_sae_masked_underflow_response_for_ftz ... ok
test smir::interpret::tests::x86_fma::x86_fp16_fma_nan_precedence_is_lane_local_when_status_is_aggregated ... ok
test smir::interpret::tests::x86_fma::x86_fp16_fma_nan_priority_uses_mnemonic_arithmetic_order ... ok
test smir::interpret::tests::x86_fma::x86_fp16_fma_rejects_the_fma4_only_order_without_committing ... ok
test smir::interpret::tests::x87::control::x87_no_wait_controls_request_exact_direct_replay_before_any_commit ... ok
test smir::interpret::tests::x87::fxsave_restore::fxrstor_real_read_faults_remain_memory_faults_at_o0_o1_o2 ... ok
test smir::interpret::tests::x87::control::x87_payload_operations_request_replay_before_payload_or_environment_commit ... ok
test smir::interpret::tests::x87::fxsave_restore::fxrstor_valid_mxcsr_including_unmasked_pending_status_loads_at_o0_o1_o2 ... ok
test smir::interpret::tests::x87::part1::lifted_emms_empties_tags_and_preserves_aliased_payloads_and_x87_state ... ok
test smir::interpret::tests::x87::part1::lifted_femms_empties_tags_without_modifying_other_defined_state ... ok
test smir::interpret::tests::x87::fxsave_restore::lifted_fxsave_fxrstor_preserve_exact_state_layout_tags_and_faults ... ok
test smir::interpret::tests::x87::part1::lifted_x87_environment_control_state_memory_and_fault_atomicity ... ok
test smir::interpret::tests::x87::part1::lifted_x87_exact_register_and_m80_transfers_preserve_payload_tags_and_environment ... ok
test smir::interpret::tests::x87::fxsave_restore::fxrstor_alignment_and_reserved_mxcsr_are_gp_at_o0_o1_o2 ... ok
test smir::interpret::tests::x87::part1::lifted_legacy_x87_register_forms_match_canonical_state_and_free_pop_exactly ... ok
test smir::interpret::tests::x87::part1::lifted_x87_exact_sign_and_top_rotation_operations_preserve_raw_state ... ok
test smir::interpret::tests::x87::part1::lifted_x87_ficom_ficomp_widen_signed_integers_exactly ... ok
test smir::interpret::tests::x87::part1::lifted_x87_fcmov_conditions_copy_exact_state_and_gate_stack_faults ... ok
test smir::interpret::tests::x87::part1::lifted_x87_fild_widens_all_integer_widths_exactly_and_atomically ... ok
test smir::interpret::tests::x87::part1::lifted_x87_fld_single_double_widens_exactly_and_reports_source_classes ... ok
test smir::interpret::tests::x87::part1::lifted_x87_fcom_fucom_order_binary80_and_apply_pop_counts ... ok
test smir::interpret::tests::x87::part1::lifted_x87_ftst_compares_zero_and_honors_exception_masks ... ok
test smir::interpret::tests::x87::part1::lifted_x87_fxam_classifies_all_binary80_classes_and_empty_sign ... ok
test smir::interpret::tests::x87::part1::lifted_x87_load_constants_match_all_fcw_rounding_modes_exactly ... ok
test smir::interpret::tests::x87::part1::lifted_x87_stack_metadata_waiting_faults_exit_without_committing ... ok
test smir::interpret::tests::x87::part1::lifted_x87_legacy_environment_save_restore_side_effects_and_fault_atomicity ... ok
test smir::interpret::tests::x87::part2::lifted_x87_compare_nan_denormal_stack_and_eflags_exception_policies ... ok
test smir::interpret::tests::x87::part2::lifted_x87_exact_transfers_handle_masked_unmasked_stack_faults_and_memory_faults ... ok
test smir::interpret::tests::x87::part2::lifted_x87_fbld_fbstp_exact_bcd_rounding_exceptions_and_faults ... ok
test smir::interpret::tests::x87::part2::lifted_x87_fist_fistp_fisttp_round_range_fault_and_pop_semantics ... ok
test smir::interpret::tests::x87::part2::lifted_x87_fdiv_fdivr_exact_rounding_special_fault_and_pop_semantics ... ok
test smir::interpret::tests::x87::part2::lifted_x87_fadd_fsub_exact_rounding_special_fault_and_pop_semantics ... ok
test smir::interpret::tests::x87::part2::lifted_x87_fmul_fmulp_fimul_exact_rounding_range_fault_and_pop_semantics ... ok
test smir::interpret::tests::x87::part2::lifted_x87_fprem_fprem1_exact_partial_flags_and_exception_semantics ... ok
test smir::interpret::tests::x87::part2::lifted_x87_frndint_exact_rounding_special_values_and_exception_masks ... ok
test smir::interpret::tests::x87::part2::lifted_x87_fscale_exact_scaling_rounding_exceptions_and_reconstruction ... ok
test smir::interpret::tests::x87::part2::lifted_x87_fsqrt_exact_pc_rc_special_and_exception_semantics ... ok
test smir::interpret::tests::x87::part2::lifted_x87_fst_fstp_narrow_flags_masks_pop_environment_and_faults ... ok
test smir::interpret::tests::x87::part2::lifted_x87_fxtract_exact_decomposition_special_values_and_stack_faults ... ok
test smir::interpret::tests::x87::part3::lifted_x87_logarithms_form_the_final_result_before_range_exceptions ... ok
test smir::interpret::tests::x87::part3::lifted_x87_fyl2x_domain_exception_priority_and_pop_commit ... ok
test smir::interpret::tests::x87::part3::lifted_x87_fpatan_signed_zero_infinity_quadrants_and_tiny_ratio ... ok
test smir::interpret::tests::x87::part3::lifted_x87_transcendental_pc_rc_rounding_is_explicit_and_monotonic ... ok
test smir::interpret::tests::x87::part3::lifted_x87_transcendental_exact_points_stack_shapes_and_environment ... ok
test smir::interpret::tests::x87::part3::lifted_x87_transcendental_special_values_masks_and_stack_faults ... ok
test smir::interpret::tests::x87::part3::lifted_x87_transcendentals_retain_binary80_inputs_and_match_independent_f64_oracles ... ok
test smir::interpret::tests::x87::part3::lifted_x87_trigonometric_range_boundary_is_precise_and_noncommitting ... ok
test smir::interpret::tests::x87::part3::lifted_x87_transcendentals_satisfy_intel_ulp_bounds_against_binary128_oracles ... ok
test smir::interpret::tests::xop::malformed_xop_alignment_ir_fails_closed_without_address_observation ... ok
test smir::interpret::tests::xop::malformed_xop_ir_operands_fail_closed_without_destination_commit ... ok
test smir::interpret::tests::xop::memory_alignment_and_canonicality_faults_precede_memory_and_destination_commit ... ok
test smir::interpret::tests::xop::register_aliases_snapshot_both_sources_before_destination_commit ... ok
test smir::interpret::tests::xop::xop_alignment_ir_checks_the_complete_access_range_independently_of_alignment ... ok
test smir::interpret::tests::xop::immediate_rotate_counts_cover_signed_extremes_and_modulo_widths ... ok
test smir::interpret::tests::xop::all_variable_cells_and_operand_orders_match_signed_count_semantics_at_o0_o1_o2 ... ok
test smir::interpret::tests::xop::xop_guard_is_dynamic_precise_and_noncommitting_for_every_failed_condition ... ok
test smir::interpret::tests::xop_vpcmov::dynamic_guard_and_alignment_faults_precede_memory_and_destination_commit ... ok
test smir::interpret::tests::xop_vpcmov::memory_forms_match_reference_for_both_w_roles_and_complete_transfer_widths ... ok
test smir::interpret::tests::xop_vpcmov::register_forms_match_reference_at_o0_o1_o2_for_widths_roles_and_aliases ... ok
test smir::ir::call::tests::addr32_memory_target_reports_every_address_register ... ok
test smir::interpret::tests::xop_vpcom::vpcom_dynamic_guard_and_alignment_faults_are_precise_and_noncommitting ... ok
test smir::ir::context::tests::test_aarch64_context ... ok
test smir::ir::context::tests::test_riscv_context ... ok
test smir::ir::context::tests::test_x86_context ... ok
test smir::ir::context::tests::x86_x87_abridged_tags_use_physical_order_and_reconstruct_classes ... ok
test smir::ir::context::tests::x86_x87_state_defaults_and_environment_resets_preserve_raw_registers ... ok
test smir::ir::flags::tests::bmi_partial_flag_definitions_materialize_the_preceding_lazy_producer ... ok
test smir::ir::flags::tests::selective_lazy_updates_exhaustively_merge_requested_status_bits ... ok
test smir::ir::flags::tests::test_add_flags ... ok
test smir::ir::flags::tests::test_condition_eval ... ok
test smir::ir::flags::tests::test_logic_flags ... ok
test smir::interpret::tests::xop_vpcom::memory_vpcom_matches_reference_and_constant_predicates_still_fault ... ok
test smir::ir::flags::tests::test_rflags_conversion ... ok
test smir::interpret::tests::x87::part3::lifted_x87_transcendental_dense_dyadic_grid_is_accurate_monotonic_and_symmetric ... ok
test smir::interpret::tests::x86_fma::x86_fma_binary64_round_nearest_matches_independent_fused_oracle ... ok
test smir::interpret::tests::xop_vpcom::register_vpcom_matches_reference_at_every_optimization_level_and_alias ... ok
test smir::ir::flags::tests::test_sub_flags ... ok
test smir::ir::memory::tests::test_alignment_check ... ok
test smir::ir::memory::tests::test_bytes_conversion ... ok
test smir::ir::memory::tests::test_exclusive_monitor ... ok
test smir::ir::ops::fp_side_effects::tests::scalar_fp_to_int_is_side_effecting_exactly_without_sae ... ok
test smir::ir::ops::fp_side_effects::tests::scalar_fp_convert_classifies_status_sae_and_invalid_ir ... ok
test smir::ir::memory::tests::test_flat_memory ... ok
test smir::ir::ops::fp_side_effects::tests::scalar_int_to_fp_classifies_status_exactness_and_invalid_ir ... ok
test smir::ir::ops::tests::cas_pair_metadata_tracks_all_results_and_memory_effects ... ok
test smir::ir::ops::tests::test_op_dests ... ok
test smir::ir::ops::tests::x86_fp16_complex_metadata_tracks_accumulator_merge_mask_and_mxcsr_status ... ok
test smir::ir::ops::tests::x86_four_iteration_metadata_tracks_sources_accumulators_masks_and_side_effects ... ok
test smir::ir::ops::tests::x86_string_dests_are_kind_and_rep_precise ... ok
test smir::ir::ops::tests::x86_fp16_fma_metadata_tracks_sources_mask_destination_and_mxcsr_effects ... ok
test smir::ir::ops::tests::x86_three_d_now_metadata_tracks_atomic_destructive_operands ... ok
test smir::ir::ops::x86_sat_convert_types::tests::canonical_controls_distinguish_bf16_from_ieee_formats ... ok
test smir::ir::ops::x86_sat_convert_types::tests::canonical_shapes_cover_equal_narrowing_and_widening_payloads ... ok
test smir::ir::tests::test_function_builder ... ok
test smir::ir::ops::tests::x86_x87_control_metadata_tracks_hidden_state_and_memory_effects ... ok
test smir::ir::tests::test_terminator_successors ... ok
test smir::ir::tests::x86_evex_broadcast_replay_classifier_tracks_vl_and_dq_exactly ... ok
test smir::ir::tests::x86_evex_immediate_count_shift_replay_classifier_is_exact_and_fail_closed ... ok
test smir::ir::tests::x86_evex_integer_interleave_replay_classifier_is_exact_and_fail_closed ... ok
test smir::ir::tests::x86_evex_integer_arithmetic_replay_classifier_is_exact_and_fail_closed ... ok
test smir::ir::tests::x86_evex_fp_replay_classifier_is_exact_and_fail_closed ... ok
test smir::ir::tests::x86_evex_integer_minmax_replay_classifier_is_exact_and_fail_closed ... ok
test smir::ir::tests::x86_evex_integer_multiply_replay_classifier_is_exact_and_fail_closed ... ok
test smir::ir::tests::x86_evex_integer_pack_replay_classifier_is_exact_and_fail_closed ... ok
test smir::ir::tests::x86_evex_narrow_broadcast_replay_classifier_is_exact_and_fail_closed ... ok
test smir::ir::tests::x86_evex_packed_abs_replay_classifier_is_exact_and_fail_closed ... ok
test smir::ir::tests::x86_evex_logic_replay_classifier_tracks_vl_and_dq_exactly ... ok
test smir::ir::tests::x86_evex_packed_average_replay_classifier_is_exact_and_fail_closed ... ok
test smir::ir::tests::x86_evex_packed_compare_replay_classifier_is_exact_and_fail_closed ... ok
test smir::ir::tests::x86_evex_packed_fma_replay_classifier_is_exact_and_fail_closed ... ok
test smir::ir::tests::x86_evex_packed_fp16_fma_replay_classifier_is_exact_and_fail_closed ... ok
test smir::ir::tests::x86_evex_packed_rotate_replay_classifier_is_exact_and_fail_closed ... ok
test smir::ir::tests::x86_evex_fp_replay_spans_require_block_provenance_and_contiguity ... ok
test smir::ir::tests::x86_evex_packed_test_replay_classifier_is_exact_and_fail_closed ... ok
test smir::ir::tests::x86_evex_scalar_fp16_fma_replay_classifier_is_exact_and_fail_closed ... ok
test smir::ir::tests::x86_evex_shared_count_shift_replay_classifier_is_exact_and_fail_closed ... ok
test smir::ir::tests::x86_evex_scalar_fma_replay_classifier_is_exact_and_fail_closed ... ok
test smir::ir::types::tests::cas_failure_order_removes_release_semantics ... ok
test smir::ir::tests::x86_evex_fp16_fma_replay_spans_carry_exact_host_requirements ... ok
test smir::ir::types::tests::test_address ... ok
test smir::ir::types::tests::test_op_width ... ok
test smir::ir::types::tests::test_vreg_alloc ... ok
test smir::ir::types::tests::test_condition_invert ... ok
test smir::ir::x86_native_replay::classifiers::cmpccxadd::tests::nonexact_vex_and_every_evex_frontier_fail_closed ... ok
test smir::ir::x86_native_replay::classifiers::cmpccxadd::tests::segment_override_and_default_base_select_the_exact_fault_class ... ok
test smir::ir::x86_native_replay::classifiers::cmpccxadd::tests::complete_prefixed_address_shapes_classify_exactly ... ok
test smir::ir::x86_native_replay::classifiers::evex_alignr_memory::tests::rewrites_match_four_independent_llvm_23_anchors ... ok
test smir::ir::x86_native_replay::classifiers::evex_bw_shuffle_madd_memory::tests::classifier_preserves_address_controls_and_rejects_nonowned_shapes ... ok
test smir::ir::x86_native_replay::classifiers::evex_alignr_memory::tests::classifier_preserves_address_controls_and_rejects_nonowned_shapes ... ok
test smir::ir::x86_native_replay::classifiers::evex_bw_shuffle_madd_memory::tests::rewrites_match_six_independent_llvm_23_anchors ... ok
test smir::ir::x86_native_replay::classifiers::cmpccxadd::tests::classifies_every_condition_width_comparison_and_addend_register_cell ... ok
test smir::ir::x86_native_replay::classifiers::evex_movntdqa_memory::tests::reserved_register_and_nonexact_encodings_fail_closed ... ok
test smir::ir::x86_native_replay::classifiers::evex_movntdqa_memory::tests::llvm_23_and_apx_address_anchors_classify_exactly ... ok
test smir::ir::x86_native_replay::classifiers::evex_psadbw_memory::tests::accepts_prefix_sib_displacement_and_apx_address_extensions ... ok
test smir::ir::x86_native_replay::classifiers::evex_psadbw_memory::tests::malformed_or_semantically_different_encodings_fail_closed ... ok
test smir::ir::x86_native_replay::classifiers::evex_scalar_fma_llig::tests::canonicalizes_only_dynamic_scalar_fma_llig ... ok
test smir::ir::x86_native_replay::classifiers::evex_scalar_fma_llig::tests::rejects_packed_memory_and_non_fma_shapes ... ok
test smir::ir::x86_native_replay::classifiers::evex_movntdqa_memory::tests::classifies_every_destination_base_and_width_cell ... ok
test smir::ir::x86_native_replay::classifiers::evex_two_table_permute_memory::tests::classifier_preserves_address_controls_and_rejects_nonowned_shapes ... ok
test smir::ir::x86_native_replay::classifiers::evex_alignr_memory::tests::classifier_exhaustively_covers_18_432_wig_width_register_and_mask_cells ... ok
test smir::ir::x86_native_replay::classifiers::evex_two_table_permute_memory::tests::rewrites_match_six_independent_llvm_23_anchors ... ok
test smir::ir::x86_native_replay::classifiers::fp16_narrow::tests::memory_classifier_accepts_defined_address_prefixes_and_shapes ... ok
test smir::ir::x86_native_replay::classifiers::fp16_narrow::tests::memory_classifier_rejects_reserved_register_and_nonexact_images ... ok
test smir::ir::x86_native_replay::classifiers::evex_movntdqa_memory::tests::exhausts_map_opcode_prefix_w_and_vector_length_selector_space ... ok
test smir::ir::x86_native_replay::classifiers::fp_compare::tests::legacy_classifier_rejects_every_prefix_opcode_operand_and_length_frontier ... ok
test smir::ir::x86_native_replay::classifiers::fp_compare_memory::tests::accepts_complete_prefixed_sib_and_displacement_shape ... ok
test smir::ir::x86_native_replay::classifiers::fp_compare::tests::legacy_classifier_exhaustively_accepts_4352_canonical_register_encodings ... ok
test smir::ir::x86_native_replay::classifiers::fp_compare_memory::tests::classifies_all_320_fp_flag_compare_register_element_opcode_w_and_base_cells ... ok
test smir::ir::x86_native_replay::classifiers::evex_psadbw_memory::tests::classifies_all_24576_operand_width_wig_and_apx_address_cells ... ok
test smir::ir::x86_native_replay::classifiers::fp_compare_memory::tests::fp_flag_compare_complete_shape_and_malformed_encodings_fail_closed ... ok
test smir::ir::x86_native_replay::classifiers::fp_compare_memory::tests::malformed_reserved_scalar_or_semantically_different_encodings_fail_closed ... ok
test smir::ir::x86_native_replay::classifiers::fp_compare_memory::tests::scalar_classifier_accepts_complete_shape_and_rejects_unpredictable_l1 ... ok
test smir::ir::x86_native_replay::classifiers::fp_compare_memory::tests::scalar_classifier_rejects_packed_reserved_and_malformed_encodings ... ok
test smir::ir::x86_native_replay::classifiers::evex_bw_shuffle_madd_memory::tests::classifier_exhaustively_covers_55_296_kind_width_register_mask_and_w_cells ... ok
test smir::ir::x86_native_replay::classifiers::fp_estimate::tests::classifies_all_5440_vex_estimate_operand_opcode_width_w_and_base_cells ... ok
test smir::ir::x86_native_replay::classifiers::fp_estimate::tests::complete_address_shapes_and_malformed_vex_estimate_encodings_fail_closed ... ok
test smir::ir::x86_native_replay::classifiers::fp_horizontal::tests::accepts_c5_and_complete_prefixed_sib_displacement_shapes ... ok
test smir::ir::x86_native_replay::classifiers::fp_horizontal::tests::malformed_or_semantically_different_memory_encodings_fail_closed ... ok
test smir::ir::x86_native_replay::classifiers::fp_horizontal::tests::classifies_every_destination_source_kind_format_width_and_w_cell ... ok
test smir::ir::x86_native_replay::classifiers::fp_round::tests::complete_prefixed_modrm_sib_displacement_shapes_are_accepted ... ok
test smir::ir::x86_native_replay::classifiers::fp_round::tests::malformed_reserved_register_and_nonexact_memory_shapes_fail_closed ... ok
test smir::ir::x86_native_replay::classifiers::fp_round::tests::every_immediate_maps_to_the_architectural_round_controls ... ok
test smir::ir::x86_native_replay::classifiers::fp_round::tests::memory_classifier_covers_every_w_l_destination_and_scalar_merge_shape ... ok
test smir::ir::x86_native_replay::classifiers::fp_shuffle_memory::tests::accepts_c5_and_complete_prefixed_sib_displacement_shapes ... ok
test smir::ir::x86_native_replay::classifiers::fp_shuffle_memory::tests::malformed_or_semantically_different_encodings_fail_closed ... ok
test smir::ir::x86_native_replay::classifiers::fp_compare_memory::tests::classifies_every_scalar_c4_c5_register_format_predicate_and_w_cell ... ok
test smir::ir::x86_native_replay::classifiers::fp_sqrt::tests::complete_address_shapes_and_malformed_vex_sqrt_encodings_fail_closed ... ok
test smir::ir::x86_native_replay::classifiers::fp_sqrt::tests::classifies_all_2880_vex_sqrt_operand_format_width_w_and_base_cells ... ok
test smir::ir::x86_native_replay::classifiers::gfni::tests::evex_affine_memory_classifier_preserves_address_controls_and_fails_closed ... ok
test smir::ir::x86_native_replay::classifiers::gfni::tests::evex_affine_memory_rewrites_match_six_independent_llvm_23_anchors ... ok
test smir::ir::x86_native_replay::classifiers::fp_compare_memory::tests::classifies_every_c4_c5_register_format_width_predicate_and_w_cell ... ok
test smir::ir::x86_native_replay::classifiers::gfni::tests::evex_affine_memory_classifier_exhaustively_covers_36_864_semantic_cells ... ok
test smir::ir::x86_native_replay::classifiers::gfni::tests::memory_classifier_exhaustively_covers_all_1_536_kind_width_register_and_immediate_cells ... ok
test smir::ir::x86_native_replay::classifiers::gfni::tests::memory_classifier_accepts_all_modrm_sib_displacements_prefixes_and_affine_immediates ... ok
test smir::ir::x86_native_replay::classifiers::gfni::tests::memory_classifier_fails_closed_for_register_wrong_fields_and_malformed_lengths ... ok
test smir::ir::x86_native_replay::classifiers::gfni::tests::vex_classifier_accepts_all_affine_immediates_and_ignored_x ... ok
test smir::ir::x86_native_replay::classifiers::gfni::tests::vex_classifier_rejects_memory_non_vex_incomplete_and_trailing_forms ... ok
test smir::ir::x86_native_replay::classifiers::gfni::tests::vex_dedicated_and_aggregate_spans_require_exact_contiguous_provenance ... ok
test smir::ir::x86_native_replay::classifiers::gfni::tests::vex_classifier_exhaustively_covers_196_608_extension_vvvv_l_and_modrm_shapes ... ok
test smir::ir::x86_native_replay::classifiers::legacy_blend::tests::classifier_rejects_every_prefix_map_opcode_operand_and_length_frontier ... ok
test smir::ir::x86_native_replay::classifiers::legacy_high_byte::tests::classifier_covers_immediate_unary_and_map0f_families ... ok
test smir::ir::x86_native_replay::classifiers::evex_two_table_permute_memory::tests::classifier_exhaustively_covers_184_320_family_width_register_mask_and_tuple_cells ... ok
test smir::ir::x86_native_replay::classifiers::gfni::tests::vex_classifier_exhaustively_rejects_wrong_map_pp_opcode_w_and_length ... ok
test smir::ir::x86_native_replay::classifiers::legacy_high_byte::tests::classifier_exhausts_all_32_high_byte_crc32_register_cells ... ok
test smir::ir::x86_native_replay::classifiers::legacy_high_byte::tests::classifier_rejects_every_unsafe_or_unsupported_frontier ... ok
test smir::ir::x86_native_replay::classifiers::legacy_high_byte::tests::classifier_reports_exact_group2_operation_parent_and_count_source ... ok
test smir::ir::x86_native_replay::classifiers::legacy_high_byte::tests::classifier_reports_exact_high_byte_multiply_metadata ... ok
test isa::x86_64::decode::dispatch::vex::convert_tests::vcvtps2ph_direct_matches_smir_for_all_immediates_controls_and_fp32_boundaries ... ok
test smir::ir::x86_native_replay::classifiers::legacy_high_byte::tests::setcc_classifier_exhausts_conditions_ignored_reg_bits_prefixes_and_high_bytes ... ok
test smir::ir::x86_native_replay::classifiers::non_memory_prefix::tests::canonicalizer_preserves_all_other_bytes_and_prefix_order ... ok
test smir::ir::x86_native_replay::classifiers::non_memory_prefix::tests::canonicalizer_removes_each_segment_and_address_group_in_either_order ... ok
test smir::ir::x86_native_replay::classifiers::scalar_convert_memory::tests::classifier_covers_all_families_forms_destinations_and_merge_sources ... ok
test smir::ir::x86_native_replay::classifiers::non_memory_prefix::tests::canonicalizer_rejects_absence_duplicates_and_prefix_only_images ... ok
test smir::ir::x86_native_replay::classifiers::scalar_convert_memory::tests::complete_address_shapes_and_ignored_fields_are_preserved_exactly ... ok
test smir::ir::x86_native_replay::classifiers::scalar_convert_memory::tests::generation_dependent_reserved_and_nonexact_shapes_fail_closed ... ok
test smir::ir::x86_native_replay::classifiers::vex_alignr::tests::classifier_accepts_all_256_immediates_and_ignores_vex_w_and_x ... ok
test smir::ir::x86_native_replay::classifiers::vex_alignr::tests::classifier_exhaustively_covers_32_768_prefix_and_register_combinations ... ok
test smir::ir::x86_native_replay::classifiers::vex_alignr::tests::classifier_rejects_every_structural_frontier ... ok
test smir::ir::x86_native_replay::classifiers::vex_alignr::tests::memory_classifier_accepts_complete_prefixed_sib_displacement_shape ... ok
test smir::ir::x86_native_replay::classifiers::legacy_high_byte::tests::classifier_exhaustively_accepts_supported_register_cells ... ok
test smir::ir::x86_native_replay::classifiers::vex_alignr::tests::memory_classifier_rejects_every_structural_frontier ... ok
test smir::ir::x86_native_replay::classifiers::vex_avx_ymm16_upper_clear::tests::excludes_legacy_memory_and_already_owned_vex_families ... ok
test smir::ir::x86_native_replay::classifiers::vex_avx_ymm16_upper_clear::tests::extracts_c5_c4_reg_and_scalar_store_rm_destinations ... ok
test smir::ir::x86_native_replay::classifiers::vex_byte_shuffle::tests::accepts_complete_prefixed_sib_and_displacement_shape ... ok
test smir::ir::x86_native_replay::classifiers::vex_byte_shuffle::tests::classifies_all_2048_destination_source_width_w_and_base_cells ... ok
test smir::ir::x86_native_replay::classifiers::vex_byte_shuffle::tests::malformed_or_semantically_different_encodings_fail_closed ... ok
test smir::ir::x86_native_replay::classifiers::vex_cross_lane_128::tests::classifier_accepts_all_256_immediates_and_ignores_only_vex_x ... ok
test smir::ir::x86_native_replay::classifiers::vex_alignr::tests::dedicated_and_aggregate_spans_require_exact_contiguous_provenance ... ok
test smir::ir::x86_native_replay::classifiers::vex_cross_lane_128::tests::classifier_rejects_every_structural_and_reserved_frontier ... ok
test smir::ir::x86_native_replay::classifiers::vex_cross_lane_128::tests::classifier_exhaustively_covers_131_072_prefix_opcode_and_register_combinations ... ok
test smir::ir::x86_native_replay::classifiers::vex_cross_lane_128::tests::dedicated_and_aggregate_spans_require_exact_contiguous_provenance ... ok
test smir::ir::x86_native_replay::classifiers::vex_cross_lane_128::tests::memory_classifier_fails_closed_at_every_structural_frontier ... ok
test smir::ir::x86_native_replay::classifiers::vex_cross_lane_128::tests::memory_classifier_matches_llvm_23_examples_and_feature_width_split ... ok
test smir::ir::x86_native_replay::classifiers::vex_extract_memory::tests::classifies_and_rewrites_every_chunk_source_opcode_and_immediate ... ok
test smir::ir::x86_native_replay::classifiers::legacy_high_byte::tests::group3_test_classifier_exhausts_prefixes_extensions_high_bytes_and_immediates ... ok
test smir::ir::x86_native_replay::classifiers::vex_extract_memory::tests::reserved_fields_register_destinations_and_nonexact_images_fail_closed ... ok
test smir::ir::x86_native_replay::classifiers::fp_shuffle_memory::tests::classifies_every_register_format_width_w_and_immediate_cell ... ok
test smir::ir::x86_native_replay::classifiers::vex_fma4::tests::memory_classifier_fails_closed_at_every_structural_frontier ... ok
test smir::ir::x86_native_replay::classifiers::vex_fma4::tests::memory_classifier_matches_llvm_23_and_complete_prefixed_address_shapes ... ok
test smir::ir::x86_native_replay::classifiers::vex_fma4::tests::memory_classifier_preserves_every_ignored_is4_low_nibble ... ok
test smir::ir::x86_native_replay::classifiers::vex_extract_memory::tests::classifies_and_rewrites_every_scalar_source_form_and_immediate ... ok
test smir::ir::x86_native_replay::classifiers::vex_fp_dot_product::tests::classifier_accepts_all_immediates_wig_ignored_x_and_llvm_encodings ... ok
test smir::ir::x86_native_replay::classifiers::vex_alignr::tests::memory_classifier_covers_all_register_width_w_and_immediate_cells ... ok
test smir::ir::x86_native_replay::classifiers::vex_fp_dot_product::tests::classifier_rejects_memory_incomplete_trailing_non_vex_and_invalid_l1 ... ok
test smir::ir::x86_native_replay::classifiers::vex_fp_dot_product::tests::memory_classifier_accepts_llvm_23_and_complete_prefixed_address_shapes ... ok
test smir::ir::x86_native_replay::classifiers::vex_fp_dot_product::tests::classifier_exhaustively_covers_262_144_extension_w_vvvv_l_opcode_modrm_shapes ... ok
test smir::ir::x86_native_replay::classifiers::vex_fp_dot_product::tests::memory_classifier_rejects_semantically_different_or_malformed_encodings ... ok
test smir::ir::x86_native_replay::classifiers::vex_fp_dot_product::tests::classifier_exhaustively_rejects_wrong_map_pp_opcode_length_and_vdppd_l1 ... ok
test smir::ir::x86_native_replay::classifiers::vex_half_move_memory::tests::classifies_all_192_store_source_format_opcode_and_form_cells ... ok
test smir::ir::x86_native_replay::classifiers::vex_half_move_memory::tests::complete_prefixed_rip_sib_addr32_and_ignored_w_shapes_classify ... ok
test smir::ir::x86_native_replay::classifiers::vex_half_move_memory::tests::classifies_all_3072_destination_source_format_opcode_and_form_cells ... ok
test smir::ir::x86_native_replay::classifiers::vex_half_move_memory::tests::l1_stores_register_sources_reserved_prefixes_and_nonexact_images_fail_closed ... ok
test smir::ir::x86_native_replay::classifiers::vex_half_move_memory::tests::store_complete_addresses_and_reserved_fields_classify_fail_closed ... ok
test smir::ir::x86_native_replay::classifiers::vex_horizontal_integer::tests::accepts_complete_prefixed_sib_and_displacement_shape ... ok
test smir::ir::x86_native_replay::classifiers::vex_horizontal_integer::tests::classifies_every_destination_source_kind_width_and_w_cell ... ok
test smir::ir::x86_native_replay::classifiers::vex_horizontal_integer::tests::malformed_or_semantically_different_encodings_fail_closed ... ok
test smir::ir::x86_native_replay::classifiers::vex_ifma52::tests::classifiers_reject_wrong_map_prefix_w_opcode_operand_and_boundaries ... ok
test smir::ir::x86_native_replay::classifiers::vex_ifma52::tests::memory_classifier_accepts_segment_address_size_sib_and_displacements ... ok
test smir::ir::x86_native_replay::classifiers::vex_ifma52::tests::register_classifier_exhaustively_covers_all_131_072_prefix_and_modrm_cells ... ok
test smir::ir::x86_native_replay::classifiers::vex_immediate_blend::tests::memory_classifier_accepts_complete_prefixed_sib_displacement_shape ... ok
test smir::ir::x86_native_replay::classifiers::vex_ifma52::tests::memory_classifier_exhaustively_covers_all_98_304_defined_address_cells ... ok
test smir::ir::x86_native_replay::classifiers::vex_immediate_blend::tests::memory_classifier_rejects_every_structural_frontier ... ok
test smir::ir::x86_native_replay::classifiers::fp16_narrow::tests::memory_classifier_covers_sources_bases_widths_immediates_and_encoded_x ... ok
test smir::ir::x86_native_replay::classifiers::vex_immediate_permute::tests::complete_prefixed_sib_rip_and_addr32_shapes_rewrite_exactly ... ok
test smir::ir::x86_native_replay::classifiers::vex_immediate_permute::tests::malformed_or_semantically_different_memory_shapes_fail_closed ... ok
test smir::ir::x86_native_replay::classifiers::vex_integer_dot::tests::classifiers_reject_wrong_map_prefix_w_opcode_operand_and_boundaries ... ok
test smir::ir::x86_native_replay::classifiers::vex_integer_dot::tests::matches_independent_llvm_23_vex_register_and_memory_encodings ... ok
test smir::ir::x86_native_replay::classifiers::vex_cross_lane_128::tests::memory_classifier_exhaustively_covers_262_144_operand_and_immediate_cells ... ok
test smir::ir::x86_native_replay::classifiers::vex_integer_dot::tests::register_classifier_exhaustively_covers_all_262_144_prefix_and_modrm_cells ... ok
test smir::ir::x86_native_replay::classifiers::vex_integer_dot_ext::tests::classifier_accepts_llvm_encodings_and_ignored_x_but_rejects_other_forms ... ok
test smir::ir::x86_native_replay::classifiers::vex_fma4::tests::memory_classifier_exhaustively_covers_655_360_operand_and_is4_register_cells ... ok
test smir::ir::x86_native_replay::classifiers::vex_fp_dot_product::tests::memory_classifier_covers_all_393_216_register_width_w_and_immediate_cells ... ok
test smir::ir::x86_native_replay::classifiers::vex_integer_dot::tests::memory_classifier_exhaustively_covers_all_196_608_defined_address_cells ... ok
test smir::ir::x86_native_replay::classifiers::vex_integer_dot_ext::tests::memory_classifier_accepts_all_llvm_23_encodings_and_complete_address_prefixes ... ok
test smir::ir::x86_native_replay::classifiers::vex_integer_dot_ext::tests::classifier_exhaustively_rejects_wrong_map_pp_opcode_w_and_length ... ok
test smir::ir::x86_native_replay::classifiers::vex_integer_minmax::tests::accepts_complete_prefixed_sib_and_displacement_shapes ... ok
test smir::ir::x86_native_replay::classifiers::vex_integer_dot_ext::tests::memory_classifier_exhaustively_rejects_wrong_map_pp_opcode_w_and_length ... ok
test smir::ir::x86_native_replay::classifiers::vex_integer_minmax::tests::malformed_or_semantically_different_memory_encodings_fail_closed ... ok
test smir::ir::x86_native_replay::classifiers::vex_integer_minmax::tests::classifies_every_destination_source_kind_width_form_and_w_cell ... ok
test smir::ir::x86_native_replay::classifiers::vex_integer_multiply_add::tests::accepts_complete_prefixed_sib_and_displacement_shapes ... ok
test smir::ir::x86_native_replay::classifiers::vex_integer_multiply_add::tests::malformed_or_semantically_different_memory_encodings_fail_closed ... ok
test smir::ir::x86_native_replay::classifiers::vex_integer_multiply_add::tests::classifies_every_destination_source_kind_width_form_and_w_cell ... ok
test smir::ir::x86_native_replay::classifiers::vex_integer_pack::tests::accepts_complete_prefixed_sib_and_displacement_shapes ... ok
test smir::ir::x86_native_replay::classifiers::vex_integer_pack::tests::malformed_or_semantically_different_memory_encodings_fail_closed ... ok
test smir::ir::x86_native_replay::classifiers::vex_integer_pack::tests::classifies_every_destination_source_kind_width_form_and_w_cell ... ok
test smir::ir::x86_native_replay::classifiers::vex_interleave::tests::accepts_complete_prefixed_sib_and_displacement_shapes ... ok
test smir::ir::x86_native_replay::classifiers::vex_interleave::tests::malformed_or_semantically_different_memory_encodings_fail_closed ... ok
test smir::ir::x86_native_replay::classifiers::vex_lane_shuffle::tests::accepts_complete_prefixed_sib_and_displacement_shape ... ok
test smir::ir::x86_native_replay::classifiers::vex_integer_dot_ext::tests::classifier_exhaustively_covers_786_432_extension_vvvv_l_and_modrm_shapes ... ok
test smir::ir::x86_native_replay::classifiers::vex_interleave::tests::classifies_every_destination_source_kind_width_form_and_w_cell ... ok
test smir::ir::x86_native_replay::classifiers::vex_lane_shuffle::tests::classifies_all_480_duplicate_destination_width_kind_w_and_base_cells ... ok
test smir::ir::x86_native_replay::classifiers::vex_lane_shuffle::tests::malformed_reserved_or_different_duplicate_encodings_fail_closed ... ok
test smir::ir::x86_native_replay::classifiers::vex_lane_shuffle::tests::malformed_reserved_or_semantically_different_encodings_fail_closed ... ok
test smir::ir::x86_native_replay::classifiers::vex_masked_memory::tests::complete_prefixed_addresses_classify_and_structural_frontiers_fail_closed ... ok
test smir::ir::x86_native_replay::classifiers::vex_movntdqa::tests::classifies_every_destination_base_width_wig_and_ignored_x_cell ... ok
test smir::ir::x86_native_replay::classifiers::vex_movntdqa::tests::llvm_23_and_complete_prefixed_address_shapes_classify_exactly ... ok
test smir::ir::x86_native_replay::classifiers::vex_movntdqa::tests::reserved_register_and_nonexact_encodings_fail_closed ... ok
test smir::ir::x86_native_replay::classifiers::vex_masked_memory::tests::classifies_every_family_width_mask_vector_and_base_cell ... ok
test smir::ir::x86_native_replay::classifiers::vex_mpsadbw::tests::llvm_23_and_complete_prefixed_address_shapes_classify_exactly ... ok
test smir::ir::x86_native_replay::classifiers::vex_mpsadbw::tests::malformed_or_semantically_different_encodings_fail_closed ... ok
test smir::ir::x86_native_replay::classifiers::vex_lane_shuffle::tests::classifies_all_122880_destination_width_kind_immediate_w_and_base_cells ... ok
test smir::ir::x86_native_replay::classifiers::vex_ne_convert::tests::classifiers_reject_reserved_fields_register_substitution_and_bad_boundaries ... ok
test smir::ir::x86_native_replay::classifiers::vex_ne_convert::tests::llvm_23_encodings_classify_with_exact_memory_sizes_and_stack_rewrites ... ok
test smir::ir::x86_native_replay::classifiers::vex_ne_convert::tests::register_classifier_exhaustively_covers_all_65_536_prefix_and_modrm_cells ... ok
test smir::ir::x86_native_replay::classifiers::vex_pabs::tests::accepts_complete_prefixed_sib_and_displacement_shapes ... ok
test smir::ir::x86_native_replay::classifiers::vex_pabs::tests::classifies_every_destination_width_w_and_element_cell ... ok
test smir::ir::x86_native_replay::classifiers::vex_pabs::tests::malformed_or_semantically_different_encodings_fail_closed ... ok
test smir::ir::x86_native_replay::classifiers::vex_pavg::tests::accepts_complete_prefixed_sib_and_displacement_shape ... ok
test smir::ir::x86_native_replay::classifiers::vex_pavg::tests::classifies_every_c4_c5_destination_source_width_w_and_element_cell ... ok
test smir::ir::x86_native_replay::classifiers::vex_pavg::tests::malformed_or_semantically_different_encodings_fail_closed ... ok
test smir::ir::x86_native_replay::classifiers::vex_phminposuw::tests::classifies_and_rewrites_every_destination_base_extension_and_wig_cell ... ok
test smir::ir::x86_native_replay::classifiers::vex_phminposuw::tests::llvm_23_and_complete_prefixed_address_shapes_rewrite_exactly ... ok
test smir::ir::x86_native_replay::classifiers::vex_phminposuw::tests::reserved_register_and_nonexact_encodings_fail_closed ... ok
test smir::ir::x86_native_replay::classifiers::vex_pmul_high_word::tests::accepts_complete_prefixed_sib_and_displacement_shape ... ok
test smir::ir::x86_native_replay::classifiers::vex_pmul_high_word::tests::classifies_every_destination_source_kind_width_form_and_w_cell ... ok
test smir::ir::x86_native_replay::classifiers::vex_pmul_high_word::tests::malformed_or_semantically_different_encodings_fail_closed ... ok
test smir::ir::x86_native_replay::classifiers::vex_pmul_low::tests::accepts_complete_prefixed_sib_and_displacement_shapes ... ok
test smir::ir::x86_native_replay::classifiers::vex_pmul_low::tests::classifies_every_destination_source_element_width_form_and_w_cell ... ok
test smir::ir::x86_native_replay::classifiers::legacy_blend::tests::classifier_exhaustively_accepts_838_848_safe_register_encodings ... ok
test smir::ir::x86_native_replay::classifiers::vex_pmul_low::tests::malformed_or_semantically_different_encodings_fail_closed ... ok
test smir::ir::x86_native_replay::classifiers::vex_pmulhrsw::tests::accepts_complete_prefixed_sib_and_displacement_shape ... ok
test smir::ir::x86_native_replay::classifiers::vex_pmulhrsw::tests::classifies_every_destination_source_width_and_w_cell ... ok
test smir::ir::x86_native_replay::classifiers::vex_pmulhrsw::tests::malformed_or_semantically_different_encodings_fail_closed ... ok
test smir::ir::x86_native_replay::classifiers::vex_psadbw::tests::accepts_complete_prefixed_sib_and_displacement_shape ... ok
test smir::ir::x86_native_replay::classifiers::vex_psadbw::tests::malformed_or_semantically_different_encodings_fail_closed ... ok
test smir::ir::x86_native_replay::classifiers::vex_psign::tests::accepts_complete_prefixed_sib_and_displacement_shape ... ok
test smir::ir::x86_native_replay::classifiers::vex_psadbw::tests::classifies_every_c4_c5_destination_source_width_and_w_cell ... ok
test smir::ir::x86_native_replay::classifiers::vex_mpsadbw::tests::classifies_all_262_144_destination_source_width_w_and_immediate_cells ... ok
test smir::ir::x86_native_replay::classifiers::vex_psign::tests::malformed_or_semantically_different_encodings_fail_closed ... ok
test smir::ir::x86_native_replay::classifiers::vex_psign::tests::classifies_every_destination_source_width_w_and_element_cell ... ok
test smir::ir::x86_native_replay::classifiers::vex_ptest::tests::malformed_or_semantically_different_memory_shapes_fail_closed ... ok
test smir::ir::x86_native_replay::classifiers::vex_ptest::tests::complete_prefixed_sib_rip_and_addr32_shapes_rewrite_exactly ... ok
test smir::ir::x86_native_replay::classifiers::vex_ptest::tests::memory_classifier_exhaustively_covers_3_072_encoding_cells ... ok
test smir::ir::x86_native_replay::classifiers::vex_scalar_fp_memory::tests::classifies_all_288_form_vector_width_and_direction_cells ... ok
test smir::ir::x86_native_replay::classifiers::vex_scalar_insert::tests::classifier_accepts_all_immediates_wig_values_and_ignored_x_values ... ok
test smir::ir::x86_native_replay::classifiers::vex_scalar_fp_memory::tests::complete_addresses_ignored_fields_and_reserved_fields_are_exact ... ok
test smir::ir::x86_native_replay::classifiers::vex_scalar_insert::tests::classifier_rejects_every_structural_reserved_and_host_owned_frontier ... ok
test smir::ir::x86_native_replay::classifiers::vex_scalar_insert::tests::classifier_exhaustively_covers_all_65_536_c5_prefix_and_modrm_shapes ... ok
test smir::ir::x86_native_replay::classifiers::vex_immediate_permute::tests::memory_classifier_exhaustively_covers_1_048_576_encoding_cells ... ok
test smir::ir::x86_native_replay::classifiers::vex_scalar_insert_memory::tests::compact_and_complete_prefixed_address_shapes_classify_exactly ... ok
test smir::ir::x86_native_replay::classifiers::vex_scalar_insert_memory::tests::kind_metadata_masks_lanes_and_widths_exactly ... ok
test smir::ir::x86_native_replay::classifiers::vex_scalar_insert_memory::tests::malformed_or_semantically_different_encodings_fail_closed ... ok
test smir::ir::x86_native_replay::classifiers::vex_scalar_integer_memory::tests::classifies_all_192_form_vector_alias_and_width_cells ... ok
test smir::ir::x86_native_replay::classifiers::vex_scalar_integer_memory::tests::complete_addresses_and_reserved_fields_classify_fail_closed ... ok
test smir::ir::x86_native_replay::classifiers::vex_scalar_insert::tests::dedicated_and_aggregate_spans_require_exact_contiguous_provenance ... ok
test smir::ir::x86_native_replay::classifiers::vex_shared_count_shift::tests::accepts_complete_prefixed_sib_and_displacement_shapes ... ok
test smir::ir::x86_native_replay::classifiers::vex_shared_count_shift::tests::malformed_or_semantically_different_memory_encodings_fail_closed ... ok
test smir::ir::x86_native_replay::classifiers::vex_scalar_insert::tests::classifier_exhaustively_covers_262_144_c4_prefix_opcode_and_modrm_shapes ... ok
test smir::ir::x86_native_replay::classifiers::vex_shared_count_shift::tests::classifies_every_destination_source_kind_width_form_and_w_cell ... ok
test smir::ir::x86_native_replay::classifiers::vex_sm3_sm4::tests::memory_classifier_accepts_complete_segment_address_and_displacement_shapes ... ok
test smir::ir::x86_native_replay::classifiers::vex_sm3_sm4::tests::register_and_memory_classifiers_reject_structural_frontiers ... ok
test smir::ir::x86_native_replay::classifiers::vex_variable_blend::tests::memory_classifier_fails_closed_at_every_structural_frontier ... ok
test smir::ir::x86_native_replay::classifiers::vex_variable_blend::tests::memory_classifier_matches_llvm_23_and_complete_prefixed_address_shapes ... ok
test smir::ir::x86_native_replay::classifiers::vex_ne_convert::tests::memory_classifier_exhaustively_covers_all_defined_address_cells ... ok
test smir::ir::x86_native_replay::classifiers::vex_variable_permute::tests::classifier_rejects_every_structural_and_reserved_frontier ... ok
test smir::ir::x86_native_replay::classifiers::vex_variable_permute::tests::dedicated_and_aggregate_spans_require_exact_contiguous_provenance ... ok
test smir::ir::x86_native_replay::classifiers::vex_variable_permute::tests::classifier_exhaustively_covers_131_072_prefix_opcode_and_register_combinations ... ok
test smir::ir::x86_native_replay::classifiers::vex_variable_permute::tests::memory_classifier_fails_closed_at_every_structural_frontier ... ok
test smir::ir::x86_native_replay::classifiers::vex_integer_dot_ext::tests::memory_classifier_exhaustively_covers_589_824_defined_prefix_vvvv_l_and_modrm_cells ... ok
test smir::ir::x86_native_replay::classifiers::vex_variable_permute::tests::memory_classifier_matches_llvm_23_and_prefixed_address_shapes ... ok
test smir::ir::x86_native_replay::classifiers::vex_variable_shift::tests::classifier_accepts_llvm_23_memory_encodings_and_rejects_non_memory_or_bad_length ... ok
test smir::ir::x86_native_replay::classifiers::vex_variable_permute::tests::memory_classifier_exhaustively_covers_65_536_encoding_field_cells ... ok
test smir::ir::x86_native_replay::classifiers::vex_variable_shift::tests::classifier_exhaustively_rejects_wrong_map_prefix_opcode_and_w ... ok
test smir::ir::x86_native_replay::classifiers::vex_sm3_sm4::tests::memory_classifier_exhaustively_covers_67_072_family_operand_and_immediate_cells ... ok
test smir::ir::x86_native_replay::classifiers::vex_vpermil2::tests::memory_classifier_preserves_complete_address_and_segment_shapes ... ok
test smir::ir::x86_native_replay::classifiers::vex_vpermil2::tests::memory_classifier_rejects_every_structural_frontier ... ok
test smir::ir::x86_native_replay::classifiers::vex_widening_dword_multiply::memory_tests::accepts_complete_prefixed_sib_and_displacement_shapes ... ok
test smir::ir::x86_native_replay::classifiers::vex_widening_dword_multiply::memory_tests::malformed_or_semantically_different_memory_encodings_fail_closed ... ok
test smir::ir::x86_native_replay::classifiers::vex_widening_dword_multiply::memory_tests::classifies_every_destination_source_signedness_width_form_and_w_cell ... ok
test smir::ir::x86_native_replay::classifiers::vpclmulqdq::tests::memory_classifier_exhaustively_accepts_all_modrm_sib_and_displacement_lengths ... ok
test smir::ir::x86_native_replay::classifiers::vpclmulqdq::tests::memory_classifier_exhaustively_decodes_all_vector_operands_widths_and_wig_values ... ok
test smir::ir::x86_native_replay::classifiers::vpclmulqdq::tests::memory_classifier_fails_closed_at_every_byte_structure_boundary ... ok
test smir::ir::x86_native_replay::classifiers::vex_immediate_blend::tests::memory_classifier_exhaustively_covers_1_048_576_encoding_cells ... ok
test smir::ir::x86_native_replay::classifiers::vpclmulqdq::tests::memory_classifier_rewrites_independently_assembled_vex_evex_and_apx_forms ... ok
test smir::ir::x86_native_replay::classifiers::vpclmulqdq::tests::vex_classifier_accepts_all_immediates_wig_and_ignored_x ... ok
test smir::ir::x86_native_replay::classifiers::vpclmulqdq::tests::vex_classifier_rejects_memory_non_vex_and_trailing_forms ... ok
test smir::ir::x86_native_replay::classifiers::vpclmulqdq::tests::vex_classifier_exhaustively_covers_131_072_extension_w_vvvv_l_and_modrm_shapes ... ok
test smir::ir::x86_native_replay::tests::avx512f_permute_replay_classifier_covers_192_generated_register_forms ... ok
test smir::ir::x86_native_replay::classifiers::vpclmulqdq::tests::vex_dedicated_and_aggregate_spans_require_exact_contiguous_provenance ... ok
test smir::ir::x86_native_replay::tests::avx512f_permute_replay_classifier_rejects_every_reserved_frontier ... ok
test smir::ir::x86_native_replay::tests::avx512f_permute_replay_spans_require_only_vl_for_sub_512_widths ... ok
test smir::ir::x86_native_replay::tests::bw_immediate::classifier_covers_41472_legal_register_encodings ... ok
test smir::ir::x86_native_replay::tests::bw_immediate::classifier_rejects_reserved_or_unsafe_frontiers ... ok
test smir::ir::x86_native_replay::tests::bw_immediate::replay_spans_require_only_vl_for_128_and_256_bit_forms ... ok
test smir::ir::x86_native_replay::tests::bw_shuffle_madd::classifier_covers_27648_legal_register_encodings ... ok
test smir::ir::x86_native_replay::tests::bw_shuffle_madd::classifier_rejects_reserved_or_unsafe_frontiers ... ok
test smir::ir::x86_native_replay::tests::bw_shuffle_madd::replay_spans_require_only_vl_for_128_and_256_bit_forms ... ok
test smir::ir::x86_native_replay::tests::chunk_extract::classifier_rejects_reserved_or_unsafe_frontiers ... ok
test smir::ir::x86_native_replay::tests::chunk_extract::classifier_covers_55296_legal_register_encodings ... ok
test smir::ir::x86_native_replay::tests::chunk_extract::replay_spans_encode_vl_and_nonobvious_dq_requirements ... ok
test smir::ir::x86_native_replay::classifiers::vex_scalar_insert_memory::tests::classifies_all_524_288_destination_source_kind_w_and_immediate_cells ... ok
test smir::ir::x86_native_replay::tests::chunk_insert::classifier_rejects_reserved_or_unsafe_frontiers ... ok
test smir::ir::x86_native_replay::tests::chunk_insert::replay_spans_encode_vl_and_nonobvious_dq_requirements ... ok
test smir::ir::x86_native_replay::tests::chunk_shuffle::classifier_rejects_reserved_or_unsafe_frontiers ... ok
test smir::ir::x86_native_replay::classifiers::vpclmulqdq::tests::vex_classifier_exhaustively_rejects_wrong_map_pp_opcode_and_length ... ok
test smir::ir::x86_native_replay::tests::chunk_insert::classifier_covers_55296_legal_register_encodings ... ok
test smir::ir::x86_native_replay::tests::evex_packed_move::packed_move_replay_classifier_rejects_every_reserved_frontier ... ok
test smir::ir::x86_native_replay::tests::chunk_shuffle::classifier_covers_36864_legal_register_encodings ... ok
test smir::ir::x86_native_replay::tests::evex_packed_move::packed_move_replay_classifier_covers_240_generated_register_forms ... ok
test smir::ir::x86_native_replay::tests::fixed_packed_compare_replay_classifier_covers_144_register_encodings ... ok
test smir::ir::x86_native_replay::tests::evex_packed_move::packed_move_replay_spans_require_only_vl_for_sub_512_widths ... ok
test smir::ir::x86_native_replay::tests::chunk_shuffle::replay_spans_require_only_vl_for_256_bit_forms ... ok
test smir::ir::x86_native_replay::tests::fixed_packed_compare_replay_classifier_rejects_every_reserved_frontier ... ok
test smir::ir::x86_native_replay::tests::fp16_flag_compare::classifier_rejects_every_reserved_or_unsafe_frontier ... ok
test smir::ir::x86_native_replay::tests::fixed_packed_compare_replay_spans_require_only_vl_for_sub_512_widths ... ok
test smir::ir::x86_native_replay::tests::fp16_flag_compare::replay_spans_require_fp16_without_vl_or_dq ... ok
test smir::ir::x86_native_replay::tests::fp16_narrow::classifier_accepts_exactly_2_100_sampled_legal_register_encodings ... ok
test smir::ir::x86_native_replay::tests::fp16_narrow::classifier_rejects_every_reserved_or_unsafe_frontier ... ok
test smir::ir::x86_native_replay::tests::fp16_narrow::replay_spans_expose_exact_vl_and_fp16_requirements ... ok
test smir::ir::x86_native_replay::tests::fp16_narrow::vex_classifier_accepts_independent_samples_and_rejects_reserved_neighbors ... ok
test smir::ir::x86_native_replay::tests::fp16_flag_compare::classifier_covers_all_14336_legal_register_extension_llig_and_sae_encodings ... ok
test smir::ir::x86_native_replay::tests::fp16_narrow::vex_classifier_exhausts_prefix_opcode_modrm_and_immediate_frontiers ... ok
test smir::ir::x86_native_replay::classifiers::vex_variable_shift::tests::classifier_exhaustively_covers_327_680_extension_source_width_and_modrm_cells ... ok
test smir::ir::x86_native_replay::tests::fp16_narrow::vex_replay_spans_preserve_exact_instruction_provenance ... ok
test smir::ir::x86_native_replay::tests::fp16_widen::classifier_accepts_exactly_2_100_sampled_legal_register_encodings ... ok
test smir::ir::x86_native_replay::tests::fp16_widen::classifier_rejects_every_reserved_or_unsafe_frontier ... ok
test smir::ir::x86_native_replay::tests::fp16_widen::replay_spans_expose_exact_vl_and_fp16_requirements ... ok
test smir::ir::x86_native_replay::tests::fp16_widen::vex_classifier_accepts_independent_samples_and_rejects_reserved_neighbors ... ok
test smir::ir::x86_native_replay::tests::fp16_widen::vex_classifier_covers_all_1024_legal_register_byte_images_and_destinations ... ok
test smir::ir::x86_native_replay::tests::fp16_widen::vex_classifier_exhausts_prefix_opcode_and_modrm_frontiers ... ok
test smir::ir::x86_native_replay::tests::fp16_widen::vex_replay_spans_preserve_exact_instruction_provenance ... ok
test smir::ir::x86_native_replay::tests::fp32_fp64_convert::classifier_accepts_independently_assembled_samples_and_rejects_frontiers ... ok
test smir::ir::x86_native_replay::tests::fp32_fp64_convert::replay_spans_expose_exact_vl_requirements_without_dq_or_fp16 ... ok
test smir::ir::x86_native_replay::tests::fp32_fp64_convert::vex_classifier_accepts_llvm_samples_and_rejects_reserved_neighbors ... ok
test smir::ir::x86_native_replay::tests::fp32_fp64_convert::vex_classifier_covers_all_4608_legal_register_encodings_and_destinations ... ok
test smir::ir::x86_native_replay::tests::fp32_fp64_convert::vex_classifier_exhausts_prefix_opcode_and_modrm_frontiers ... ok
test smir::ir::x86_native_replay::tests::fp32_fp64_convert::vex_replay_spans_preserve_exact_bytes_without_avx512_requirements ... ok
test smir::ir::x86_native_replay::tests::fp32_fp64_flag_compare::classifier_accepts_independently_assembled_samples_and_rejects_frontiers ... ok
test smir::ir::x86_native_replay::tests::fp32_fp64_flag_compare::replay_spans_require_neither_vl_dq_nor_fp16 ... ok
test smir::ir::x86_native_replay::tests::fp_arithmetic::dedicated_and_aggregate_spans_require_exact_provenance ... ok
test smir::ir::x86_native_replay::tests::fp32_fp64_flag_compare::classifier_covers_all_28672_legal_format_extension_llig_and_sae_encodings ... ok
test smir::ir::x86_native_replay::tests::fp_arithmetic::non_evex_classifier_rejects_memory_multiple_prefix_and_unpredictable_frontiers ... ok
test smir::ir::x86_native_replay::tests::fp16_narrow::vex_classifier_covers_all_262144_legal_register_byte_images_and_destinations ... ok
test smir::ir::x86_native_replay::tests::fp_class::classifier_rejects_reserved_or_unsafe_frontiers ... ok
test smir::ir::x86_native_replay::tests::fp_class::classifier_covers_86016_legal_register_encodings ... ok
test smir::ir::x86_native_replay::tests::fp_class::memory_classifier_rejects_reserved_nonmemory_and_trailing_frontiers ... ok
test smir::ir::x86_native_replay::tests::fp_arithmetic::evex_classifier_exhaustively_covers_controls_masks_widths_and_registers ... ok
test smir::ir::x86_native_replay::tests::fp32_fp64_convert::classifier_covers_all_215040_legal_register_encodings ... ok
test smir::ir::x86_native_replay::tests::fp_compare::classifier_rejects_reserved_or_unsafe_frontiers ... ok
test smir::ir::x86_native_replay::tests::fp_compare::replay_spans_encode_exact_vl_and_fp16_requirements ... ok
test smir::ir::x86_native_replay::tests::fp_class::replay_spans_encode_vl_dq_and_fp16_requirements ... ok
test smir::ir::x86_native_replay::tests::fp_compare::vex_flag_compare_classifier_covers_all_4608_defined_register_byte_images ... ok
test smir::ir::x86_native_replay::tests::fp_compare::vex_flag_compare_classifier_exhausts_prefix_opcode_and_modrm_frontiers ... ok
test smir::ir::x86_native_replay::tests::fp_compare::vex_flag_compare_classifier_rejects_reserved_unpredictable_and_memory_frontiers ... ok
test smir::ir::x86_native_replay::tests::fp_compare::vex_flag_compare_replay_spans_preserve_exact_defined_source_provenance ... ok
test smir::ir::x86_native_replay::tests::fp_estimate::classifier_rejects_every_structural_memory_and_reserved_frontier ... ok
test smir::ir::x86_native_replay::classifiers::vex_variable_blend::tests::memory_classifier_exhaustively_covers_393_216_operand_mask_and_ignored_nibble_cells ... ok
test smir::ir::x86_native_replay::tests::fp_estimate::dedicated_and_aggregate_spans_require_exact_defined_source_provenance ... ok
test smir::ir::x86_native_replay::tests::fp_round::classifier_exhausts_prefix_opcode_modrm_and_shape_frontiers ... ok
test smir::ir::x86_native_replay::tests::fp_compare::classifier_covers_201600_legal_control_mask_extension_and_predicate_encodings ... ok
test smir::ir::x86_native_replay::tests::fp_shuffle::evex_classifier_is_exact_and_fail_closed ... ok
test smir::ir::x86_native_replay::tests::fp_round::replay_spans_preserve_exact_defined_source_provenance ... ok
test smir::ir::x86_native_replay::tests::fp_shuffle::legacy_vex_classifier_rejects_wrong_opcodes_prefixes_lengths_and_memory ... ok
test smir::ir::x86_native_replay::tests::fp_shuffle::replay_spans_preserve_exact_bytes_and_keep_legacy_vex_evex_disjoint ... ok
test smir::ir::x86_native_replay::tests::fp_estimate::classifier_accepts_all_82688_defined_canonical_register_images ... ok
test smir::ir::x86_native_replay::tests::fp_sqrt::classifier_covers_9100_legal_control_mask_and_extension_encodings ... ok
test smir::ir::x86_native_replay::tests::fp_sqrt::classifier_rejects_reserved_or_unsafe_frontiers ... ok
test smir::ir::x86_native_replay::tests::fp_arithmetic::non_evex_classifier_exhaustively_accepts_689_664_safe_register_encodings ... ok
test smir::ir::x86_native_replay::tests::fp_sqrt::non_evex_classifier_rejects_structural_and_unpredictable_frontiers ... ok
test smir::ir::x86_native_replay::tests::fp_sqrt::non_evex_dedicated_and_aggregate_spans_require_exact_provenance ... ok
test smir::ir::x86_native_replay::tests::fp_sqrt::replay_spans_encode_exact_vl_and_fp16_requirements ... ok
test smir::ir::x86_native_replay::tests::fp_sqrt::non_evex_classifier_exhaustively_accepts_45_824_safe_register_encodings ... ok
test smir::ir::x86_native_replay::tests::gfni::classifier_covers_1728_extension_mask_and_length_encodings ... ok
test smir::ir::x86_native_replay::tests::gfni::classifier_rejects_every_structural_and_reserved_frontier ... ok
test smir::ir::x86_native_replay::tests::gfni::replay_spans_require_vl_only_for_128_and_256_bit_forms ... ok
test smir::ir::x86_native_replay::tests::gpr_broadcast::classifier_rejects_reserved_or_unsafe_frontiers ... ok
test smir::ir::x86_native_replay::tests::gpr_broadcast::classifier_covers_4032_safe_register_encodings ... ok
test smir::ir::x86_native_replay::tests::gpr_broadcast::replay_spans_require_only_vl_for_sub_512_widths ... ok
test smir::ir::x86_native_replay::tests::high_low_move::high_low_move_replay_spans_require_only_base_avx512_state ... ok
test smir::ir::x86_native_replay::tests::high_low_move::high_low_move_classifier_covers_every_register_encoding_and_fails_closed ... ok
test smir::ir::x86_native_replay::tests::lane_shuffle_replay_classifier_covers_96_legal_register_encodings ... ok
test smir::ir::x86_native_replay::tests::lane_shuffle_replay_classifier_rejects_every_reserved_frontier ... ok
test smir::ir::x86_native_replay::tests::lane_shuffle_replay_spans_require_only_vl_for_sub_512_widths ... ok
test smir::ir::x86_native_replay::tests::legacy_aes::classifier_accepts_independent_llvm_23_encodings ... ok
test smir::ir::x86_native_replay::tests::fp_shuffle::vex_classifier_exhausts_header_map_modrm_opcode_and_immediate_axes ... ok
test smir::ir::x86_native_replay::tests::legacy_aes::classifier_rejects_memory_all_opcode_neighbors_and_nonexact_prefix_shapes ... ok
test smir::ir::x86_native_replay::tests::legacy_aes::classifier_covers_all_6_528_rex_register_shapes_and_all_keygen_immediates ... ok
test smir::ir::x86_native_replay::tests::legacy_aes::memory_forms_remain_outside_source_replay ... ok
test smir::ir::x86_native_replay::tests::legacy_aes::semantic_graph_validator_rejects_each_field_hint_order_and_virtual_escape_frontier ... ok
test smir::ir::x86_native_replay::tests::legacy_alignr::classifier_matches_llvm23_anchor_and_rejects_noncanonical_frontiers ... ok
test smir::ir::x86_native_replay::tests::fp_shuffle::legacy_classifier_covers_all_561_408_safe_canonical_register_encodings ... ok
test smir::ir::x86_native_replay::classifiers::vex_vpermil2::tests::memory_classifier_exhaustively_covers_524_288_operand_and_immediate_cells ... ok
test smir::ir::x86_native_replay::tests::legacy_alignr::classifier_covers_all_278528_canonical_rex_register_and_immediate_images ... ok
test smir::ir::x86_native_replay::tests::legacy_alignr::graph_validator_rejects_missing_mismatched_memory_and_reserved_provenance ... ok
test smir::ir::x86_native_replay::tests::legacy_alignr::graph_validator_rejects_every_operation_field_hint_and_virtual_escape ... ok
test smir::ir::x86_native_replay::tests::legacy_dot_product::classifier_exhausts_opcode_modrm_and_canonical_frontiers ... ok
test smir::ir::x86_native_replay::tests::legacy_dot_product::classifier_covers_all_557056_rex_register_immediate_encodings ... ok
test smir::ir::x86_native_replay::tests::legacy_dot_product::graph_validator_rejects_every_operation_field_and_escaping_temporary ... ok
test smir::ir::x86_native_replay::tests::legacy_dot_product::exact_graph_validator_covers_all_immediates_rex_aliases_and_o0_o1_o2 ... ok
test smir::ir::x86_native_replay::tests::legacy_fp_round::classifier_exhausts_opcode_modrm_controls_and_canonical_frontiers ... ok
test smir::ir::x86_native_replay::tests::legacy_alignr::exact_graph_validator_covers_every_immediate_at_o0_o1_o2 ... ok
test smir::ir::x86_native_replay::tests::legacy_fp_round::graph_validator_rejects_every_semantic_field_and_provenance_mutation ... ok
test smir::ir::x86_native_replay::tests::legacy_aes::lifted_o0_o2_graphs_admit_all_13_056_rex_register_cases ... ok
test smir::ir::x86_native_replay::tests::legacy_gfni::classifier_matches_llvm23_anchors_and_rejects_noncanonical_frontiers ... ok
test smir::ir::x86_native_replay::tests::legacy_fp_round::exact_graph_validator_covers_controls_rex_aliases_and_o0_o1_o2 ... ok
test smir::ir::x86_native_replay::tests::legacy_gfni::classifier_covers_all_558144_canonical_rex_register_and_immediate_images ... ok
test smir::ir::x86_native_replay::tests::legacy_fp_round::classifier_covers_all_1_114_112_rex_register_immediate_encodings ... ok
test isa::hexagon::cpu::vcpu_impl::tests::a_long_run_yields_between_batches_instead_of_failing ... ok
test smir::ir::x86_native_replay::tests::fp_round::classifier_covers_all_17_825_792_defined_register_byte_images ... ok
test smir::ir::x86_native_replay::tests::legacy_insertps::classifier_exhausts_opcode_modrm_and_canonical_frontiers ... ok
test smir::ir::x86_native_replay::tests::legacy_insertps::classifier_covers_all_278528_rex_register_immediate_encodings ... ok
test smir::ir::x86_native_replay::tests::legacy_gfni::graph_validator_rejects_virtual_escapes_redefinitions_and_provenance_mismatches ... ok
test smir::ir::x86_native_replay::tests::legacy_insertps::graph_validator_rejects_every_operation_field_hint_and_escaping_temporary ... ok
test smir::ir::x86_native_replay::tests::legacy_lane_shuffle::classifier_matches_llvm23_anchors_and_rejects_noncanonical_frontiers ... ok
test smir::ir::x86_native_replay::tests::legacy_insertps::exact_graph_validator_covers_all_immediates_rex_aliases_and_o0_o1_o2 ... ok
test smir::ir::x86_native_replay::tests::legacy_lane_shuffle::classifier_covers_all_838848_canonical_rex_register_and_immediate_images ... ok
test smir::ir::x86_native_replay::tests::fp_class::memory_classifier_exhausts_1_966_080_semantic_apx_and_immediate_cells ... ok
test smir::ir::x86_native_replay::tests::legacy_lane_shuffle::graph_validator_rejects_missing_mismatched_memory_and_reserved_provenance ... ok
test smir::ir::x86_native_replay::tests::legacy_mov_mask::classifier_covers_all_576_canonical_legacy_stack_destination_encodings ... ok
test smir::ir::x86_native_replay::tests::legacy_mov_mask::classifier_exhausts_rex_opcode_modrm_and_exact_shape_frontiers ... ok
test smir::ir::x86_native_replay::tests::legacy_mov_mask::destination_rewrite_changes_only_modrm_reg_and_retains_rex_width_and_source ... ok
test smir::ir::x86_native_replay::tests::legacy_mov_mask::llvm_samples_prefix_canonicalization_and_semantic_shape_are_fail_closed ... ok
test smir::ir::x86_native_replay::tests::legacy_movd_q_stack::classifier_covers_all_576_canonical_stack_gpr_encodings ... ok
test smir::ir::x86_native_replay::tests::legacy_movd_q_stack::classifier_exhausts_prefix_opcode_modrm_and_length_frontiers ... ok
test smir::ir::x86_native_replay::tests::legacy_movd_q_stack::gpr_rewrite_changes_only_modrm_rm_and_retains_rex_vector_and_direction ... ok
test smir::ir::x86_native_replay::tests::legacy_movd_q_stack::llvm_samples_prefix_canonicalization_and_semantic_shape_are_fail_closed ... ok
test smir::ir::x86_native_replay::tests::legacy_packed_fp_convert::classifier_covers_all_8704_canonical_rex_register_encodings ... ok
test smir::ir::x86_native_replay::tests::legacy_lane_shuffle::graph_validator_rejects_every_operation_field_hint_and_virtual_escape ... ok
test smir::ir::x86_native_replay::tests::legacy_packed_fp_convert::exact_graph_validator_survives_o0_o1_o2_and_rejects_every_op_mutation ... ok
test smir::ir::x86_native_replay::tests::legacy_packed_fp_convert::graph_validator_rejects_mismatched_missing_memory_and_reserved_provenance ... ok
test smir::ir::x86_native_replay::tests::legacy_packed_fp_convert::classifier_exhausts_opcode_modrm_and_canonical_prefix_frontiers ... ok
test smir::ir::x86_native_replay::tests::legacy_packed_shift::classifier_covers_all_10064_shape_rex_and_register_images ... ok
test smir::ir::x86_native_replay::tests::legacy_packed_shift::classifier_matches_llvm_rex_roles_and_rejects_noncanonical_frontiers ... ok
test smir::ir::x86_native_replay::tests::legacy_packed_shift::classifier_preserves_every_immediate_and_exhausts_opcode_group_frontiers ... ok
test smir::ir::x86_native_replay::tests::legacy_lane_shuffle::exact_graph_validator_covers_every_shuffle_immediate_at_o0_o1_o2 ... ok
test smir::ir::x86_native_replay::tests::legacy_packed_shift::graph_validator_rejects_every_operation_field_hint_and_virtual_escape ... ok
test smir::ir::x86_native_replay::tests::legacy_packed_shift::graph_validator_rejects_missing_mismatched_memory_and_extra_provenance ... ok
test smir::ir::x86_native_replay::tests::legacy_alignr::exact_graph_validator_covers_all_3264_rex_register_and_level_images ... ok
test smir::ir::x86_native_replay::tests::legacy_packed_string::classifier_rejects_every_structural_frontier ... ok
test smir::ir::x86_native_replay::tests::legacy_packed_string::dedicated_and_aggregate_spans_require_the_exact_architectural_operation ... ok
test smir::ir::x86_native_replay::tests::legacy_pclmulqdq::classifier_covers_all_278528_rex_register_immediate_encodings ... ok
test smir::ir::x86_native_replay::tests::legacy_pclmulqdq::classifier_exhausts_opcode_modrm_and_canonical_frontiers ... ok
test smir::ir::x86_native_replay::tests::legacy_pclmulqdq::exact_graph_validator_covers_all_immediates_rex_aliases_and_o0_o1_o2 ... ok
test smir::ir::x86_native_replay::tests::legacy_pclmulqdq::graph_validator_rejects_every_operation_field_hint_and_escaping_temporary ... ok
test smir::ir::x86_native_replay::tests::legacy_ptest::classifier_covers_all_1088_rex_register_encodings ... ok
test smir::ir::x86_native_replay::tests::legacy_ptest::classifier_exhausts_opcode_modrm_and_canonical_frontiers ... ok
test smir::ir::x86_native_replay::tests::legacy_packed_string::classifier_accepts_all_1_114_112_canonical_register_encodings ... ok
test smir::ir::x86_native_replay::tests::legacy_ptest::graph_validator_rejects_every_operation_field_hint_and_escaping_temporary ... ok
test smir::ir::x86_native_replay::tests::legacy_packed_shift::exact_graph_validator_covers_all_immediates_at_o0_o1_o2 ... ok
test smir::ir::x86_native_replay::tests::legacy_scalar_extract::classifier_partitions_rex_w_and_rejects_every_noncanonical_frontier ... ok
test smir::ir::x86_native_replay::tests::legacy_scalar_extract::classifier_covers_all_1671168_canonical_rex_register_and_immediate_images ... ok
test smir::ir::x86_native_replay::tests::legacy_ptest::exact_graph_validator_covers_all_rex_register_aliases_and_o0_o1_o2 ... ok
test smir::ir::x86_native_replay::tests::legacy_scalar_extract::graph_validator_rejects_every_operation_hint_kind_and_virtual_escape ... ok
test smir::ir::x86_native_replay::tests::legacy_scalar_extract::graph_validator_rejects_mismatched_memory_and_canonicalizes_non_memory_prefixes ... ok
test smir::ir::x86_native_replay::tests::legacy_scalar_extract::exact_graph_validator_covers_every_masked_immediate_at_o0_o1_o2 ... ok
test smir::ir::x86_native_replay::tests::legacy_scalar_extract::state_backed_rewrite_preserves_kind_source_lane_and_rex_w_for_every_field_image ... ok
test smir::ir::x86_native_replay::tests::legacy_scalar_fp_convert::classifier_covers_all_8704_canonical_rex_register_encodings ... ok
test smir::ir::x86_native_replay::tests::legacy_scalar_fp_convert::classifier_exhausts_prefix_opcode_modrm_and_canonical_shape_frontiers ... ok
test smir::ir::x86_native_replay::tests::legacy_scalar_fp_convert::state_backed_rewrites_preserve_width_prefix_source_and_destination_fields ... ok
test smir::ir::x86_native_replay::tests::legacy_scalar_fp_convert::exact_graph_validator_survives_o0_o1_o2_and_fails_closed_on_mutation ... ok
test smir::ir::x86_native_replay::tests::legacy_scalar_insert::classifier_matches_llvm23_anchors_and_rejects_noncanonical_frontiers ... ok
test smir::ir::x86_native_replay::tests::legacy_scalar_extract::exact_graph_validator_covers_all_19584_rex_register_and_level_images ... ok
test smir::ir::x86_native_replay::tests::legacy_scalar_insert::classifier_covers_all_1114112_canonical_rex_register_and_immediate_images ... ok
test smir::ir::x86_native_replay::tests::legacy_scalar_insert::graph_validator_rejects_every_operation_field_hint_and_virtual_escape ... ok
test smir::ir::x86_native_replay::tests::legacy_scalar_insert::graph_validator_rejects_mismatched_memory_and_canonicalizes_non_memory_prefixes ... ok
test smir::ir::x86_native_replay::tests::legacy_scalar_insert::state_backed_rewrite_preserves_kind_destination_lane_and_rex_w ... ok
test smir::ir::x86_native_replay::tests::legacy_scalar_xmm_movq::address_and_segment_prefixes_canonicalize_without_changing_semantics ... ok
test smir::ir::x86_native_replay::tests::legacy_scalar_xmm_movq::classifier_covers_all_2176_canonical_rex_register_images ... ok
test smir::ir::x86_native_replay::tests::legacy_scalar_xmm_movq::classifier_exhausts_opcode_modrm_and_noncanonical_prefix_frontiers ... ok
test smir::ir::x86_native_replay::tests::legacy_scalar_xmm_movq::classifier_matches_llvm23_and_intel_opcode_direction_anchors ... ok
test smir::ir::x86_native_replay::tests::legacy_scalar_xmm_movq::lifted_o0_o1_o2_graphs_admit_all_6528_rex_register_images ... ok
test smir::ir::x86_native_replay::tests::legacy_scalar_xmm_movq::semantic_graph_validator_rejects_fields_hints_order_alias_and_virtual_escape ... ok
test smir::ir::x86_native_replay::tests::legacy_sha::classifier_accepts_independent_llvm_23_encodings ... ok
test smir::ir::x86_native_replay::tests::legacy_sha::classifier_covers_all_30_464_inert_rex_register_shapes_and_all_immediates ... ok
test smir::ir::x86_native_replay::tests::legacy_sha::classifier_rejects_memory_opcode_neighbors_and_nonexact_prefix_shapes ... ok
test smir::ir::x86_native_replay::tests::legacy_scalar_insert::exact_graph_validator_covers_every_masked_immediate_at_o0_o1_o2 ... ok
test smir::ir::x86_native_replay::tests::legacy_sha::memory_forms_remain_outside_source_replay ... ok
test smir::ir::x86_native_replay::tests::legacy_sha::semantic_graph_validator_rejects_each_field_hint_order_and_virtual_escape_frontier ... ok
