**********************************************************************
** Visual Studio 2026 Developer PowerShell v18.7.1
** Copyright (c) 2026 Microsoft Corporation
**********************************************************************
pointer=8 open=1 query=1 ACP=1252 OEMCP=437
open normal status=00000000 handle=00000000000000E8 attributes_size=48
query pointer=8 name=ACP class=0 length=0 status=C0000023 returned=00000012 bytes=A5A5A5A5A5A5A5A5A5A5A5A5A5A5A5A5A5A5A5A5A5A5A5A5A5A5A5A5A5A5A5A5A5A5A5A5A5A5A5A5A5A5A5A5A5A5A5A5A5A5A5A5A5A5A5A5A5A5A5A5A5A5A5A5
query pointer=8 name=ACP class=0 length=1 status=C0000023 returned=00000012 bytes=A5A5A5A5A5A5A5A5A5A5A5A5A5A5A5A5A5A5A5A5A5A5A5A5A5A5A5A5A5A5A5A5A5A5A5A5A5A5A5A5A5A5A5A5A5A5A5A5A5A5A5A5A5A5A5A5A5A5A5A5A5A5A5A5
query pointer=8 name=ACP class=0 length=4 status=C0000023 returned=00000012 bytes=A5A5A5A5A5A5A5A5A5A5A5A5A5A5A5A5A5A5A5A5A5A5A5A5A5A5A5A5A5A5A5A5A5A5A5A5A5A5A5A5A5A5A5A5A5A5A5A5A5A5A5A5A5A5A5A5A5A5A5A5A5A5A5A5
query pointer=8 name=ACP class=0 length=7 status=C0000023 returned=00000012 bytes=A5A5A5A5A5A5A5A5A5A5A5A5A5A5A5A5A5A5A5A5A5A5A5A5A5A5A5A5A5A5A5A5A5A5A5A5A5A5A5A5A5A5A5A5A5A5A5A5A5A5A5A5A5A5A5A5A5A5A5A5A5A5A5A5
query pointer=8 name=ACP class=0 length=8 status=C0000023 returned=00000012 bytes=A5A5A5A5A5A5A5A5A5A5A5A5A5A5A5A5A5A5A5A5A5A5A5A5A5A5A5A5A5A5A5A5A5A5A5A5A5A5A5A5A5A5A5A5A5A5A5A5A5A5A5A5A5A5A5A5A5A5A5A5A5A5A5A5
query pointer=8 name=ACP class=0 length=11 status=C0000023 returned=00000012 bytes=A5A5A5A5A5A5A5A5A5A5A5A5A5A5A5A5A5A5A5A5A5A5A5A5A5A5A5A5A5A5A5A5A5A5A5A5A5A5A5A5A5A5A5A5A5A5A5A5A5A5A5A5A5A5A5A5A5A5A5A5A5A5A5A5
query pointer=8 name=ACP class=0 length=12 status=80000005 returned=00000012 bytes=000000000100000006000000A5A5A5A5A5A5A5A5A5A5A5A5A5A5A5A5A5A5A5A5A5A5A5A5A5A5A5A5A5A5A5A5A5A5A5A5A5A5A5A5A5A5A5A5A5A5A5A5A5A5A5A5
query pointer=8 name=ACP class=0 length=13 status=80000005 returned=00000012 bytes=00000000010000000600000000A5A5A5A5A5A5A5A5A5A5A5A5A5A5A5A5A5A5A5A5A5A5A5A5A5A5A5A5A5A5A5A5A5A5A5A5A5A5A5A5A5A5A5A5A5A5A5A5A5A5A5
query pointer=8 name=ACP class=0 length=16 status=80000005 returned=00000012 bytes=00000000010000000600000041004300A5A5A5A5A5A5A5A5A5A5A5A5A5A5A5A5A5A5A5A5A5A5A5A5A5A5A5A5A5A5A5A5A5A5A5A5A5A5A5A5A5A5A5A5A5A5A5A5
query pointer=8 name=ACP class=0 length=19 status=00000000 returned=00000012 bytes=000000000100000006000000410043005000A5A5A5A5A5A5A5A5A5A5A5A5A5A5A5A5A5A5A5A5A5A5A5A5A5A5A5A5A5A5A5A5A5A5A5A5A5A5A5A5A5A5A5A5A5A5
query pointer=8 name=ACP class=0 length=20 status=00000000 returned=00000012 bytes=000000000100000006000000410043005000A5A5A5A5A5A5A5A5A5A5A5A5A5A5A5A5A5A5A5A5A5A5A5A5A5A5A5A5A5A5A5A5A5A5A5A5A5A5A5A5A5A5A5A5A5A5
query pointer=8 name=ACP class=0 length=21 status=00000000 returned=00000012 bytes=000000000100000006000000410043005000A5A5A5A5A5A5A5A5A5A5A5A5A5A5A5A5A5A5A5A5A5A5A5A5A5A5A5A5A5A5A5A5A5A5A5A5A5A5A5A5A5A5A5A5A5A5
query pointer=8 name=ACP class=0 length=22 status=00000000 returned=00000012 bytes=000000000100000006000000410043005000A5A5A5A5A5A5A5A5A5A5A5A5A5A5A5A5A5A5A5A5A5A5A5A5A5A5A5A5A5A5A5A5A5A5A5A5A5A5A5A5A5A5A5A5A5A5
query pointer=8 name=ACP class=0 length=23 status=00000000 returned=00000012 bytes=000000000100000006000000410043005000A5A5A5A5A5A5A5A5A5A5A5A5A5A5A5A5A5A5A5A5A5A5A5A5A5A5A5A5A5A5A5A5A5A5A5A5A5A5A5A5A5A5A5A5A5A5
query pointer=8 name=ACP class=0 length=24 status=00000000 returned=00000012 bytes=000000000100000006000000410043005000A5A5A5A5A5A5A5A5A5A5A5A5A5A5A5A5A5A5A5A5A5A5A5A5A5A5A5A5A5A5A5A5A5A5A5A5A5A5A5A5A5A5A5A5A5A5
query pointer=8 name=ACP class=0 length=32 status=00000000 returned=00000012 bytes=000000000100000006000000410043005000A5A5A5A5A5A5A5A5A5A5A5A5A5A5A5A5A5A5A5A5A5A5A5A5A5A5A5A5A5A5A5A5A5A5A5A5A5A5A5A5A5A5A5A5A5A5
query pointer=8 name=ACP class=0 length=64 status=00000000 returned=00000012 bytes=000000000100000006000000410043005000A5A5A5A5A5A5A5A5A5A5A5A5A5A5A5A5A5A5A5A5A5A5A5A5A5A5A5A5A5A5A5A5A5A5A5A5A5A5A5A5A5A5A5A5A5A5
query pointer=8 name=ACP class=0 length=128 status=00000000 returned=00000012 bytes=000000000100000006000000410043005000A5A5A5A5A5A5A5A5A5A5A5A5A5A5A5A5A5A5A5A5A5A5A5A5A5A5A5A5A5A5A5A5A5A5A5A5A5A5A5A5A5A5A5A5A5A5
query pointer=8 name=ACP class=1 length=0 status=C0000023 returned=0000002A bytes=A5A5A5A5A5A5A5A5A5A5A5A5A5A5A5A5A5A5A5A5A5A5A5A5A5A5A5A5A5A5A5A5A5A5A5A5A5A5A5A5A5A5A5A5A5A5A5A5A5A5A5A5A5A5A5A5A5A5A5A5A5A5A5A5
query pointer=8 name=ACP class=1 length=1 status=C0000023 returned=0000002A bytes=A5A5A5A5A5A5A5A5A5A5A5A5A5A5A5A5A5A5A5A5A5A5A5A5A5A5A5A5A5A5A5A5A5A5A5A5A5A5A5A5A5A5A5A5A5A5A5A5A5A5A5A5A5A5A5A5A5A5A5A5A5A5A5A5
query pointer=8 name=ACP class=1 length=4 status=C0000023 returned=0000002A bytes=A5A5A5A5A5A5A5A5A5A5A5A5A5A5A5A5A5A5A5A5A5A5A5A5A5A5A5A5A5A5A5A5A5A5A5A5A5A5A5A5A5A5A5A5A5A5A5A5A5A5A5A5A5A5A5A5A5A5A5A5A5A5A5A5
query pointer=8 name=ACP class=1 length=7 status=C0000023 returned=0000002A bytes=A5A5A5A5A5A5A5A5A5A5A5A5A5A5A5A5A5A5A5A5A5A5A5A5A5A5A5A5A5A5A5A5A5A5A5A5A5A5A5A5A5A5A5A5A5A5A5A5A5A5A5A5A5A5A5A5A5A5A5A5A5A5A5A5
query pointer=8 name=ACP class=1 length=8 status=C0000023 returned=0000002A bytes=A5A5A5A5A5A5A5A5A5A5A5A5A5A5A5A5A5A5A5A5A5A5A5A5A5A5A5A5A5A5A5A5A5A5A5A5A5A5A5A5A5A5A5A5A5A5A5A5A5A5A5A5A5A5A5A5A5A5A5A5A5A5A5A5
query pointer=8 name=ACP class=1 length=11 status=C0000023 returned=0000002A bytes=A5A5A5A5A5A5A5A5A5A5A5A5A5A5A5A5A5A5A5A5A5A5A5A5A5A5A5A5A5A5A5A5A5A5A5A5A5A5A5A5A5A5A5A5A5A5A5A5A5A5A5A5A5A5A5A5A5A5A5A5A5A5A5A5
query pointer=8 name=ACP class=1 length=12 status=C0000023 returned=0000002A bytes=A5A5A5A5A5A5A5A5A5A5A5A5A5A5A5A5A5A5A5A5A5A5A5A5A5A5A5A5A5A5A5A5A5A5A5A5A5A5A5A5A5A5A5A5A5A5A5A5A5A5A5A5A5A5A5A5A5A5A5A5A5A5A5A5
query pointer=8 name=ACP class=1 length=13 status=C0000023 returned=0000002A bytes=A5A5A5A5A5A5A5A5A5A5A5A5A5A5A5A5A5A5A5A5A5A5A5A5A5A5A5A5A5A5A5A5A5A5A5A5A5A5A5A5A5A5A5A5A5A5A5A5A5A5A5A5A5A5A5A5A5A5A5A5A5A5A5A5
query pointer=8 name=ACP class=1 length=16 status=C0000023 returned=0000002A bytes=A5A5A5A5A5A5A5A5A5A5A5A5A5A5A5A5A5A5A5A5A5A5A5A5A5A5A5A5A5A5A5A5A5A5A5A5A5A5A5A5A5A5A5A5A5A5A5A5A5A5A5A5A5A5A5A5A5A5A5A5A5A5A5A5
query pointer=8 name=ACP class=1 length=19 status=C0000023 returned=0000002A bytes=A5A5A5A5A5A5A5A5A5A5A5A5A5A5A5A5A5A5A5A5A5A5A5A5A5A5A5A5A5A5A5A5A5A5A5A5A5A5A5A5A5A5A5A5A5A5A5A5A5A5A5A5A5A5A5A5A5A5A5A5A5A5A5A5
query pointer=8 name=ACP class=1 length=20 status=80000005 returned=0000002A bytes=0000000001000000200000000A00000006000000A5A5A5A5A5A5A5A5A5A5A5A5A5A5A5A5A5A5A5A5A5A5A5A5A5A5A5A5A5A5A5A5A5A5A5A5A5A5A5A5A5A5A5A5
query pointer=8 name=ACP class=1 length=21 status=80000005 returned=0000002A bytes=0000000001000000200000000A0000000600000000A5A5A5A5A5A5A5A5A5A5A5A5A5A5A5A5A5A5A5A5A5A5A5A5A5A5A5A5A5A5A5A5A5A5A5A5A5A5A5A5A5A5A5
query pointer=8 name=ACP class=1 length=22 status=80000005 returned=0000002A bytes=0000000001000000200000000A000000060000004100A5A5A5A5A5A5A5A5A5A5A5A5A5A5A5A5A5A5A5A5A5A5A5A5A5A5A5A5A5A5A5A5A5A5A5A5A5A5A5A5A5A5
query pointer=8 name=ACP class=1 length=23 status=80000005 returned=0000002A bytes=0000000001000000200000000A00000006000000410000A5A5A5A5A5A5A5A5A5A5A5A5A5A5A5A5A5A5A5A5A5A5A5A5A5A5A5A5A5A5A5A5A5A5A5A5A5A5A5A5A5
query pointer=8 name=ACP class=1 length=24 status=80000005 returned=0000002A bytes=0000000001000000200000000A0000000600000041004300A5A5A5A5A5A5A5A5A5A5A5A5A5A5A5A5A5A5A5A5A5A5A5A5A5A5A5A5A5A5A5A5A5A5A5A5A5A5A5A5
query pointer=8 name=ACP class=1 length=32 status=80000005 returned=0000002A bytes=0000000001000000200000000A00000006000000410043005000000000000000A5A5A5A5A5A5A5A5A5A5A5A5A5A5A5A5A5A5A5A5A5A5A5A5A5A5A5A5A5A5A5A5
query pointer=8 name=ACP class=1 length=64 status=00000000 returned=0000002A bytes=0000000001000000200000000A0000000600000041004300500000000000000031003200350032000000A5A5A5A5A5A5A5A5A5A5A5A5A5A5A5A5A5A5A5A5A5A5
query pointer=8 name=ACP class=1 length=128 status=00000000 returned=0000002A bytes=0000000001000000200000000A0000000600000041004300500000000000000031003200350032000000A5A5A5A5A5A5A5A5A5A5A5A5A5A5A5A5A5A5A5A5A5A5
query pointer=8 name=ACP class=2 length=0 status=C0000023 returned=00000016 bytes=A5A5A5A5A5A5A5A5A5A5A5A5A5A5A5A5A5A5A5A5A5A5A5A5A5A5A5A5A5A5A5A5A5A5A5A5A5A5A5A5A5A5A5A5A5A5A5A5A5A5A5A5A5A5A5A5A5A5A5A5A5A5A5A5
query pointer=8 name=ACP class=2 length=1 status=C0000023 returned=00000016 bytes=A5A5A5A5A5A5A5A5A5A5A5A5A5A5A5A5A5A5A5A5A5A5A5A5A5A5A5A5A5A5A5A5A5A5A5A5A5A5A5A5A5A5A5A5A5A5A5A5A5A5A5A5A5A5A5A5A5A5A5A5A5A5A5A5
query pointer=8 name=ACP class=2 length=4 status=C0000023 returned=00000016 bytes=A5A5A5A5A5A5A5A5A5A5A5A5A5A5A5A5A5A5A5A5A5A5A5A5A5A5A5A5A5A5A5A5A5A5A5A5A5A5A5A5A5A5A5A5A5A5A5A5A5A5A5A5A5A5A5A5A5A5A5A5A5A5A5A5
query pointer=8 name=ACP class=2 length=7 status=C0000023 returned=00000016 bytes=A5A5A5A5A5A5A5A5A5A5A5A5A5A5A5A5A5A5A5A5A5A5A5A5A5A5A5A5A5A5A5A5A5A5A5A5A5A5A5A5A5A5A5A5A5A5A5A5A5A5A5A5A5A5A5A5A5A5A5A5A5A5A5A5
query pointer=8 name=ACP class=2 length=8 status=C0000023 returned=00000016 bytes=A5A5A5A5A5A5A5A5A5A5A5A5A5A5A5A5A5A5A5A5A5A5A5A5A5A5A5A5A5A5A5A5A5A5A5A5A5A5A5A5A5A5A5A5A5A5A5A5A5A5A5A5A5A5A5A5A5A5A5A5A5A5A5A5
query pointer=8 name=ACP class=2 length=11 status=C0000023 returned=00000016 bytes=A5A5A5A5A5A5A5A5A5A5A5A5A5A5A5A5A5A5A5A5A5A5A5A5A5A5A5A5A5A5A5A5A5A5A5A5A5A5A5A5A5A5A5A5A5A5A5A5A5A5A5A5A5A5A5A5A5A5A5A5A5A5A5A5
query pointer=8 name=ACP class=2 length=12 status=80000005 returned=00000016 bytes=00000000010000000A000000A5A5A5A5A5A5A5A5A5A5A5A5A5A5A5A5A5A5A5A5A5A5A5A5A5A5A5A5A5A5A5A5A5A5A5A5A5A5A5A5A5A5A5A5A5A5A5A5A5A5A5A5
query pointer=8 name=ACP class=2 length=13 status=80000005 returned=00000016 bytes=00000000010000000A00000031A5A5A5A5A5A5A5A5A5A5A5A5A5A5A5A5A5A5A5A5A5A5A5A5A5A5A5A5A5A5A5A5A5A5A5A5A5A5A5A5A5A5A5A5A5A5A5A5A5A5A5
query pointer=8 name=ACP class=2 length=16 status=80000005 returned=00000016 bytes=00000000010000000A00000031003200A5A5A5A5A5A5A5A5A5A5A5A5A5A5A5A5A5A5A5A5A5A5A5A5A5A5A5A5A5A5A5A5A5A5A5A5A5A5A5A5A5A5A5A5A5A5A5A5
query pointer=8 name=ACP class=2 length=19 status=80000005 returned=00000016 bytes=00000000010000000A00000031003200350032A5A5A5A5A5A5A5A5A5A5A5A5A5A5A5A5A5A5A5A5A5A5A5A5A5A5A5A5A5A5A5A5A5A5A5A5A5A5A5A5A5A5A5A5A5
query pointer=8 name=ACP class=2 length=20 status=80000005 returned=00000016 bytes=00000000010000000A0000003100320035003200A5A5A5A5A5A5A5A5A5A5A5A5A5A5A5A5A5A5A5A5A5A5A5A5A5A5A5A5A5A5A5A5A5A5A5A5A5A5A5A5A5A5A5A5
query pointer=8 name=ACP class=2 length=21 status=80000005 returned=00000016 bytes=00000000010000000A000000310032003500320000A5A5A5A5A5A5A5A5A5A5A5A5A5A5A5A5A5A5A5A5A5A5A5A5A5A5A5A5A5A5A5A5A5A5A5A5A5A5A5A5A5A5A5
query pointer=8 name=ACP class=2 length=22 status=00000000 returned=00000016 bytes=00000000010000000A00000031003200350032000000A5A5A5A5A5A5A5A5A5A5A5A5A5A5A5A5A5A5A5A5A5A5A5A5A5A5A5A5A5A5A5A5A5A5A5A5A5A5A5A5A5A5
query pointer=8 name=ACP class=2 length=23 status=00000000 returned=00000016 bytes=00000000010000000A00000031003200350032000000A5A5A5A5A5A5A5A5A5A5A5A5A5A5A5A5A5A5A5A5A5A5A5A5A5A5A5A5A5A5A5A5A5A5A5A5A5A5A5A5A5A5
query pointer=8 name=ACP class=2 length=24 status=00000000 returned=00000016 bytes=00000000010000000A00000031003200350032000000A5A5A5A5A5A5A5A5A5A5A5A5A5A5A5A5A5A5A5A5A5A5A5A5A5A5A5A5A5A5A5A5A5A5A5A5A5A5A5A5A5A5
query pointer=8 name=ACP class=2 length=32 status=00000000 returned=00000016 bytes=00000000010000000A00000031003200350032000000A5A5A5A5A5A5A5A5A5A5A5A5A5A5A5A5A5A5A5A5A5A5A5A5A5A5A5A5A5A5A5A5A5A5A5A5A5A5A5A5A5A5
query pointer=8 name=ACP class=2 length=64 status=00000000 returned=00000016 bytes=00000000010000000A00000031003200350032000000A5A5A5A5A5A5A5A5A5A5A5A5A5A5A5A5A5A5A5A5A5A5A5A5A5A5A5A5A5A5A5A5A5A5A5A5A5A5A5A5A5A5
query pointer=8 name=ACP class=2 length=128 status=00000000 returned=00000016 bytes=00000000010000000A00000031003200350032000000A5A5A5A5A5A5A5A5A5A5A5A5A5A5A5A5A5A5A5A5A5A5A5A5A5A5A5A5A5A5A5A5A5A5A5A5A5A5A5A5A5A5
query pointer=8 name=ACP class=3 length=0 status=C0000023 returned=0000002A bytes=A5A5A5A5A5A5A5A5A5A5A5A5A5A5A5A5A5A5A5A5A5A5A5A5A5A5A5A5A5A5A5A5A5A5A5A5A5A5A5A5A5A5A5A5A5A5A5A5A5A5A5A5A5A5A5A5A5A5A5A5A5A5A5A5
query pointer=8 name=ACP class=3 length=1 status=C0000023 returned=0000002A bytes=A5A5A5A5A5A5A5A5A5A5A5A5A5A5A5A5A5A5A5A5A5A5A5A5A5A5A5A5A5A5A5A5A5A5A5A5A5A5A5A5A5A5A5A5A5A5A5A5A5A5A5A5A5A5A5A5A5A5A5A5A5A5A5A5
query pointer=8 name=ACP class=3 length=4 status=C0000023 returned=0000002A bytes=A5A5A5A5A5A5A5A5A5A5A5A5A5A5A5A5A5A5A5A5A5A5A5A5A5A5A5A5A5A5A5A5A5A5A5A5A5A5A5A5A5A5A5A5A5A5A5A5A5A5A5A5A5A5A5A5A5A5A5A5A5A5A5A5
query pointer=8 name=ACP class=3 length=7 status=C0000023 returned=0000002A bytes=A5A5A5A5A5A5A5A5A5A5A5A5A5A5A5A5A5A5A5A5A5A5A5A5A5A5A5A5A5A5A5A5A5A5A5A5A5A5A5A5A5A5A5A5A5A5A5A5A5A5A5A5A5A5A5A5A5A5A5A5A5A5A5A5
query pointer=8 name=ACP class=3 length=8 status=C0000023 returned=0000002A bytes=A5A5A5A5A5A5A5A5A5A5A5A5A5A5A5A5A5A5A5A5A5A5A5A5A5A5A5A5A5A5A5A5A5A5A5A5A5A5A5A5A5A5A5A5A5A5A5A5A5A5A5A5A5A5A5A5A5A5A5A5A5A5A5A5
query pointer=8 name=ACP class=3 length=11 status=C0000023 returned=0000002A bytes=A5A5A5A5A5A5A5A5A5A5A5A5A5A5A5A5A5A5A5A5A5A5A5A5A5A5A5A5A5A5A5A5A5A5A5A5A5A5A5A5A5A5A5A5A5A5A5A5A5A5A5A5A5A5A5A5A5A5A5A5A5A5A5A5
query pointer=8 name=ACP class=3 length=12 status=C0000023 returned=0000002A bytes=A5A5A5A5A5A5A5A5A5A5A5A5A5A5A5A5A5A5A5A5A5A5A5A5A5A5A5A5A5A5A5A5A5A5A5A5A5A5A5A5A5A5A5A5A5A5A5A5A5A5A5A5A5A5A5A5A5A5A5A5A5A5A5A5
query pointer=8 name=ACP class=3 length=13 status=C0000023 returned=0000002A bytes=A5A5A5A5A5A5A5A5A5A5A5A5A5A5A5A5A5A5A5A5A5A5A5A5A5A5A5A5A5A5A5A5A5A5A5A5A5A5A5A5A5A5A5A5A5A5A5A5A5A5A5A5A5A5A5A5A5A5A5A5A5A5A5A5
query pointer=8 name=ACP class=3 length=16 status=C0000023 returned=0000002A bytes=A5A5A5A5A5A5A5A5A5A5A5A5A5A5A5A5A5A5A5A5A5A5A5A5A5A5A5A5A5A5A5A5A5A5A5A5A5A5A5A5A5A5A5A5A5A5A5A5A5A5A5A5A5A5A5A5A5A5A5A5A5A5A5A5
query pointer=8 name=ACP class=3 length=19 status=C0000023 returned=0000002A bytes=A5A5A5A5A5A5A5A5A5A5A5A5A5A5A5A5A5A5A5A5A5A5A5A5A5A5A5A5A5A5A5A5A5A5A5A5A5A5A5A5A5A5A5A5A5A5A5A5A5A5A5A5A5A5A5A5A5A5A5A5A5A5A5A5
query pointer=8 name=ACP class=3 length=20 status=80000005 returned=0000002A bytes=0000000001000000200000000A00000006000000A5A5A5A5A5A5A5A5A5A5A5A5A5A5A5A5A5A5A5A5A5A5A5A5A5A5A5A5A5A5A5A5A5A5A5A5A5A5A5A5A5A5A5A5
query pointer=8 name=ACP class=3 length=21 status=80000005 returned=0000002A bytes=0000000001000000200000000A0000000600000000A5A5A5A5A5A5A5A5A5A5A5A5A5A5A5A5A5A5A5A5A5A5A5A5A5A5A5A5A5A5A5A5A5A5A5A5A5A5A5A5A5A5A5
query pointer=8 name=ACP class=3 length=22 status=80000005 returned=0000002A bytes=0000000001000000200000000A000000060000004100A5A5A5A5A5A5A5A5A5A5A5A5A5A5A5A5A5A5A5A5A5A5A5A5A5A5A5A5A5A5A5A5A5A5A5A5A5A5A5A5A5A5
query pointer=8 name=ACP class=3 length=23 status=80000005 returned=0000002A bytes=0000000001000000200000000A00000006000000410000A5A5A5A5A5A5A5A5A5A5A5A5A5A5A5A5A5A5A5A5A5A5A5A5A5A5A5A5A5A5A5A5A5A5A5A5A5A5A5A5A5
query pointer=8 name=ACP class=3 length=24 status=80000005 returned=0000002A bytes=0000000001000000200000000A0000000600000041004300A5A5A5A5A5A5A5A5A5A5A5A5A5A5A5A5A5A5A5A5A5A5A5A5A5A5A5A5A5A5A5A5A5A5A5A5A5A5A5A5
query pointer=8 name=ACP class=3 length=32 status=80000005 returned=0000002A bytes=0000000001000000200000000A00000006000000410043005000000000000000A5A5A5A5A5A5A5A5A5A5A5A5A5A5A5A5A5A5A5A5A5A5A5A5A5A5A5A5A5A5A5A5
query pointer=8 name=ACP class=3 length=64 status=00000000 returned=0000002A bytes=0000000001000000200000000A0000000600000041004300500000000000000031003200350032000000A5A5A5A5A5A5A5A5A5A5A5A5A5A5A5A5A5A5A5A5A5A5
query pointer=8 name=ACP class=3 length=128 status=00000000 returned=0000002A bytes=0000000001000000200000000A0000000600000041004300500000000000000031003200350032000000A5A5A5A5A5A5A5A5A5A5A5A5A5A5A5A5A5A5A5A5A5A5
query pointer=8 name=ACP class=4 length=0 status=C0000023 returned=00000012 bytes=A5A5A5A5A5A5A5A5A5A5A5A5A5A5A5A5A5A5A5A5A5A5A5A5A5A5A5A5A5A5A5A5A5A5A5A5A5A5A5A5A5A5A5A5A5A5A5A5A5A5A5A5A5A5A5A5A5A5A5A5A5A5A5A5
query pointer=8 name=ACP class=4 length=1 status=C0000023 returned=00000012 bytes=A5A5A5A5A5A5A5A5A5A5A5A5A5A5A5A5A5A5A5A5A5A5A5A5A5A5A5A5A5A5A5A5A5A5A5A5A5A5A5A5A5A5A5A5A5A5A5A5A5A5A5A5A5A5A5A5A5A5A5A5A5A5A5A5
query pointer=8 name=ACP class=4 length=4 status=C0000023 returned=00000012 bytes=A5A5A5A5A5A5A5A5A5A5A5A5A5A5A5A5A5A5A5A5A5A5A5A5A5A5A5A5A5A5A5A5A5A5A5A5A5A5A5A5A5A5A5A5A5A5A5A5A5A5A5A5A5A5A5A5A5A5A5A5A5A5A5A5
query pointer=8 name=ACP class=4 length=7 status=C0000023 returned=00000012 bytes=A5A5A5A5A5A5A5A5A5A5A5A5A5A5A5A5A5A5A5A5A5A5A5A5A5A5A5A5A5A5A5A5A5A5A5A5A5A5A5A5A5A5A5A5A5A5A5A5A5A5A5A5A5A5A5A5A5A5A5A5A5A5A5A5
query pointer=8 name=ACP class=4 length=8 status=80000005 returned=00000012 bytes=010000000A000000A5A5A5A5A5A5A5A5A5A5A5A5A5A5A5A5A5A5A5A5A5A5A5A5A5A5A5A5A5A5A5A5A5A5A5A5A5A5A5A5A5A5A5A5A5A5A5A5A5A5A5A5A5A5A5A5
query pointer=8 name=ACP class=4 length=11 status=80000005 returned=00000012 bytes=010000000A000000310032A5A5A5A5A5A5A5A5A5A5A5A5A5A5A5A5A5A5A5A5A5A5A5A5A5A5A5A5A5A5A5A5A5A5A5A5A5A5A5A5A5A5A5A5A5A5A5A5A5A5A5A5A5
query pointer=8 name=ACP class=4 length=12 status=80000005 returned=00000012 bytes=010000000A00000031003200A5A5A5A5A5A5A5A5A5A5A5A5A5A5A5A5A5A5A5A5A5A5A5A5A5A5A5A5A5A5A5A5A5A5A5A5A5A5A5A5A5A5A5A5A5A5A5A5A5A5A5A5
query pointer=8 name=ACP class=4 length=13 status=80000005 returned=00000012 bytes=010000000A0000003100320035A5A5A5A5A5A5A5A5A5A5A5A5A5A5A5A5A5A5A5A5A5A5A5A5A5A5A5A5A5A5A5A5A5A5A5A5A5A5A5A5A5A5A5A5A5A5A5A5A5A5A5
query pointer=8 name=ACP class=4 length=16 status=80000005 returned=00000012 bytes=010000000A0000003100320035003200A5A5A5A5A5A5A5A5A5A5A5A5A5A5A5A5A5A5A5A5A5A5A5A5A5A5A5A5A5A5A5A5A5A5A5A5A5A5A5A5A5A5A5A5A5A5A5A5
query pointer=8 name=ACP class=4 length=19 status=00000000 returned=00000012 bytes=010000000A00000031003200350032000000A5A5A5A5A5A5A5A5A5A5A5A5A5A5A5A5A5A5A5A5A5A5A5A5A5A5A5A5A5A5A5A5A5A5A5A5A5A5A5A5A5A5A5A5A5A5
query pointer=8 name=ACP class=4 length=20 status=00000000 returned=00000012 bytes=010000000A00000031003200350032000000A5A5A5A5A5A5A5A5A5A5A5A5A5A5A5A5A5A5A5A5A5A5A5A5A5A5A5A5A5A5A5A5A5A5A5A5A5A5A5A5A5A5A5A5A5A5
query pointer=8 name=ACP class=4 length=21 status=00000000 returned=00000012 bytes=010000000A00000031003200350032000000A5A5A5A5A5A5A5A5A5A5A5A5A5A5A5A5A5A5A5A5A5A5A5A5A5A5A5A5A5A5A5A5A5A5A5A5A5A5A5A5A5A5A5A5A5A5
query pointer=8 name=ACP class=4 length=22 status=00000000 returned=00000012 bytes=010000000A00000031003200350032000000A5A5A5A5A5A5A5A5A5A5A5A5A5A5A5A5A5A5A5A5A5A5A5A5A5A5A5A5A5A5A5A5A5A5A5A5A5A5A5A5A5A5A5A5A5A5
query pointer=8 name=ACP class=4 length=23 status=00000000 returned=00000012 bytes=010000000A00000031003200350032000000A5A5A5A5A5A5A5A5A5A5A5A5A5A5A5A5A5A5A5A5A5A5A5A5A5A5A5A5A5A5A5A5A5A5A5A5A5A5A5A5A5A5A5A5A5A5
query pointer=8 name=ACP class=4 length=24 status=00000000 returned=00000012 bytes=010000000A00000031003200350032000000A5A5A5A5A5A5A5A5A5A5A5A5A5A5A5A5A5A5A5A5A5A5A5A5A5A5A5A5A5A5A5A5A5A5A5A5A5A5A5A5A5A5A5A5A5A5
query pointer=8 name=ACP class=4 length=32 status=00000000 returned=00000012 bytes=010000000A00000031003200350032000000A5A5A5A5A5A5A5A5A5A5A5A5A5A5A5A5A5A5A5A5A5A5A5A5A5A5A5A5A5A5A5A5A5A5A5A5A5A5A5A5A5A5A5A5A5A5
query pointer=8 name=ACP class=4 length=64 status=00000000 returned=00000012 bytes=010000000A00000031003200350032000000A5A5A5A5A5A5A5A5A5A5A5A5A5A5A5A5A5A5A5A5A5A5A5A5A5A5A5A5A5A5A5A5A5A5A5A5A5A5A5A5A5A5A5A5A5A5
query pointer=8 name=ACP class=4 length=128 status=00000000 returned=00000012 bytes=010000000A00000031003200350032000000A5A5A5A5A5A5A5A5A5A5A5A5A5A5A5A5A5A5A5A5A5A5A5A5A5A5A5A5A5A5A5A5A5A5A5A5A5A5A5A5A5A5A5A5A5A5
query pointer=8 name=ACP class=5 length=0 status=C000000D returned=A5A5A5A5 bytes=A5A5A5A5A5A5A5A5A5A5A5A5A5A5A5A5A5A5A5A5A5A5A5A5A5A5A5A5A5A5A5A5A5A5A5A5A5A5A5A5A5A5A5A5A5A5A5A5A5A5A5A5A5A5A5A5A5A5A5A5A5A5A5A5
query pointer=8 name=ACP class=5 length=1 status=C000000D returned=A5A5A5A5 bytes=A5A5A5A5A5A5A5A5A5A5A5A5A5A5A5A5A5A5A5A5A5A5A5A5A5A5A5A5A5A5A5A5A5A5A5A5A5A5A5A5A5A5A5A5A5A5A5A5A5A5A5A5A5A5A5A5A5A5A5A5A5A5A5A5
query pointer=8 name=ACP class=5 length=4 status=C000000D returned=A5A5A5A5 bytes=A5A5A5A5A5A5A5A5A5A5A5A5A5A5A5A5A5A5A5A5A5A5A5A5A5A5A5A5A5A5A5A5A5A5A5A5A5A5A5A5A5A5A5A5A5A5A5A5A5A5A5A5A5A5A5A5A5A5A5A5A5A5A5A5
query pointer=8 name=ACP class=5 length=7 status=C000000D returned=A5A5A5A5 bytes=A5A5A5A5A5A5A5A5A5A5A5A5A5A5A5A5A5A5A5A5A5A5A5A5A5A5A5A5A5A5A5A5A5A5A5A5A5A5A5A5A5A5A5A5A5A5A5A5A5A5A5A5A5A5A5A5A5A5A5A5A5A5A5A5
query pointer=8 name=ACP class=5 length=8 status=C000000D returned=A5A5A5A5 bytes=A5A5A5A5A5A5A5A5A5A5A5A5A5A5A5A5A5A5A5A5A5A5A5A5A5A5A5A5A5A5A5A5A5A5A5A5A5A5A5A5A5A5A5A5A5A5A5A5A5A5A5A5A5A5A5A5A5A5A5A5A5A5A5A5
query pointer=8 name=ACP class=5 length=11 status=C000000D returned=A5A5A5A5 bytes=A5A5A5A5A5A5A5A5A5A5A5A5A5A5A5A5A5A5A5A5A5A5A5A5A5A5A5A5A5A5A5A5A5A5A5A5A5A5A5A5A5A5A5A5A5A5A5A5A5A5A5A5A5A5A5A5A5A5A5A5A5A5A5A5
query pointer=8 name=ACP class=5 length=12 status=C000000D returned=A5A5A5A5 bytes=A5A5A5A5A5A5A5A5A5A5A5A5A5A5A5A5A5A5A5A5A5A5A5A5A5A5A5A5A5A5A5A5A5A5A5A5A5A5A5A5A5A5A5A5A5A5A5A5A5A5A5A5A5A5A5A5A5A5A5A5A5A5A5A5
query pointer=8 name=ACP class=5 length=13 status=C000000D returned=A5A5A5A5 bytes=A5A5A5A5A5A5A5A5A5A5A5A5A5A5A5A5A5A5A5A5A5A5A5A5A5A5A5A5A5A5A5A5A5A5A5A5A5A5A5A5A5A5A5A5A5A5A5A5A5A5A5A5A5A5A5A5A5A5A5A5A5A5A5A5
query pointer=8 name=ACP class=5 length=16 status=C000000D returned=A5A5A5A5 bytes=A5A5A5A5A5A5A5A5A5A5A5A5A5A5A5A5A5A5A5A5A5A5A5A5A5A5A5A5A5A5A5A5A5A5A5A5A5A5A5A5A5A5A5A5A5A5A5A5A5A5A5A5A5A5A5A5A5A5A5A5A5A5A5A5
query pointer=8 name=ACP class=5 length=19 status=C000000D returned=A5A5A5A5 bytes=A5A5A5A5A5A5A5A5A5A5A5A5A5A5A5A5A5A5A5A5A5A5A5A5A5A5A5A5A5A5A5A5A5A5A5A5A5A5A5A5A5A5A5A5A5A5A5A5A5A5A5A5A5A5A5A5A5A5A5A5A5A5A5A5
query pointer=8 name=ACP class=5 length=20 status=C000000D returned=A5A5A5A5 bytes=A5A5A5A5A5A5A5A5A5A5A5A5A5A5A5A5A5A5A5A5A5A5A5A5A5A5A5A5A5A5A5A5A5A5A5A5A5A5A5A5A5A5A5A5A5A5A5A5A5A5A5A5A5A5A5A5A5A5A5A5A5A5A5A5
query pointer=8 name=ACP class=5 length=21 status=C000000D returned=A5A5A5A5 bytes=A5A5A5A5A5A5A5A5A5A5A5A5A5A5A5A5A5A5A5A5A5A5A5A5A5A5A5A5A5A5A5A5A5A5A5A5A5A5A5A5A5A5A5A5A5A5A5A5A5A5A5A5A5A5A5A5A5A5A5A5A5A5A5A5
query pointer=8 name=ACP class=5 length=22 status=C000000D returned=A5A5A5A5 bytes=A5A5A5A5A5A5A5A5A5A5A5A5A5A5A5A5A5A5A5A5A5A5A5A5A5A5A5A5A5A5A5A5A5A5A5A5A5A5A5A5A5A5A5A5A5A5A5A5A5A5A5A5A5A5A5A5A5A5A5A5A5A5A5A5
query pointer=8 name=ACP class=5 length=23 status=C000000D returned=A5A5A5A5 bytes=A5A5A5A5A5A5A5A5A5A5A5A5A5A5A5A5A5A5A5A5A5A5A5A5A5A5A5A5A5A5A5A5A5A5A5A5A5A5A5A5A5A5A5A5A5A5A5A5A5A5A5A5A5A5A5A5A5A5A5A5A5A5A5A5
query pointer=8 name=ACP class=5 length=24 status=C000000D returned=A5A5A5A5 bytes=A5A5A5A5A5A5A5A5A5A5A5A5A5A5A5A5A5A5A5A5A5A5A5A5A5A5A5A5A5A5A5A5A5A5A5A5A5A5A5A5A5A5A5A5A5A5A5A5A5A5A5A5A5A5A5A5A5A5A5A5A5A5A5A5
query pointer=8 name=ACP class=5 length=32 status=C000000D returned=A5A5A5A5 bytes=A5A5A5A5A5A5A5A5A5A5A5A5A5A5A5A5A5A5A5A5A5A5A5A5A5A5A5A5A5A5A5A5A5A5A5A5A5A5A5A5A5A5A5A5A5A5A5A5A5A5A5A5A5A5A5A5A5A5A5A5A5A5A5A5
query pointer=8 name=ACP class=5 length=64 status=C000000D returned=A5A5A5A5 bytes=A5A5A5A5A5A5A5A5A5A5A5A5A5A5A5A5A5A5A5A5A5A5A5A5A5A5A5A5A5A5A5A5A5A5A5A5A5A5A5A5A5A5A5A5A5A5A5A5A5A5A5A5A5A5A5A5A5A5A5A5A5A5A5A5
query pointer=8 name=ACP class=5 length=128 status=C000000D returned=A5A5A5A5 bytes=A5A5A5A5A5A5A5A5A5A5A5A5A5A5A5A5A5A5A5A5A5A5A5A5A5A5A5A5A5A5A5A5A5A5A5A5A5A5A5A5A5A5A5A5A5A5A5A5A5A5A5A5A5A5A5A5A5A5A5A5A5A5A5A5
query pointer=8 name=ACP class=4294967295 length=0 status=C000000D returned=A5A5A5A5 bytes=A5A5A5A5A5A5A5A5A5A5A5A5A5A5A5A5A5A5A5A5A5A5A5A5A5A5A5A5A5A5A5A5A5A5A5A5A5A5A5A5A5A5A5A5A5A5A5A5A5A5A5A5A5A5A5A5A5A5A5A5A5A5A5A5
query pointer=8 name=ACP class=4294967295 length=1 status=C000000D returned=A5A5A5A5 bytes=A5A5A5A5A5A5A5A5A5A5A5A5A5A5A5A5A5A5A5A5A5A5A5A5A5A5A5A5A5A5A5A5A5A5A5A5A5A5A5A5A5A5A5A5A5A5A5A5A5A5A5A5A5A5A5A5A5A5A5A5A5A5A5A5
query pointer=8 name=ACP class=4294967295 length=4 status=C000000D returned=A5A5A5A5 bytes=A5A5A5A5A5A5A5A5A5A5A5A5A5A5A5A5A5A5A5A5A5A5A5A5A5A5A5A5A5A5A5A5A5A5A5A5A5A5A5A5A5A5A5A5A5A5A5A5A5A5A5A5A5A5A5A5A5A5A5A5A5A5A5A5
query pointer=8 name=ACP class=4294967295 length=7 status=C000000D returned=A5A5A5A5 bytes=A5A5A5A5A5A5A5A5A5A5A5A5A5A5A5A5A5A5A5A5A5A5A5A5A5A5A5A5A5A5A5A5A5A5A5A5A5A5A5A5A5A5A5A5A5A5A5A5A5A5A5A5A5A5A5A5A5A5A5A5A5A5A5A5
query pointer=8 name=ACP class=4294967295 length=8 status=C000000D returned=A5A5A5A5 bytes=A5A5A5A5A5A5A5A5A5A5A5A5A5A5A5A5A5A5A5A5A5A5A5A5A5A5A5A5A5A5A5A5A5A5A5A5A5A5A5A5A5A5A5A5A5A5A5A5A5A5A5A5A5A5A5A5A5A5A5A5A5A5A5A5
query pointer=8 name=ACP class=4294967295 length=11 status=C000000D returned=A5A5A5A5 bytes=A5A5A5A5A5A5A5A5A5A5A5A5A5A5A5A5A5A5A5A5A5A5A5A5A5A5A5A5A5A5A5A5A5A5A5A5A5A5A5A5A5A5A5A5A5A5A5A5A5A5A5A5A5A5A5A5A5A5A5A5A5A5A5A5
query pointer=8 name=ACP class=4294967295 length=12 status=C000000D returned=A5A5A5A5 bytes=A5A5A5A5A5A5A5A5A5A5A5A5A5A5A5A5A5A5A5A5A5A5A5A5A5A5A5A5A5A5A5A5A5A5A5A5A5A5A5A5A5A5A5A5A5A5A5A5A5A5A5A5A5A5A5A5A5A5A5A5A5A5A5A5
query pointer=8 name=ACP class=4294967295 length=13 status=C000000D returned=A5A5A5A5 bytes=A5A5A5A5A5A5A5A5A5A5A5A5A5A5A5A5A5A5A5A5A5A5A5A5A5A5A5A5A5A5A5A5A5A5A5A5A5A5A5A5A5A5A5A5A5A5A5A5A5A5A5A5A5A5A5A5A5A5A5A5A5A5A5A5
query pointer=8 name=ACP class=4294967295 length=16 status=C000000D returned=A5A5A5A5 bytes=A5A5A5A5A5A5A5A5A5A5A5A5A5A5A5A5A5A5A5A5A5A5A5A5A5A5A5A5A5A5A5A5A5A5A5A5A5A5A5A5A5A5A5A5A5A5A5A5A5A5A5A5A5A5A5A5A5A5A5A5A5A5A5A5
query pointer=8 name=ACP class=4294967295 length=19 status=C000000D returned=A5A5A5A5 bytes=A5A5A5A5A5A5A5A5A5A5A5A5A5A5A5A5A5A5A5A5A5A5A5A5A5A5A5A5A5A5A5A5A5A5A5A5A5A5A5A5A5A5A5A5A5A5A5A5A5A5A5A5A5A5A5A5A5A5A5A5A5A5A5A5
query pointer=8 name=ACP class=4294967295 length=20 status=C000000D returned=A5A5A5A5 bytes=A5A5A5A5A5A5A5A5A5A5A5A5A5A5A5A5A5A5A5A5A5A5A5A5A5A5A5A5A5A5A5A5A5A5A5A5A5A5A5A5A5A5A5A5A5A5A5A5A5A5A5A5A5A5A5A5A5A5A5A5A5A5A5A5
query pointer=8 name=ACP class=4294967295 length=21 status=C000000D returned=A5A5A5A5 bytes=A5A5A5A5A5A5A5A5A5A5A5A5A5A5A5A5A5A5A5A5A5A5A5A5A5A5A5A5A5A5A5A5A5A5A5A5A5A5A5A5A5A5A5A5A5A5A5A5A5A5A5A5A5A5A5A5A5A5A5A5A5A5A5A5
query pointer=8 name=ACP class=4294967295 length=22 status=C000000D returned=A5A5A5A5 bytes=A5A5A5A5A5A5A5A5A5A5A5A5A5A5A5A5A5A5A5A5A5A5A5A5A5A5A5A5A5A5A5A5A5A5A5A5A5A5A5A5A5A5A5A5A5A5A5A5A5A5A5A5A5A5A5A5A5A5A5A5A5A5A5A5
query pointer=8 name=ACP class=4294967295 length=23 status=C000000D returned=A5A5A5A5 bytes=A5A5A5A5A5A5A5A5A5A5A5A5A5A5A5A5A5A5A5A5A5A5A5A5A5A5A5A5A5A5A5A5A5A5A5A5A5A5A5A5A5A5A5A5A5A5A5A5A5A5A5A5A5A5A5A5A5A5A5A5A5A5A5A5
query pointer=8 name=ACP class=4294967295 length=24 status=C000000D returned=A5A5A5A5 bytes=A5A5A5A5A5A5A5A5A5A5A5A5A5A5A5A5A5A5A5A5A5A5A5A5A5A5A5A5A5A5A5A5A5A5A5A5A5A5A5A5A5A5A5A5A5A5A5A5A5A5A5A5A5A5A5A5A5A5A5A5A5A5A5A5
query pointer=8 name=ACP class=4294967295 length=32 status=C000000D returned=A5A5A5A5 bytes=A5A5A5A5A5A5A5A5A5A5A5A5A5A5A5A5A5A5A5A5A5A5A5A5A5A5A5A5A5A5A5A5A5A5A5A5A5A5A5A5A5A5A5A5A5A5A5A5A5A5A5A5A5A5A5A5A5A5A5A5A5A5A5A5
query pointer=8 name=ACP class=4294967295 length=64 status=C000000D returned=A5A5A5A5 bytes=A5A5A5A5A5A5A5A5A5A5A5A5A5A5A5A5A5A5A5A5A5A5A5A5A5A5A5A5A5A5A5A5A5A5A5A5A5A5A5A5A5A5A5A5A5A5A5A5A5A5A5A5A5A5A5A5A5A5A5A5A5A5A5A5
query pointer=8 name=ACP class=4294967295 length=128 status=C000000D returned=A5A5A5A5 bytes=A5A5A5A5A5A5A5A5A5A5A5A5A5A5A5A5A5A5A5A5A5A5A5A5A5A5A5A5A5A5A5A5A5A5A5A5A5A5A5A5A5A5A5A5A5A5A5A5A5A5A5A5A5A5A5A5A5A5A5A5A5A5A5A5
query pointer=8 name=OEMCP class=0 length=0 status=C0000023 returned=00000016 bytes=A5A5A5A5A5A5A5A5A5A5A5A5A5A5A5A5A5A5A5A5A5A5A5A5A5A5A5A5A5A5A5A5A5A5A5A5A5A5A5A5A5A5A5A5A5A5A5A5A5A5A5A5A5A5A5A5A5A5A5A5A5A5A5A5
query pointer=8 name=OEMCP class=0 length=1 status=C0000023 returned=00000016 bytes=A5A5A5A5A5A5A5A5A5A5A5A5A5A5A5A5A5A5A5A5A5A5A5A5A5A5A5A5A5A5A5A5A5A5A5A5A5A5A5A5A5A5A5A5A5A5A5A5A5A5A5A5A5A5A5A5A5A5A5A5A5A5A5A5
query pointer=8 name=OEMCP class=0 length=4 status=C0000023 returned=00000016 bytes=A5A5A5A5A5A5A5A5A5A5A5A5A5A5A5A5A5A5A5A5A5A5A5A5A5A5A5A5A5A5A5A5A5A5A5A5A5A5A5A5A5A5A5A5A5A5A5A5A5A5A5A5A5A5A5A5A5A5A5A5A5A5A5A5
query pointer=8 name=OEMCP class=0 length=7 status=C0000023 returned=00000016 bytes=A5A5A5A5A5A5A5A5A5A5A5A5A5A5A5A5A5A5A5A5A5A5A5A5A5A5A5A5A5A5A5A5A5A5A5A5A5A5A5A5A5A5A5A5A5A5A5A5A5A5A5A5A5A5A5A5A5A5A5A5A5A5A5A5
query pointer=8 name=OEMCP class=0 length=8 status=C0000023 returned=00000016 bytes=A5A5A5A5A5A5A5A5A5A5A5A5A5A5A5A5A5A5A5A5A5A5A5A5A5A5A5A5A5A5A5A5A5A5A5A5A5A5A5A5A5A5A5A5A5A5A5A5A5A5A5A5A5A5A5A5A5A5A5A5A5A5A5A5
query pointer=8 name=OEMCP class=0 length=11 status=C0000023 returned=00000016 bytes=A5A5A5A5A5A5A5A5A5A5A5A5A5A5A5A5A5A5A5A5A5A5A5A5A5A5A5A5A5A5A5A5A5A5A5A5A5A5A5A5A5A5A5A5A5A5A5A5A5A5A5A5A5A5A5A5A5A5A5A5A5A5A5A5
query pointer=8 name=OEMCP class=0 length=12 status=80000005 returned=00000016 bytes=00000000010000000A000000A5A5A5A5A5A5A5A5A5A5A5A5A5A5A5A5A5A5A5A5A5A5A5A5A5A5A5A5A5A5A5A5A5A5A5A5A5A5A5A5A5A5A5A5A5A5A5A5A5A5A5A5
query pointer=8 name=OEMCP class=0 length=13 status=80000005 returned=00000016 bytes=00000000010000000A00000000A5A5A5A5A5A5A5A5A5A5A5A5A5A5A5A5A5A5A5A5A5A5A5A5A5A5A5A5A5A5A5A5A5A5A5A5A5A5A5A5A5A5A5A5A5A5A5A5A5A5A5
query pointer=8 name=OEMCP class=0 length=16 status=80000005 returned=00000016 bytes=00000000010000000A0000004F004500A5A5A5A5A5A5A5A5A5A5A5A5A5A5A5A5A5A5A5A5A5A5A5A5A5A5A5A5A5A5A5A5A5A5A5A5A5A5A5A5A5A5A5A5A5A5A5A5
query pointer=8 name=OEMCP class=0 length=19 status=80000005 returned=00000016 bytes=00000000010000000A0000004F0045004D0000A5A5A5A5A5A5A5A5A5A5A5A5A5A5A5A5A5A5A5A5A5A5A5A5A5A5A5A5A5A5A5A5A5A5A5A5A5A5A5A5A5A5A5A5A5
query pointer=8 name=OEMCP class=0 length=20 status=80000005 returned=00000016 bytes=00000000010000000A0000004F0045004D004300A5A5A5A5A5A5A5A5A5A5A5A5A5A5A5A5A5A5A5A5A5A5A5A5A5A5A5A5A5A5A5A5A5A5A5A5A5A5A5A5A5A5A5A5
query pointer=8 name=OEMCP class=0 length=21 status=80000005 returned=00000016 bytes=00000000010000000A0000004F0045004D00430000A5A5A5A5A5A5A5A5A5A5A5A5A5A5A5A5A5A5A5A5A5A5A5A5A5A5A5A5A5A5A5A5A5A5A5A5A5A5A5A5A5A5A5
query pointer=8 name=OEMCP class=0 length=22 status=00000000 returned=00000016 bytes=00000000010000000A0000004F0045004D0043005000A5A5A5A5A5A5A5A5A5A5A5A5A5A5A5A5A5A5A5A5A5A5A5A5A5A5A5A5A5A5A5A5A5A5A5A5A5A5A5A5A5A5
query pointer=8 name=OEMCP class=0 length=23 status=00000000 returned=00000016 bytes=00000000010000000A0000004F0045004D0043005000A5A5A5A5A5A5A5A5A5A5A5A5A5A5A5A5A5A5A5A5A5A5A5A5A5A5A5A5A5A5A5A5A5A5A5A5A5A5A5A5A5A5
query pointer=8 name=OEMCP class=0 length=24 status=00000000 returned=00000016 bytes=00000000010000000A0000004F0045004D0043005000A5A5A5A5A5A5A5A5A5A5A5A5A5A5A5A5A5A5A5A5A5A5A5A5A5A5A5A5A5A5A5A5A5A5A5A5A5A5A5A5A5A5
query pointer=8 name=OEMCP class=0 length=32 status=00000000 returned=00000016 bytes=00000000010000000A0000004F0045004D0043005000A5A5A5A5A5A5A5A5A5A5A5A5A5A5A5A5A5A5A5A5A5A5A5A5A5A5A5A5A5A5A5A5A5A5A5A5A5A5A5A5A5A5
query pointer=8 name=OEMCP class=0 length=64 status=00000000 returned=00000016 bytes=00000000010000000A0000004F0045004D0043005000A5A5A5A5A5A5A5A5A5A5A5A5A5A5A5A5A5A5A5A5A5A5A5A5A5A5A5A5A5A5A5A5A5A5A5A5A5A5A5A5A5A5
query pointer=8 name=OEMCP class=0 length=128 status=00000000 returned=00000016 bytes=00000000010000000A0000004F0045004D0043005000A5A5A5A5A5A5A5A5A5A5A5A5A5A5A5A5A5A5A5A5A5A5A5A5A5A5A5A5A5A5A5A5A5A5A5A5A5A5A5A5A5A5
query pointer=8 name=OEMCP class=1 length=0 status=C0000023 returned=00000028 bytes=A5A5A5A5A5A5A5A5A5A5A5A5A5A5A5A5A5A5A5A5A5A5A5A5A5A5A5A5A5A5A5A5A5A5A5A5A5A5A5A5A5A5A5A5A5A5A5A5A5A5A5A5A5A5A5A5A5A5A5A5A5A5A5A5
query pointer=8 name=OEMCP class=1 length=1 status=C0000023 returned=00000028 bytes=A5A5A5A5A5A5A5A5A5A5A5A5A5A5A5A5A5A5A5A5A5A5A5A5A5A5A5A5A5A5A5A5A5A5A5A5A5A5A5A5A5A5A5A5A5A5A5A5A5A5A5A5A5A5A5A5A5A5A5A5A5A5A5A5
query pointer=8 name=OEMCP class=1 length=4 status=C0000023 returned=00000028 bytes=A5A5A5A5A5A5A5A5A5A5A5A5A5A5A5A5A5A5A5A5A5A5A5A5A5A5A5A5A5A5A5A5A5A5A5A5A5A5A5A5A5A5A5A5A5A5A5A5A5A5A5A5A5A5A5A5A5A5A5A5A5A5A5A5
query pointer=8 name=OEMCP class=1 length=7 status=C0000023 returned=00000028 bytes=A5A5A5A5A5A5A5A5A5A5A5A5A5A5A5A5A5A5A5A5A5A5A5A5A5A5A5A5A5A5A5A5A5A5A5A5A5A5A5A5A5A5A5A5A5A5A5A5A5A5A5A5A5A5A5A5A5A5A5A5A5A5A5A5
query pointer=8 name=OEMCP class=1 length=8 status=C0000023 returned=00000028 bytes=A5A5A5A5A5A5A5A5A5A5A5A5A5A5A5A5A5A5A5A5A5A5A5A5A5A5A5A5A5A5A5A5A5A5A5A5A5A5A5A5A5A5A5A5A5A5A5A5A5A5A5A5A5A5A5A5A5A5A5A5A5A5A5A5
query pointer=8 name=OEMCP class=1 length=11 status=C0000023 returned=00000028 bytes=A5A5A5A5A5A5A5A5A5A5A5A5A5A5A5A5A5A5A5A5A5A5A5A5A5A5A5A5A5A5A5A5A5A5A5A5A5A5A5A5A5A5A5A5A5A5A5A5A5A5A5A5A5A5A5A5A5A5A5A5A5A5A5A5
query pointer=8 name=OEMCP class=1 length=12 status=C0000023 returned=00000028 bytes=A5A5A5A5A5A5A5A5A5A5A5A5A5A5A5A5A5A5A5A5A5A5A5A5A5A5A5A5A5A5A5A5A5A5A5A5A5A5A5A5A5A5A5A5A5A5A5A5A5A5A5A5A5A5A5A5A5A5A5A5A5A5A5A5
query pointer=8 name=OEMCP class=1 length=13 status=C0000023 returned=00000028 bytes=A5A5A5A5A5A5A5A5A5A5A5A5A5A5A5A5A5A5A5A5A5A5A5A5A5A5A5A5A5A5A5A5A5A5A5A5A5A5A5A5A5A5A5A5A5A5A5A5A5A5A5A5A5A5A5A5A5A5A5A5A5A5A5A5
query pointer=8 name=OEMCP class=1 length=16 status=C0000023 returned=00000028 bytes=A5A5A5A5A5A5A5A5A5A5A5A5A5A5A5A5A5A5A5A5A5A5A5A5A5A5A5A5A5A5A5A5A5A5A5A5A5A5A5A5A5A5A5A5A5A5A5A5A5A5A5A5A5A5A5A5A5A5A5A5A5A5A5A5
query pointer=8 name=OEMCP class=1 length=19 status=C0000023 returned=00000028 bytes=A5A5A5A5A5A5A5A5A5A5A5A5A5A5A5A5A5A5A5A5A5A5A5A5A5A5A5A5A5A5A5A5A5A5A5A5A5A5A5A5A5A5A5A5A5A5A5A5A5A5A5A5A5A5A5A5A5A5A5A5A5A5A5A5
query pointer=8 name=OEMCP class=1 length=20 status=80000005 returned=00000028 bytes=000000000100000020000000080000000A000000A5A5A5A5A5A5A5A5A5A5A5A5A5A5A5A5A5A5A5A5A5A5A5A5A5A5A5A5A5A5A5A5A5A5A5A5A5A5A5A5A5A5A5A5
query pointer=8 name=OEMCP class=1 length=21 status=80000005 returned=00000028 bytes=000000000100000020000000080000000A00000000A5A5A5A5A5A5A5A5A5A5A5A5A5A5A5A5A5A5A5A5A5A5A5A5A5A5A5A5A5A5A5A5A5A5A5A5A5A5A5A5A5A5A5
query pointer=8 name=OEMCP class=1 length=22 status=80000005 returned=00000028 bytes=000000000100000020000000080000000A0000004F00A5A5A5A5A5A5A5A5A5A5A5A5A5A5A5A5A5A5A5A5A5A5A5A5A5A5A5A5A5A5A5A5A5A5A5A5A5A5A5A5A5A5
query pointer=8 name=OEMCP class=1 length=23 status=80000005 returned=00000028 bytes=000000000100000020000000080000000A0000004F0000A5A5A5A5A5A5A5A5A5A5A5A5A5A5A5A5A5A5A5A5A5A5A5A5A5A5A5A5A5A5A5A5A5A5A5A5A5A5A5A5A5
query pointer=8 name=OEMCP class=1 length=24 status=80000005 returned=00000028 bytes=000000000100000020000000080000000A0000004F004500A5A5A5A5A5A5A5A5A5A5A5A5A5A5A5A5A5A5A5A5A5A5A5A5A5A5A5A5A5A5A5A5A5A5A5A5A5A5A5A5
query pointer=8 name=OEMCP class=1 length=32 status=80000005 returned=00000028 bytes=000000000100000020000000080000000A0000004F0045004D00430050000000A5A5A5A5A5A5A5A5A5A5A5A5A5A5A5A5A5A5A5A5A5A5A5A5A5A5A5A5A5A5A5A5
query pointer=8 name=OEMCP class=1 length=64 status=00000000 returned=00000028 bytes=000000000100000020000000080000000A0000004F0045004D004300500000003400330037000000A5A5A5A5A5A5A5A5A5A5A5A5A5A5A5A5A5A5A5A5A5A5A5A5
query pointer=8 name=OEMCP class=1 length=128 status=00000000 returned=00000028 bytes=000000000100000020000000080000000A0000004F0045004D004300500000003400330037000000A5A5A5A5A5A5A5A5A5A5A5A5A5A5A5A5A5A5A5A5A5A5A5A5
query pointer=8 name=OEMCP class=2 length=0 status=C0000023 returned=00000014 bytes=A5A5A5A5A5A5A5A5A5A5A5A5A5A5A5A5A5A5A5A5A5A5A5A5A5A5A5A5A5A5A5A5A5A5A5A5A5A5A5A5A5A5A5A5A5A5A5A5A5A5A5A5A5A5A5A5A5A5A5A5A5A5A5A5
query pointer=8 name=OEMCP class=2 length=1 status=C0000023 returned=00000014 bytes=A5A5A5A5A5A5A5A5A5A5A5A5A5A5A5A5A5A5A5A5A5A5A5A5A5A5A5A5A5A5A5A5A5A5A5A5A5A5A5A5A5A5A5A5A5A5A5A5A5A5A5A5A5A5A5A5A5A5A5A5A5A5A5A5
query pointer=8 name=OEMCP class=2 length=4 status=C0000023 returned=00000014 bytes=A5A5A5A5A5A5A5A5A5A5A5A5A5A5A5A5A5A5A5A5A5A5A5A5A5A5A5A5A5A5A5A5A5A5A5A5A5A5A5A5A5A5A5A5A5A5A5A5A5A5A5A5A5A5A5A5A5A5A5A5A5A5A5A5
query pointer=8 name=OEMCP class=2 length=7 status=C0000023 returned=00000014 bytes=A5A5A5A5A5A5A5A5A5A5A5A5A5A5A5A5A5A5A5A5A5A5A5A5A5A5A5A5A5A5A5A5A5A5A5A5A5A5A5A5A5A5A5A5A5A5A5A5A5A5A5A5A5A5A5A5A5A5A5A5A5A5A5A5
query pointer=8 name=OEMCP class=2 length=8 status=C0000023 returned=00000014 bytes=A5A5A5A5A5A5A5A5A5A5A5A5A5A5A5A5A5A5A5A5A5A5A5A5A5A5A5A5A5A5A5A5A5A5A5A5A5A5A5A5A5A5A5A5A5A5A5A5A5A5A5A5A5A5A5A5A5A5A5A5A5A5A5A5
query pointer=8 name=OEMCP class=2 length=11 status=C0000023 returned=00000014 bytes=A5A5A5A5A5A5A5A5A5A5A5A5A5A5A5A5A5A5A5A5A5A5A5A5A5A5A5A5A5A5A5A5A5A5A5A5A5A5A5A5A5A5A5A5A5A5A5A5A5A5A5A5A5A5A5A5A5A5A5A5A5A5A5A5
query pointer=8 name=OEMCP class=2 length=12 status=80000005 returned=00000014 bytes=000000000100000008000000A5A5A5A5A5A5A5A5A5A5A5A5A5A5A5A5A5A5A5A5A5A5A5A5A5A5A5A5A5A5A5A5A5A5A5A5A5A5A5A5A5A5A5A5A5A5A5A5A5A5A5A5
query pointer=8 name=OEMCP class=2 length=13 status=80000005 returned=00000014 bytes=00000000010000000800000034A5A5A5A5A5A5A5A5A5A5A5A5A5A5A5A5A5A5A5A5A5A5A5A5A5A5A5A5A5A5A5A5A5A5A5A5A5A5A5A5A5A5A5A5A5A5A5A5A5A5A5
query pointer=8 name=OEMCP class=2 length=16 status=80000005 returned=00000014 bytes=00000000010000000800000034003300A5A5A5A5A5A5A5A5A5A5A5A5A5A5A5A5A5A5A5A5A5A5A5A5A5A5A5A5A5A5A5A5A5A5A5A5A5A5A5A5A5A5A5A5A5A5A5A5
query pointer=8 name=OEMCP class=2 length=19 status=80000005 returned=00000014 bytes=00000000010000000800000034003300370000A5A5A5A5A5A5A5A5A5A5A5A5A5A5A5A5A5A5A5A5A5A5A5A5A5A5A5A5A5A5A5A5A5A5A5A5A5A5A5A5A5A5A5A5A5
query pointer=8 name=OEMCP class=2 length=20 status=00000000 returned=00000014 bytes=0000000001000000080000003400330037000000A5A5A5A5A5A5A5A5A5A5A5A5A5A5A5A5A5A5A5A5A5A5A5A5A5A5A5A5A5A5A5A5A5A5A5A5A5A5A5A5A5A5A5A5
query pointer=8 name=OEMCP class=2 length=21 status=00000000 returned=00000014 bytes=0000000001000000080000003400330037000000A5A5A5A5A5A5A5A5A5A5A5A5A5A5A5A5A5A5A5A5A5A5A5A5A5A5A5A5A5A5A5A5A5A5A5A5A5A5A5A5A5A5A5A5
query pointer=8 name=OEMCP class=2 length=22 status=00000000 returned=00000014 bytes=0000000001000000080000003400330037000000A5A5A5A5A5A5A5A5A5A5A5A5A5A5A5A5A5A5A5A5A5A5A5A5A5A5A5A5A5A5A5A5A5A5A5A5A5A5A5A5A5A5A5A5
query pointer=8 name=OEMCP class=2 length=23 status=00000000 returned=00000014 bytes=0000000001000000080000003400330037000000A5A5A5A5A5A5A5A5A5A5A5A5A5A5A5A5A5A5A5A5A5A5A5A5A5A5A5A5A5A5A5A5A5A5A5A5A5A5A5A5A5A5A5A5
query pointer=8 name=OEMCP class=2 length=24 status=00000000 returned=00000014 bytes=0000000001000000080000003400330037000000A5A5A5A5A5A5A5A5A5A5A5A5A5A5A5A5A5A5A5A5A5A5A5A5A5A5A5A5A5A5A5A5A5A5A5A5A5A5A5A5A5A5A5A5
query pointer=8 name=OEMCP class=2 length=32 status=00000000 returned=00000014 bytes=0000000001000000080000003400330037000000A5A5A5A5A5A5A5A5A5A5A5A5A5A5A5A5A5A5A5A5A5A5A5A5A5A5A5A5A5A5A5A5A5A5A5A5A5A5A5A5A5A5A5A5
query pointer=8 name=OEMCP class=2 length=64 status=00000000 returned=00000014 bytes=0000000001000000080000003400330037000000A5A5A5A5A5A5A5A5A5A5A5A5A5A5A5A5A5A5A5A5A5A5A5A5A5A5A5A5A5A5A5A5A5A5A5A5A5A5A5A5A5A5A5A5
query pointer=8 name=OEMCP class=2 length=128 status=00000000 returned=00000014 bytes=0000000001000000080000003400330037000000A5A5A5A5A5A5A5A5A5A5A5A5A5A5A5A5A5A5A5A5A5A5A5A5A5A5A5A5A5A5A5A5A5A5A5A5A5A5A5A5A5A5A5A5
query pointer=8 name=OEMCP class=3 length=0 status=C0000023 returned=00000028 bytes=A5A5A5A5A5A5A5A5A5A5A5A5A5A5A5A5A5A5A5A5A5A5A5A5A5A5A5A5A5A5A5A5A5A5A5A5A5A5A5A5A5A5A5A5A5A5A5A5A5A5A5A5A5A5A5A5A5A5A5A5A5A5A5A5
query pointer=8 name=OEMCP class=3 length=1 status=C0000023 returned=00000028 bytes=A5A5A5A5A5A5A5A5A5A5A5A5A5A5A5A5A5A5A5A5A5A5A5A5A5A5A5A5A5A5A5A5A5A5A5A5A5A5A5A5A5A5A5A5A5A5A5A5A5A5A5A5A5A5A5A5A5A5A5A5A5A5A5A5
query pointer=8 name=OEMCP class=3 length=4 status=C0000023 returned=00000028 bytes=A5A5A5A5A5A5A5A5A5A5A5A5A5A5A5A5A5A5A5A5A5A5A5A5A5A5A5A5A5A5A5A5A5A5A5A5A5A5A5A5A5A5A5A5A5A5A5A5A5A5A5A5A5A5A5A5A5A5A5A5A5A5A5A5
query pointer=8 name=OEMCP class=3 length=7 status=C0000023 returned=00000028 bytes=A5A5A5A5A5A5A5A5A5A5A5A5A5A5A5A5A5A5A5A5A5A5A5A5A5A5A5A5A5A5A5A5A5A5A5A5A5A5A5A5A5A5A5A5A5A5A5A5A5A5A5A5A5A5A5A5A5A5A5A5A5A5A5A5
query pointer=8 name=OEMCP class=3 length=8 status=C0000023 returned=00000028 bytes=A5A5A5A5A5A5A5A5A5A5A5A5A5A5A5A5A5A5A5A5A5A5A5A5A5A5A5A5A5A5A5A5A5A5A5A5A5A5A5A5A5A5A5A5A5A5A5A5A5A5A5A5A5A5A5A5A5A5A5A5A5A5A5A5
query pointer=8 name=OEMCP class=3 length=11 status=C0000023 returned=00000028 bytes=A5A5A5A5A5A5A5A5A5A5A5A5A5A5A5A5A5A5A5A5A5A5A5A5A5A5A5A5A5A5A5A5A5A5A5A5A5A5A5A5A5A5A5A5A5A5A5A5A5A5A5A5A5A5A5A5A5A5A5A5A5A5A5A5
query pointer=8 name=OEMCP class=3 length=12 status=C0000023 returned=00000028 bytes=A5A5A5A5A5A5A5A5A5A5A5A5A5A5A5A5A5A5A5A5A5A5A5A5A5A5A5A5A5A5A5A5A5A5A5A5A5A5A5A5A5A5A5A5A5A5A5A5A5A5A5A5A5A5A5A5A5A5A5A5A5A5A5A5
query pointer=8 name=OEMCP class=3 length=13 status=C0000023 returned=00000028 bytes=A5A5A5A5A5A5A5A5A5A5A5A5A5A5A5A5A5A5A5A5A5A5A5A5A5A5A5A5A5A5A5A5A5A5A5A5A5A5A5A5A5A5A5A5A5A5A5A5A5A5A5A5A5A5A5A5A5A5A5A5A5A5A5A5
query pointer=8 name=OEMCP class=3 length=16 status=C0000023 returned=00000028 bytes=A5A5A5A5A5A5A5A5A5A5A5A5A5A5A5A5A5A5A5A5A5A5A5A5A5A5A5A5A5A5A5A5A5A5A5A5A5A5A5A5A5A5A5A5A5A5A5A5A5A5A5A5A5A5A5A5A5A5A5A5A5A5A5A5
query pointer=8 name=OEMCP class=3 length=19 status=C0000023 returned=00000028 bytes=A5A5A5A5A5A5A5A5A5A5A5A5A5A5A5A5A5A5A5A5A5A5A5A5A5A5A5A5A5A5A5A5A5A5A5A5A5A5A5A5A5A5A5A5A5A5A5A5A5A5A5A5A5A5A5A5A5A5A5A5A5A5A5A5
query pointer=8 name=OEMCP class=3 length=20 status=80000005 returned=00000028 bytes=000000000100000020000000080000000A000000A5A5A5A5A5A5A5A5A5A5A5A5A5A5A5A5A5A5A5A5A5A5A5A5A5A5A5A5A5A5A5A5A5A5A5A5A5A5A5A5A5A5A5A5
query pointer=8 name=OEMCP class=3 length=21 status=80000005 returned=00000028 bytes=000000000100000020000000080000000A00000000A5A5A5A5A5A5A5A5A5A5A5A5A5A5A5A5A5A5A5A5A5A5A5A5A5A5A5A5A5A5A5A5A5A5A5A5A5A5A5A5A5A5A5
query pointer=8 name=OEMCP class=3 length=22 status=80000005 returned=00000028 bytes=000000000100000020000000080000000A0000004F00A5A5A5A5A5A5A5A5A5A5A5A5A5A5A5A5A5A5A5A5A5A5A5A5A5A5A5A5A5A5A5A5A5A5A5A5A5A5A5A5A5A5
query pointer=8 name=OEMCP class=3 length=23 status=80000005 returned=00000028 bytes=000000000100000020000000080000000A0000004F0000A5A5A5A5A5A5A5A5A5A5A5A5A5A5A5A5A5A5A5A5A5A5A5A5A5A5A5A5A5A5A5A5A5A5A5A5A5A5A5A5A5
query pointer=8 name=OEMCP class=3 length=24 status=80000005 returned=00000028 bytes=000000000100000020000000080000000A0000004F004500A5A5A5A5A5A5A5A5A5A5A5A5A5A5A5A5A5A5A5A5A5A5A5A5A5A5A5A5A5A5A5A5A5A5A5A5A5A5A5A5
query pointer=8 name=OEMCP class=3 length=32 status=80000005 returned=00000028 bytes=000000000100000020000000080000000A0000004F0045004D00430050000000A5A5A5A5A5A5A5A5A5A5A5A5A5A5A5A5A5A5A5A5A5A5A5A5A5A5A5A5A5A5A5A5
query pointer=8 name=OEMCP class=3 length=64 status=00000000 returned=00000028 bytes=000000000100000020000000080000000A0000004F0045004D004300500000003400330037000000A5A5A5A5A5A5A5A5A5A5A5A5A5A5A5A5A5A5A5A5A5A5A5A5
query pointer=8 name=OEMCP class=3 length=128 status=00000000 returned=00000028 bytes=000000000100000020000000080000000A0000004F0045004D004300500000003400330037000000A5A5A5A5A5A5A5A5A5A5A5A5A5A5A5A5A5A5A5A5A5A5A5A5
query pointer=8 name=OEMCP class=4 length=0 status=C0000023 returned=00000010 bytes=A5A5A5A5A5A5A5A5A5A5A5A5A5A5A5A5A5A5A5A5A5A5A5A5A5A5A5A5A5A5A5A5A5A5A5A5A5A5A5A5A5A5A5A5A5A5A5A5A5A5A5A5A5A5A5A5A5A5A5A5A5A5A5A5
query pointer=8 name=OEMCP class=4 length=1 status=C0000023 returned=00000010 bytes=A5A5A5A5A5A5A5A5A5A5A5A5A5A5A5A5A5A5A5A5A5A5A5A5A5A5A5A5A5A5A5A5A5A5A5A5A5A5A5A5A5A5A5A5A5A5A5A5A5A5A5A5A5A5A5A5A5A5A5A5A5A5A5A5
query pointer=8 name=OEMCP class=4 length=4 status=C0000023 returned=00000010 bytes=A5A5A5A5A5A5A5A5A5A5A5A5A5A5A5A5A5A5A5A5A5A5A5A5A5A5A5A5A5A5A5A5A5A5A5A5A5A5A5A5A5A5A5A5A5A5A5A5A5A5A5A5A5A5A5A5A5A5A5A5A5A5A5A5
query pointer=8 name=OEMCP class=4 length=7 status=C0000023 returned=00000010 bytes=A5A5A5A5A5A5A5A5A5A5A5A5A5A5A5A5A5A5A5A5A5A5A5A5A5A5A5A5A5A5A5A5A5A5A5A5A5A5A5A5A5A5A5A5A5A5A5A5A5A5A5A5A5A5A5A5A5A5A5A5A5A5A5A5
query pointer=8 name=OEMCP class=4 length=8 status=80000005 returned=00000010 bytes=0100000008000000A5A5A5A5A5A5A5A5A5A5A5A5A5A5A5A5A5A5A5A5A5A5A5A5A5A5A5A5A5A5A5A5A5A5A5A5A5A5A5A5A5A5A5A5A5A5A5A5A5A5A5A5A5A5A5A5
query pointer=8 name=OEMCP class=4 length=11 status=80000005 returned=00000010 bytes=0100000008000000340033A5A5A5A5A5A5A5A5A5A5A5A5A5A5A5A5A5A5A5A5A5A5A5A5A5A5A5A5A5A5A5A5A5A5A5A5A5A5A5A5A5A5A5A5A5A5A5A5A5A5A5A5A5
query pointer=8 name=OEMCP class=4 length=12 status=80000005 returned=00000010 bytes=010000000800000034003300A5A5A5A5A5A5A5A5A5A5A5A5A5A5A5A5A5A5A5A5A5A5A5A5A5A5A5A5A5A5A5A5A5A5A5A5A5A5A5A5A5A5A5A5A5A5A5A5A5A5A5A5
query pointer=8 name=OEMCP class=4 length=13 status=80000005 returned=00000010 bytes=01000000080000003400330037A5A5A5A5A5A5A5A5A5A5A5A5A5A5A5A5A5A5A5A5A5A5A5A5A5A5A5A5A5A5A5A5A5A5A5A5A5A5A5A5A5A5A5A5A5A5A5A5A5A5A5
query pointer=8 name=OEMCP class=4 length=16 status=00000000 returned=00000010 bytes=01000000080000003400330037000000A5A5A5A5A5A5A5A5A5A5A5A5A5A5A5A5A5A5A5A5A5A5A5A5A5A5A5A5A5A5A5A5A5A5A5A5A5A5A5A5A5A5A5A5A5A5A5A5
query pointer=8 name=OEMCP class=4 length=19 status=00000000 returned=00000010 bytes=01000000080000003400330037000000A5A5A5A5A5A5A5A5A5A5A5A5A5A5A5A5A5A5A5A5A5A5A5A5A5A5A5A5A5A5A5A5A5A5A5A5A5A5A5A5A5A5A5A5A5A5A5A5
query pointer=8 name=OEMCP class=4 length=20 status=00000000 returned=00000010 bytes=01000000080000003400330037000000A5A5A5A5A5A5A5A5A5A5A5A5A5A5A5A5A5A5A5A5A5A5A5A5A5A5A5A5A5A5A5A5A5A5A5A5A5A5A5A5A5A5A5A5A5A5A5A5
query pointer=8 name=OEMCP class=4 length=21 status=00000000 returned=00000010 bytes=01000000080000003400330037000000A5A5A5A5A5A5A5A5A5A5A5A5A5A5A5A5A5A5A5A5A5A5A5A5A5A5A5A5A5A5A5A5A5A5A5A5A5A5A5A5A5A5A5A5A5A5A5A5
query pointer=8 name=OEMCP class=4 length=22 status=00000000 returned=00000010 bytes=01000000080000003400330037000000A5A5A5A5A5A5A5A5A5A5A5A5A5A5A5A5A5A5A5A5A5A5A5A5A5A5A5A5A5A5A5A5A5A5A5A5A5A5A5A5A5A5A5A5A5A5A5A5
query pointer=8 name=OEMCP class=4 length=23 status=00000000 returned=00000010 bytes=01000000080000003400330037000000A5A5A5A5A5A5A5A5A5A5A5A5A5A5A5A5A5A5A5A5A5A5A5A5A5A5A5A5A5A5A5A5A5A5A5A5A5A5A5A5A5A5A5A5A5A5A5A5
query pointer=8 name=OEMCP class=4 length=24 status=00000000 returned=00000010 bytes=01000000080000003400330037000000A5A5A5A5A5A5A5A5A5A5A5A5A5A5A5A5A5A5A5A5A5A5A5A5A5A5A5A5A5A5A5A5A5A5A5A5A5A5A5A5A5A5A5A5A5A5A5A5
query pointer=8 name=OEMCP class=4 length=32 status=00000000 returned=00000010 bytes=01000000080000003400330037000000A5A5A5A5A5A5A5A5A5A5A5A5A5A5A5A5A5A5A5A5A5A5A5A5A5A5A5A5A5A5A5A5A5A5A5A5A5A5A5A5A5A5A5A5A5A5A5A5
query pointer=8 name=OEMCP class=4 length=64 status=00000000 returned=00000010 bytes=01000000080000003400330037000000A5A5A5A5A5A5A5A5A5A5A5A5A5A5A5A5A5A5A5A5A5A5A5A5A5A5A5A5A5A5A5A5A5A5A5A5A5A5A5A5A5A5A5A5A5A5A5A5
query pointer=8 name=OEMCP class=4 length=128 status=00000000 returned=00000010 bytes=01000000080000003400330037000000A5A5A5A5A5A5A5A5A5A5A5A5A5A5A5A5A5A5A5A5A5A5A5A5A5A5A5A5A5A5A5A5A5A5A5A5A5A5A5A5A5A5A5A5A5A5A5A5
query pointer=8 name=OEMCP class=5 length=0 status=C000000D returned=A5A5A5A5 bytes=A5A5A5A5A5A5A5A5A5A5A5A5A5A5A5A5A5A5A5A5A5A5A5A5A5A5A5A5A5A5A5A5A5A5A5A5A5A5A5A5A5A5A5A5A5A5A5A5A5A5A5A5A5A5A5A5A5A5A5A5A5A5A5A5
query pointer=8 name=OEMCP class=5 length=1 status=C000000D returned=A5A5A5A5 bytes=A5A5A5A5A5A5A5A5A5A5A5A5A5A5A5A5A5A5A5A5A5A5A5A5A5A5A5A5A5A5A5A5A5A5A5A5A5A5A5A5A5A5A5A5A5A5A5A5A5A5A5A5A5A5A5A5A5A5A5A5A5A5A5A5
query pointer=8 name=OEMCP class=5 length=4 status=C000000D returned=A5A5A5A5 bytes=A5A5A5A5A5A5A5A5A5A5A5A5A5A5A5A5A5A5A5A5A5A5A5A5A5A5A5A5A5A5A5A5A5A5A5A5A5A5A5A5A5A5A5A5A5A5A5A5A5A5A5A5A5A5A5A5A5A5A5A5A5A5A5A5
query pointer=8 name=OEMCP class=5 length=7 status=C000000D returned=A5A5A5A5 bytes=A5A5A5A5A5A5A5A5A5A5A5A5A5A5A5A5A5A5A5A5A5A5A5A5A5A5A5A5A5A5A5A5A5A5A5A5A5A5A5A5A5A5A5A5A5A5A5A5A5A5A5A5A5A5A5A5A5A5A5A5A5A5A5A5
query pointer=8 name=OEMCP class=5 length=8 status=C000000D returned=A5A5A5A5 bytes=A5A5A5A5A5A5A5A5A5A5A5A5A5A5A5A5A5A5A5A5A5A5A5A5A5A5A5A5A5A5A5A5A5A5A5A5A5A5A5A5A5A5A5A5A5A5A5A5A5A5A5A5A5A5A5A5A5A5A5A5A5A5A5A5
query pointer=8 name=OEMCP class=5 length=11 status=C000000D returned=A5A5A5A5 bytes=A5A5A5A5A5A5A5A5A5A5A5A5A5A5A5A5A5A5A5A5A5A5A5A5A5A5A5A5A5A5A5A5A5A5A5A5A5A5A5A5A5A5A5A5A5A5A5A5A5A5A5A5A5A5A5A5A5A5A5A5A5A5A5A5
query pointer=8 name=OEMCP class=5 length=12 status=C000000D returned=A5A5A5A5 bytes=A5A5A5A5A5A5A5A5A5A5A5A5A5A5A5A5A5A5A5A5A5A5A5A5A5A5A5A5A5A5A5A5A5A5A5A5A5A5A5A5A5A5A5A5A5A5A5A5A5A5A5A5A5A5A5A5A5A5A5A5A5A5A5A5
query pointer=8 name=OEMCP class=5 length=13 status=C000000D returned=A5A5A5A5 bytes=A5A5A5A5A5A5A5A5A5A5A5A5A5A5A5A5A5A5A5A5A5A5A5A5A5A5A5A5A5A5A5A5A5A5A5A5A5A5A5A5A5A5A5A5A5A5A5A5A5A5A5A5A5A5A5A5A5A5A5A5A5A5A5A5
query pointer=8 name=OEMCP class=5 length=16 status=C000000D returned=A5A5A5A5 bytes=A5A5A5A5A5A5A5A5A5A5A5A5A5A5A5A5A5A5A5A5A5A5A5A5A5A5A5A5A5A5A5A5A5A5A5A5A5A5A5A5A5A5A5A5A5A5A5A5A5A5A5A5A5A5A5A5A5A5A5A5A5A5A5A5
query pointer=8 name=OEMCP class=5 length=19 status=C000000D returned=A5A5A5A5 bytes=A5A5A5A5A5A5A5A5A5A5A5A5A5A5A5A5A5A5A5A5A5A5A5A5A5A5A5A5A5A5A5A5A5A5A5A5A5A5A5A5A5A5A5A5A5A5A5A5A5A5A5A5A5A5A5A5A5A5A5A5A5A5A5A5
query pointer=8 name=OEMCP class=5 length=20 status=C000000D returned=A5A5A5A5 bytes=A5A5A5A5A5A5A5A5A5A5A5A5A5A5A5A5A5A5A5A5A5A5A5A5A5A5A5A5A5A5A5A5A5A5A5A5A5A5A5A5A5A5A5A5A5A5A5A5A5A5A5A5A5A5A5A5A5A5A5A5A5A5A5A5
query pointer=8 name=OEMCP class=5 length=21 status=C000000D returned=A5A5A5A5 bytes=A5A5A5A5A5A5A5A5A5A5A5A5A5A5A5A5A5A5A5A5A5A5A5A5A5A5A5A5A5A5A5A5A5A5A5A5A5A5A5A5A5A5A5A5A5A5A5A5A5A5A5A5A5A5A5A5A5A5A5A5A5A5A5A5
query pointer=8 name=OEMCP class=5 length=22 status=C000000D returned=A5A5A5A5 bytes=A5A5A5A5A5A5A5A5A5A5A5A5A5A5A5A5A5A5A5A5A5A5A5A5A5A5A5A5A5A5A5A5A5A5A5A5A5A5A5A5A5A5A5A5A5A5A5A5A5A5A5A5A5A5A5A5A5A5A5A5A5A5A5A5
query pointer=8 name=OEMCP class=5 length=23 status=C000000D returned=A5A5A5A5 bytes=A5A5A5A5A5A5A5A5A5A5A5A5A5A5A5A5A5A5A5A5A5A5A5A5A5A5A5A5A5A5A5A5A5A5A5A5A5A5A5A5A5A5A5A5A5A5A5A5A5A5A5A5A5A5A5A5A5A5A5A5A5A5A5A5
query pointer=8 name=OEMCP class=5 length=24 status=C000000D returned=A5A5A5A5 bytes=A5A5A5A5A5A5A5A5A5A5A5A5A5A5A5A5A5A5A5A5A5A5A5A5A5A5A5A5A5A5A5A5A5A5A5A5A5A5A5A5A5A5A5A5A5A5A5A5A5A5A5A5A5A5A5A5A5A5A5A5A5A5A5A5
query pointer=8 name=OEMCP class=5 length=32 status=C000000D returned=A5A5A5A5 bytes=A5A5A5A5A5A5A5A5A5A5A5A5A5A5A5A5A5A5A5A5A5A5A5A5A5A5A5A5A5A5A5A5A5A5A5A5A5A5A5A5A5A5A5A5A5A5A5A5A5A5A5A5A5A5A5A5A5A5A5A5A5A5A5A5
query pointer=8 name=OEMCP class=5 length=64 status=C000000D returned=A5A5A5A5 bytes=A5A5A5A5A5A5A5A5A5A5A5A5A5A5A5A5A5A5A5A5A5A5A5A5A5A5A5A5A5A5A5A5A5A5A5A5A5A5A5A5A5A5A5A5A5A5A5A5A5A5A5A5A5A5A5A5A5A5A5A5A5A5A5A5
query pointer=8 name=OEMCP class=5 length=128 status=C000000D returned=A5A5A5A5 bytes=A5A5A5A5A5A5A5A5A5A5A5A5A5A5A5A5A5A5A5A5A5A5A5A5A5A5A5A5A5A5A5A5A5A5A5A5A5A5A5A5A5A5A5A5A5A5A5A5A5A5A5A5A5A5A5A5A5A5A5A5A5A5A5A5
query pointer=8 name=OEMCP class=4294967295 length=0 status=C000000D returned=A5A5A5A5 bytes=A5A5A5A5A5A5A5A5A5A5A5A5A5A5A5A5A5A5A5A5A5A5A5A5A5A5A5A5A5A5A5A5A5A5A5A5A5A5A5A5A5A5A5A5A5A5A5A5A5A5A5A5A5A5A5A5A5A5A5A5A5A5A5A5
query pointer=8 name=OEMCP class=4294967295 length=1 status=C000000D returned=A5A5A5A5 bytes=A5A5A5A5A5A5A5A5A5A5A5A5A5A5A5A5A5A5A5A5A5A5A5A5A5A5A5A5A5A5A5A5A5A5A5A5A5A5A5A5A5A5A5A5A5A5A5A5A5A5A5A5A5A5A5A5A5A5A5A5A5A5A5A5
query pointer=8 name=OEMCP class=4294967295 length=4 status=C000000D returned=A5A5A5A5 bytes=A5A5A5A5A5A5A5A5A5A5A5A5A5A5A5A5A5A5A5A5A5A5A5A5A5A5A5A5A5A5A5A5A5A5A5A5A5A5A5A5A5A5A5A5A5A5A5A5A5A5A5A5A5A5A5A5A5A5A5A5A5A5A5A5
query pointer=8 name=OEMCP class=4294967295 length=7 status=C000000D returned=A5A5A5A5 bytes=A5A5A5A5A5A5A5A5A5A5A5A5A5A5A5A5A5A5A5A5A5A5A5A5A5A5A5A5A5A5A5A5A5A5A5A5A5A5A5A5A5A5A5A5A5A5A5A5A5A5A5A5A5A5A5A5A5A5A5A5A5A5A5A5
query pointer=8 name=OEMCP class=4294967295 length=8 status=C000000D returned=A5A5A5A5 bytes=A5A5A5A5A5A5A5A5A5A5A5A5A5A5A5A5A5A5A5A5A5A5A5A5A5A5A5A5A5A5A5A5A5A5A5A5A5A5A5A5A5A5A5A5A5A5A5A5A5A5A5A5A5A5A5A5A5A5A5A5A5A5A5A5
query pointer=8 name=OEMCP class=4294967295 length=11 status=C000000D returned=A5A5A5A5 bytes=A5A5A5A5A5A5A5A5A5A5A5A5A5A5A5A5A5A5A5A5A5A5A5A5A5A5A5A5A5A5A5A5A5A5A5A5A5A5A5A5A5A5A5A5A5A5A5A5A5A5A5A5A5A5A5A5A5A5A5A5A5A5A5A5
query pointer=8 name=OEMCP class=4294967295 length=12 status=C000000D returned=A5A5A5A5 bytes=A5A5A5A5A5A5A5A5A5A5A5A5A5A5A5A5A5A5A5A5A5A5A5A5A5A5A5A5A5A5A5A5A5A5A5A5A5A5A5A5A5A5A5A5A5A5A5A5A5A5A5A5A5A5A5A5A5A5A5A5A5A5A5A5
query pointer=8 name=OEMCP class=4294967295 length=13 status=C000000D returned=A5A5A5A5 bytes=A5A5A5A5A5A5A5A5A5A5A5A5A5A5A5A5A5A5A5A5A5A5A5A5A5A5A5A5A5A5A5A5A5A5A5A5A5A5A5A5A5A5A5A5A5A5A5A5A5A5A5A5A5A5A5A5A5A5A5A5A5A5A5A5
query pointer=8 name=OEMCP class=4294967295 length=16 status=C000000D returned=A5A5A5A5 bytes=A5A5A5A5A5A5A5A5A5A5A5A5A5A5A5A5A5A5A5A5A5A5A5A5A5A5A5A5A5A5A5A5A5A5A5A5A5A5A5A5A5A5A5A5A5A5A5A5A5A5A5A5A5A5A5A5A5A5A5A5A5A5A5A5
query pointer=8 name=OEMCP class=4294967295 length=19 status=C000000D returned=A5A5A5A5 bytes=A5A5A5A5A5A5A5A5A5A5A5A5A5A5A5A5A5A5A5A5A5A5A5A5A5A5A5A5A5A5A5A5A5A5A5A5A5A5A5A5A5A5A5A5A5A5A5A5A5A5A5A5A5A5A5A5A5A5A5A5A5A5A5A5
query pointer=8 name=OEMCP class=4294967295 length=20 status=C000000D returned=A5A5A5A5 bytes=A5A5A5A5A5A5A5A5A5A5A5A5A5A5A5A5A5A5A5A5A5A5A5A5A5A5A5A5A5A5A5A5A5A5A5A5A5A5A5A5A5A5A5A5A5A5A5A5A5A5A5A5A5A5A5A5A5A5A5A5A5A5A5A5
query pointer=8 name=OEMCP class=4294967295 length=21 status=C000000D returned=A5A5A5A5 bytes=A5A5A5A5A5A5A5A5A5A5A5A5A5A5A5A5A5A5A5A5A5A5A5A5A5A5A5A5A5A5A5A5A5A5A5A5A5A5A5A5A5A5A5A5A5A5A5A5A5A5A5A5A5A5A5A5A5A5A5A5A5A5A5A5
query pointer=8 name=OEMCP class=4294967295 length=22 status=C000000D returned=A5A5A5A5 bytes=A5A5A5A5A5A5A5A5A5A5A5A5A5A5A5A5A5A5A5A5A5A5A5A5A5A5A5A5A5A5A5A5A5A5A5A5A5A5A5A5A5A5A5A5A5A5A5A5A5A5A5A5A5A5A5A5A5A5A5A5A5A5A5A5
query pointer=8 name=OEMCP class=4294967295 length=23 status=C000000D returned=A5A5A5A5 bytes=A5A5A5A5A5A5A5A5A5A5A5A5A5A5A5A5A5A5A5A5A5A5A5A5A5A5A5A5A5A5A5A5A5A5A5A5A5A5A5A5A5A5A5A5A5A5A5A5A5A5A5A5A5A5A5A5A5A5A5A5A5A5A5A5
query pointer=8 name=OEMCP class=4294967295 length=24 status=C000000D returned=A5A5A5A5 bytes=A5A5A5A5A5A5A5A5A5A5A5A5A5A5A5A5A5A5A5A5A5A5A5A5A5A5A5A5A5A5A5A5A5A5A5A5A5A5A5A5A5A5A5A5A5A5A5A5A5A5A5A5A5A5A5A5A5A5A5A5A5A5A5A5
query pointer=8 name=OEMCP class=4294967295 length=32 status=C000000D returned=A5A5A5A5 bytes=A5A5A5A5A5A5A5A5A5A5A5A5A5A5A5A5A5A5A5A5A5A5A5A5A5A5A5A5A5A5A5A5A5A5A5A5A5A5A5A5A5A5A5A5A5A5A5A5A5A5A5A5A5A5A5A5A5A5A5A5A5A5A5A5
query pointer=8 name=OEMCP class=4294967295 length=64 status=C000000D returned=A5A5A5A5 bytes=A5A5A5A5A5A5A5A5A5A5A5A5A5A5A5A5A5A5A5A5A5A5A5A5A5A5A5A5A5A5A5A5A5A5A5A5A5A5A5A5A5A5A5A5A5A5A5A5A5A5A5A5A5A5A5A5A5A5A5A5A5A5A5A5
query pointer=8 name=OEMCP class=4294967295 length=128 status=C000000D returned=A5A5A5A5 bytes=A5A5A5A5A5A5A5A5A5A5A5A5A5A5A5A5A5A5A5A5A5A5A5A5A5A5A5A5A5A5A5A5A5A5A5A5A5A5A5A5A5A5A5A5A5A5A5A5A5A5A5A5A5A5A5A5A5A5A5A5A5A5A5A5
query pointer=8 name=MACCP class=0 length=0 status=C0000023 returned=00000016 bytes=A5A5A5A5A5A5A5A5A5A5A5A5A5A5A5A5A5A5A5A5A5A5A5A5A5A5A5A5A5A5A5A5A5A5A5A5A5A5A5A5A5A5A5A5A5A5A5A5A5A5A5A5A5A5A5A5A5A5A5A5A5A5A5A5
query pointer=8 name=MACCP class=0 length=1 status=C0000023 returned=00000016 bytes=A5A5A5A5A5A5A5A5A5A5A5A5A5A5A5A5A5A5A5A5A5A5A5A5A5A5A5A5A5A5A5A5A5A5A5A5A5A5A5A5A5A5A5A5A5A5A5A5A5A5A5A5A5A5A5A5A5A5A5A5A5A5A5A5
query pointer=8 name=MACCP class=0 length=4 status=C0000023 returned=00000016 bytes=A5A5A5A5A5A5A5A5A5A5A5A5A5A5A5A5A5A5A5A5A5A5A5A5A5A5A5A5A5A5A5A5A5A5A5A5A5A5A5A5A5A5A5A5A5A5A5A5A5A5A5A5A5A5A5A5A5A5A5A5A5A5A5A5
query pointer=8 name=MACCP class=0 length=7 status=C0000023 returned=00000016 bytes=A5A5A5A5A5A5A5A5A5A5A5A5A5A5A5A5A5A5A5A5A5A5A5A5A5A5A5A5A5A5A5A5A5A5A5A5A5A5A5A5A5A5A5A5A5A5A5A5A5A5A5A5A5A5A5A5A5A5A5A5A5A5A5A5
query pointer=8 name=MACCP class=0 length=8 status=C0000023 returned=00000016 bytes=A5A5A5A5A5A5A5A5A5A5A5A5A5A5A5A5A5A5A5A5A5A5A5A5A5A5A5A5A5A5A5A5A5A5A5A5A5A5A5A5A5A5A5A5A5A5A5A5A5A5A5A5A5A5A5A5A5A5A5A5A5A5A5A5
query pointer=8 name=MACCP class=0 length=11 status=C0000023 returned=00000016 bytes=A5A5A5A5A5A5A5A5A5A5A5A5A5A5A5A5A5A5A5A5A5A5A5A5A5A5A5A5A5A5A5A5A5A5A5A5A5A5A5A5A5A5A5A5A5A5A5A5A5A5A5A5A5A5A5A5A5A5A5A5A5A5A5A5
query pointer=8 name=MACCP class=0 length=12 status=80000005 returned=00000016 bytes=00000000010000000A000000A5A5A5A5A5A5A5A5A5A5A5A5A5A5A5A5A5A5A5A5A5A5A5A5A5A5A5A5A5A5A5A5A5A5A5A5A5A5A5A5A5A5A5A5A5A5A5A5A5A5A5A5
query pointer=8 name=MACCP class=0 length=13 status=80000005 returned=00000016 bytes=00000000010000000A00000000A5A5A5A5A5A5A5A5A5A5A5A5A5A5A5A5A5A5A5A5A5A5A5A5A5A5A5A5A5A5A5A5A5A5A5A5A5A5A5A5A5A5A5A5A5A5A5A5A5A5A5
query pointer=8 name=MACCP class=0 length=16 status=80000005 returned=00000016 bytes=00000000010000000A0000004D004100A5A5A5A5A5A5A5A5A5A5A5A5A5A5A5A5A5A5A5A5A5A5A5A5A5A5A5A5A5A5A5A5A5A5A5A5A5A5A5A5A5A5A5A5A5A5A5A5
query pointer=8 name=MACCP class=0 length=19 status=80000005 returned=00000016 bytes=00000000010000000A0000004D004100430000A5A5A5A5A5A5A5A5A5A5A5A5A5A5A5A5A5A5A5A5A5A5A5A5A5A5A5A5A5A5A5A5A5A5A5A5A5A5A5A5A5A5A5A5A5
query pointer=8 name=MACCP class=0 length=20 status=80000005 returned=00000016 bytes=00000000010000000A0000004D00410043004300A5A5A5A5A5A5A5A5A5A5A5A5A5A5A5A5A5A5A5A5A5A5A5A5A5A5A5A5A5A5A5A5A5A5A5A5A5A5A5A5A5A5A5A5
query pointer=8 name=MACCP class=0 length=21 status=80000005 returned=00000016 bytes=00000000010000000A0000004D0041004300430000A5A5A5A5A5A5A5A5A5A5A5A5A5A5A5A5A5A5A5A5A5A5A5A5A5A5A5A5A5A5A5A5A5A5A5A5A5A5A5A5A5A5A5
query pointer=8 name=MACCP class=0 length=22 status=00000000 returned=00000016 bytes=00000000010000000A0000004D004100430043005000A5A5A5A5A5A5A5A5A5A5A5A5A5A5A5A5A5A5A5A5A5A5A5A5A5A5A5A5A5A5A5A5A5A5A5A5A5A5A5A5A5A5
query pointer=8 name=MACCP class=0 length=23 status=00000000 returned=00000016 bytes=00000000010000000A0000004D004100430043005000A5A5A5A5A5A5A5A5A5A5A5A5A5A5A5A5A5A5A5A5A5A5A5A5A5A5A5A5A5A5A5A5A5A5A5A5A5A5A5A5A5A5
query pointer=8 name=MACCP class=0 length=24 status=00000000 returned=00000016 bytes=00000000010000000A0000004D004100430043005000A5A5A5A5A5A5A5A5A5A5A5A5A5A5A5A5A5A5A5A5A5A5A5A5A5A5A5A5A5A5A5A5A5A5A5A5A5A5A5A5A5A5
query pointer=8 name=MACCP class=0 length=32 status=00000000 returned=00000016 bytes=00000000010000000A0000004D004100430043005000A5A5A5A5A5A5A5A5A5A5A5A5A5A5A5A5A5A5A5A5A5A5A5A5A5A5A5A5A5A5A5A5A5A5A5A5A5A5A5A5A5A5
query pointer=8 name=MACCP class=0 length=64 status=00000000 returned=00000016 bytes=00000000010000000A0000004D004100430043005000A5A5A5A5A5A5A5A5A5A5A5A5A5A5A5A5A5A5A5A5A5A5A5A5A5A5A5A5A5A5A5A5A5A5A5A5A5A5A5A5A5A5
query pointer=8 name=MACCP class=0 length=128 status=00000000 returned=00000016 bytes=00000000010000000A0000004D004100430043005000A5A5A5A5A5A5A5A5A5A5A5A5A5A5A5A5A5A5A5A5A5A5A5A5A5A5A5A5A5A5A5A5A5A5A5A5A5A5A5A5A5A5
query pointer=8 name=MACCP class=1 length=0 status=C0000023 returned=0000002C bytes=A5A5A5A5A5A5A5A5A5A5A5A5A5A5A5A5A5A5A5A5A5A5A5A5A5A5A5A5A5A5A5A5A5A5A5A5A5A5A5A5A5A5A5A5A5A5A5A5A5A5A5A5A5A5A5A5A5A5A5A5A5A5A5A5
query pointer=8 name=MACCP class=1 length=1 status=C0000023 returned=0000002C bytes=A5A5A5A5A5A5A5A5A5A5A5A5A5A5A5A5A5A5A5A5A5A5A5A5A5A5A5A5A5A5A5A5A5A5A5A5A5A5A5A5A5A5A5A5A5A5A5A5A5A5A5A5A5A5A5A5A5A5A5A5A5A5A5A5
query pointer=8 name=MACCP class=1 length=4 status=C0000023 returned=0000002C bytes=A5A5A5A5A5A5A5A5A5A5A5A5A5A5A5A5A5A5A5A5A5A5A5A5A5A5A5A5A5A5A5A5A5A5A5A5A5A5A5A5A5A5A5A5A5A5A5A5A5A5A5A5A5A5A5A5A5A5A5A5A5A5A5A5
query pointer=8 name=MACCP class=1 length=7 status=C0000023 returned=0000002C bytes=A5A5A5A5A5A5A5A5A5A5A5A5A5A5A5A5A5A5A5A5A5A5A5A5A5A5A5A5A5A5A5A5A5A5A5A5A5A5A5A5A5A5A5A5A5A5A5A5A5A5A5A5A5A5A5A5A5A5A5A5A5A5A5A5
query pointer=8 name=MACCP class=1 length=8 status=C0000023 returned=0000002C bytes=A5A5A5A5A5A5A5A5A5A5A5A5A5A5A5A5A5A5A5A5A5A5A5A5A5A5A5A5A5A5A5A5A5A5A5A5A5A5A5A5A5A5A5A5A5A5A5A5A5A5A5A5A5A5A5A5A5A5A5A5A5A5A5A5
query pointer=8 name=MACCP class=1 length=11 status=C0000023 returned=0000002C bytes=A5A5A5A5A5A5A5A5A5A5A5A5A5A5A5A5A5A5A5A5A5A5A5A5A5A5A5A5A5A5A5A5A5A5A5A5A5A5A5A5A5A5A5A5A5A5A5A5A5A5A5A5A5A5A5A5A5A5A5A5A5A5A5A5
query pointer=8 name=MACCP class=1 length=12 status=C0000023 returned=0000002C bytes=A5A5A5A5A5A5A5A5A5A5A5A5A5A5A5A5A5A5A5A5A5A5A5A5A5A5A5A5A5A5A5A5A5A5A5A5A5A5A5A5A5A5A5A5A5A5A5A5A5A5A5A5A5A5A5A5A5A5A5A5A5A5A5A5
query pointer=8 name=MACCP class=1 length=13 status=C0000023 returned=0000002C bytes=A5A5A5A5A5A5A5A5A5A5A5A5A5A5A5A5A5A5A5A5A5A5A5A5A5A5A5A5A5A5A5A5A5A5A5A5A5A5A5A5A5A5A5A5A5A5A5A5A5A5A5A5A5A5A5A5A5A5A5A5A5A5A5A5
query pointer=8 name=MACCP class=1 length=16 status=C0000023 returned=0000002C bytes=A5A5A5A5A5A5A5A5A5A5A5A5A5A5A5A5A5A5A5A5A5A5A5A5A5A5A5A5A5A5A5A5A5A5A5A5A5A5A5A5A5A5A5A5A5A5A5A5A5A5A5A5A5A5A5A5A5A5A5A5A5A5A5A5
query pointer=8 name=MACCP class=1 length=19 status=C0000023 returned=0000002C bytes=A5A5A5A5A5A5A5A5A5A5A5A5A5A5A5A5A5A5A5A5A5A5A5A5A5A5A5A5A5A5A5A5A5A5A5A5A5A5A5A5A5A5A5A5A5A5A5A5A5A5A5A5A5A5A5A5A5A5A5A5A5A5A5A5
query pointer=8 name=MACCP class=1 length=20 status=80000005 returned=0000002C bytes=0000000001000000200000000C0000000A000000A5A5A5A5A5A5A5A5A5A5A5A5A5A5A5A5A5A5A5A5A5A5A5A5A5A5A5A5A5A5A5A5A5A5A5A5A5A5A5A5A5A5A5A5
query pointer=8 name=MACCP class=1 length=21 status=80000005 returned=0000002C bytes=0000000001000000200000000C0000000A00000000A5A5A5A5A5A5A5A5A5A5A5A5A5A5A5A5A5A5A5A5A5A5A5A5A5A5A5A5A5A5A5A5A5A5A5A5A5A5A5A5A5A5A5
query pointer=8 name=MACCP class=1 length=22 status=80000005 returned=0000002C bytes=0000000001000000200000000C0000000A0000004D00A5A5A5A5A5A5A5A5A5A5A5A5A5A5A5A5A5A5A5A5A5A5A5A5A5A5A5A5A5A5A5A5A5A5A5A5A5A5A5A5A5A5
query pointer=8 name=MACCP class=1 length=23 status=80000005 returned=0000002C bytes=0000000001000000200000000C0000000A0000004D0000A5A5A5A5A5A5A5A5A5A5A5A5A5A5A5A5A5A5A5A5A5A5A5A5A5A5A5A5A5A5A5A5A5A5A5A5A5A5A5A5A5
query pointer=8 name=MACCP class=1 length=24 status=80000005 returned=0000002C bytes=0000000001000000200000000C0000000A0000004D004100A5A5A5A5A5A5A5A5A5A5A5A5A5A5A5A5A5A5A5A5A5A5A5A5A5A5A5A5A5A5A5A5A5A5A5A5A5A5A5A5
query pointer=8 name=MACCP class=1 length=32 status=80000005 returned=0000002C bytes=0000000001000000200000000C0000000A0000004D0041004300430050000000A5A5A5A5A5A5A5A5A5A5A5A5A5A5A5A5A5A5A5A5A5A5A5A5A5A5A5A5A5A5A5A5
query pointer=8 name=MACCP class=1 length=64 status=00000000 returned=0000002C bytes=0000000001000000200000000C0000000A0000004D0041004300430050000000310030003000300030000000A5A5A5A5A5A5A5A5A5A5A5A5A5A5A5A5A5A5A5A5
query pointer=8 name=MACCP class=1 length=128 status=00000000 returned=0000002C bytes=0000000001000000200000000C0000000A0000004D0041004300430050000000310030003000300030000000A5A5A5A5A5A5A5A5A5A5A5A5A5A5A5A5A5A5A5A5
query pointer=8 name=MACCP class=2 length=0 status=C0000023 returned=00000018 bytes=A5A5A5A5A5A5A5A5A5A5A5A5A5A5A5A5A5A5A5A5A5A5A5A5A5A5A5A5A5A5A5A5A5A5A5A5A5A5A5A5A5A5A5A5A5A5A5A5A5A5A5A5A5A5A5A5A5A5A5A5A5A5A5A5
query pointer=8 name=MACCP class=2 length=1 status=C0000023 returned=00000018 bytes=A5A5A5A5A5A5A5A5A5A5A5A5A5A5A5A5A5A5A5A5A5A5A5A5A5A5A5A5A5A5A5A5A5A5A5A5A5A5A5A5A5A5A5A5A5A5A5A5A5A5A5A5A5A5A5A5A5A5A5A5A5A5A5A5
query pointer=8 name=MACCP class=2 length=4 status=C0000023 returned=00000018 bytes=A5A5A5A5A5A5A5A5A5A5A5A5A5A5A5A5A5A5A5A5A5A5A5A5A5A5A5A5A5A5A5A5A5A5A5A5A5A5A5A5A5A5A5A5A5A5A5A5A5A5A5A5A5A5A5A5A5A5A5A5A5A5A5A5
query pointer=8 name=MACCP class=2 length=7 status=C0000023 returned=00000018 bytes=A5A5A5A5A5A5A5A5A5A5A5A5A5A5A5A5A5A5A5A5A5A5A5A5A5A5A5A5A5A5A5A5A5A5A5A5A5A5A5A5A5A5A5A5A5A5A5A5A5A5A5A5A5A5A5A5A5A5A5A5A5A5A5A5
query pointer=8 name=MACCP class=2 length=8 status=C0000023 returned=00000018 bytes=A5A5A5A5A5A5A5A5A5A5A5A5A5A5A5A5A5A5A5A5A5A5A5A5A5A5A5A5A5A5A5A5A5A5A5A5A5A5A5A5A5A5A5A5A5A5A5A5A5A5A5A5A5A5A5A5A5A5A5A5A5A5A5A5
query pointer=8 name=MACCP class=2 length=11 status=C0000023 returned=00000018 bytes=A5A5A5A5A5A5A5A5A5A5A5A5A5A5A5A5A5A5A5A5A5A5A5A5A5A5A5A5A5A5A5A5A5A5A5A5A5A5A5A5A5A5A5A5A5A5A5A5A5A5A5A5A5A5A5A5A5A5A5A5A5A5A5A5
query pointer=8 name=MACCP class=2 length=12 status=80000005 returned=00000018 bytes=00000000010000000C000000A5A5A5A5A5A5A5A5A5A5A5A5A5A5A5A5A5A5A5A5A5A5A5A5A5A5A5A5A5A5A5A5A5A5A5A5A5A5A5A5A5A5A5A5A5A5A5A5A5A5A5A5
query pointer=8 name=MACCP class=2 length=13 status=80000005 returned=00000018 bytes=00000000010000000C00000031A5A5A5A5A5A5A5A5A5A5A5A5A5A5A5A5A5A5A5A5A5A5A5A5A5A5A5A5A5A5A5A5A5A5A5A5A5A5A5A5A5A5A5A5A5A5A5A5A5A5A5
query pointer=8 name=MACCP class=2 length=16 status=80000005 returned=00000018 bytes=00000000010000000C00000031003000A5A5A5A5A5A5A5A5A5A5A5A5A5A5A5A5A5A5A5A5A5A5A5A5A5A5A5A5A5A5A5A5A5A5A5A5A5A5A5A5A5A5A5A5A5A5A5A5
query pointer=8 name=MACCP class=2 length=19 status=80000005 returned=00000018 bytes=00000000010000000C00000031003000300030A5A5A5A5A5A5A5A5A5A5A5A5A5A5A5A5A5A5A5A5A5A5A5A5A5A5A5A5A5A5A5A5A5A5A5A5A5A5A5A5A5A5A5A5A5
query pointer=8 name=MACCP class=2 length=20 status=80000005 returned=00000018 bytes=00000000010000000C0000003100300030003000A5A5A5A5A5A5A5A5A5A5A5A5A5A5A5A5A5A5A5A5A5A5A5A5A5A5A5A5A5A5A5A5A5A5A5A5A5A5A5A5A5A5A5A5
query pointer=8 name=MACCP class=2 length=21 status=80000005 returned=00000018 bytes=00000000010000000C000000310030003000300030A5A5A5A5A5A5A5A5A5A5A5A5A5A5A5A5A5A5A5A5A5A5A5A5A5A5A5A5A5A5A5A5A5A5A5A5A5A5A5A5A5A5A5
query pointer=8 name=MACCP class=2 length=22 status=80000005 returned=00000018 bytes=00000000010000000C00000031003000300030003000A5A5A5A5A5A5A5A5A5A5A5A5A5A5A5A5A5A5A5A5A5A5A5A5A5A5A5A5A5A5A5A5A5A5A5A5A5A5A5A5A5A5
query pointer=8 name=MACCP class=2 length=23 status=80000005 returned=00000018 bytes=00000000010000000C0000003100300030003000300000A5A5A5A5A5A5A5A5A5A5A5A5A5A5A5A5A5A5A5A5A5A5A5A5A5A5A5A5A5A5A5A5A5A5A5A5A5A5A5A5A5
query pointer=8 name=MACCP class=2 length=24 status=00000000 returned=00000018 bytes=00000000010000000C000000310030003000300030000000A5A5A5A5A5A5A5A5A5A5A5A5A5A5A5A5A5A5A5A5A5A5A5A5A5A5A5A5A5A5A5A5A5A5A5A5A5A5A5A5
query pointer=8 name=MACCP class=2 length=32 status=00000000 returned=00000018 bytes=00000000010000000C000000310030003000300030000000A5A5A5A5A5A5A5A5A5A5A5A5A5A5A5A5A5A5A5A5A5A5A5A5A5A5A5A5A5A5A5A5A5A5A5A5A5A5A5A5
query pointer=8 name=MACCP class=2 length=64 status=00000000 returned=00000018 bytes=00000000010000000C000000310030003000300030000000A5A5A5A5A5A5A5A5A5A5A5A5A5A5A5A5A5A5A5A5A5A5A5A5A5A5A5A5A5A5A5A5A5A5A5A5A5A5A5A5
query pointer=8 name=MACCP class=2 length=128 status=00000000 returned=00000018 bytes=00000000010000000C000000310030003000300030000000A5A5A5A5A5A5A5A5A5A5A5A5A5A5A5A5A5A5A5A5A5A5A5A5A5A5A5A5A5A5A5A5A5A5A5A5A5A5A5A5
query pointer=8 name=MACCP class=3 length=0 status=C0000023 returned=0000002C bytes=A5A5A5A5A5A5A5A5A5A5A5A5A5A5A5A5A5A5A5A5A5A5A5A5A5A5A5A5A5A5A5A5A5A5A5A5A5A5A5A5A5A5A5A5A5A5A5A5A5A5A5A5A5A5A5A5A5A5A5A5A5A5A5A5
query pointer=8 name=MACCP class=3 length=1 status=C0000023 returned=0000002C bytes=A5A5A5A5A5A5A5A5A5A5A5A5A5A5A5A5A5A5A5A5A5A5A5A5A5A5A5A5A5A5A5A5A5A5A5A5A5A5A5A5A5A5A5A5A5A5A5A5A5A5A5A5A5A5A5A5A5A5A5A5A5A5A5A5
query pointer=8 name=MACCP class=3 length=4 status=C0000023 returned=0000002C bytes=A5A5A5A5A5A5A5A5A5A5A5A5A5A5A5A5A5A5A5A5A5A5A5A5A5A5A5A5A5A5A5A5A5A5A5A5A5A5A5A5A5A5A5A5A5A5A5A5A5A5A5A5A5A5A5A5A5A5A5A5A5A5A5A5
query pointer=8 name=MACCP class=3 length=7 status=C0000023 returned=0000002C bytes=A5A5A5A5A5A5A5A5A5A5A5A5A5A5A5A5A5A5A5A5A5A5A5A5A5A5A5A5A5A5A5A5A5A5A5A5A5A5A5A5A5A5A5A5A5A5A5A5A5A5A5A5A5A5A5A5A5A5A5A5A5A5A5A5
query pointer=8 name=MACCP class=3 length=8 status=C0000023 returned=0000002C bytes=A5A5A5A5A5A5A5A5A5A5A5A5A5A5A5A5A5A5A5A5A5A5A5A5A5A5A5A5A5A5A5A5A5A5A5A5A5A5A5A5A5A5A5A5A5A5A5A5A5A5A5A5A5A5A5A5A5A5A5A5A5A5A5A5
query pointer=8 name=MACCP class=3 length=11 status=C0000023 returned=0000002C bytes=A5A5A5A5A5A5A5A5A5A5A5A5A5A5A5A5A5A5A5A5A5A5A5A5A5A5A5A5A5A5A5A5A5A5A5A5A5A5A5A5A5A5A5A5A5A5A5A5A5A5A5A5A5A5A5A5A5A5A5A5A5A5A5A5
query pointer=8 name=MACCP class=3 length=12 status=C0000023 returned=0000002C bytes=A5A5A5A5A5A5A5A5A5A5A5A5A5A5A5A5A5A5A5A5A5A5A5A5A5A5A5A5A5A5A5A5A5A5A5A5A5A5A5A5A5A5A5A5A5A5A5A5A5A5A5A5A5A5A5A5A5A5A5A5A5A5A5A5
query pointer=8 name=MACCP class=3 length=13 status=C0000023 returned=0000002C bytes=A5A5A5A5A5A5A5A5A5A5A5A5A5A5A5A5A5A5A5A5A5A5A5A5A5A5A5A5A5A5A5A5A5A5A5A5A5A5A5A5A5A5A5A5A5A5A5A5A5A5A5A5A5A5A5A5A5A5A5A5A5A5A5A5
query pointer=8 name=MACCP class=3 length=16 status=C0000023 returned=0000002C bytes=A5A5A5A5A5A5A5A5A5A5A5A5A5A5A5A5A5A5A5A5A5A5A5A5A5A5A5A5A5A5A5A5A5A5A5A5A5A5A5A5A5A5A5A5A5A5A5A5A5A5A5A5A5A5A5A5A5A5A5A5A5A5A5A5
query pointer=8 name=MACCP class=3 length=19 status=C0000023 returned=0000002C bytes=A5A5A5A5A5A5A5A5A5A5A5A5A5A5A5A5A5A5A5A5A5A5A5A5A5A5A5A5A5A5A5A5A5A5A5A5A5A5A5A5A5A5A5A5A5A5A5A5A5A5A5A5A5A5A5A5A5A5A5A5A5A5A5A5
query pointer=8 name=MACCP class=3 length=20 status=80000005 returned=0000002C bytes=0000000001000000200000000C0000000A000000A5A5A5A5A5A5A5A5A5A5A5A5A5A5A5A5A5A5A5A5A5A5A5A5A5A5A5A5A5A5A5A5A5A5A5A5A5A5A5A5A5A5A5A5
query pointer=8 name=MACCP class=3 length=21 status=80000005 returned=0000002C bytes=0000000001000000200000000C0000000A00000000A5A5A5A5A5A5A5A5A5A5A5A5A5A5A5A5A5A5A5A5A5A5A5A5A5A5A5A5A5A5A5A5A5A5A5A5A5A5A5A5A5A5A5
query pointer=8 name=MACCP class=3 length=22 status=80000005 returned=0000002C bytes=0000000001000000200000000C0000000A0000004D00A5A5A5A5A5A5A5A5A5A5A5A5A5A5A5A5A5A5A5A5A5A5A5A5A5A5A5A5A5A5A5A5A5A5A5A5A5A5A5A5A5A5
query pointer=8 name=MACCP class=3 length=23 status=80000005 returned=0000002C bytes=0000000001000000200000000C0000000A0000004D0000A5A5A5A5A5A5A5A5A5A5A5A5A5A5A5A5A5A5A5A5A5A5A5A5A5A5A5A5A5A5A5A5A5A5A5A5A5A5A5A5A5
query pointer=8 name=MACCP class=3 length=24 status=80000005 returned=0000002C bytes=0000000001000000200000000C0000000A0000004D004100A5A5A5A5A5A5A5A5A5A5A5A5A5A5A5A5A5A5A5A5A5A5A5A5A5A5A5A5A5A5A5A5A5A5A5A5A5A5A5A5
query pointer=8 name=MACCP class=3 length=32 status=80000005 returned=0000002C bytes=0000000001000000200000000C0000000A0000004D0041004300430050000000A5A5A5A5A5A5A5A5A5A5A5A5A5A5A5A5A5A5A5A5A5A5A5A5A5A5A5A5A5A5A5A5
query pointer=8 name=MACCP class=3 length=64 status=00000000 returned=0000002C bytes=0000000001000000200000000C0000000A0000004D0041004300430050000000310030003000300030000000A5A5A5A5A5A5A5A5A5A5A5A5A5A5A5A5A5A5A5A5
query pointer=8 name=MACCP class=3 length=128 status=00000000 returned=0000002C bytes=0000000001000000200000000C0000000A0000004D0041004300430050000000310030003000300030000000A5A5A5A5A5A5A5A5A5A5A5A5A5A5A5A5A5A5A5A5
query pointer=8 name=MACCP class=4 length=0 status=C0000023 returned=00000014 bytes=A5A5A5A5A5A5A5A5A5A5A5A5A5A5A5A5A5A5A5A5A5A5A5A5A5A5A5A5A5A5A5A5A5A5A5A5A5A5A5A5A5A5A5A5A5A5A5A5A5A5A5A5A5A5A5A5A5A5A5A5A5A5A5A5
query pointer=8 name=MACCP class=4 length=1 status=C0000023 returned=00000014 bytes=A5A5A5A5A5A5A5A5A5A5A5A5A5A5A5A5A5A5A5A5A5A5A5A5A5A5A5A5A5A5A5A5A5A5A5A5A5A5A5A5A5A5A5A5A5A5A5A5A5A5A5A5A5A5A5A5A5A5A5A5A5A5A5A5
query pointer=8 name=MACCP class=4 length=4 status=C0000023 returned=00000014 bytes=A5A5A5A5A5A5A5A5A5A5A5A5A5A5A5A5A5A5A5A5A5A5A5A5A5A5A5A5A5A5A5A5A5A5A5A5A5A5A5A5A5A5A5A5A5A5A5A5A5A5A5A5A5A5A5A5A5A5A5A5A5A5A5A5
query pointer=8 name=MACCP class=4 length=7 status=C0000023 returned=00000014 bytes=A5A5A5A5A5A5A5A5A5A5A5A5A5A5A5A5A5A5A5A5A5A5A5A5A5A5A5A5A5A5A5A5A5A5A5A5A5A5A5A5A5A5A5A5A5A5A5A5A5A5A5A5A5A5A5A5A5A5A5A5A5A5A5A5
query pointer=8 name=MACCP class=4 length=8 status=80000005 returned=00000014 bytes=010000000C000000A5A5A5A5A5A5A5A5A5A5A5A5A5A5A5A5A5A5A5A5A5A5A5A5A5A5A5A5A5A5A5A5A5A5A5A5A5A5A5A5A5A5A5A5A5A5A5A5A5A5A5A5A5A5A5A5
query pointer=8 name=MACCP class=4 length=11 status=80000005 returned=00000014 bytes=010000000C000000310030A5A5A5A5A5A5A5A5A5A5A5A5A5A5A5A5A5A5A5A5A5A5A5A5A5A5A5A5A5A5A5A5A5A5A5A5A5A5A5A5A5A5A5A5A5A5A5A5A5A5A5A5A5
query pointer=8 name=MACCP class=4 length=12 status=80000005 returned=00000014 bytes=010000000C00000031003000A5A5A5A5A5A5A5A5A5A5A5A5A5A5A5A5A5A5A5A5A5A5A5A5A5A5A5A5A5A5A5A5A5A5A5A5A5A5A5A5A5A5A5A5A5A5A5A5A5A5A5A5
query pointer=8 name=MACCP class=4 length=13 status=80000005 returned=00000014 bytes=010000000C0000003100300030A5A5A5A5A5A5A5A5A5A5A5A5A5A5A5A5A5A5A5A5A5A5A5A5A5A5A5A5A5A5A5A5A5A5A5A5A5A5A5A5A5A5A5A5A5A5A5A5A5A5A5
query pointer=8 name=MACCP class=4 length=16 status=80000005 returned=00000014 bytes=010000000C0000003100300030003000A5A5A5A5A5A5A5A5A5A5A5A5A5A5A5A5A5A5A5A5A5A5A5A5A5A5A5A5A5A5A5A5A5A5A5A5A5A5A5A5A5A5A5A5A5A5A5A5
query pointer=8 name=MACCP class=4 length=19 status=80000005 returned=00000014 bytes=010000000C0000003100300030003000300000A5A5A5A5A5A5A5A5A5A5A5A5A5A5A5A5A5A5A5A5A5A5A5A5A5A5A5A5A5A5A5A5A5A5A5A5A5A5A5A5A5A5A5A5A5
query pointer=8 name=MACCP class=4 length=20 status=00000000 returned=00000014 bytes=010000000C000000310030003000300030000000A5A5A5A5A5A5A5A5A5A5A5A5A5A5A5A5A5A5A5A5A5A5A5A5A5A5A5A5A5A5A5A5A5A5A5A5A5A5A5A5A5A5A5A5
query pointer=8 name=MACCP class=4 length=21 status=00000000 returned=00000014 bytes=010000000C000000310030003000300030000000A5A5A5A5A5A5A5A5A5A5A5A5A5A5A5A5A5A5A5A5A5A5A5A5A5A5A5A5A5A5A5A5A5A5A5A5A5A5A5A5A5A5A5A5
query pointer=8 name=MACCP class=4 length=22 status=00000000 returned=00000014 bytes=010000000C000000310030003000300030000000A5A5A5A5A5A5A5A5A5A5A5A5A5A5A5A5A5A5A5A5A5A5A5A5A5A5A5A5A5A5A5A5A5A5A5A5A5A5A5A5A5A5A5A5
query pointer=8 name=MACCP class=4 length=23 status=00000000 returned=00000014 bytes=010000000C000000310030003000300030000000A5A5A5A5A5A5A5A5A5A5A5A5A5A5A5A5A5A5A5A5A5A5A5A5A5A5A5A5A5A5A5A5A5A5A5A5A5A5A5A5A5A5A5A5
query pointer=8 name=MACCP class=4 length=24 status=00000000 returned=00000014 bytes=010000000C000000310030003000300030000000A5A5A5A5A5A5A5A5A5A5A5A5A5A5A5A5A5A5A5A5A5A5A5A5A5A5A5A5A5A5A5A5A5A5A5A5A5A5A5A5A5A5A5A5
query pointer=8 name=MACCP class=4 length=32 status=00000000 returned=00000014 bytes=010000000C000000310030003000300030000000A5A5A5A5A5A5A5A5A5A5A5A5A5A5A5A5A5A5A5A5A5A5A5A5A5A5A5A5A5A5A5A5A5A5A5A5A5A5A5A5A5A5A5A5
query pointer=8 name=MACCP class=4 length=64 status=00000000 returned=00000014 bytes=010000000C000000310030003000300030000000A5A5A5A5A5A5A5A5A5A5A5A5A5A5A5A5A5A5A5A5A5A5A5A5A5A5A5A5A5A5A5A5A5A5A5A5A5A5A5A5A5A5A5A5
query pointer=8 name=MACCP class=4 length=128 status=00000000 returned=00000014 bytes=010000000C000000310030003000300030000000A5A5A5A5A5A5A5A5A5A5A5A5A5A5A5A5A5A5A5A5A5A5A5A5A5A5A5A5A5A5A5A5A5A5A5A5A5A5A5A5A5A5A5A5
query pointer=8 name=MACCP class=5 length=0 status=C000000D returned=A5A5A5A5 bytes=A5A5A5A5A5A5A5A5A5A5A5A5A5A5A5A5A5A5A5A5A5A5A5A5A5A5A5A5A5A5A5A5A5A5A5A5A5A5A5A5A5A5A5A5A5A5A5A5A5A5A5A5A5A5A5A5A5A5A5A5A5A5A5A5
query pointer=8 name=MACCP class=5 length=1 status=C000000D returned=A5A5A5A5 bytes=A5A5A5A5A5A5A5A5A5A5A5A5A5A5A5A5A5A5A5A5A5A5A5A5A5A5A5A5A5A5A5A5A5A5A5A5A5A5A5A5A5A5A5A5A5A5A5A5A5A5A5A5A5A5A5A5A5A5A5A5A5A5A5A5
query pointer=8 name=MACCP class=5 length=4 status=C000000D returned=A5A5A5A5 bytes=A5A5A5A5A5A5A5A5A5A5A5A5A5A5A5A5A5A5A5A5A5A5A5A5A5A5A5A5A5A5A5A5A5A5A5A5A5A5A5A5A5A5A5A5A5A5A5A5A5A5A5A5A5A5A5A5A5A5A5A5A5A5A5A5
query pointer=8 name=MACCP class=5 length=7 status=C000000D returned=A5A5A5A5 bytes=A5A5A5A5A5A5A5A5A5A5A5A5A5A5A5A5A5A5A5A5A5A5A5A5A5A5A5A5A5A5A5A5A5A5A5A5A5A5A5A5A5A5A5A5A5A5A5A5A5A5A5A5A5A5A5A5A5A5A5A5A5A5A5A5
query pointer=8 name=MACCP class=5 length=8 status=C000000D returned=A5A5A5A5 bytes=A5A5A5A5A5A5A5A5A5A5A5A5A5A5A5A5A5A5A5A5A5A5A5A5A5A5A5A5A5A5A5A5A5A5A5A5A5A5A5A5A5A5A5A5A5A5A5A5A5A5A5A5A5A5A5A5A5A5A5A5A5A5A5A5
query pointer=8 name=MACCP class=5 length=11 status=C000000D returned=A5A5A5A5 bytes=A5A5A5A5A5A5A5A5A5A5A5A5A5A5A5A5A5A5A5A5A5A5A5A5A5A5A5A5A5A5A5A5A5A5A5A5A5A5A5A5A5A5A5A5A5A5A5A5A5A5A5A5A5A5A5A5A5A5A5A5A5A5A5A5
query pointer=8 name=MACCP class=5 length=12 status=C000000D returned=A5A5A5A5 bytes=A5A5A5A5A5A5A5A5A5A5A5A5A5A5A5A5A5A5A5A5A5A5A5A5A5A5A5A5A5A5A5A5A5A5A5A5A5A5A5A5A5A5A5A5A5A5A5A5A5A5A5A5A5A5A5A5A5A5A5A5A5A5A5A5
query pointer=8 name=MACCP class=5 length=13 status=C000000D returned=A5A5A5A5 bytes=A5A5A5A5A5A5A5A5A5A5A5A5A5A5A5A5A5A5A5A5A5A5A5A5A5A5A5A5A5A5A5A5A5A5A5A5A5A5A5A5A5A5A5A5A5A5A5A5A5A5A5A5A5A5A5A5A5A5A5A5A5A5A5A5
query pointer=8 name=MACCP class=5 length=16 status=C000000D returned=A5A5A5A5 bytes=A5A5A5A5A5A5A5A5A5A5A5A5A5A5A5A5A5A5A5A5A5A5A5A5A5A5A5A5A5A5A5A5A5A5A5A5A5A5A5A5A5A5A5A5A5A5A5A5A5A5A5A5A5A5A5A5A5A5A5A5A5A5A5A5
query pointer=8 name=MACCP class=5 length=19 status=C000000D returned=A5A5A5A5 bytes=A5A5A5A5A5A5A5A5A5A5A5A5A5A5A5A5A5A5A5A5A5A5A5A5A5A5A5A5A5A5A5A5A5A5A5A5A5A5A5A5A5A5A5A5A5A5A5A5A5A5A5A5A5A5A5A5A5A5A5A5A5A5A5A5
query pointer=8 name=MACCP class=5 length=20 status=C000000D returned=A5A5A5A5 bytes=A5A5A5A5A5A5A5A5A5A5A5A5A5A5A5A5A5A5A5A5A5A5A5A5A5A5A5A5A5A5A5A5A5A5A5A5A5A5A5A5A5A5A5A5A5A5A5A5A5A5A5A5A5A5A5A5A5A5A5A5A5A5A5A5
query pointer=8 name=MACCP class=5 length=21 status=C000000D returned=A5A5A5A5 bytes=A5A5A5A5A5A5A5A5A5A5A5A5A5A5A5A5A5A5A5A5A5A5A5A5A5A5A5A5A5A5A5A5A5A5A5A5A5A5A5A5A5A5A5A5A5A5A5A5A5A5A5A5A5A5A5A5A5A5A5A5A5A5A5A5
query pointer=8 name=MACCP class=5 length=22 status=C000000D returned=A5A5A5A5 bytes=A5A5A5A5A5A5A5A5A5A5A5A5A5A5A5A5A5A5A5A5A5A5A5A5A5A5A5A5A5A5A5A5A5A5A5A5A5A5A5A5A5A5A5A5A5A5A5A5A5A5A5A5A5A5A5A5A5A5A5A5A5A5A5A5
query pointer=8 name=MACCP class=5 length=23 status=C000000D returned=A5A5A5A5 bytes=A5A5A5A5A5A5A5A5A5A5A5A5A5A5A5A5A5A5A5A5A5A5A5A5A5A5A5A5A5A5A5A5A5A5A5A5A5A5A5A5A5A5A5A5A5A5A5A5A5A5A5A5A5A5A5A5A5A5A5A5A5A5A5A5
query pointer=8 name=MACCP class=5 length=24 status=C000000D returned=A5A5A5A5 bytes=A5A5A5A5A5A5A5A5A5A5A5A5A5A5A5A5A5A5A5A5A5A5A5A5A5A5A5A5A5A5A5A5A5A5A5A5A5A5A5A5A5A5A5A5A5A5A5A5A5A5A5A5A5A5A5A5A5A5A5A5A5A5A5A5
query pointer=8 name=MACCP class=5 length=32 status=C000000D returned=A5A5A5A5 bytes=A5A5A5A5A5A5A5A5A5A5A5A5A5A5A5A5A5A5A5A5A5A5A5A5A5A5A5A5A5A5A5A5A5A5A5A5A5A5A5A5A5A5A5A5A5A5A5A5A5A5A5A5A5A5A5A5A5A5A5A5A5A5A5A5
query pointer=8 name=MACCP class=5 length=64 status=C000000D returned=A5A5A5A5 bytes=A5A5A5A5A5A5A5A5A5A5A5A5A5A5A5A5A5A5A5A5A5A5A5A5A5A5A5A5A5A5A5A5A5A5A5A5A5A5A5A5A5A5A5A5A5A5A5A5A5A5A5A5A5A5A5A5A5A5A5A5A5A5A5A5
query pointer=8 name=MACCP class=5 length=128 status=C000000D returned=A5A5A5A5 bytes=A5A5A5A5A5A5A5A5A5A5A5A5A5A5A5A5A5A5A5A5A5A5A5A5A5A5A5A5A5A5A5A5A5A5A5A5A5A5A5A5A5A5A5A5A5A5A5A5A5A5A5A5A5A5A5A5A5A5A5A5A5A5A5A5
query pointer=8 name=MACCP class=4294967295 length=0 status=C000000D returned=A5A5A5A5 bytes=A5A5A5A5A5A5A5A5A5A5A5A5A5A5A5A5A5A5A5A5A5A5A5A5A5A5A5A5A5A5A5A5A5A5A5A5A5A5A5A5A5A5A5A5A5A5A5A5A5A5A5A5A5A5A5A5A5A5A5A5A5A5A5A5
query pointer=8 name=MACCP class=4294967295 length=1 status=C000000D returned=A5A5A5A5 bytes=A5A5A5A5A5A5A5A5A5A5A5A5A5A5A5A5A5A5A5A5A5A5A5A5A5A5A5A5A5A5A5A5A5A5A5A5A5A5A5A5A5A5A5A5A5A5A5A5A5A5A5A5A5A5A5A5A5A5A5A5A5A5A5A5
query pointer=8 name=MACCP class=4294967295 length=4 status=C000000D returned=A5A5A5A5 bytes=A5A5A5A5A5A5A5A5A5A5A5A5A5A5A5A5A5A5A5A5A5A5A5A5A5A5A5A5A5A5A5A5A5A5A5A5A5A5A5A5A5A5A5A5A5A5A5A5A5A5A5A5A5A5A5A5A5A5A5A5A5A5A5A5
query pointer=8 name=MACCP class=4294967295 length=7 status=C000000D returned=A5A5A5A5 bytes=A5A5A5A5A5A5A5A5A5A5A5A5A5A5A5A5A5A5A5A5A5A5A5A5A5A5A5A5A5A5A5A5A5A5A5A5A5A5A5A5A5A5A5A5A5A5A5A5A5A5A5A5A5A5A5A5A5A5A5A5A5A5A5A5
query pointer=8 name=MACCP class=4294967295 length=8 status=C000000D returned=A5A5A5A5 bytes=A5A5A5A5A5A5A5A5A5A5A5A5A5A5A5A5A5A5A5A5A5A5A5A5A5A5A5A5A5A5A5A5A5A5A5A5A5A5A5A5A5A5A5A5A5A5A5A5A5A5A5A5A5A5A5A5A5A5A5A5A5A5A5A5
query pointer=8 name=MACCP class=4294967295 length=11 status=C000000D returned=A5A5A5A5 bytes=A5A5A5A5A5A5A5A5A5A5A5A5A5A5A5A5A5A5A5A5A5A5A5A5A5A5A5A5A5A5A5A5A5A5A5A5A5A5A5A5A5A5A5A5A5A5A5A5A5A5A5A5A5A5A5A5A5A5A5A5A5A5A5A5
query pointer=8 name=MACCP class=4294967295 length=12 status=C000000D returned=A5A5A5A5 bytes=A5A5A5A5A5A5A5A5A5A5A5A5A5A5A5A5A5A5A5A5A5A5A5A5A5A5A5A5A5A5A5A5A5A5A5A5A5A5A5A5A5A5A5A5A5A5A5A5A5A5A5A5A5A5A5A5A5A5A5A5A5A5A5A5
query pointer=8 name=MACCP class=4294967295 length=13 status=C000000D returned=A5A5A5A5 bytes=A5A5A5A5A5A5A5A5A5A5A5A5A5A5A5A5A5A5A5A5A5A5A5A5A5A5A5A5A5A5A5A5A5A5A5A5A5A5A5A5A5A5A5A5A5A5A5A5A5A5A5A5A5A5A5A5A5A5A5A5A5A5A5A5
query pointer=8 name=MACCP class=4294967295 length=16 status=C000000D returned=A5A5A5A5 bytes=A5A5A5A5A5A5A5A5A5A5A5A5A5A5A5A5A5A5A5A5A5A5A5A5A5A5A5A5A5A5A5A5A5A5A5A5A5A5A5A5A5A5A5A5A5A5A5A5A5A5A5A5A5A5A5A5A5A5A5A5A5A5A5A5
query pointer=8 name=MACCP class=4294967295 length=19 status=C000000D returned=A5A5A5A5 bytes=A5A5A5A5A5A5A5A5A5A5A5A5A5A5A5A5A5A5A5A5A5A5A5A5A5A5A5A5A5A5A5A5A5A5A5A5A5A5A5A5A5A5A5A5A5A5A5A5A5A5A5A5A5A5A5A5A5A5A5A5A5A5A5A5
query pointer=8 name=MACCP class=4294967295 length=20 status=C000000D returned=A5A5A5A5 bytes=A5A5A5A5A5A5A5A5A5A5A5A5A5A5A5A5A5A5A5A5A5A5A5A5A5A5A5A5A5A5A5A5A5A5A5A5A5A5A5A5A5A5A5A5A5A5A5A5A5A5A5A5A5A5A5A5A5A5A5A5A5A5A5A5
query pointer=8 name=MACCP class=4294967295 length=21 status=C000000D returned=A5A5A5A5 bytes=A5A5A5A5A5A5A5A5A5A5A5A5A5A5A5A5A5A5A5A5A5A5A5A5A5A5A5A5A5A5A5A5A5A5A5A5A5A5A5A5A5A5A5A5A5A5A5A5A5A5A5A5A5A5A5A5A5A5A5A5A5A5A5A5
query pointer=8 name=MACCP class=4294967295 length=22 status=C000000D returned=A5A5A5A5 bytes=A5A5A5A5A5A5A5A5A5A5A5A5A5A5A5A5A5A5A5A5A5A5A5A5A5A5A5A5A5A5A5A5A5A5A5A5A5A5A5A5A5A5A5A5A5A5A5A5A5A5A5A5A5A5A5A5A5A5A5A5A5A5A5A5
query pointer=8 name=MACCP class=4294967295 length=23 status=C000000D returned=A5A5A5A5 bytes=A5A5A5A5A5A5A5A5A5A5A5A5A5A5A5A5A5A5A5A5A5A5A5A5A5A5A5A5A5A5A5A5A5A5A5A5A5A5A5A5A5A5A5A5A5A5A5A5A5A5A5A5A5A5A5A5A5A5A5A5A5A5A5A5
query pointer=8 name=MACCP class=4294967295 length=24 status=C000000D returned=A5A5A5A5 bytes=A5A5A5A5A5A5A5A5A5A5A5A5A5A5A5A5A5A5A5A5A5A5A5A5A5A5A5A5A5A5A5A5A5A5A5A5A5A5A5A5A5A5A5A5A5A5A5A5A5A5A5A5A5A5A5A5A5A5A5A5A5A5A5A5
query pointer=8 name=MACCP class=4294967295 length=32 status=C000000D returned=A5A5A5A5 bytes=A5A5A5A5A5A5A5A5A5A5A5A5A5A5A5A5A5A5A5A5A5A5A5A5A5A5A5A5A5A5A5A5A5A5A5A5A5A5A5A5A5A5A5A5A5A5A5A5A5A5A5A5A5A5A5A5A5A5A5A5A5A5A5A5
query pointer=8 name=MACCP class=4294967295 length=64 status=C000000D returned=A5A5A5A5 bytes=A5A5A5A5A5A5A5A5A5A5A5A5A5A5A5A5A5A5A5A5A5A5A5A5A5A5A5A5A5A5A5A5A5A5A5A5A5A5A5A5A5A5A5A5A5A5A5A5A5A5A5A5A5A5A5A5A5A5A5A5A5A5A5A5
query pointer=8 name=MACCP class=4294967295 length=128 status=C000000D returned=A5A5A5A5 bytes=A5A5A5A5A5A5A5A5A5A5A5A5A5A5A5A5A5A5A5A5A5A5A5A5A5A5A5A5A5A5A5A5A5A5A5A5A5A5A5A5A5A5A5A5A5A5A5A5A5A5A5A5A5A5A5A5A5A5A5A5A5A5A5A5
query pointer=8 name=1252 class=0 length=0 status=C0000023 returned=00000014 bytes=A5A5A5A5A5A5A5A5A5A5A5A5A5A5A5A5A5A5A5A5A5A5A5A5A5A5A5A5A5A5A5A5A5A5A5A5A5A5A5A5A5A5A5A5A5A5A5A5A5A5A5A5A5A5A5A5A5A5A5A5A5A5A5A5
query pointer=8 name=1252 class=0 length=1 status=C0000023 returned=00000014 bytes=A5A5A5A5A5A5A5A5A5A5A5A5A5A5A5A5A5A5A5A5A5A5A5A5A5A5A5A5A5A5A5A5A5A5A5A5A5A5A5A5A5A5A5A5A5A5A5A5A5A5A5A5A5A5A5A5A5A5A5A5A5A5A5A5
query pointer=8 name=1252 class=0 length=4 status=C0000023 returned=00000014 bytes=A5A5A5A5A5A5A5A5A5A5A5A5A5A5A5A5A5A5A5A5A5A5A5A5A5A5A5A5A5A5A5A5A5A5A5A5A5A5A5A5A5A5A5A5A5A5A5A5A5A5A5A5A5A5A5A5A5A5A5A5A5A5A5A5
query pointer=8 name=1252 class=0 length=7 status=C0000023 returned=00000014 bytes=A5A5A5A5A5A5A5A5A5A5A5A5A5A5A5A5A5A5A5A5A5A5A5A5A5A5A5A5A5A5A5A5A5A5A5A5A5A5A5A5A5A5A5A5A5A5A5A5A5A5A5A5A5A5A5A5A5A5A5A5A5A5A5A5
query pointer=8 name=1252 class=0 length=8 status=C0000023 returned=00000014 bytes=A5A5A5A5A5A5A5A5A5A5A5A5A5A5A5A5A5A5A5A5A5A5A5A5A5A5A5A5A5A5A5A5A5A5A5A5A5A5A5A5A5A5A5A5A5A5A5A5A5A5A5A5A5A5A5A5A5A5A5A5A5A5A5A5
query pointer=8 name=1252 class=0 length=11 status=C0000023 returned=00000014 bytes=A5A5A5A5A5A5A5A5A5A5A5A5A5A5A5A5A5A5A5A5A5A5A5A5A5A5A5A5A5A5A5A5A5A5A5A5A5A5A5A5A5A5A5A5A5A5A5A5A5A5A5A5A5A5A5A5A5A5A5A5A5A5A5A5
query pointer=8 name=1252 class=0 length=12 status=80000005 returned=00000014 bytes=000000000100000008000000A5A5A5A5A5A5A5A5A5A5A5A5A5A5A5A5A5A5A5A5A5A5A5A5A5A5A5A5A5A5A5A5A5A5A5A5A5A5A5A5A5A5A5A5A5A5A5A5A5A5A5A5
query pointer=8 name=1252 class=0 length=13 status=80000005 returned=00000014 bytes=00000000010000000800000000A5A5A5A5A5A5A5A5A5A5A5A5A5A5A5A5A5A5A5A5A5A5A5A5A5A5A5A5A5A5A5A5A5A5A5A5A5A5A5A5A5A5A5A5A5A5A5A5A5A5A5
query pointer=8 name=1252 class=0 length=16 status=80000005 returned=00000014 bytes=00000000010000000800000031003200A5A5A5A5A5A5A5A5A5A5A5A5A5A5A5A5A5A5A5A5A5A5A5A5A5A5A5A5A5A5A5A5A5A5A5A5A5A5A5A5A5A5A5A5A5A5A5A5
query pointer=8 name=1252 class=0 length=19 status=80000005 returned=00000014 bytes=00000000010000000800000031003200350000A5A5A5A5A5A5A5A5A5A5A5A5A5A5A5A5A5A5A5A5A5A5A5A5A5A5A5A5A5A5A5A5A5A5A5A5A5A5A5A5A5A5A5A5A5
query pointer=8 name=1252 class=0 length=20 status=00000000 returned=00000014 bytes=0000000001000000080000003100320035003200A5A5A5A5A5A5A5A5A5A5A5A5A5A5A5A5A5A5A5A5A5A5A5A5A5A5A5A5A5A5A5A5A5A5A5A5A5A5A5A5A5A5A5A5
query pointer=8 name=1252 class=0 length=21 status=00000000 returned=00000014 bytes=0000000001000000080000003100320035003200A5A5A5A5A5A5A5A5A5A5A5A5A5A5A5A5A5A5A5A5A5A5A5A5A5A5A5A5A5A5A5A5A5A5A5A5A5A5A5A5A5A5A5A5
query pointer=8 name=1252 class=0 length=22 status=00000000 returned=00000014 bytes=0000000001000000080000003100320035003200A5A5A5A5A5A5A5A5A5A5A5A5A5A5A5A5A5A5A5A5A5A5A5A5A5A5A5A5A5A5A5A5A5A5A5A5A5A5A5A5A5A5A5A5
query pointer=8 name=1252 class=0 length=23 status=00000000 returned=00000014 bytes=0000000001000000080000003100320035003200A5A5A5A5A5A5A5A5A5A5A5A5A5A5A5A5A5A5A5A5A5A5A5A5A5A5A5A5A5A5A5A5A5A5A5A5A5A5A5A5A5A5A5A5
query pointer=8 name=1252 class=0 length=24 status=00000000 returned=00000014 bytes=0000000001000000080000003100320035003200A5A5A5A5A5A5A5A5A5A5A5A5A5A5A5A5A5A5A5A5A5A5A5A5A5A5A5A5A5A5A5A5A5A5A5A5A5A5A5A5A5A5A5A5
query pointer=8 name=1252 class=0 length=32 status=00000000 returned=00000014 bytes=0000000001000000080000003100320035003200A5A5A5A5A5A5A5A5A5A5A5A5A5A5A5A5A5A5A5A5A5A5A5A5A5A5A5A5A5A5A5A5A5A5A5A5A5A5A5A5A5A5A5A5
query pointer=8 name=1252 class=0 length=64 status=00000000 returned=00000014 bytes=0000000001000000080000003100320035003200A5A5A5A5A5A5A5A5A5A5A5A5A5A5A5A5A5A5A5A5A5A5A5A5A5A5A5A5A5A5A5A5A5A5A5A5A5A5A5A5A5A5A5A5
query pointer=8 name=1252 class=0 length=128 status=00000000 returned=00000014 bytes=0000000001000000080000003100320035003200A5A5A5A5A5A5A5A5A5A5A5A5A5A5A5A5A5A5A5A5A5A5A5A5A5A5A5A5A5A5A5A5A5A5A5A5A5A5A5A5A5A5A5A5
query pointer=8 name=1252 class=1 length=0 status=C0000023 returned=00000036 bytes=A5A5A5A5A5A5A5A5A5A5A5A5A5A5A5A5A5A5A5A5A5A5A5A5A5A5A5A5A5A5A5A5A5A5A5A5A5A5A5A5A5A5A5A5A5A5A5A5A5A5A5A5A5A5A5A5A5A5A5A5A5A5A5A5
query pointer=8 name=1252 class=1 length=1 status=C0000023 returned=00000036 bytes=A5A5A5A5A5A5A5A5A5A5A5A5A5A5A5A5A5A5A5A5A5A5A5A5A5A5A5A5A5A5A5A5A5A5A5A5A5A5A5A5A5A5A5A5A5A5A5A5A5A5A5A5A5A5A5A5A5A5A5A5A5A5A5A5
query pointer=8 name=1252 class=1 length=4 status=C0000023 returned=00000036 bytes=A5A5A5A5A5A5A5A5A5A5A5A5A5A5A5A5A5A5A5A5A5A5A5A5A5A5A5A5A5A5A5A5A5A5A5A5A5A5A5A5A5A5A5A5A5A5A5A5A5A5A5A5A5A5A5A5A5A5A5A5A5A5A5A5
query pointer=8 name=1252 class=1 length=7 status=C0000023 returned=00000036 bytes=A5A5A5A5A5A5A5A5A5A5A5A5A5A5A5A5A5A5A5A5A5A5A5A5A5A5A5A5A5A5A5A5A5A5A5A5A5A5A5A5A5A5A5A5A5A5A5A5A5A5A5A5A5A5A5A5A5A5A5A5A5A5A5A5
query pointer=8 name=1252 class=1 length=8 status=C0000023 returned=00000036 bytes=A5A5A5A5A5A5A5A5A5A5A5A5A5A5A5A5A5A5A5A5A5A5A5A5A5A5A5A5A5A5A5A5A5A5A5A5A5A5A5A5A5A5A5A5A5A5A5A5A5A5A5A5A5A5A5A5A5A5A5A5A5A5A5A5
query pointer=8 name=1252 class=1 length=11 status=C0000023 returned=00000036 bytes=A5A5A5A5A5A5A5A5A5A5A5A5A5A5A5A5A5A5A5A5A5A5A5A5A5A5A5A5A5A5A5A5A5A5A5A5A5A5A5A5A5A5A5A5A5A5A5A5A5A5A5A5A5A5A5A5A5A5A5A5A5A5A5A5
query pointer=8 name=1252 class=1 length=12 status=C0000023 returned=00000036 bytes=A5A5A5A5A5A5A5A5A5A5A5A5A5A5A5A5A5A5A5A5A5A5A5A5A5A5A5A5A5A5A5A5A5A5A5A5A5A5A5A5A5A5A5A5A5A5A5A5A5A5A5A5A5A5A5A5A5A5A5A5A5A5A5A5
query pointer=8 name=1252 class=1 length=13 status=C0000023 returned=00000036 bytes=A5A5A5A5A5A5A5A5A5A5A5A5A5A5A5A5A5A5A5A5A5A5A5A5A5A5A5A5A5A5A5A5A5A5A5A5A5A5A5A5A5A5A5A5A5A5A5A5A5A5A5A5A5A5A5A5A5A5A5A5A5A5A5A5
query pointer=8 name=1252 class=1 length=16 status=C0000023 returned=00000036 bytes=A5A5A5A5A5A5A5A5A5A5A5A5A5A5A5A5A5A5A5A5A5A5A5A5A5A5A5A5A5A5A5A5A5A5A5A5A5A5A5A5A5A5A5A5A5A5A5A5A5A5A5A5A5A5A5A5A5A5A5A5A5A5A5A5
query pointer=8 name=1252 class=1 length=19 status=C0000023 returned=00000036 bytes=A5A5A5A5A5A5A5A5A5A5A5A5A5A5A5A5A5A5A5A5A5A5A5A5A5A5A5A5A5A5A5A5A5A5A5A5A5A5A5A5A5A5A5A5A5A5A5A5A5A5A5A5A5A5A5A5A5A5A5A5A5A5A5A5
query pointer=8 name=1252 class=1 length=20 status=80000005 returned=00000036 bytes=0000000001000000200000001600000008000000A5A5A5A5A5A5A5A5A5A5A5A5A5A5A5A5A5A5A5A5A5A5A5A5A5A5A5A5A5A5A5A5A5A5A5A5A5A5A5A5A5A5A5A5
query pointer=8 name=1252 class=1 length=21 status=80000005 returned=00000036 bytes=000000000100000020000000160000000800000000A5A5A5A5A5A5A5A5A5A5A5A5A5A5A5A5A5A5A5A5A5A5A5A5A5A5A5A5A5A5A5A5A5A5A5A5A5A5A5A5A5A5A5
query pointer=8 name=1252 class=1 length=22 status=80000005 returned=00000036 bytes=00000000010000002000000016000000080000003100A5A5A5A5A5A5A5A5A5A5A5A5A5A5A5A5A5A5A5A5A5A5A5A5A5A5A5A5A5A5A5A5A5A5A5A5A5A5A5A5A5A5
query pointer=8 name=1252 class=1 length=23 status=80000005 returned=00000036 bytes=0000000001000000200000001600000008000000310000A5A5A5A5A5A5A5A5A5A5A5A5A5A5A5A5A5A5A5A5A5A5A5A5A5A5A5A5A5A5A5A5A5A5A5A5A5A5A5A5A5
query pointer=8 name=1252 class=1 length=24 status=80000005 returned=00000036 bytes=000000000100000020000000160000000800000031003200A5A5A5A5A5A5A5A5A5A5A5A5A5A5A5A5A5A5A5A5A5A5A5A5A5A5A5A5A5A5A5A5A5A5A5A5A5A5A5A5
query pointer=8 name=1252 class=1 length=32 status=80000005 returned=00000036 bytes=0000000001000000200000001600000008000000310032003500320000000000A5A5A5A5A5A5A5A5A5A5A5A5A5A5A5A5A5A5A5A5A5A5A5A5A5A5A5A5A5A5A5A5
query pointer=8 name=1252 class=1 length=64 status=00000000 returned=00000036 bytes=000000000100000020000000160000000800000031003200350032000000000063005F0031003200350032002E006E006C0073000000A5A5A5A5A5A5A5A5A5A5
query pointer=8 name=1252 class=1 length=128 status=00000000 returned=00000036 bytes=000000000100000020000000160000000800000031003200350032000000000063005F0031003200350032002E006E006C0073000000A5A5A5A5A5A5A5A5A5A5
query pointer=8 name=1252 class=2 length=0 status=C0000023 returned=00000022 bytes=A5A5A5A5A5A5A5A5A5A5A5A5A5A5A5A5A5A5A5A5A5A5A5A5A5A5A5A5A5A5A5A5A5A5A5A5A5A5A5A5A5A5A5A5A5A5A5A5A5A5A5A5A5A5A5A5A5A5A5A5A5A5A5A5
query pointer=8 name=1252 class=2 length=1 status=C0000023 returned=00000022 bytes=A5A5A5A5A5A5A5A5A5A5A5A5A5A5A5A5A5A5A5A5A5A5A5A5A5A5A5A5A5A5A5A5A5A5A5A5A5A5A5A5A5A5A5A5A5A5A5A5A5A5A5A5A5A5A5A5A5A5A5A5A5A5A5A5
query pointer=8 name=1252 class=2 length=4 status=C0000023 returned=00000022 bytes=A5A5A5A5A5A5A5A5A5A5A5A5A5A5A5A5A5A5A5A5A5A5A5A5A5A5A5A5A5A5A5A5A5A5A5A5A5A5A5A5A5A5A5A5A5A5A5A5A5A5A5A5A5A5A5A5A5A5A5A5A5A5A5A5
query pointer=8 name=1252 class=2 length=7 status=C0000023 returned=00000022 bytes=A5A5A5A5A5A5A5A5A5A5A5A5A5A5A5A5A5A5A5A5A5A5A5A5A5A5A5A5A5A5A5A5A5A5A5A5A5A5A5A5A5A5A5A5A5A5A5A5A5A5A5A5A5A5A5A5A5A5A5A5A5A5A5A5
query pointer=8 name=1252 class=2 length=8 status=C0000023 returned=00000022 bytes=A5A5A5A5A5A5A5A5A5A5A5A5A5A5A5A5A5A5A5A5A5A5A5A5A5A5A5A5A5A5A5A5A5A5A5A5A5A5A5A5A5A5A5A5A5A5A5A5A5A5A5A5A5A5A5A5A5A5A5A5A5A5A5A5
query pointer=8 name=1252 class=2 length=11 status=C0000023 returned=00000022 bytes=A5A5A5A5A5A5A5A5A5A5A5A5A5A5A5A5A5A5A5A5A5A5A5A5A5A5A5A5A5A5A5A5A5A5A5A5A5A5A5A5A5A5A5A5A5A5A5A5A5A5A5A5A5A5A5A5A5A5A5A5A5A5A5A5
query pointer=8 name=1252 class=2 length=12 status=80000005 returned=00000022 bytes=000000000100000016000000A5A5A5A5A5A5A5A5A5A5A5A5A5A5A5A5A5A5A5A5A5A5A5A5A5A5A5A5A5A5A5A5A5A5A5A5A5A5A5A5A5A5A5A5A5A5A5A5A5A5A5A5
query pointer=8 name=1252 class=2 length=13 status=80000005 returned=00000022 bytes=00000000010000001600000063A5A5A5A5A5A5A5A5A5A5A5A5A5A5A5A5A5A5A5A5A5A5A5A5A5A5A5A5A5A5A5A5A5A5A5A5A5A5A5A5A5A5A5A5A5A5A5A5A5A5A5
query pointer=8 name=1252 class=2 length=16 status=80000005 returned=00000022 bytes=00000000010000001600000063005F00A5A5A5A5A5A5A5A5A5A5A5A5A5A5A5A5A5A5A5A5A5A5A5A5A5A5A5A5A5A5A5A5A5A5A5A5A5A5A5A5A5A5A5A5A5A5A5A5
query pointer=8 name=1252 class=2 length=19 status=80000005 returned=00000022 bytes=00000000010000001600000063005F00310032A5A5A5A5A5A5A5A5A5A5A5A5A5A5A5A5A5A5A5A5A5A5A5A5A5A5A5A5A5A5A5A5A5A5A5A5A5A5A5A5A5A5A5A5A5
query pointer=8 name=1252 class=2 length=20 status=80000005 returned=00000022 bytes=00000000010000001600000063005F0031003200A5A5A5A5A5A5A5A5A5A5A5A5A5A5A5A5A5A5A5A5A5A5A5A5A5A5A5A5A5A5A5A5A5A5A5A5A5A5A5A5A5A5A5A5
query pointer=8 name=1252 class=2 length=21 status=80000005 returned=00000022 bytes=00000000010000001600000063005F003100320035A5A5A5A5A5A5A5A5A5A5A5A5A5A5A5A5A5A5A5A5A5A5A5A5A5A5A5A5A5A5A5A5A5A5A5A5A5A5A5A5A5A5A5
query pointer=8 name=1252 class=2 length=22 status=80000005 returned=00000022 bytes=00000000010000001600000063005F00310032003500A5A5A5A5A5A5A5A5A5A5A5A5A5A5A5A5A5A5A5A5A5A5A5A5A5A5A5A5A5A5A5A5A5A5A5A5A5A5A5A5A5A5
query pointer=8 name=1252 class=2 length=23 status=80000005 returned=00000022 bytes=00000000010000001600000063005F0031003200350032A5A5A5A5A5A5A5A5A5A5A5A5A5A5A5A5A5A5A5A5A5A5A5A5A5A5A5A5A5A5A5A5A5A5A5A5A5A5A5A5A5
query pointer=8 name=1252 class=2 length=24 status=80000005 returned=00000022 bytes=00000000010000001600000063005F003100320035003200A5A5A5A5A5A5A5A5A5A5A5A5A5A5A5A5A5A5A5A5A5A5A5A5A5A5A5A5A5A5A5A5A5A5A5A5A5A5A5A5
query pointer=8 name=1252 class=2 length=32 status=80000005 returned=00000022 bytes=00000000010000001600000063005F0031003200350032002E006E006C007300A5A5A5A5A5A5A5A5A5A5A5A5A5A5A5A5A5A5A5A5A5A5A5A5A5A5A5A5A5A5A5A5
query pointer=8 name=1252 class=2 length=64 status=00000000 returned=00000022 bytes=00000000010000001600000063005F0031003200350032002E006E006C0073000000A5A5A5A5A5A5A5A5A5A5A5A5A5A5A5A5A5A5A5A5A5A5A5A5A5A5A5A5A5A5
query pointer=8 name=1252 class=2 length=128 status=00000000 returned=00000022 bytes=00000000010000001600000063005F0031003200350032002E006E006C0073000000A5A5A5A5A5A5A5A5A5A5A5A5A5A5A5A5A5A5A5A5A5A5A5A5A5A5A5A5A5A5
query pointer=8 name=1252 class=3 length=0 status=C0000023 returned=00000036 bytes=A5A5A5A5A5A5A5A5A5A5A5A5A5A5A5A5A5A5A5A5A5A5A5A5A5A5A5A5A5A5A5A5A5A5A5A5A5A5A5A5A5A5A5A5A5A5A5A5A5A5A5A5A5A5A5A5A5A5A5A5A5A5A5A5
query pointer=8 name=1252 class=3 length=1 status=C0000023 returned=00000036 bytes=A5A5A5A5A5A5A5A5A5A5A5A5A5A5A5A5A5A5A5A5A5A5A5A5A5A5A5A5A5A5A5A5A5A5A5A5A5A5A5A5A5A5A5A5A5A5A5A5A5A5A5A5A5A5A5A5A5A5A5A5A5A5A5A5
query pointer=8 name=1252 class=3 length=4 status=C0000023 returned=00000036 bytes=A5A5A5A5A5A5A5A5A5A5A5A5A5A5A5A5A5A5A5A5A5A5A5A5A5A5A5A5A5A5A5A5A5A5A5A5A5A5A5A5A5A5A5A5A5A5A5A5A5A5A5A5A5A5A5A5A5A5A5A5A5A5A5A5
query pointer=8 name=1252 class=3 length=7 status=C0000023 returned=00000036 bytes=A5A5A5A5A5A5A5A5A5A5A5A5A5A5A5A5A5A5A5A5A5A5A5A5A5A5A5A5A5A5A5A5A5A5A5A5A5A5A5A5A5A5A5A5A5A5A5A5A5A5A5A5A5A5A5A5A5A5A5A5A5A5A5A5
query pointer=8 name=1252 class=3 length=8 status=C0000023 returned=00000036 bytes=A5A5A5A5A5A5A5A5A5A5A5A5A5A5A5A5A5A5A5A5A5A5A5A5A5A5A5A5A5A5A5A5A5A5A5A5A5A5A5A5A5A5A5A5A5A5A5A5A5A5A5A5A5A5A5A5A5A5A5A5A5A5A5A5
query pointer=8 name=1252 class=3 length=11 status=C0000023 returned=00000036 bytes=A5A5A5A5A5A5A5A5A5A5A5A5A5A5A5A5A5A5A5A5A5A5A5A5A5A5A5A5A5A5A5A5A5A5A5A5A5A5A5A5A5A5A5A5A5A5A5A5A5A5A5A5A5A5A5A5A5A5A5A5A5A5A5A5
query pointer=8 name=1252 class=3 length=12 status=C0000023 returned=00000036 bytes=A5A5A5A5A5A5A5A5A5A5A5A5A5A5A5A5A5A5A5A5A5A5A5A5A5A5A5A5A5A5A5A5A5A5A5A5A5A5A5A5A5A5A5A5A5A5A5A5A5A5A5A5A5A5A5A5A5A5A5A5A5A5A5A5
query pointer=8 name=1252 class=3 length=13 status=C0000023 returned=00000036 bytes=A5A5A5A5A5A5A5A5A5A5A5A5A5A5A5A5A5A5A5A5A5A5A5A5A5A5A5A5A5A5A5A5A5A5A5A5A5A5A5A5A5A5A5A5A5A5A5A5A5A5A5A5A5A5A5A5A5A5A5A5A5A5A5A5
query pointer=8 name=1252 class=3 length=16 status=C0000023 returned=00000036 bytes=A5A5A5A5A5A5A5A5A5A5A5A5A5A5A5A5A5A5A5A5A5A5A5A5A5A5A5A5A5A5A5A5A5A5A5A5A5A5A5A5A5A5A5A5A5A5A5A5A5A5A5A5A5A5A5A5A5A5A5A5A5A5A5A5
query pointer=8 name=1252 class=3 length=19 status=C0000023 returned=00000036 bytes=A5A5A5A5A5A5A5A5A5A5A5A5A5A5A5A5A5A5A5A5A5A5A5A5A5A5A5A5A5A5A5A5A5A5A5A5A5A5A5A5A5A5A5A5A5A5A5A5A5A5A5A5A5A5A5A5A5A5A5A5A5A5A5A5
query pointer=8 name=1252 class=3 length=20 status=80000005 returned=00000036 bytes=0000000001000000200000001600000008000000A5A5A5A5A5A5A5A5A5A5A5A5A5A5A5A5A5A5A5A5A5A5A5A5A5A5A5A5A5A5A5A5A5A5A5A5A5A5A5A5A5A5A5A5
query pointer=8 name=1252 class=3 length=21 status=80000005 returned=00000036 bytes=000000000100000020000000160000000800000000A5A5A5A5A5A5A5A5A5A5A5A5A5A5A5A5A5A5A5A5A5A5A5A5A5A5A5A5A5A5A5A5A5A5A5A5A5A5A5A5A5A5A5
query pointer=8 name=1252 class=3 length=22 status=80000005 returned=00000036 bytes=00000000010000002000000016000000080000003100A5A5A5A5A5A5A5A5A5A5A5A5A5A5A5A5A5A5A5A5A5A5A5A5A5A5A5A5A5A5A5A5A5A5A5A5A5A5A5A5A5A5
query pointer=8 name=1252 class=3 length=23 status=80000005 returned=00000036 bytes=0000000001000000200000001600000008000000310000A5A5A5A5A5A5A5A5A5A5A5A5A5A5A5A5A5A5A5A5A5A5A5A5A5A5A5A5A5A5A5A5A5A5A5A5A5A5A5A5A5
query pointer=8 name=1252 class=3 length=24 status=80000005 returned=00000036 bytes=000000000100000020000000160000000800000031003200A5A5A5A5A5A5A5A5A5A5A5A5A5A5A5A5A5A5A5A5A5A5A5A5A5A5A5A5A5A5A5A5A5A5A5A5A5A5A5A5
query pointer=8 name=1252 class=3 length=32 status=80000005 returned=00000036 bytes=0000000001000000200000001600000008000000310032003500320000000000A5A5A5A5A5A5A5A5A5A5A5A5A5A5A5A5A5A5A5A5A5A5A5A5A5A5A5A5A5A5A5A5
query pointer=8 name=1252 class=3 length=64 status=00000000 returned=00000036 bytes=000000000100000020000000160000000800000031003200350032000000000063005F0031003200350032002E006E006C0073000000A5A5A5A5A5A5A5A5A5A5
query pointer=8 name=1252 class=3 length=128 status=00000000 returned=00000036 bytes=000000000100000020000000160000000800000031003200350032000000000063005F0031003200350032002E006E006C0073000000A5A5A5A5A5A5A5A5A5A5
query pointer=8 name=1252 class=4 length=0 status=C0000023 returned=0000001E bytes=A5A5A5A5A5A5A5A5A5A5A5A5A5A5A5A5A5A5A5A5A5A5A5A5A5A5A5A5A5A5A5A5A5A5A5A5A5A5A5A5A5A5A5A5A5A5A5A5A5A5A5A5A5A5A5A5A5A5A5A5A5A5A5A5
query pointer=8 name=1252 class=4 length=1 status=C0000023 returned=0000001E bytes=A5A5A5A5A5A5A5A5A5A5A5A5A5A5A5A5A5A5A5A5A5A5A5A5A5A5A5A5A5A5A5A5A5A5A5A5A5A5A5A5A5A5A5A5A5A5A5A5A5A5A5A5A5A5A5A5A5A5A5A5A5A5A5A5
query pointer=8 name=1252 class=4 length=4 status=C0000023 returned=0000001E bytes=A5A5A5A5A5A5A5A5A5A5A5A5A5A5A5A5A5A5A5A5A5A5A5A5A5A5A5A5A5A5A5A5A5A5A5A5A5A5A5A5A5A5A5A5A5A5A5A5A5A5A5A5A5A5A5A5A5A5A5A5A5A5A5A5
query pointer=8 name=1252 class=4 length=7 status=C0000023 returned=0000001E bytes=A5A5A5A5A5A5A5A5A5A5A5A5A5A5A5A5A5A5A5A5A5A5A5A5A5A5A5A5A5A5A5A5A5A5A5A5A5A5A5A5A5A5A5A5A5A5A5A5A5A5A5A5A5A5A5A5A5A5A5A5A5A5A5A5
query pointer=8 name=1252 class=4 length=8 status=80000005 returned=0000001E bytes=0100000016000000A5A5A5A5A5A5A5A5A5A5A5A5A5A5A5A5A5A5A5A5A5A5A5A5A5A5A5A5A5A5A5A5A5A5A5A5A5A5A5A5A5A5A5A5A5A5A5A5A5A5A5A5A5A5A5A5
query pointer=8 name=1252 class=4 length=11 status=80000005 returned=0000001E bytes=010000001600000063005FA5A5A5A5A5A5A5A5A5A5A5A5A5A5A5A5A5A5A5A5A5A5A5A5A5A5A5A5A5A5A5A5A5A5A5A5A5A5A5A5A5A5A5A5A5A5A5A5A5A5A5A5A5
query pointer=8 name=1252 class=4 length=12 status=80000005 returned=0000001E bytes=010000001600000063005F00A5A5A5A5A5A5A5A5A5A5A5A5A5A5A5A5A5A5A5A5A5A5A5A5A5A5A5A5A5A5A5A5A5A5A5A5A5A5A5A5A5A5A5A5A5A5A5A5A5A5A5A5
query pointer=8 name=1252 class=4 length=13 status=80000005 returned=0000001E bytes=010000001600000063005F0031A5A5A5A5A5A5A5A5A5A5A5A5A5A5A5A5A5A5A5A5A5A5A5A5A5A5A5A5A5A5A5A5A5A5A5A5A5A5A5A5A5A5A5A5A5A5A5A5A5A5A5
query pointer=8 name=1252 class=4 length=16 status=80000005 returned=0000001E bytes=010000001600000063005F0031003200A5A5A5A5A5A5A5A5A5A5A5A5A5A5A5A5A5A5A5A5A5A5A5A5A5A5A5A5A5A5A5A5A5A5A5A5A5A5A5A5A5A5A5A5A5A5A5A5
query pointer=8 name=1252 class=4 length=19 status=80000005 returned=0000001E bytes=010000001600000063005F0031003200350032A5A5A5A5A5A5A5A5A5A5A5A5A5A5A5A5A5A5A5A5A5A5A5A5A5A5A5A5A5A5A5A5A5A5A5A5A5A5A5A5A5A5A5A5A5
query pointer=8 name=1252 class=4 length=20 status=80000005 returned=0000001E bytes=010000001600000063005F003100320035003200A5A5A5A5A5A5A5A5A5A5A5A5A5A5A5A5A5A5A5A5A5A5A5A5A5A5A5A5A5A5A5A5A5A5A5A5A5A5A5A5A5A5A5A5
query pointer=8 name=1252 class=4 length=21 status=80000005 returned=0000001E bytes=010000001600000063005F0031003200350032002EA5A5A5A5A5A5A5A5A5A5A5A5A5A5A5A5A5A5A5A5A5A5A5A5A5A5A5A5A5A5A5A5A5A5A5A5A5A5A5A5A5A5A5
query pointer=8 name=1252 class=4 length=22 status=80000005 returned=0000001E bytes=010000001600000063005F0031003200350032002E00A5A5A5A5A5A5A5A5A5A5A5A5A5A5A5A5A5A5A5A5A5A5A5A5A5A5A5A5A5A5A5A5A5A5A5A5A5A5A5A5A5A5
query pointer=8 name=1252 class=4 length=23 status=80000005 returned=0000001E bytes=010000001600000063005F0031003200350032002E006EA5A5A5A5A5A5A5A5A5A5A5A5A5A5A5A5A5A5A5A5A5A5A5A5A5A5A5A5A5A5A5A5A5A5A5A5A5A5A5A5A5
query pointer=8 name=1252 class=4 length=24 status=80000005 returned=0000001E bytes=010000001600000063005F0031003200350032002E006E00A5A5A5A5A5A5A5A5A5A5A5A5A5A5A5A5A5A5A5A5A5A5A5A5A5A5A5A5A5A5A5A5A5A5A5A5A5A5A5A5
query pointer=8 name=1252 class=4 length=32 status=00000000 returned=0000001E bytes=010000001600000063005F0031003200350032002E006E006C0073000000A5A5A5A5A5A5A5A5A5A5A5A5A5A5A5A5A5A5A5A5A5A5A5A5A5A5A5A5A5A5A5A5A5A5
query pointer=8 name=1252 class=4 length=64 status=00000000 returned=0000001E bytes=010000001600000063005F0031003200350032002E006E006C0073000000A5A5A5A5A5A5A5A5A5A5A5A5A5A5A5A5A5A5A5A5A5A5A5A5A5A5A5A5A5A5A5A5A5A5
query pointer=8 name=1252 class=4 length=128 status=00000000 returned=0000001E bytes=010000001600000063005F0031003200350032002E006E006C0073000000A5A5A5A5A5A5A5A5A5A5A5A5A5A5A5A5A5A5A5A5A5A5A5A5A5A5A5A5A5A5A5A5A5A5
query pointer=8 name=1252 class=5 length=0 status=C000000D returned=A5A5A5A5 bytes=A5A5A5A5A5A5A5A5A5A5A5A5A5A5A5A5A5A5A5A5A5A5A5A5A5A5A5A5A5A5A5A5A5A5A5A5A5A5A5A5A5A5A5A5A5A5A5A5A5A5A5A5A5A5A5A5A5A5A5A5A5A5A5A5
query pointer=8 name=1252 class=5 length=1 status=C000000D returned=A5A5A5A5 bytes=A5A5A5A5A5A5A5A5A5A5A5A5A5A5A5A5A5A5A5A5A5A5A5A5A5A5A5A5A5A5A5A5A5A5A5A5A5A5A5A5A5A5A5A5A5A5A5A5A5A5A5A5A5A5A5A5A5A5A5A5A5A5A5A5
query pointer=8 name=1252 class=5 length=4 status=C000000D returned=A5A5A5A5 bytes=A5A5A5A5A5A5A5A5A5A5A5A5A5A5A5A5A5A5A5A5A5A5A5A5A5A5A5A5A5A5A5A5A5A5A5A5A5A5A5A5A5A5A5A5A5A5A5A5A5A5A5A5A5A5A5A5A5A5A5A5A5A5A5A5
query pointer=8 name=1252 class=5 length=7 status=C000000D returned=A5A5A5A5 bytes=A5A5A5A5A5A5A5A5A5A5A5A5A5A5A5A5A5A5A5A5A5A5A5A5A5A5A5A5A5A5A5A5A5A5A5A5A5A5A5A5A5A5A5A5A5A5A5A5A5A5A5A5A5A5A5A5A5A5A5A5A5A5A5A5
query pointer=8 name=1252 class=5 length=8 status=C000000D returned=A5A5A5A5 bytes=A5A5A5A5A5A5A5A5A5A5A5A5A5A5A5A5A5A5A5A5A5A5A5A5A5A5A5A5A5A5A5A5A5A5A5A5A5A5A5A5A5A5A5A5A5A5A5A5A5A5A5A5A5A5A5A5A5A5A5A5A5A5A5A5
query pointer=8 name=1252 class=5 length=11 status=C000000D returned=A5A5A5A5 bytes=A5A5A5A5A5A5A5A5A5A5A5A5A5A5A5A5A5A5A5A5A5A5A5A5A5A5A5A5A5A5A5A5A5A5A5A5A5A5A5A5A5A5A5A5A5A5A5A5A5A5A5A5A5A5A5A5A5A5A5A5A5A5A5A5
query pointer=8 name=1252 class=5 length=12 status=C000000D returned=A5A5A5A5 bytes=A5A5A5A5A5A5A5A5A5A5A5A5A5A5A5A5A5A5A5A5A5A5A5A5A5A5A5A5A5A5A5A5A5A5A5A5A5A5A5A5A5A5A5A5A5A5A5A5A5A5A5A5A5A5A5A5A5A5A5A5A5A5A5A5
query pointer=8 name=1252 class=5 length=13 status=C000000D returned=A5A5A5A5 bytes=A5A5A5A5A5A5A5A5A5A5A5A5A5A5A5A5A5A5A5A5A5A5A5A5A5A5A5A5A5A5A5A5A5A5A5A5A5A5A5A5A5A5A5A5A5A5A5A5A5A5A5A5A5A5A5A5A5A5A5A5A5A5A5A5
query pointer=8 name=1252 class=5 length=16 status=C000000D returned=A5A5A5A5 bytes=A5A5A5A5A5A5A5A5A5A5A5A5A5A5A5A5A5A5A5A5A5A5A5A5A5A5A5A5A5A5A5A5A5A5A5A5A5A5A5A5A5A5A5A5A5A5A5A5A5A5A5A5A5A5A5A5A5A5A5A5A5A5A5A5
query pointer=8 name=1252 class=5 length=19 status=C000000D returned=A5A5A5A5 bytes=A5A5A5A5A5A5A5A5A5A5A5A5A5A5A5A5A5A5A5A5A5A5A5A5A5A5A5A5A5A5A5A5A5A5A5A5A5A5A5A5A5A5A5A5A5A5A5A5A5A5A5A5A5A5A5A5A5A5A5A5A5A5A5A5
query pointer=8 name=1252 class=5 length=20 status=C000000D returned=A5A5A5A5 bytes=A5A5A5A5A5A5A5A5A5A5A5A5A5A5A5A5A5A5A5A5A5A5A5A5A5A5A5A5A5A5A5A5A5A5A5A5A5A5A5A5A5A5A5A5A5A5A5A5A5A5A5A5A5A5A5A5A5A5A5A5A5A5A5A5
query pointer=8 name=1252 class=5 length=21 status=C000000D returned=A5A5A5A5 bytes=A5A5A5A5A5A5A5A5A5A5A5A5A5A5A5A5A5A5A5A5A5A5A5A5A5A5A5A5A5A5A5A5A5A5A5A5A5A5A5A5A5A5A5A5A5A5A5A5A5A5A5A5A5A5A5A5A5A5A5A5A5A5A5A5
query pointer=8 name=1252 class=5 length=22 status=C000000D returned=A5A5A5A5 bytes=A5A5A5A5A5A5A5A5A5A5A5A5A5A5A5A5A5A5A5A5A5A5A5A5A5A5A5A5A5A5A5A5A5A5A5A5A5A5A5A5A5A5A5A5A5A5A5A5A5A5A5A5A5A5A5A5A5A5A5A5A5A5A5A5
query pointer=8 name=1252 class=5 length=23 status=C000000D returned=A5A5A5A5 bytes=A5A5A5A5A5A5A5A5A5A5A5A5A5A5A5A5A5A5A5A5A5A5A5A5A5A5A5A5A5A5A5A5A5A5A5A5A5A5A5A5A5A5A5A5A5A5A5A5A5A5A5A5A5A5A5A5A5A5A5A5A5A5A5A5
query pointer=8 name=1252 class=5 length=24 status=C000000D returned=A5A5A5A5 bytes=A5A5A5A5A5A5A5A5A5A5A5A5A5A5A5A5A5A5A5A5A5A5A5A5A5A5A5A5A5A5A5A5A5A5A5A5A5A5A5A5A5A5A5A5A5A5A5A5A5A5A5A5A5A5A5A5A5A5A5A5A5A5A5A5
query pointer=8 name=1252 class=5 length=32 status=C000000D returned=A5A5A5A5 bytes=A5A5A5A5A5A5A5A5A5A5A5A5A5A5A5A5A5A5A5A5A5A5A5A5A5A5A5A5A5A5A5A5A5A5A5A5A5A5A5A5A5A5A5A5A5A5A5A5A5A5A5A5A5A5A5A5A5A5A5A5A5A5A5A5
query pointer=8 name=1252 class=5 length=64 status=C000000D returned=A5A5A5A5 bytes=A5A5A5A5A5A5A5A5A5A5A5A5A5A5A5A5A5A5A5A5A5A5A5A5A5A5A5A5A5A5A5A5A5A5A5A5A5A5A5A5A5A5A5A5A5A5A5A5A5A5A5A5A5A5A5A5A5A5A5A5A5A5A5A5
query pointer=8 name=1252 class=5 length=128 status=C000000D returned=A5A5A5A5 bytes=A5A5A5A5A5A5A5A5A5A5A5A5A5A5A5A5A5A5A5A5A5A5A5A5A5A5A5A5A5A5A5A5A5A5A5A5A5A5A5A5A5A5A5A5A5A5A5A5A5A5A5A5A5A5A5A5A5A5A5A5A5A5A5A5
query pointer=8 name=1252 class=4294967295 length=0 status=C000000D returned=A5A5A5A5 bytes=A5A5A5A5A5A5A5A5A5A5A5A5A5A5A5A5A5A5A5A5A5A5A5A5A5A5A5A5A5A5A5A5A5A5A5A5A5A5A5A5A5A5A5A5A5A5A5A5A5A5A5A5A5A5A5A5A5A5A5A5A5A5A5A5
query pointer=8 name=1252 class=4294967295 length=1 status=C000000D returned=A5A5A5A5 bytes=A5A5A5A5A5A5A5A5A5A5A5A5A5A5A5A5A5A5A5A5A5A5A5A5A5A5A5A5A5A5A5A5A5A5A5A5A5A5A5A5A5A5A5A5A5A5A5A5A5A5A5A5A5A5A5A5A5A5A5A5A5A5A5A5
query pointer=8 name=1252 class=4294967295 length=4 status=C000000D returned=A5A5A5A5 bytes=A5A5A5A5A5A5A5A5A5A5A5A5A5A5A5A5A5A5A5A5A5A5A5A5A5A5A5A5A5A5A5A5A5A5A5A5A5A5A5A5A5A5A5A5A5A5A5A5A5A5A5A5A5A5A5A5A5A5A5A5A5A5A5A5
query pointer=8 name=1252 class=4294967295 length=7 status=C000000D returned=A5A5A5A5 bytes=A5A5A5A5A5A5A5A5A5A5A5A5A5A5A5A5A5A5A5A5A5A5A5A5A5A5A5A5A5A5A5A5A5A5A5A5A5A5A5A5A5A5A5A5A5A5A5A5A5A5A5A5A5A5A5A5A5A5A5A5A5A5A5A5
query pointer=8 name=1252 class=4294967295 length=8 status=C000000D returned=A5A5A5A5 bytes=A5A5A5A5A5A5A5A5A5A5A5A5A5A5A5A5A5A5A5A5A5A5A5A5A5A5A5A5A5A5A5A5A5A5A5A5A5A5A5A5A5A5A5A5A5A5A5A5A5A5A5A5A5A5A5A5A5A5A5A5A5A5A5A5
query pointer=8 name=1252 class=4294967295 length=11 status=C000000D returned=A5A5A5A5 bytes=A5A5A5A5A5A5A5A5A5A5A5A5A5A5A5A5A5A5A5A5A5A5A5A5A5A5A5A5A5A5A5A5A5A5A5A5A5A5A5A5A5A5A5A5A5A5A5A5A5A5A5A5A5A5A5A5A5A5A5A5A5A5A5A5
query pointer=8 name=1252 class=4294967295 length=12 status=C000000D returned=A5A5A5A5 bytes=A5A5A5A5A5A5A5A5A5A5A5A5A5A5A5A5A5A5A5A5A5A5A5A5A5A5A5A5A5A5A5A5A5A5A5A5A5A5A5A5A5A5A5A5A5A5A5A5A5A5A5A5A5A5A5A5A5A5A5A5A5A5A5A5
query pointer=8 name=1252 class=4294967295 length=13 status=C000000D returned=A5A5A5A5 bytes=A5A5A5A5A5A5A5A5A5A5A5A5A5A5A5A5A5A5A5A5A5A5A5A5A5A5A5A5A5A5A5A5A5A5A5A5A5A5A5A5A5A5A5A5A5A5A5A5A5A5A5A5A5A5A5A5A5A5A5A5A5A5A5A5
query pointer=8 name=1252 class=4294967295 length=16 status=C000000D returned=A5A5A5A5 bytes=A5A5A5A5A5A5A5A5A5A5A5A5A5A5A5A5A5A5A5A5A5A5A5A5A5A5A5A5A5A5A5A5A5A5A5A5A5A5A5A5A5A5A5A5A5A5A5A5A5A5A5A5A5A5A5A5A5A5A5A5A5A5A5A5
query pointer=8 name=1252 class=4294967295 length=19 status=C000000D returned=A5A5A5A5 bytes=A5A5A5A5A5A5A5A5A5A5A5A5A5A5A5A5A5A5A5A5A5A5A5A5A5A5A5A5A5A5A5A5A5A5A5A5A5A5A5A5A5A5A5A5A5A5A5A5A5A5A5A5A5A5A5A5A5A5A5A5A5A5A5A5
query pointer=8 name=1252 class=4294967295 length=20 status=C000000D returned=A5A5A5A5 bytes=A5A5A5A5A5A5A5A5A5A5A5A5A5A5A5A5A5A5A5A5A5A5A5A5A5A5A5A5A5A5A5A5A5A5A5A5A5A5A5A5A5A5A5A5A5A5A5A5A5A5A5A5A5A5A5A5A5A5A5A5A5A5A5A5
query pointer=8 name=1252 class=4294967295 length=21 status=C000000D returned=A5A5A5A5 bytes=A5A5A5A5A5A5A5A5A5A5A5A5A5A5A5A5A5A5A5A5A5A5A5A5A5A5A5A5A5A5A5A5A5A5A5A5A5A5A5A5A5A5A5A5A5A5A5A5A5A5A5A5A5A5A5A5A5A5A5A5A5A5A5A5
query pointer=8 name=1252 class=4294967295 length=22 status=C000000D returned=A5A5A5A5 bytes=A5A5A5A5A5A5A5A5A5A5A5A5A5A5A5A5A5A5A5A5A5A5A5A5A5A5A5A5A5A5A5A5A5A5A5A5A5A5A5A5A5A5A5A5A5A5A5A5A5A5A5A5A5A5A5A5A5A5A5A5A5A5A5A5
query pointer=8 name=1252 class=4294967295 length=23 status=C000000D returned=A5A5A5A5 bytes=A5A5A5A5A5A5A5A5A5A5A5A5A5A5A5A5A5A5A5A5A5A5A5A5A5A5A5A5A5A5A5A5A5A5A5A5A5A5A5A5A5A5A5A5A5A5A5A5A5A5A5A5A5A5A5A5A5A5A5A5A5A5A5A5
query pointer=8 name=1252 class=4294967295 length=24 status=C000000D returned=A5A5A5A5 bytes=A5A5A5A5A5A5A5A5A5A5A5A5A5A5A5A5A5A5A5A5A5A5A5A5A5A5A5A5A5A5A5A5A5A5A5A5A5A5A5A5A5A5A5A5A5A5A5A5A5A5A5A5A5A5A5A5A5A5A5A5A5A5A5A5
query pointer=8 name=1252 class=4294967295 length=32 status=C000000D returned=A5A5A5A5 bytes=A5A5A5A5A5A5A5A5A5A5A5A5A5A5A5A5A5A5A5A5A5A5A5A5A5A5A5A5A5A5A5A5A5A5A5A5A5A5A5A5A5A5A5A5A5A5A5A5A5A5A5A5A5A5A5A5A5A5A5A5A5A5A5A5
query pointer=8 name=1252 class=4294967295 length=64 status=C000000D returned=A5A5A5A5 bytes=A5A5A5A5A5A5A5A5A5A5A5A5A5A5A5A5A5A5A5A5A5A5A5A5A5A5A5A5A5A5A5A5A5A5A5A5A5A5A5A5A5A5A5A5A5A5A5A5A5A5A5A5A5A5A5A5A5A5A5A5A5A5A5A5
query pointer=8 name=1252 class=4294967295 length=128 status=C000000D returned=A5A5A5A5 bytes=A5A5A5A5A5A5A5A5A5A5A5A5A5A5A5A5A5A5A5A5A5A5A5A5A5A5A5A5A5A5A5A5A5A5A5A5A5A5A5A5A5A5A5A5A5A5A5A5A5A5A5A5A5A5A5A5A5A5A5A5A5A5A5A5
query pointer=8 name=437 class=0 length=0 status=C0000023 returned=00000012 bytes=A5A5A5A5A5A5A5A5A5A5A5A5A5A5A5A5A5A5A5A5A5A5A5A5A5A5A5A5A5A5A5A5A5A5A5A5A5A5A5A5A5A5A5A5A5A5A5A5A5A5A5A5A5A5A5A5A5A5A5A5A5A5A5A5
query pointer=8 name=437 class=0 length=1 status=C0000023 returned=00000012 bytes=A5A5A5A5A5A5A5A5A5A5A5A5A5A5A5A5A5A5A5A5A5A5A5A5A5A5A5A5A5A5A5A5A5A5A5A5A5A5A5A5A5A5A5A5A5A5A5A5A5A5A5A5A5A5A5A5A5A5A5A5A5A5A5A5
query pointer=8 name=437 class=0 length=4 status=C0000023 returned=00000012 bytes=A5A5A5A5A5A5A5A5A5A5A5A5A5A5A5A5A5A5A5A5A5A5A5A5A5A5A5A5A5A5A5A5A5A5A5A5A5A5A5A5A5A5A5A5A5A5A5A5A5A5A5A5A5A5A5A5A5A5A5A5A5A5A5A5
query pointer=8 name=437 class=0 length=7 status=C0000023 returned=00000012 bytes=A5A5A5A5A5A5A5A5A5A5A5A5A5A5A5A5A5A5A5A5A5A5A5A5A5A5A5A5A5A5A5A5A5A5A5A5A5A5A5A5A5A5A5A5A5A5A5A5A5A5A5A5A5A5A5A5A5A5A5A5A5A5A5A5
query pointer=8 name=437 class=0 length=8 status=C0000023 returned=00000012 bytes=A5A5A5A5A5A5A5A5A5A5A5A5A5A5A5A5A5A5A5A5A5A5A5A5A5A5A5A5A5A5A5A5A5A5A5A5A5A5A5A5A5A5A5A5A5A5A5A5A5A5A5A5A5A5A5A5A5A5A5A5A5A5A5A5
query pointer=8 name=437 class=0 length=11 status=C0000023 returned=00000012 bytes=A5A5A5A5A5A5A5A5A5A5A5A5A5A5A5A5A5A5A5A5A5A5A5A5A5A5A5A5A5A5A5A5A5A5A5A5A5A5A5A5A5A5A5A5A5A5A5A5A5A5A5A5A5A5A5A5A5A5A5A5A5A5A5A5
query pointer=8 name=437 class=0 length=12 status=80000005 returned=00000012 bytes=000000000100000006000000A5A5A5A5A5A5A5A5A5A5A5A5A5A5A5A5A5A5A5A5A5A5A5A5A5A5A5A5A5A5A5A5A5A5A5A5A5A5A5A5A5A5A5A5A5A5A5A5A5A5A5A5
query pointer=8 name=437 class=0 length=13 status=80000005 returned=00000012 bytes=00000000010000000600000000A5A5A5A5A5A5A5A5A5A5A5A5A5A5A5A5A5A5A5A5A5A5A5A5A5A5A5A5A5A5A5A5A5A5A5A5A5A5A5A5A5A5A5A5A5A5A5A5A5A5A5
query pointer=8 name=437 class=0 length=16 status=80000005 returned=00000012 bytes=00000000010000000600000034003300A5A5A5A5A5A5A5A5A5A5A5A5A5A5A5A5A5A5A5A5A5A5A5A5A5A5A5A5A5A5A5A5A5A5A5A5A5A5A5A5A5A5A5A5A5A5A5A5
query pointer=8 name=437 class=0 length=19 status=00000000 returned=00000012 bytes=000000000100000006000000340033003700A5A5A5A5A5A5A5A5A5A5A5A5A5A5A5A5A5A5A5A5A5A5A5A5A5A5A5A5A5A5A5A5A5A5A5A5A5A5A5A5A5A5A5A5A5A5
query pointer=8 name=437 class=0 length=20 status=00000000 returned=00000012 bytes=000000000100000006000000340033003700A5A5A5A5A5A5A5A5A5A5A5A5A5A5A5A5A5A5A5A5A5A5A5A5A5A5A5A5A5A5A5A5A5A5A5A5A5A5A5A5A5A5A5A5A5A5
query pointer=8 name=437 class=0 length=21 status=00000000 returned=00000012 bytes=000000000100000006000000340033003700A5A5A5A5A5A5A5A5A5A5A5A5A5A5A5A5A5A5A5A5A5A5A5A5A5A5A5A5A5A5A5A5A5A5A5A5A5A5A5A5A5A5A5A5A5A5
query pointer=8 name=437 class=0 length=22 status=00000000 returned=00000012 bytes=000000000100000006000000340033003700A5A5A5A5A5A5A5A5A5A5A5A5A5A5A5A5A5A5A5A5A5A5A5A5A5A5A5A5A5A5A5A5A5A5A5A5A5A5A5A5A5A5A5A5A5A5
query pointer=8 name=437 class=0 length=23 status=00000000 returned=00000012 bytes=000000000100000006000000340033003700A5A5A5A5A5A5A5A5A5A5A5A5A5A5A5A5A5A5A5A5A5A5A5A5A5A5A5A5A5A5A5A5A5A5A5A5A5A5A5A5A5A5A5A5A5A5
query pointer=8 name=437 class=0 length=24 status=00000000 returned=00000012 bytes=000000000100000006000000340033003700A5A5A5A5A5A5A5A5A5A5A5A5A5A5A5A5A5A5A5A5A5A5A5A5A5A5A5A5A5A5A5A5A5A5A5A5A5A5A5A5A5A5A5A5A5A5
query pointer=8 name=437 class=0 length=32 status=00000000 returned=00000012 bytes=000000000100000006000000340033003700A5A5A5A5A5A5A5A5A5A5A5A5A5A5A5A5A5A5A5A5A5A5A5A5A5A5A5A5A5A5A5A5A5A5A5A5A5A5A5A5A5A5A5A5A5A5
query pointer=8 name=437 class=0 length=64 status=00000000 returned=00000012 bytes=000000000100000006000000340033003700A5A5A5A5A5A5A5A5A5A5A5A5A5A5A5A5A5A5A5A5A5A5A5A5A5A5A5A5A5A5A5A5A5A5A5A5A5A5A5A5A5A5A5A5A5A5
query pointer=8 name=437 class=0 length=128 status=00000000 returned=00000012 bytes=000000000100000006000000340033003700A5A5A5A5A5A5A5A5A5A5A5A5A5A5A5A5A5A5A5A5A5A5A5A5A5A5A5A5A5A5A5A5A5A5A5A5A5A5A5A5A5A5A5A5A5A5
query pointer=8 name=437 class=1 length=0 status=C0000023 returned=00000034 bytes=A5A5A5A5A5A5A5A5A5A5A5A5A5A5A5A5A5A5A5A5A5A5A5A5A5A5A5A5A5A5A5A5A5A5A5A5A5A5A5A5A5A5A5A5A5A5A5A5A5A5A5A5A5A5A5A5A5A5A5A5A5A5A5A5
query pointer=8 name=437 class=1 length=1 status=C0000023 returned=00000034 bytes=A5A5A5A5A5A5A5A5A5A5A5A5A5A5A5A5A5A5A5A5A5A5A5A5A5A5A5A5A5A5A5A5A5A5A5A5A5A5A5A5A5A5A5A5A5A5A5A5A5A5A5A5A5A5A5A5A5A5A5A5A5A5A5A5
query pointer=8 name=437 class=1 length=4 status=C0000023 returned=00000034 bytes=A5A5A5A5A5A5A5A5A5A5A5A5A5A5A5A5A5A5A5A5A5A5A5A5A5A5A5A5A5A5A5A5A5A5A5A5A5A5A5A5A5A5A5A5A5A5A5A5A5A5A5A5A5A5A5A5A5A5A5A5A5A5A5A5
query pointer=8 name=437 class=1 length=7 status=C0000023 returned=00000034 bytes=A5A5A5A5A5A5A5A5A5A5A5A5A5A5A5A5A5A5A5A5A5A5A5A5A5A5A5A5A5A5A5A5A5A5A5A5A5A5A5A5A5A5A5A5A5A5A5A5A5A5A5A5A5A5A5A5A5A5A5A5A5A5A5A5
query pointer=8 name=437 class=1 length=8 status=C0000023 returned=00000034 bytes=A5A5A5A5A5A5A5A5A5A5A5A5A5A5A5A5A5A5A5A5A5A5A5A5A5A5A5A5A5A5A5A5A5A5A5A5A5A5A5A5A5A5A5A5A5A5A5A5A5A5A5A5A5A5A5A5A5A5A5A5A5A5A5A5
query pointer=8 name=437 class=1 length=11 status=C0000023 returned=00000034 bytes=A5A5A5A5A5A5A5A5A5A5A5A5A5A5A5A5A5A5A5A5A5A5A5A5A5A5A5A5A5A5A5A5A5A5A5A5A5A5A5A5A5A5A5A5A5A5A5A5A5A5A5A5A5A5A5A5A5A5A5A5A5A5A5A5
query pointer=8 name=437 class=1 length=12 status=C0000023 returned=00000034 bytes=A5A5A5A5A5A5A5A5A5A5A5A5A5A5A5A5A5A5A5A5A5A5A5A5A5A5A5A5A5A5A5A5A5A5A5A5A5A5A5A5A5A5A5A5A5A5A5A5A5A5A5A5A5A5A5A5A5A5A5A5A5A5A5A5
query pointer=8 name=437 class=1 length=13 status=C0000023 returned=00000034 bytes=A5A5A5A5A5A5A5A5A5A5A5A5A5A5A5A5A5A5A5A5A5A5A5A5A5A5A5A5A5A5A5A5A5A5A5A5A5A5A5A5A5A5A5A5A5A5A5A5A5A5A5A5A5A5A5A5A5A5A5A5A5A5A5A5
query pointer=8 name=437 class=1 length=16 status=C0000023 returned=00000034 bytes=A5A5A5A5A5A5A5A5A5A5A5A5A5A5A5A5A5A5A5A5A5A5A5A5A5A5A5A5A5A5A5A5A5A5A5A5A5A5A5A5A5A5A5A5A5A5A5A5A5A5A5A5A5A5A5A5A5A5A5A5A5A5A5A5
query pointer=8 name=437 class=1 length=19 status=C0000023 returned=00000034 bytes=A5A5A5A5A5A5A5A5A5A5A5A5A5A5A5A5A5A5A5A5A5A5A5A5A5A5A5A5A5A5A5A5A5A5A5A5A5A5A5A5A5A5A5A5A5A5A5A5A5A5A5A5A5A5A5A5A5A5A5A5A5A5A5A5
query pointer=8 name=437 class=1 length=20 status=80000005 returned=00000034 bytes=0000000001000000200000001400000006000000A5A5A5A5A5A5A5A5A5A5A5A5A5A5A5A5A5A5A5A5A5A5A5A5A5A5A5A5A5A5A5A5A5A5A5A5A5A5A5A5A5A5A5A5
query pointer=8 name=437 class=1 length=21 status=80000005 returned=00000034 bytes=000000000100000020000000140000000600000000A5A5A5A5A5A5A5A5A5A5A5A5A5A5A5A5A5A5A5A5A5A5A5A5A5A5A5A5A5A5A5A5A5A5A5A5A5A5A5A5A5A5A5
query pointer=8 name=437 class=1 length=22 status=80000005 returned=00000034 bytes=00000000010000002000000014000000060000003400A5A5A5A5A5A5A5A5A5A5A5A5A5A5A5A5A5A5A5A5A5A5A5A5A5A5A5A5A5A5A5A5A5A5A5A5A5A5A5A5A5A5
query pointer=8 name=437 class=1 length=23 status=80000005 returned=00000034 bytes=0000000001000000200000001400000006000000340000A5A5A5A5A5A5A5A5A5A5A5A5A5A5A5A5A5A5A5A5A5A5A5A5A5A5A5A5A5A5A5A5A5A5A5A5A5A5A5A5A5
query pointer=8 name=437 class=1 length=24 status=80000005 returned=00000034 bytes=000000000100000020000000140000000600000034003300A5A5A5A5A5A5A5A5A5A5A5A5A5A5A5A5A5A5A5A5A5A5A5A5A5A5A5A5A5A5A5A5A5A5A5A5A5A5A5A5
query pointer=8 name=437 class=1 length=32 status=80000005 returned=00000034 bytes=0000000001000000200000001400000006000000340033003700000000000000A5A5A5A5A5A5A5A5A5A5A5A5A5A5A5A5A5A5A5A5A5A5A5A5A5A5A5A5A5A5A5A5
query pointer=8 name=437 class=1 length=64 status=00000000 returned=00000034 bytes=000000000100000020000000140000000600000034003300370000000000000063005F003400330037002E006E006C0073000000A5A5A5A5A5A5A5A5A5A5A5A5
query pointer=8 name=437 class=1 length=128 status=00000000 returned=00000034 bytes=000000000100000020000000140000000600000034003300370000000000000063005F003400330037002E006E006C0073000000A5A5A5A5A5A5A5A5A5A5A5A5
query pointer=8 name=437 class=2 length=0 status=C0000023 returned=00000020 bytes=A5A5A5A5A5A5A5A5A5A5A5A5A5A5A5A5A5A5A5A5A5A5A5A5A5A5A5A5A5A5A5A5A5A5A5A5A5A5A5A5A5A5A5A5A5A5A5A5A5A5A5A5A5A5A5A5A5A5A5A5A5A5A5A5
query pointer=8 name=437 class=2 length=1 status=C0000023 returned=00000020 bytes=A5A5A5A5A5A5A5A5A5A5A5A5A5A5A5A5A5A5A5A5A5A5A5A5A5A5A5A5A5A5A5A5A5A5A5A5A5A5A5A5A5A5A5A5A5A5A5A5A5A5A5A5A5A5A5A5A5A5A5A5A5A5A5A5
query pointer=8 name=437 class=2 length=4 status=C0000023 returned=00000020 bytes=A5A5A5A5A5A5A5A5A5A5A5A5A5A5A5A5A5A5A5A5A5A5A5A5A5A5A5A5A5A5A5A5A5A5A5A5A5A5A5A5A5A5A5A5A5A5A5A5A5A5A5A5A5A5A5A5A5A5A5A5A5A5A5A5
query pointer=8 name=437 class=2 length=7 status=C0000023 returned=00000020 bytes=A5A5A5A5A5A5A5A5A5A5A5A5A5A5A5A5A5A5A5A5A5A5A5A5A5A5A5A5A5A5A5A5A5A5A5A5A5A5A5A5A5A5A5A5A5A5A5A5A5A5A5A5A5A5A5A5A5A5A5A5A5A5A5A5
query pointer=8 name=437 class=2 length=8 status=C0000023 returned=00000020 bytes=A5A5A5A5A5A5A5A5A5A5A5A5A5A5A5A5A5A5A5A5A5A5A5A5A5A5A5A5A5A5A5A5A5A5A5A5A5A5A5A5A5A5A5A5A5A5A5A5A5A5A5A5A5A5A5A5A5A5A5A5A5A5A5A5
query pointer=8 name=437 class=2 length=11 status=C0000023 returned=00000020 bytes=A5A5A5A5A5A5A5A5A5A5A5A5A5A5A5A5A5A5A5A5A5A5A5A5A5A5A5A5A5A5A5A5A5A5A5A5A5A5A5A5A5A5A5A5A5A5A5A5A5A5A5A5A5A5A5A5A5A5A5A5A5A5A5A5
query pointer=8 name=437 class=2 length=12 status=80000005 returned=00000020 bytes=000000000100000014000000A5A5A5A5A5A5A5A5A5A5A5A5A5A5A5A5A5A5A5A5A5A5A5A5A5A5A5A5A5A5A5A5A5A5A5A5A5A5A5A5A5A5A5A5A5A5A5A5A5A5A5A5
query pointer=8 name=437 class=2 length=13 status=80000005 returned=00000020 bytes=00000000010000001400000063A5A5A5A5A5A5A5A5A5A5A5A5A5A5A5A5A5A5A5A5A5A5A5A5A5A5A5A5A5A5A5A5A5A5A5A5A5A5A5A5A5A5A5A5A5A5A5A5A5A5A5
query pointer=8 name=437 class=2 length=16 status=80000005 returned=00000020 bytes=00000000010000001400000063005F00A5A5A5A5A5A5A5A5A5A5A5A5A5A5A5A5A5A5A5A5A5A5A5A5A5A5A5A5A5A5A5A5A5A5A5A5A5A5A5A5A5A5A5A5A5A5A5A5
query pointer=8 name=437 class=2 length=19 status=80000005 returned=00000020 bytes=00000000010000001400000063005F00340033A5A5A5A5A5A5A5A5A5A5A5A5A5A5A5A5A5A5A5A5A5A5A5A5A5A5A5A5A5A5A5A5A5A5A5A5A5A5A5A5A5A5A5A5A5
query pointer=8 name=437 class=2 length=20 status=80000005 returned=00000020 bytes=00000000010000001400000063005F0034003300A5A5A5A5A5A5A5A5A5A5A5A5A5A5A5A5A5A5A5A5A5A5A5A5A5A5A5A5A5A5A5A5A5A5A5A5A5A5A5A5A5A5A5A5
query pointer=8 name=437 class=2 length=21 status=80000005 returned=00000020 bytes=00000000010000001400000063005F003400330037A5A5A5A5A5A5A5A5A5A5A5A5A5A5A5A5A5A5A5A5A5A5A5A5A5A5A5A5A5A5A5A5A5A5A5A5A5A5A5A5A5A5A5
query pointer=8 name=437 class=2 length=22 status=80000005 returned=00000020 bytes=00000000010000001400000063005F00340033003700A5A5A5A5A5A5A5A5A5A5A5A5A5A5A5A5A5A5A5A5A5A5A5A5A5A5A5A5A5A5A5A5A5A5A5A5A5A5A5A5A5A5
query pointer=8 name=437 class=2 length=23 status=80000005 returned=00000020 bytes=00000000010000001400000063005F003400330037002EA5A5A5A5A5A5A5A5A5A5A5A5A5A5A5A5A5A5A5A5A5A5A5A5A5A5A5A5A5A5A5A5A5A5A5A5A5A5A5A5A5
query pointer=8 name=437 class=2 length=24 status=80000005 returned=00000020 bytes=00000000010000001400000063005F003400330037002E00A5A5A5A5A5A5A5A5A5A5A5A5A5A5A5A5A5A5A5A5A5A5A5A5A5A5A5A5A5A5A5A5A5A5A5A5A5A5A5A5
query pointer=8 name=437 class=2 length=32 status=00000000 returned=00000020 bytes=00000000010000001400000063005F003400330037002E006E006C0073000000A5A5A5A5A5A5A5A5A5A5A5A5A5A5A5A5A5A5A5A5A5A5A5A5A5A5A5A5A5A5A5A5
query pointer=8 name=437 class=2 length=64 status=00000000 returned=00000020 bytes=00000000010000001400000063005F003400330037002E006E006C0073000000A5A5A5A5A5A5A5A5A5A5A5A5A5A5A5A5A5A5A5A5A5A5A5A5A5A5A5A5A5A5A5A5
query pointer=8 name=437 class=2 length=128 status=00000000 returned=00000020 bytes=00000000010000001400000063005F003400330037002E006E006C0073000000A5A5A5A5A5A5A5A5A5A5A5A5A5A5A5A5A5A5A5A5A5A5A5A5A5A5A5A5A5A5A5A5
query pointer=8 name=437 class=3 length=0 status=C0000023 returned=00000034 bytes=A5A5A5A5A5A5A5A5A5A5A5A5A5A5A5A5A5A5A5A5A5A5A5A5A5A5A5A5A5A5A5A5A5A5A5A5A5A5A5A5A5A5A5A5A5A5A5A5A5A5A5A5A5A5A5A5A5A5A5A5A5A5A5A5
query pointer=8 name=437 class=3 length=1 status=C0000023 returned=00000034 bytes=A5A5A5A5A5A5A5A5A5A5A5A5A5A5A5A5A5A5A5A5A5A5A5A5A5A5A5A5A5A5A5A5A5A5A5A5A5A5A5A5A5A5A5A5A5A5A5A5A5A5A5A5A5A5A5A5A5A5A5A5A5A5A5A5
query pointer=8 name=437 class=3 length=4 status=C0000023 returned=00000034 bytes=A5A5A5A5A5A5A5A5A5A5A5A5A5A5A5A5A5A5A5A5A5A5A5A5A5A5A5A5A5A5A5A5A5A5A5A5A5A5A5A5A5A5A5A5A5A5A5A5A5A5A5A5A5A5A5A5A5A5A5A5A5A5A5A5
query pointer=8 name=437 class=3 length=7 status=C0000023 returned=00000034 bytes=A5A5A5A5A5A5A5A5A5A5A5A5A5A5A5A5A5A5A5A5A5A5A5A5A5A5A5A5A5A5A5A5A5A5A5A5A5A5A5A5A5A5A5A5A5A5A5A5A5A5A5A5A5A5A5A5A5A5A5A5A5A5A5A5
query pointer=8 name=437 class=3 length=8 status=C0000023 returned=00000034 bytes=A5A5A5A5A5A5A5A5A5A5A5A5A5A5A5A5A5A5A5A5A5A5A5A5A5A5A5A5A5A5A5A5A5A5A5A5A5A5A5A5A5A5A5A5A5A5A5A5A5A5A5A5A5A5A5A5A5A5A5A5A5A5A5A5
query pointer=8 name=437 class=3 length=11 status=C0000023 returned=00000034 bytes=A5A5A5A5A5A5A5A5A5A5A5A5A5A5A5A5A5A5A5A5A5A5A5A5A5A5A5A5A5A5A5A5A5A5A5A5A5A5A5A5A5A5A5A5A5A5A5A5A5A5A5A5A5A5A5A5A5A5A5A5A5A5A5A5
query pointer=8 name=437 class=3 length=12 status=C0000023 returned=00000034 bytes=A5A5A5A5A5A5A5A5A5A5A5A5A5A5A5A5A5A5A5A5A5A5A5A5A5A5A5A5A5A5A5A5A5A5A5A5A5A5A5A5A5A5A5A5A5A5A5A5A5A5A5A5A5A5A5A5A5A5A5A5A5A5A5A5
query pointer=8 name=437 class=3 length=13 status=C0000023 returned=00000034 bytes=A5A5A5A5A5A5A5A5A5A5A5A5A5A5A5A5A5A5A5A5A5A5A5A5A5A5A5A5A5A5A5A5A5A5A5A5A5A5A5A5A5A5A5A5A5A5A5A5A5A5A5A5A5A5A5A5A5A5A5A5A5A5A5A5
query pointer=8 name=437 class=3 length=16 status=C0000023 returned=00000034 bytes=A5A5A5A5A5A5A5A5A5A5A5A5A5A5A5A5A5A5A5A5A5A5A5A5A5A5A5A5A5A5A5A5A5A5A5A5A5A5A5A5A5A5A5A5A5A5A5A5A5A5A5A5A5A5A5A5A5A5A5A5A5A5A5A5
query pointer=8 name=437 class=3 length=19 status=C0000023 returned=00000034 bytes=A5A5A5A5A5A5A5A5A5A5A5A5A5A5A5A5A5A5A5A5A5A5A5A5A5A5A5A5A5A5A5A5A5A5A5A5A5A5A5A5A5A5A5A5A5A5A5A5A5A5A5A5A5A5A5A5A5A5A5A5A5A5A5A5
query pointer=8 name=437 class=3 length=20 status=80000005 returned=00000034 bytes=0000000001000000200000001400000006000000A5A5A5A5A5A5A5A5A5A5A5A5A5A5A5A5A5A5A5A5A5A5A5A5A5A5A5A5A5A5A5A5A5A5A5A5A5A5A5A5A5A5A5A5
query pointer=8 name=437 class=3 length=21 status=80000005 returned=00000034 bytes=000000000100000020000000140000000600000000A5A5A5A5A5A5A5A5A5A5A5A5A5A5A5A5A5A5A5A5A5A5A5A5A5A5A5A5A5A5A5A5A5A5A5A5A5A5A5A5A5A5A5
query pointer=8 name=437 class=3 length=22 status=80000005 returned=00000034 bytes=00000000010000002000000014000000060000003400A5A5A5A5A5A5A5A5A5A5A5A5A5A5A5A5A5A5A5A5A5A5A5A5A5A5A5A5A5A5A5A5A5A5A5A5A5A5A5A5A5A5
query pointer=8 name=437 class=3 length=23 status=80000005 returned=00000034 bytes=0000000001000000200000001400000006000000340000A5A5A5A5A5A5A5A5A5A5A5A5A5A5A5A5A5A5A5A5A5A5A5A5A5A5A5A5A5A5A5A5A5A5A5A5A5A5A5A5A5
query pointer=8 name=437 class=3 length=24 status=80000005 returned=00000034 bytes=000000000100000020000000140000000600000034003300A5A5A5A5A5A5A5A5A5A5A5A5A5A5A5A5A5A5A5A5A5A5A5A5A5A5A5A5A5A5A5A5A5A5A5A5A5A5A5A5
query pointer=8 name=437 class=3 length=32 status=80000005 returned=00000034 bytes=0000000001000000200000001400000006000000340033003700000000000000A5A5A5A5A5A5A5A5A5A5A5A5A5A5A5A5A5A5A5A5A5A5A5A5A5A5A5A5A5A5A5A5
query pointer=8 name=437 class=3 length=64 status=00000000 returned=00000034 bytes=000000000100000020000000140000000600000034003300370000000000000063005F003400330037002E006E006C0073000000A5A5A5A5A5A5A5A5A5A5A5A5
query pointer=8 name=437 class=3 length=128 status=00000000 returned=00000034 bytes=000000000100000020000000140000000600000034003300370000000000000063005F003400330037002E006E006C0073000000A5A5A5A5A5A5A5A5A5A5A5A5
query pointer=8 name=437 class=4 length=0 status=C0000023 returned=0000001C bytes=A5A5A5A5A5A5A5A5A5A5A5A5A5A5A5A5A5A5A5A5A5A5A5A5A5A5A5A5A5A5A5A5A5A5A5A5A5A5A5A5A5A5A5A5A5A5A5A5A5A5A5A5A5A5A5A5A5A5A5A5A5A5A5A5
query pointer=8 name=437 class=4 length=1 status=C0000023 returned=0000001C bytes=A5A5A5A5A5A5A5A5A5A5A5A5A5A5A5A5A5A5A5A5A5A5A5A5A5A5A5A5A5A5A5A5A5A5A5A5A5A5A5A5A5A5A5A5A5A5A5A5A5A5A5A5A5A5A5A5A5A5A5A5A5A5A5A5
query pointer=8 name=437 class=4 length=4 status=C0000023 returned=0000001C bytes=A5A5A5A5A5A5A5A5A5A5A5A5A5A5A5A5A5A5A5A5A5A5A5A5A5A5A5A5A5A5A5A5A5A5A5A5A5A5A5A5A5A5A5A5A5A5A5A5A5A5A5A5A5A5A5A5A5A5A5A5A5A5A5A5
query pointer=8 name=437 class=4 length=7 status=C0000023 returned=0000001C bytes=A5A5A5A5A5A5A5A5A5A5A5A5A5A5A5A5A5A5A5A5A5A5A5A5A5A5A5A5A5A5A5A5A5A5A5A5A5A5A5A5A5A5A5A5A5A5A5A5A5A5A5A5A5A5A5A5A5A5A5A5A5A5A5A5
query pointer=8 name=437 class=4 length=8 status=80000005 returned=0000001C bytes=0100000014000000A5A5A5A5A5A5A5A5A5A5A5A5A5A5A5A5A5A5A5A5A5A5A5A5A5A5A5A5A5A5A5A5A5A5A5A5A5A5A5A5A5A5A5A5A5A5A5A5A5A5A5A5A5A5A5A5
query pointer=8 name=437 class=4 length=11 status=80000005 returned=0000001C bytes=010000001400000063005FA5A5A5A5A5A5A5A5A5A5A5A5A5A5A5A5A5A5A5A5A5A5A5A5A5A5A5A5A5A5A5A5A5A5A5A5A5A5A5A5A5A5A5A5A5A5A5A5A5A5A5A5A5
query pointer=8 name=437 class=4 length=12 status=80000005 returned=0000001C bytes=010000001400000063005F00A5A5A5A5A5A5A5A5A5A5A5A5A5A5A5A5A5A5A5A5A5A5A5A5A5A5A5A5A5A5A5A5A5A5A5A5A5A5A5A5A5A5A5A5A5A5A5A5A5A5A5A5
query pointer=8 name=437 class=4 length=13 status=80000005 returned=0000001C bytes=010000001400000063005F0034A5A5A5A5A5A5A5A5A5A5A5A5A5A5A5A5A5A5A5A5A5A5A5A5A5A5A5A5A5A5A5A5A5A5A5A5A5A5A5A5A5A5A5A5A5A5A5A5A5A5A5
query pointer=8 name=437 class=4 length=16 status=80000005 returned=0000001C bytes=010000001400000063005F0034003300A5A5A5A5A5A5A5A5A5A5A5A5A5A5A5A5A5A5A5A5A5A5A5A5A5A5A5A5A5A5A5A5A5A5A5A5A5A5A5A5A5A5A5A5A5A5A5A5
query pointer=8 name=437 class=4 length=19 status=80000005 returned=0000001C bytes=010000001400000063005F003400330037002EA5A5A5A5A5A5A5A5A5A5A5A5A5A5A5A5A5A5A5A5A5A5A5A5A5A5A5A5A5A5A5A5A5A5A5A5A5A5A5A5A5A5A5A5A5
query pointer=8 name=437 class=4 length=20 status=80000005 returned=0000001C bytes=010000001400000063005F003400330037002E00A5A5A5A5A5A5A5A5A5A5A5A5A5A5A5A5A5A5A5A5A5A5A5A5A5A5A5A5A5A5A5A5A5A5A5A5A5A5A5A5A5A5A5A5
query pointer=8 name=437 class=4 length=21 status=80000005 returned=0000001C bytes=010000001400000063005F003400330037002E006EA5A5A5A5A5A5A5A5A5A5A5A5A5A5A5A5A5A5A5A5A5A5A5A5A5A5A5A5A5A5A5A5A5A5A5A5A5A5A5A5A5A5A5
query pointer=8 name=437 class=4 length=22 status=80000005 returned=0000001C bytes=010000001400000063005F003400330037002E006E00A5A5A5A5A5A5A5A5A5A5A5A5A5A5A5A5A5A5A5A5A5A5A5A5A5A5A5A5A5A5A5A5A5A5A5A5A5A5A5A5A5A5
query pointer=8 name=437 class=4 length=23 status=80000005 returned=0000001C bytes=010000001400000063005F003400330037002E006E006CA5A5A5A5A5A5A5A5A5A5A5A5A5A5A5A5A5A5A5A5A5A5A5A5A5A5A5A5A5A5A5A5A5A5A5A5A5A5A5A5A5
query pointer=8 name=437 class=4 length=24 status=80000005 returned=0000001C bytes=010000001400000063005F003400330037002E006E006C00A5A5A5A5A5A5A5A5A5A5A5A5A5A5A5A5A5A5A5A5A5A5A5A5A5A5A5A5A5A5A5A5A5A5A5A5A5A5A5A5
query pointer=8 name=437 class=4 length=32 status=00000000 returned=0000001C bytes=010000001400000063005F003400330037002E006E006C0073000000A5A5A5A5A5A5A5A5A5A5A5A5A5A5A5A5A5A5A5A5A5A5A5A5A5A5A5A5A5A5A5A5A5A5A5A5
query pointer=8 name=437 class=4 length=64 status=00000000 returned=0000001C bytes=010000001400000063005F003400330037002E006E006C0073000000A5A5A5A5A5A5A5A5A5A5A5A5A5A5A5A5A5A5A5A5A5A5A5A5A5A5A5A5A5A5A5A5A5A5A5A5
query pointer=8 name=437 class=4 length=128 status=00000000 returned=0000001C bytes=010000001400000063005F003400330037002E006E006C0073000000A5A5A5A5A5A5A5A5A5A5A5A5A5A5A5A5A5A5A5A5A5A5A5A5A5A5A5A5A5A5A5A5A5A5A5A5
query pointer=8 name=437 class=5 length=0 status=C000000D returned=A5A5A5A5 bytes=A5A5A5A5A5A5A5A5A5A5A5A5A5A5A5A5A5A5A5A5A5A5A5A5A5A5A5A5A5A5A5A5A5A5A5A5A5A5A5A5A5A5A5A5A5A5A5A5A5A5A5A5A5A5A5A5A5A5A5A5A5A5A5A5
query pointer=8 name=437 class=5 length=1 status=C000000D returned=A5A5A5A5 bytes=A5A5A5A5A5A5A5A5A5A5A5A5A5A5A5A5A5A5A5A5A5A5A5A5A5A5A5A5A5A5A5A5A5A5A5A5A5A5A5A5A5A5A5A5A5A5A5A5A5A5A5A5A5A5A5A5A5A5A5A5A5A5A5A5
query pointer=8 name=437 class=5 length=4 status=C000000D returned=A5A5A5A5 bytes=A5A5A5A5A5A5A5A5A5A5A5A5A5A5A5A5A5A5A5A5A5A5A5A5A5A5A5A5A5A5A5A5A5A5A5A5A5A5A5A5A5A5A5A5A5A5A5A5A5A5A5A5A5A5A5A5A5A5A5A5A5A5A5A5
query pointer=8 name=437 class=5 length=7 status=C000000D returned=A5A5A5A5 bytes=A5A5A5A5A5A5A5A5A5A5A5A5A5A5A5A5A5A5A5A5A5A5A5A5A5A5A5A5A5A5A5A5A5A5A5A5A5A5A5A5A5A5A5A5A5A5A5A5A5A5A5A5A5A5A5A5A5A5A5A5A5A5A5A5
query pointer=8 name=437 class=5 length=8 status=C000000D returned=A5A5A5A5 bytes=A5A5A5A5A5A5A5A5A5A5A5A5A5A5A5A5A5A5A5A5A5A5A5A5A5A5A5A5A5A5A5A5A5A5A5A5A5A5A5A5A5A5A5A5A5A5A5A5A5A5A5A5A5A5A5A5A5A5A5A5A5A5A5A5
query pointer=8 name=437 class=5 length=11 status=C000000D returned=A5A5A5A5 bytes=A5A5A5A5A5A5A5A5A5A5A5A5A5A5A5A5A5A5A5A5A5A5A5A5A5A5A5A5A5A5A5A5A5A5A5A5A5A5A5A5A5A5A5A5A5A5A5A5A5A5A5A5A5A5A5A5A5A5A5A5A5A5A5A5
query pointer=8 name=437 class=5 length=12 status=C000000D returned=A5A5A5A5 bytes=A5A5A5A5A5A5A5A5A5A5A5A5A5A5A5A5A5A5A5A5A5A5A5A5A5A5A5A5A5A5A5A5A5A5A5A5A5A5A5A5A5A5A5A5A5A5A5A5A5A5A5A5A5A5A5A5A5A5A5A5A5A5A5A5
query pointer=8 name=437 class=5 length=13 status=C000000D returned=A5A5A5A5 bytes=A5A5A5A5A5A5A5A5A5A5A5A5A5A5A5A5A5A5A5A5A5A5A5A5A5A5A5A5A5A5A5A5A5A5A5A5A5A5A5A5A5A5A5A5A5A5A5A5A5A5A5A5A5A5A5A5A5A5A5A5A5A5A5A5
query pointer=8 name=437 class=5 length=16 status=C000000D returned=A5A5A5A5 bytes=A5A5A5A5A5A5A5A5A5A5A5A5A5A5A5A5A5A5A5A5A5A5A5A5A5A5A5A5A5A5A5A5A5A5A5A5A5A5A5A5A5A5A5A5A5A5A5A5A5A5A5A5A5A5A5A5A5A5A5A5A5A5A5A5
query pointer=8 name=437 class=5 length=19 status=C000000D returned=A5A5A5A5 bytes=A5A5A5A5A5A5A5A5A5A5A5A5A5A5A5A5A5A5A5A5A5A5A5A5A5A5A5A5A5A5A5A5A5A5A5A5A5A5A5A5A5A5A5A5A5A5A5A5A5A5A5A5A5A5A5A5A5A5A5A5A5A5A5A5
query pointer=8 name=437 class=5 length=20 status=C000000D returned=A5A5A5A5 bytes=A5A5A5A5A5A5A5A5A5A5A5A5A5A5A5A5A5A5A5A5A5A5A5A5A5A5A5A5A5A5A5A5A5A5A5A5A5A5A5A5A5A5A5A5A5A5A5A5A5A5A5A5A5A5A5A5A5A5A5A5A5A5A5A5
query pointer=8 name=437 class=5 length=21 status=C000000D returned=A5A5A5A5 bytes=A5A5A5A5A5A5A5A5A5A5A5A5A5A5A5A5A5A5A5A5A5A5A5A5A5A5A5A5A5A5A5A5A5A5A5A5A5A5A5A5A5A5A5A5A5A5A5A5A5A5A5A5A5A5A5A5A5A5A5A5A5A5A5A5
query pointer=8 name=437 class=5 length=22 status=C000000D returned=A5A5A5A5 bytes=A5A5A5A5A5A5A5A5A5A5A5A5A5A5A5A5A5A5A5A5A5A5A5A5A5A5A5A5A5A5A5A5A5A5A5A5A5A5A5A5A5A5A5A5A5A5A5A5A5A5A5A5A5A5A5A5A5A5A5A5A5A5A5A5
query pointer=8 name=437 class=5 length=23 status=C000000D returned=A5A5A5A5 bytes=A5A5A5A5A5A5A5A5A5A5A5A5A5A5A5A5A5A5A5A5A5A5A5A5A5A5A5A5A5A5A5A5A5A5A5A5A5A5A5A5A5A5A5A5A5A5A5A5A5A5A5A5A5A5A5A5A5A5A5A5A5A5A5A5
query pointer=8 name=437 class=5 length=24 status=C000000D returned=A5A5A5A5 bytes=A5A5A5A5A5A5A5A5A5A5A5A5A5A5A5A5A5A5A5A5A5A5A5A5A5A5A5A5A5A5A5A5A5A5A5A5A5A5A5A5A5A5A5A5A5A5A5A5A5A5A5A5A5A5A5A5A5A5A5A5A5A5A5A5
query pointer=8 name=437 class=5 length=32 status=C000000D returned=A5A5A5A5 bytes=A5A5A5A5A5A5A5A5A5A5A5A5A5A5A5A5A5A5A5A5A5A5A5A5A5A5A5A5A5A5A5A5A5A5A5A5A5A5A5A5A5A5A5A5A5A5A5A5A5A5A5A5A5A5A5A5A5A5A5A5A5A5A5A5
query pointer=8 name=437 class=5 length=64 status=C000000D returned=A5A5A5A5 bytes=A5A5A5A5A5A5A5A5A5A5A5A5A5A5A5A5A5A5A5A5A5A5A5A5A5A5A5A5A5A5A5A5A5A5A5A5A5A5A5A5A5A5A5A5A5A5A5A5A5A5A5A5A5A5A5A5A5A5A5A5A5A5A5A5
query pointer=8 name=437 class=5 length=128 status=C000000D returned=A5A5A5A5 bytes=A5A5A5A5A5A5A5A5A5A5A5A5A5A5A5A5A5A5A5A5A5A5A5A5A5A5A5A5A5A5A5A5A5A5A5A5A5A5A5A5A5A5A5A5A5A5A5A5A5A5A5A5A5A5A5A5A5A5A5A5A5A5A5A5
query pointer=8 name=437 class=4294967295 length=0 status=C000000D returned=A5A5A5A5 bytes=A5A5A5A5A5A5A5A5A5A5A5A5A5A5A5A5A5A5A5A5A5A5A5A5A5A5A5A5A5A5A5A5A5A5A5A5A5A5A5A5A5A5A5A5A5A5A5A5A5A5A5A5A5A5A5A5A5A5A5A5A5A5A5A5
query pointer=8 name=437 class=4294967295 length=1 status=C000000D returned=A5A5A5A5 bytes=A5A5A5A5A5A5A5A5A5A5A5A5A5A5A5A5A5A5A5A5A5A5A5A5A5A5A5A5A5A5A5A5A5A5A5A5A5A5A5A5A5A5A5A5A5A5A5A5A5A5A5A5A5A5A5A5A5A5A5A5A5A5A5A5
query pointer=8 name=437 class=4294967295 length=4 status=C000000D returned=A5A5A5A5 bytes=A5A5A5A5A5A5A5A5A5A5A5A5A5A5A5A5A5A5A5A5A5A5A5A5A5A5A5A5A5A5A5A5A5A5A5A5A5A5A5A5A5A5A5A5A5A5A5A5A5A5A5A5A5A5A5A5A5A5A5A5A5A5A5A5
query pointer=8 name=437 class=4294967295 length=7 status=C000000D returned=A5A5A5A5 bytes=A5A5A5A5A5A5A5A5A5A5A5A5A5A5A5A5A5A5A5A5A5A5A5A5A5A5A5A5A5A5A5A5A5A5A5A5A5A5A5A5A5A5A5A5A5A5A5A5A5A5A5A5A5A5A5A5A5A5A5A5A5A5A5A5
query pointer=8 name=437 class=4294967295 length=8 status=C000000D returned=A5A5A5A5 bytes=A5A5A5A5A5A5A5A5A5A5A5A5A5A5A5A5A5A5A5A5A5A5A5A5A5A5A5A5A5A5A5A5A5A5A5A5A5A5A5A5A5A5A5A5A5A5A5A5A5A5A5A5A5A5A5A5A5A5A5A5A5A5A5A5
query pointer=8 name=437 class=4294967295 length=11 status=C000000D returned=A5A5A5A5 bytes=A5A5A5A5A5A5A5A5A5A5A5A5A5A5A5A5A5A5A5A5A5A5A5A5A5A5A5A5A5A5A5A5A5A5A5A5A5A5A5A5A5A5A5A5A5A5A5A5A5A5A5A5A5A5A5A5A5A5A5A5A5A5A5A5
query pointer=8 name=437 class=4294967295 length=12 status=C000000D returned=A5A5A5A5 bytes=A5A5A5A5A5A5A5A5A5A5A5A5A5A5A5A5A5A5A5A5A5A5A5A5A5A5A5A5A5A5A5A5A5A5A5A5A5A5A5A5A5A5A5A5A5A5A5A5A5A5A5A5A5A5A5A5A5A5A5A5A5A5A5A5
query pointer=8 name=437 class=4294967295 length=13 status=C000000D returned=A5A5A5A5 bytes=A5A5A5A5A5A5A5A5A5A5A5A5A5A5A5A5A5A5A5A5A5A5A5A5A5A5A5A5A5A5A5A5A5A5A5A5A5A5A5A5A5A5A5A5A5A5A5A5A5A5A5A5A5A5A5A5A5A5A5A5A5A5A5A5
query pointer=8 name=437 class=4294967295 length=16 status=C000000D returned=A5A5A5A5 bytes=A5A5A5A5A5A5A5A5A5A5A5A5A5A5A5A5A5A5A5A5A5A5A5A5A5A5A5A5A5A5A5A5A5A5A5A5A5A5A5A5A5A5A5A5A5A5A5A5A5A5A5A5A5A5A5A5A5A5A5A5A5A5A5A5
query pointer=8 name=437 class=4294967295 length=19 status=C000000D returned=A5A5A5A5 bytes=A5A5A5A5A5A5A5A5A5A5A5A5A5A5A5A5A5A5A5A5A5A5A5A5A5A5A5A5A5A5A5A5A5A5A5A5A5A5A5A5A5A5A5A5A5A5A5A5A5A5A5A5A5A5A5A5A5A5A5A5A5A5A5A5
query pointer=8 name=437 class=4294967295 length=20 status=C000000D returned=A5A5A5A5 bytes=A5A5A5A5A5A5A5A5A5A5A5A5A5A5A5A5A5A5A5A5A5A5A5A5A5A5A5A5A5A5A5A5A5A5A5A5A5A5A5A5A5A5A5A5A5A5A5A5A5A5A5A5A5A5A5A5A5A5A5A5A5A5A5A5
query pointer=8 name=437 class=4294967295 length=21 status=C000000D returned=A5A5A5A5 bytes=A5A5A5A5A5A5A5A5A5A5A5A5A5A5A5A5A5A5A5A5A5A5A5A5A5A5A5A5A5A5A5A5A5A5A5A5A5A5A5A5A5A5A5A5A5A5A5A5A5A5A5A5A5A5A5A5A5A5A5A5A5A5A5A5
query pointer=8 name=437 class=4294967295 length=22 status=C000000D returned=A5A5A5A5 bytes=A5A5A5A5A5A5A5A5A5A5A5A5A5A5A5A5A5A5A5A5A5A5A5A5A5A5A5A5A5A5A5A5A5A5A5A5A5A5A5A5A5A5A5A5A5A5A5A5A5A5A5A5A5A5A5A5A5A5A5A5A5A5A5A5
query pointer=8 name=437 class=4294967295 length=23 status=C000000D returned=A5A5A5A5 bytes=A5A5A5A5A5A5A5A5A5A5A5A5A5A5A5A5A5A5A5A5A5A5A5A5A5A5A5A5A5A5A5A5A5A5A5A5A5A5A5A5A5A5A5A5A5A5A5A5A5A5A5A5A5A5A5A5A5A5A5A5A5A5A5A5
query pointer=8 name=437 class=4294967295 length=24 status=C000000D returned=A5A5A5A5 bytes=A5A5A5A5A5A5A5A5A5A5A5A5A5A5A5A5A5A5A5A5A5A5A5A5A5A5A5A5A5A5A5A5A5A5A5A5A5A5A5A5A5A5A5A5A5A5A5A5A5A5A5A5A5A5A5A5A5A5A5A5A5A5A5A5
query pointer=8 name=437 class=4294967295 length=32 status=C000000D returned=A5A5A5A5 bytes=A5A5A5A5A5A5A5A5A5A5A5A5A5A5A5A5A5A5A5A5A5A5A5A5A5A5A5A5A5A5A5A5A5A5A5A5A5A5A5A5A5A5A5A5A5A5A5A5A5A5A5A5A5A5A5A5A5A5A5A5A5A5A5A5
query pointer=8 name=437 class=4294967295 length=64 status=C000000D returned=A5A5A5A5 bytes=A5A5A5A5A5A5A5A5A5A5A5A5A5A5A5A5A5A5A5A5A5A5A5A5A5A5A5A5A5A5A5A5A5A5A5A5A5A5A5A5A5A5A5A5A5A5A5A5A5A5A5A5A5A5A5A5A5A5A5A5A5A5A5A5
query pointer=8 name=437 class=4294967295 length=128 status=C000000D returned=A5A5A5A5 bytes=A5A5A5A5A5A5A5A5A5A5A5A5A5A5A5A5A5A5A5A5A5A5A5A5A5A5A5A5A5A5A5A5A5A5A5A5A5A5A5A5A5A5A5A5A5A5A5A5A5A5A5A5A5A5A5A5A5A5A5A5A5A5A5A5
query pointer=8 name=10000 class=0 length=0 status=C0000023 returned=00000016 bytes=A5A5A5A5A5A5A5A5A5A5A5A5A5A5A5A5A5A5A5A5A5A5A5A5A5A5A5A5A5A5A5A5A5A5A5A5A5A5A5A5A5A5A5A5A5A5A5A5A5A5A5A5A5A5A5A5A5A5A5A5A5A5A5A5
query pointer=8 name=10000 class=0 length=1 status=C0000023 returned=00000016 bytes=A5A5A5A5A5A5A5A5A5A5A5A5A5A5A5A5A5A5A5A5A5A5A5A5A5A5A5A5A5A5A5A5A5A5A5A5A5A5A5A5A5A5A5A5A5A5A5A5A5A5A5A5A5A5A5A5A5A5A5A5A5A5A5A5
query pointer=8 name=10000 class=0 length=4 status=C0000023 returned=00000016 bytes=A5A5A5A5A5A5A5A5A5A5A5A5A5A5A5A5A5A5A5A5A5A5A5A5A5A5A5A5A5A5A5A5A5A5A5A5A5A5A5A5A5A5A5A5A5A5A5A5A5A5A5A5A5A5A5A5A5A5A5A5A5A5A5A5
query pointer=8 name=10000 class=0 length=7 status=C0000023 returned=00000016 bytes=A5A5A5A5A5A5A5A5A5A5A5A5A5A5A5A5A5A5A5A5A5A5A5A5A5A5A5A5A5A5A5A5A5A5A5A5A5A5A5A5A5A5A5A5A5A5A5A5A5A5A5A5A5A5A5A5A5A5A5A5A5A5A5A5
query pointer=8 name=10000 class=0 length=8 status=C0000023 returned=00000016 bytes=A5A5A5A5A5A5A5A5A5A5A5A5A5A5A5A5A5A5A5A5A5A5A5A5A5A5A5A5A5A5A5A5A5A5A5A5A5A5A5A5A5A5A5A5A5A5A5A5A5A5A5A5A5A5A5A5A5A5A5A5A5A5A5A5
query pointer=8 name=10000 class=0 length=11 status=C0000023 returned=00000016 bytes=A5A5A5A5A5A5A5A5A5A5A5A5A5A5A5A5A5A5A5A5A5A5A5A5A5A5A5A5A5A5A5A5A5A5A5A5A5A5A5A5A5A5A5A5A5A5A5A5A5A5A5A5A5A5A5A5A5A5A5A5A5A5A5A5
query pointer=8 name=10000 class=0 length=12 status=80000005 returned=00000016 bytes=00000000010000000A000000A5A5A5A5A5A5A5A5A5A5A5A5A5A5A5A5A5A5A5A5A5A5A5A5A5A5A5A5A5A5A5A5A5A5A5A5A5A5A5A5A5A5A5A5A5A5A5A5A5A5A5A5
query pointer=8 name=10000 class=0 length=13 status=80000005 returned=00000016 bytes=00000000010000000A00000000A5A5A5A5A5A5A5A5A5A5A5A5A5A5A5A5A5A5A5A5A5A5A5A5A5A5A5A5A5A5A5A5A5A5A5A5A5A5A5A5A5A5A5A5A5A5A5A5A5A5A5
query pointer=8 name=10000 class=0 length=16 status=80000005 returned=00000016 bytes=00000000010000000A00000031003000A5A5A5A5A5A5A5A5A5A5A5A5A5A5A5A5A5A5A5A5A5A5A5A5A5A5A5A5A5A5A5A5A5A5A5A5A5A5A5A5A5A5A5A5A5A5A5A5
query pointer=8 name=10000 class=0 length=19 status=80000005 returned=00000016 bytes=00000000010000000A00000031003000300000A5A5A5A5A5A5A5A5A5A5A5A5A5A5A5A5A5A5A5A5A5A5A5A5A5A5A5A5A5A5A5A5A5A5A5A5A5A5A5A5A5A5A5A5A5
query pointer=8 name=10000 class=0 length=20 status=80000005 returned=00000016 bytes=00000000010000000A0000003100300030003000A5A5A5A5A5A5A5A5A5A5A5A5A5A5A5A5A5A5A5A5A5A5A5A5A5A5A5A5A5A5A5A5A5A5A5A5A5A5A5A5A5A5A5A5
query pointer=8 name=10000 class=0 length=21 status=80000005 returned=00000016 bytes=00000000010000000A000000310030003000300000A5A5A5A5A5A5A5A5A5A5A5A5A5A5A5A5A5A5A5A5A5A5A5A5A5A5A5A5A5A5A5A5A5A5A5A5A5A5A5A5A5A5A5
query pointer=8 name=10000 class=0 length=22 status=00000000 returned=00000016 bytes=00000000010000000A00000031003000300030003000A5A5A5A5A5A5A5A5A5A5A5A5A5A5A5A5A5A5A5A5A5A5A5A5A5A5A5A5A5A5A5A5A5A5A5A5A5A5A5A5A5A5
query pointer=8 name=10000 class=0 length=23 status=00000000 returned=00000016 bytes=00000000010000000A00000031003000300030003000A5A5A5A5A5A5A5A5A5A5A5A5A5A5A5A5A5A5A5A5A5A5A5A5A5A5A5A5A5A5A5A5A5A5A5A5A5A5A5A5A5A5
query pointer=8 name=10000 class=0 length=24 status=00000000 returned=00000016 bytes=00000000010000000A00000031003000300030003000A5A5A5A5A5A5A5A5A5A5A5A5A5A5A5A5A5A5A5A5A5A5A5A5A5A5A5A5A5A5A5A5A5A5A5A5A5A5A5A5A5A5
query pointer=8 name=10000 class=0 length=32 status=00000000 returned=00000016 bytes=00000000010000000A00000031003000300030003000A5A5A5A5A5A5A5A5A5A5A5A5A5A5A5A5A5A5A5A5A5A5A5A5A5A5A5A5A5A5A5A5A5A5A5A5A5A5A5A5A5A5
query pointer=8 name=10000 class=0 length=64 status=00000000 returned=00000016 bytes=00000000010000000A00000031003000300030003000A5A5A5A5A5A5A5A5A5A5A5A5A5A5A5A5A5A5A5A5A5A5A5A5A5A5A5A5A5A5A5A5A5A5A5A5A5A5A5A5A5A5
query pointer=8 name=10000 class=0 length=128 status=00000000 returned=00000016 bytes=00000000010000000A00000031003000300030003000A5A5A5A5A5A5A5A5A5A5A5A5A5A5A5A5A5A5A5A5A5A5A5A5A5A5A5A5A5A5A5A5A5A5A5A5A5A5A5A5A5A5
query pointer=8 name=10000 class=1 length=0 status=C0000023 returned=00000038 bytes=A5A5A5A5A5A5A5A5A5A5A5A5A5A5A5A5A5A5A5A5A5A5A5A5A5A5A5A5A5A5A5A5A5A5A5A5A5A5A5A5A5A5A5A5A5A5A5A5A5A5A5A5A5A5A5A5A5A5A5A5A5A5A5A5
query pointer=8 name=10000 class=1 length=1 status=C0000023 returned=00000038 bytes=A5A5A5A5A5A5A5A5A5A5A5A5A5A5A5A5A5A5A5A5A5A5A5A5A5A5A5A5A5A5A5A5A5A5A5A5A5A5A5A5A5A5A5A5A5A5A5A5A5A5A5A5A5A5A5A5A5A5A5A5A5A5A5A5
query pointer=8 name=10000 class=1 length=4 status=C0000023 returned=00000038 bytes=A5A5A5A5A5A5A5A5A5A5A5A5A5A5A5A5A5A5A5A5A5A5A5A5A5A5A5A5A5A5A5A5A5A5A5A5A5A5A5A5A5A5A5A5A5A5A5A5A5A5A5A5A5A5A5A5A5A5A5A5A5A5A5A5
query pointer=8 name=10000 class=1 length=7 status=C0000023 returned=00000038 bytes=A5A5A5A5A5A5A5A5A5A5A5A5A5A5A5A5A5A5A5A5A5A5A5A5A5A5A5A5A5A5A5A5A5A5A5A5A5A5A5A5A5A5A5A5A5A5A5A5A5A5A5A5A5A5A5A5A5A5A5A5A5A5A5A5
query pointer=8 name=10000 class=1 length=8 status=C0000023 returned=00000038 bytes=A5A5A5A5A5A5A5A5A5A5A5A5A5A5A5A5A5A5A5A5A5A5A5A5A5A5A5A5A5A5A5A5A5A5A5A5A5A5A5A5A5A5A5A5A5A5A5A5A5A5A5A5A5A5A5A5A5A5A5A5A5A5A5A5
query pointer=8 name=10000 class=1 length=11 status=C0000023 returned=00000038 bytes=A5A5A5A5A5A5A5A5A5A5A5A5A5A5A5A5A5A5A5A5A5A5A5A5A5A5A5A5A5A5A5A5A5A5A5A5A5A5A5A5A5A5A5A5A5A5A5A5A5A5A5A5A5A5A5A5A5A5A5A5A5A5A5A5
query pointer=8 name=10000 class=1 length=12 status=C0000023 returned=00000038 bytes=A5A5A5A5A5A5A5A5A5A5A5A5A5A5A5A5A5A5A5A5A5A5A5A5A5A5A5A5A5A5A5A5A5A5A5A5A5A5A5A5A5A5A5A5A5A5A5A5A5A5A5A5A5A5A5A5A5A5A5A5A5A5A5A5
query pointer=8 name=10000 class=1 length=13 status=C0000023 returned=00000038 bytes=A5A5A5A5A5A5A5A5A5A5A5A5A5A5A5A5A5A5A5A5A5A5A5A5A5A5A5A5A5A5A5A5A5A5A5A5A5A5A5A5A5A5A5A5A5A5A5A5A5A5A5A5A5A5A5A5A5A5A5A5A5A5A5A5
query pointer=8 name=10000 class=1 length=16 status=C0000023 returned=00000038 bytes=A5A5A5A5A5A5A5A5A5A5A5A5A5A5A5A5A5A5A5A5A5A5A5A5A5A5A5A5A5A5A5A5A5A5A5A5A5A5A5A5A5A5A5A5A5A5A5A5A5A5A5A5A5A5A5A5A5A5A5A5A5A5A5A5
query pointer=8 name=10000 class=1 length=19 status=C0000023 returned=00000038 bytes=A5A5A5A5A5A5A5A5A5A5A5A5A5A5A5A5A5A5A5A5A5A5A5A5A5A5A5A5A5A5A5A5A5A5A5A5A5A5A5A5A5A5A5A5A5A5A5A5A5A5A5A5A5A5A5A5A5A5A5A5A5A5A5A5
query pointer=8 name=10000 class=1 length=20 status=80000005 returned=00000038 bytes=000000000100000020000000180000000A000000A5A5A5A5A5A5A5A5A5A5A5A5A5A5A5A5A5A5A5A5A5A5A5A5A5A5A5A5A5A5A5A5A5A5A5A5A5A5A5A5A5A5A5A5
query pointer=8 name=10000 class=1 length=21 status=80000005 returned=00000038 bytes=000000000100000020000000180000000A00000000A5A5A5A5A5A5A5A5A5A5A5A5A5A5A5A5A5A5A5A5A5A5A5A5A5A5A5A5A5A5A5A5A5A5A5A5A5A5A5A5A5A5A5
query pointer=8 name=10000 class=1 length=22 status=80000005 returned=00000038 bytes=000000000100000020000000180000000A0000003100A5A5A5A5A5A5A5A5A5A5A5A5A5A5A5A5A5A5A5A5A5A5A5A5A5A5A5A5A5A5A5A5A5A5A5A5A5A5A5A5A5A5
query pointer=8 name=10000 class=1 length=23 status=80000005 returned=00000038 bytes=000000000100000020000000180000000A000000310000A5A5A5A5A5A5A5A5A5A5A5A5A5A5A5A5A5A5A5A5A5A5A5A5A5A5A5A5A5A5A5A5A5A5A5A5A5A5A5A5A5
query pointer=8 name=10000 class=1 length=24 status=80000005 returned=00000038 bytes=000000000100000020000000180000000A00000031003000A5A5A5A5A5A5A5A5A5A5A5A5A5A5A5A5A5A5A5A5A5A5A5A5A5A5A5A5A5A5A5A5A5A5A5A5A5A5A5A5
query pointer=8 name=10000 class=1 length=32 status=80000005 returned=00000038 bytes=000000000100000020000000180000000A000000310030003000300030000000A5A5A5A5A5A5A5A5A5A5A5A5A5A5A5A5A5A5A5A5A5A5A5A5A5A5A5A5A5A5A5A5
query pointer=8 name=10000 class=1 length=64 status=00000000 returned=00000038 bytes=000000000100000020000000180000000A00000031003000300030003000000063005F00310030003000300030002E006E006C0073000000A5A5A5A5A5A5A5A5
query pointer=8 name=10000 class=1 length=128 status=00000000 returned=00000038 bytes=000000000100000020000000180000000A00000031003000300030003000000063005F00310030003000300030002E006E006C0073000000A5A5A5A5A5A5A5A5
query pointer=8 name=10000 class=2 length=0 status=C0000023 returned=00000024 bytes=A5A5A5A5A5A5A5A5A5A5A5A5A5A5A5A5A5A5A5A5A5A5A5A5A5A5A5A5A5A5A5A5A5A5A5A5A5A5A5A5A5A5A5A5A5A5A5A5A5A5A5A5A5A5A5A5A5A5A5A5A5A5A5A5
query pointer=8 name=10000 class=2 length=1 status=C0000023 returned=00000024 bytes=A5A5A5A5A5A5A5A5A5A5A5A5A5A5A5A5A5A5A5A5A5A5A5A5A5A5A5A5A5A5A5A5A5A5A5A5A5A5A5A5A5A5A5A5A5A5A5A5A5A5A5A5A5A5A5A5A5A5A5A5A5A5A5A5
query pointer=8 name=10000 class=2 length=4 status=C0000023 returned=00000024 bytes=A5A5A5A5A5A5A5A5A5A5A5A5A5A5A5A5A5A5A5A5A5A5A5A5A5A5A5A5A5A5A5A5A5A5A5A5A5A5A5A5A5A5A5A5A5A5A5A5A5A5A5A5A5A5A5A5A5A5A5A5A5A5A5A5
query pointer=8 name=10000 class=2 length=7 status=C0000023 returned=00000024 bytes=A5A5A5A5A5A5A5A5A5A5A5A5A5A5A5A5A5A5A5A5A5A5A5A5A5A5A5A5A5A5A5A5A5A5A5A5A5A5A5A5A5A5A5A5A5A5A5A5A5A5A5A5A5A5A5A5A5A5A5A5A5A5A5A5
query pointer=8 name=10000 class=2 length=8 status=C0000023 returned=00000024 bytes=A5A5A5A5A5A5A5A5A5A5A5A5A5A5A5A5A5A5A5A5A5A5A5A5A5A5A5A5A5A5A5A5A5A5A5A5A5A5A5A5A5A5A5A5A5A5A5A5A5A5A5A5A5A5A5A5A5A5A5A5A5A5A5A5
query pointer=8 name=10000 class=2 length=11 status=C0000023 returned=00000024 bytes=A5A5A5A5A5A5A5A5A5A5A5A5A5A5A5A5A5A5A5A5A5A5A5A5A5A5A5A5A5A5A5A5A5A5A5A5A5A5A5A5A5A5A5A5A5A5A5A5A5A5A5A5A5A5A5A5A5A5A5A5A5A5A5A5
query pointer=8 name=10000 class=2 length=12 status=80000005 returned=00000024 bytes=000000000100000018000000A5A5A5A5A5A5A5A5A5A5A5A5A5A5A5A5A5A5A5A5A5A5A5A5A5A5A5A5A5A5A5A5A5A5A5A5A5A5A5A5A5A5A5A5A5A5A5A5A5A5A5A5
query pointer=8 name=10000 class=2 length=13 status=80000005 returned=00000024 bytes=00000000010000001800000063A5A5A5A5A5A5A5A5A5A5A5A5A5A5A5A5A5A5A5A5A5A5A5A5A5A5A5A5A5A5A5A5A5A5A5A5A5A5A5A5A5A5A5A5A5A5A5A5A5A5A5
query pointer=8 name=10000 class=2 length=16 status=80000005 returned=00000024 bytes=00000000010000001800000063005F00A5A5A5A5A5A5A5A5A5A5A5A5A5A5A5A5A5A5A5A5A5A5A5A5A5A5A5A5A5A5A5A5A5A5A5A5A5A5A5A5A5A5A5A5A5A5A5A5
query pointer=8 name=10000 class=2 length=19 status=80000005 returned=00000024 bytes=00000000010000001800000063005F00310030A5A5A5A5A5A5A5A5A5A5A5A5A5A5A5A5A5A5A5A5A5A5A5A5A5A5A5A5A5A5A5A5A5A5A5A5A5A5A5A5A5A5A5A5A5
query pointer=8 name=10000 class=2 length=20 status=80000005 returned=00000024 bytes=00000000010000001800000063005F0031003000A5A5A5A5A5A5A5A5A5A5A5A5A5A5A5A5A5A5A5A5A5A5A5A5A5A5A5A5A5A5A5A5A5A5A5A5A5A5A5A5A5A5A5A5
query pointer=8 name=10000 class=2 length=21 status=80000005 returned=00000024 bytes=00000000010000001800000063005F003100300030A5A5A5A5A5A5A5A5A5A5A5A5A5A5A5A5A5A5A5A5A5A5A5A5A5A5A5A5A5A5A5A5A5A5A5A5A5A5A5A5A5A5A5
query pointer=8 name=10000 class=2 length=22 status=80000005 returned=00000024 bytes=00000000010000001800000063005F00310030003000A5A5A5A5A5A5A5A5A5A5A5A5A5A5A5A5A5A5A5A5A5A5A5A5A5A5A5A5A5A5A5A5A5A5A5A5A5A5A5A5A5A5
query pointer=8 name=10000 class=2 length=23 status=80000005 returned=00000024 bytes=00000000010000001800000063005F0031003000300030A5A5A5A5A5A5A5A5A5A5A5A5A5A5A5A5A5A5A5A5A5A5A5A5A5A5A5A5A5A5A5A5A5A5A5A5A5A5A5A5A5
query pointer=8 name=10000 class=2 length=24 status=80000005 returned=00000024 bytes=00000000010000001800000063005F003100300030003000A5A5A5A5A5A5A5A5A5A5A5A5A5A5A5A5A5A5A5A5A5A5A5A5A5A5A5A5A5A5A5A5A5A5A5A5A5A5A5A5
query pointer=8 name=10000 class=2 length=32 status=80000005 returned=00000024 bytes=00000000010000001800000063005F00310030003000300030002E006E006C00A5A5A5A5A5A5A5A5A5A5A5A5A5A5A5A5A5A5A5A5A5A5A5A5A5A5A5A5A5A5A5A5
query pointer=8 name=10000 class=2 length=64 status=00000000 returned=00000024 bytes=00000000010000001800000063005F00310030003000300030002E006E006C0073000000A5A5A5A5A5A5A5A5A5A5A5A5A5A5A5A5A5A5A5A5A5A5A5A5A5A5A5A5
query pointer=8 name=10000 class=2 length=128 status=00000000 returned=00000024 bytes=00000000010000001800000063005F00310030003000300030002E006E006C0073000000A5A5A5A5A5A5A5A5A5A5A5A5A5A5A5A5A5A5A5A5A5A5A5A5A5A5A5A5
query pointer=8 name=10000 class=3 length=0 status=C0000023 returned=00000038 bytes=A5A5A5A5A5A5A5A5A5A5A5A5A5A5A5A5A5A5A5A5A5A5A5A5A5A5A5A5A5A5A5A5A5A5A5A5A5A5A5A5A5A5A5A5A5A5A5A5A5A5A5A5A5A5A5A5A5A5A5A5A5A5A5A5
query pointer=8 name=10000 class=3 length=1 status=C0000023 returned=00000038 bytes=A5A5A5A5A5A5A5A5A5A5A5A5A5A5A5A5A5A5A5A5A5A5A5A5A5A5A5A5A5A5A5A5A5A5A5A5A5A5A5A5A5A5A5A5A5A5A5A5A5A5A5A5A5A5A5A5A5A5A5A5A5A5A5A5
query pointer=8 name=10000 class=3 length=4 status=C0000023 returned=00000038 bytes=A5A5A5A5A5A5A5A5A5A5A5A5A5A5A5A5A5A5A5A5A5A5A5A5A5A5A5A5A5A5A5A5A5A5A5A5A5A5A5A5A5A5A5A5A5A5A5A5A5A5A5A5A5A5A5A5A5A5A5A5A5A5A5A5
query pointer=8 name=10000 class=3 length=7 status=C0000023 returned=00000038 bytes=A5A5A5A5A5A5A5A5A5A5A5A5A5A5A5A5A5A5A5A5A5A5A5A5A5A5A5A5A5A5A5A5A5A5A5A5A5A5A5A5A5A5A5A5A5A5A5A5A5A5A5A5A5A5A5A5A5A5A5A5A5A5A5A5
query pointer=8 name=10000 class=3 length=8 status=C0000023 returned=00000038 bytes=A5A5A5A5A5A5A5A5A5A5A5A5A5A5A5A5A5A5A5A5A5A5A5A5A5A5A5A5A5A5A5A5A5A5A5A5A5A5A5A5A5A5A5A5A5A5A5A5A5A5A5A5A5A5A5A5A5A5A5A5A5A5A5A5
query pointer=8 name=10000 class=3 length=11 status=C0000023 returned=00000038 bytes=A5A5A5A5A5A5A5A5A5A5A5A5A5A5A5A5A5A5A5A5A5A5A5A5A5A5A5A5A5A5A5A5A5A5A5A5A5A5A5A5A5A5A5A5A5A5A5A5A5A5A5A5A5A5A5A5A5A5A5A5A5A5A5A5
query pointer=8 name=10000 class=3 length=12 status=C0000023 returned=00000038 bytes=A5A5A5A5A5A5A5A5A5A5A5A5A5A5A5A5A5A5A5A5A5A5A5A5A5A5A5A5A5A5A5A5A5A5A5A5A5A5A5A5A5A5A5A5A5A5A5A5A5A5A5A5A5A5A5A5A5A5A5A5A5A5A5A5
query pointer=8 name=10000 class=3 length=13 status=C0000023 returned=00000038 bytes=A5A5A5A5A5A5A5A5A5A5A5A5A5A5A5A5A5A5A5A5A5A5A5A5A5A5A5A5A5A5A5A5A5A5A5A5A5A5A5A5A5A5A5A5A5A5A5A5A5A5A5A5A5A5A5A5A5A5A5A5A5A5A5A5
query pointer=8 name=10000 class=3 length=16 status=C0000023 returned=00000038 bytes=A5A5A5A5A5A5A5A5A5A5A5A5A5A5A5A5A5A5A5A5A5A5A5A5A5A5A5A5A5A5A5A5A5A5A5A5A5A5A5A5A5A5A5A5A5A5A5A5A5A5A5A5A5A5A5A5A5A5A5A5A5A5A5A5
query pointer=8 name=10000 class=3 length=19 status=C0000023 returned=00000038 bytes=A5A5A5A5A5A5A5A5A5A5A5A5A5A5A5A5A5A5A5A5A5A5A5A5A5A5A5A5A5A5A5A5A5A5A5A5A5A5A5A5A5A5A5A5A5A5A5A5A5A5A5A5A5A5A5A5A5A5A5A5A5A5A5A5
query pointer=8 name=10000 class=3 length=20 status=80000005 returned=00000038 bytes=000000000100000020000000180000000A000000A5A5A5A5A5A5A5A5A5A5A5A5A5A5A5A5A5A5A5A5A5A5A5A5A5A5A5A5A5A5A5A5A5A5A5A5A5A5A5A5A5A5A5A5
query pointer=8 name=10000 class=3 length=21 status=80000005 returned=00000038 bytes=000000000100000020000000180000000A00000000A5A5A5A5A5A5A5A5A5A5A5A5A5A5A5A5A5A5A5A5A5A5A5A5A5A5A5A5A5A5A5A5A5A5A5A5A5A5A5A5A5A5A5
query pointer=8 name=10000 class=3 length=22 status=80000005 returned=00000038 bytes=000000000100000020000000180000000A0000003100A5A5A5A5A5A5A5A5A5A5A5A5A5A5A5A5A5A5A5A5A5A5A5A5A5A5A5A5A5A5A5A5A5A5A5A5A5A5A5A5A5A5
query pointer=8 name=10000 class=3 length=23 status=80000005 returned=00000038 bytes=000000000100000020000000180000000A000000310000A5A5A5A5A5A5A5A5A5A5A5A5A5A5A5A5A5A5A5A5A5A5A5A5A5A5A5A5A5A5A5A5A5A5A5A5A5A5A5A5A5
query pointer=8 name=10000 class=3 length=24 status=80000005 returned=00000038 bytes=000000000100000020000000180000000A00000031003000A5A5A5A5A5A5A5A5A5A5A5A5A5A5A5A5A5A5A5A5A5A5A5A5A5A5A5A5A5A5A5A5A5A5A5A5A5A5A5A5
query pointer=8 name=10000 class=3 length=32 status=80000005 returned=00000038 bytes=000000000100000020000000180000000A000000310030003000300030000000A5A5A5A5A5A5A5A5A5A5A5A5A5A5A5A5A5A5A5A5A5A5A5A5A5A5A5A5A5A5A5A5
query pointer=8 name=10000 class=3 length=64 status=00000000 returned=00000038 bytes=000000000100000020000000180000000A00000031003000300030003000000063005F00310030003000300030002E006E006C0073000000A5A5A5A5A5A5A5A5
query pointer=8 name=10000 class=3 length=128 status=00000000 returned=00000038 bytes=000000000100000020000000180000000A00000031003000300030003000000063005F00310030003000300030002E006E006C0073000000A5A5A5A5A5A5A5A5
query pointer=8 name=10000 class=4 length=0 status=C0000023 returned=00000020 bytes=A5A5A5A5A5A5A5A5A5A5A5A5A5A5A5A5A5A5A5A5A5A5A5A5A5A5A5A5A5A5A5A5A5A5A5A5A5A5A5A5A5A5A5A5A5A5A5A5A5A5A5A5A5A5A5A5A5A5A5A5A5A5A5A5
query pointer=8 name=10000 class=4 length=1 status=C0000023 returned=00000020 bytes=A5A5A5A5A5A5A5A5A5A5A5A5A5A5A5A5A5A5A5A5A5A5A5A5A5A5A5A5A5A5A5A5A5A5A5A5A5A5A5A5A5A5A5A5A5A5A5A5A5A5A5A5A5A5A5A5A5A5A5A5A5A5A5A5
query pointer=8 name=10000 class=4 length=4 status=C0000023 returned=00000020 bytes=A5A5A5A5A5A5A5A5A5A5A5A5A5A5A5A5A5A5A5A5A5A5A5A5A5A5A5A5A5A5A5A5A5A5A5A5A5A5A5A5A5A5A5A5A5A5A5A5A5A5A5A5A5A5A5A5A5A5A5A5A5A5A5A5
query pointer=8 name=10000 class=4 length=7 status=C0000023 returned=00000020 bytes=A5A5A5A5A5A5A5A5A5A5A5A5A5A5A5A5A5A5A5A5A5A5A5A5A5A5A5A5A5A5A5A5A5A5A5A5A5A5A5A5A5A5A5A5A5A5A5A5A5A5A5A5A5A5A5A5A5A5A5A5A5A5A5A5
query pointer=8 name=10000 class=4 length=8 status=80000005 returned=00000020 bytes=0100000018000000A5A5A5A5A5A5A5A5A5A5A5A5A5A5A5A5A5A5A5A5A5A5A5A5A5A5A5A5A5A5A5A5A5A5A5A5A5A5A5A5A5A5A5A5A5A5A5A5A5A5A5A5A5A5A5A5
query pointer=8 name=10000 class=4 length=11 status=80000005 returned=00000020 bytes=010000001800000063005FA5A5A5A5A5A5A5A5A5A5A5A5A5A5A5A5A5A5A5A5A5A5A5A5A5A5A5A5A5A5A5A5A5A5A5A5A5A5A5A5A5A5A5A5A5A5A5A5A5A5A5A5A5
query pointer=8 name=10000 class=4 length=12 status=80000005 returned=00000020 bytes=010000001800000063005F00A5A5A5A5A5A5A5A5A5A5A5A5A5A5A5A5A5A5A5A5A5A5A5A5A5A5A5A5A5A5A5A5A5A5A5A5A5A5A5A5A5A5A5A5A5A5A5A5A5A5A5A5
query pointer=8 name=10000 class=4 length=13 status=80000005 returned=00000020 bytes=010000001800000063005F0031A5A5A5A5A5A5A5A5A5A5A5A5A5A5A5A5A5A5A5A5A5A5A5A5A5A5A5A5A5A5A5A5A5A5A5A5A5A5A5A5A5A5A5A5A5A5A5A5A5A5A5
query pointer=8 name=10000 class=4 length=16 status=80000005 returned=00000020 bytes=010000001800000063005F0031003000A5A5A5A5A5A5A5A5A5A5A5A5A5A5A5A5A5A5A5A5A5A5A5A5A5A5A5A5A5A5A5A5A5A5A5A5A5A5A5A5A5A5A5A5A5A5A5A5
query pointer=8 name=10000 class=4 length=19 status=80000005 returned=00000020 bytes=010000001800000063005F0031003000300030A5A5A5A5A5A5A5A5A5A5A5A5A5A5A5A5A5A5A5A5A5A5A5A5A5A5A5A5A5A5A5A5A5A5A5A5A5A5A5A5A5A5A5A5A5
query pointer=8 name=10000 class=4 length=20 status=80000005 returned=00000020 bytes=010000001800000063005F003100300030003000A5A5A5A5A5A5A5A5A5A5A5A5A5A5A5A5A5A5A5A5A5A5A5A5A5A5A5A5A5A5A5A5A5A5A5A5A5A5A5A5A5A5A5A5
query pointer=8 name=10000 class=4 length=21 status=80000005 returned=00000020 bytes=010000001800000063005F00310030003000300030A5A5A5A5A5A5A5A5A5A5A5A5A5A5A5A5A5A5A5A5A5A5A5A5A5A5A5A5A5A5A5A5A5A5A5A5A5A5A5A5A5A5A5
query pointer=8 name=10000 class=4 length=22 status=80000005 returned=00000020 bytes=010000001800000063005F0031003000300030003000A5A5A5A5A5A5A5A5A5A5A5A5A5A5A5A5A5A5A5A5A5A5A5A5A5A5A5A5A5A5A5A5A5A5A5A5A5A5A5A5A5A5
query pointer=8 name=10000 class=4 length=23 status=80000005 returned=00000020 bytes=010000001800000063005F00310030003000300030002EA5A5A5A5A5A5A5A5A5A5A5A5A5A5A5A5A5A5A5A5A5A5A5A5A5A5A5A5A5A5A5A5A5A5A5A5A5A5A5A5A5
query pointer=8 name=10000 class=4 length=24 status=80000005 returned=00000020 bytes=010000001800000063005F00310030003000300030002E00A5A5A5A5A5A5A5A5A5A5A5A5A5A5A5A5A5A5A5A5A5A5A5A5A5A5A5A5A5A5A5A5A5A5A5A5A5A5A5A5
query pointer=8 name=10000 class=4 length=32 status=00000000 returned=00000020 bytes=010000001800000063005F00310030003000300030002E006E006C0073000000A5A5A5A5A5A5A5A5A5A5A5A5A5A5A5A5A5A5A5A5A5A5A5A5A5A5A5A5A5A5A5A5
query pointer=8 name=10000 class=4 length=64 status=00000000 returned=00000020 bytes=010000001800000063005F00310030003000300030002E006E006C0073000000A5A5A5A5A5A5A5A5A5A5A5A5A5A5A5A5A5A5A5A5A5A5A5A5A5A5A5A5A5A5A5A5
query pointer=8 name=10000 class=4 length=128 status=00000000 returned=00000020 bytes=010000001800000063005F00310030003000300030002E006E006C0073000000A5A5A5A5A5A5A5A5A5A5A5A5A5A5A5A5A5A5A5A5A5A5A5A5A5A5A5A5A5A5A5A5
query pointer=8 name=10000 class=5 length=0 status=C000000D returned=A5A5A5A5 bytes=A5A5A5A5A5A5A5A5A5A5A5A5A5A5A5A5A5A5A5A5A5A5A5A5A5A5A5A5A5A5A5A5A5A5A5A5A5A5A5A5A5A5A5A5A5A5A5A5A5A5A5A5A5A5A5A5A5A5A5A5A5A5A5A5
query pointer=8 name=10000 class=5 length=1 status=C000000D returned=A5A5A5A5 bytes=A5A5A5A5A5A5A5A5A5A5A5A5A5A5A5A5A5A5A5A5A5A5A5A5A5A5A5A5A5A5A5A5A5A5A5A5A5A5A5A5A5A5A5A5A5A5A5A5A5A5A5A5A5A5A5A5A5A5A5A5A5A5A5A5
query pointer=8 name=10000 class=5 length=4 status=C000000D returned=A5A5A5A5 bytes=A5A5A5A5A5A5A5A5A5A5A5A5A5A5A5A5A5A5A5A5A5A5A5A5A5A5A5A5A5A5A5A5A5A5A5A5A5A5A5A5A5A5A5A5A5A5A5A5A5A5A5A5A5A5A5A5A5A5A5A5A5A5A5A5
query pointer=8 name=10000 class=5 length=7 status=C000000D returned=A5A5A5A5 bytes=A5A5A5A5A5A5A5A5A5A5A5A5A5A5A5A5A5A5A5A5A5A5A5A5A5A5A5A5A5A5A5A5A5A5A5A5A5A5A5A5A5A5A5A5A5A5A5A5A5A5A5A5A5A5A5A5A5A5A5A5A5A5A5A5
query pointer=8 name=10000 class=5 length=8 status=C000000D returned=A5A5A5A5 bytes=A5A5A5A5A5A5A5A5A5A5A5A5A5A5A5A5A5A5A5A5A5A5A5A5A5A5A5A5A5A5A5A5A5A5A5A5A5A5A5A5A5A5A5A5A5A5A5A5A5A5A5A5A5A5A5A5A5A5A5A5A5A5A5A5
query pointer=8 name=10000 class=5 length=11 status=C000000D returned=A5A5A5A5 bytes=A5A5A5A5A5A5A5A5A5A5A5A5A5A5A5A5A5A5A5A5A5A5A5A5A5A5A5A5A5A5A5A5A5A5A5A5A5A5A5A5A5A5A5A5A5A5A5A5A5A5A5A5A5A5A5A5A5A5A5A5A5A5A5A5
query pointer=8 name=10000 class=5 length=12 status=C000000D returned=A5A5A5A5 bytes=A5A5A5A5A5A5A5A5A5A5A5A5A5A5A5A5A5A5A5A5A5A5A5A5A5A5A5A5A5A5A5A5A5A5A5A5A5A5A5A5A5A5A5A5A5A5A5A5A5A5A5A5A5A5A5A5A5A5A5A5A5A5A5A5
query pointer=8 name=10000 class=5 length=13 status=C000000D returned=A5A5A5A5 bytes=A5A5A5A5A5A5A5A5A5A5A5A5A5A5A5A5A5A5A5A5A5A5A5A5A5A5A5A5A5A5A5A5A5A5A5A5A5A5A5A5A5A5A5A5A5A5A5A5A5A5A5A5A5A5A5A5A5A5A5A5A5A5A5A5
query pointer=8 name=10000 class=5 length=16 status=C000000D returned=A5A5A5A5 bytes=A5A5A5A5A5A5A5A5A5A5A5A5A5A5A5A5A5A5A5A5A5A5A5A5A5A5A5A5A5A5A5A5A5A5A5A5A5A5A5A5A5A5A5A5A5A5A5A5A5A5A5A5A5A5A5A5A5A5A5A5A5A5A5A5
query pointer=8 name=10000 class=5 length=19 status=C000000D returned=A5A5A5A5 bytes=A5A5A5A5A5A5A5A5A5A5A5A5A5A5A5A5A5A5A5A5A5A5A5A5A5A5A5A5A5A5A5A5A5A5A5A5A5A5A5A5A5A5A5A5A5A5A5A5A5A5A5A5A5A5A5A5A5A5A5A5A5A5A5A5
query pointer=8 name=10000 class=5 length=20 status=C000000D returned=A5A5A5A5 bytes=A5A5A5A5A5A5A5A5A5A5A5A5A5A5A5A5A5A5A5A5A5A5A5A5A5A5A5A5A5A5A5A5A5A5A5A5A5A5A5A5A5A5A5A5A5A5A5A5A5A5A5A5A5A5A5A5A5A5A5A5A5A5A5A5
query pointer=8 name=10000 class=5 length=21 status=C000000D returned=A5A5A5A5 bytes=A5A5A5A5A5A5A5A5A5A5A5A5A5A5A5A5A5A5A5A5A5A5A5A5A5A5A5A5A5A5A5A5A5A5A5A5A5A5A5A5A5A5A5A5A5A5A5A5A5A5A5A5A5A5A5A5A5A5A5A5A5A5A5A5
query pointer=8 name=10000 class=5 length=22 status=C000000D returned=A5A5A5A5 bytes=A5A5A5A5A5A5A5A5A5A5A5A5A5A5A5A5A5A5A5A5A5A5A5A5A5A5A5A5A5A5A5A5A5A5A5A5A5A5A5A5A5A5A5A5A5A5A5A5A5A5A5A5A5A5A5A5A5A5A5A5A5A5A5A5
query pointer=8 name=10000 class=5 length=23 status=C000000D returned=A5A5A5A5 bytes=A5A5A5A5A5A5A5A5A5A5A5A5A5A5A5A5A5A5A5A5A5A5A5A5A5A5A5A5A5A5A5A5A5A5A5A5A5A5A5A5A5A5A5A5A5A5A5A5A5A5A5A5A5A5A5A5A5A5A5A5A5A5A5A5
query pointer=8 name=10000 class=5 length=24 status=C000000D returned=A5A5A5A5 bytes=A5A5A5A5A5A5A5A5A5A5A5A5A5A5A5A5A5A5A5A5A5A5A5A5A5A5A5A5A5A5A5A5A5A5A5A5A5A5A5A5A5A5A5A5A5A5A5A5A5A5A5A5A5A5A5A5A5A5A5A5A5A5A5A5
query pointer=8 name=10000 class=5 length=32 status=C000000D returned=A5A5A5A5 bytes=A5A5A5A5A5A5A5A5A5A5A5A5A5A5A5A5A5A5A5A5A5A5A5A5A5A5A5A5A5A5A5A5A5A5A5A5A5A5A5A5A5A5A5A5A5A5A5A5A5A5A5A5A5A5A5A5A5A5A5A5A5A5A5A5
query pointer=8 name=10000 class=5 length=64 status=C000000D returned=A5A5A5A5 bytes=A5A5A5A5A5A5A5A5A5A5A5A5A5A5A5A5A5A5A5A5A5A5A5A5A5A5A5A5A5A5A5A5A5A5A5A5A5A5A5A5A5A5A5A5A5A5A5A5A5A5A5A5A5A5A5A5A5A5A5A5A5A5A5A5
query pointer=8 name=10000 class=5 length=128 status=C000000D returned=A5A5A5A5 bytes=A5A5A5A5A5A5A5A5A5A5A5A5A5A5A5A5A5A5A5A5A5A5A5A5A5A5A5A5A5A5A5A5A5A5A5A5A5A5A5A5A5A5A5A5A5A5A5A5A5A5A5A5A5A5A5A5A5A5A5A5A5A5A5A5
query pointer=8 name=10000 class=4294967295 length=0 status=C000000D returned=A5A5A5A5 bytes=A5A5A5A5A5A5A5A5A5A5A5A5A5A5A5A5A5A5A5A5A5A5A5A5A5A5A5A5A5A5A5A5A5A5A5A5A5A5A5A5A5A5A5A5A5A5A5A5A5A5A5A5A5A5A5A5A5A5A5A5A5A5A5A5
query pointer=8 name=10000 class=4294967295 length=1 status=C000000D returned=A5A5A5A5 bytes=A5A5A5A5A5A5A5A5A5A5A5A5A5A5A5A5A5A5A5A5A5A5A5A5A5A5A5A5A5A5A5A5A5A5A5A5A5A5A5A5A5A5A5A5A5A5A5A5A5A5A5A5A5A5A5A5A5A5A5A5A5A5A5A5
query pointer=8 name=10000 class=4294967295 length=4 status=C000000D returned=A5A5A5A5 bytes=A5A5A5A5A5A5A5A5A5A5A5A5A5A5A5A5A5A5A5A5A5A5A5A5A5A5A5A5A5A5A5A5A5A5A5A5A5A5A5A5A5A5A5A5A5A5A5A5A5A5A5A5A5A5A5A5A5A5A5A5A5A5A5A5
query pointer=8 name=10000 class=4294967295 length=7 status=C000000D returned=A5A5A5A5 bytes=A5A5A5A5A5A5A5A5A5A5A5A5A5A5A5A5A5A5A5A5A5A5A5A5A5A5A5A5A5A5A5A5A5A5A5A5A5A5A5A5A5A5A5A5A5A5A5A5A5A5A5A5A5A5A5A5A5A5A5A5A5A5A5A5
query pointer=8 name=10000 class=4294967295 length=8 status=C000000D returned=A5A5A5A5 bytes=A5A5A5A5A5A5A5A5A5A5A5A5A5A5A5A5A5A5A5A5A5A5A5A5A5A5A5A5A5A5A5A5A5A5A5A5A5A5A5A5A5A5A5A5A5A5A5A5A5A5A5A5A5A5A5A5A5A5A5A5A5A5A5A5
query pointer=8 name=10000 class=4294967295 length=11 status=C000000D returned=A5A5A5A5 bytes=A5A5A5A5A5A5A5A5A5A5A5A5A5A5A5A5A5A5A5A5A5A5A5A5A5A5A5A5A5A5A5A5A5A5A5A5A5A5A5A5A5A5A5A5A5A5A5A5A5A5A5A5A5A5A5A5A5A5A5A5A5A5A5A5
query pointer=8 name=10000 class=4294967295 length=12 status=C000000D returned=A5A5A5A5 bytes=A5A5A5A5A5A5A5A5A5A5A5A5A5A5A5A5A5A5A5A5A5A5A5A5A5A5A5A5A5A5A5A5A5A5A5A5A5A5A5A5A5A5A5A5A5A5A5A5A5A5A5A5A5A5A5A5A5A5A5A5A5A5A5A5
query pointer=8 name=10000 class=4294967295 length=13 status=C000000D returned=A5A5A5A5 bytes=A5A5A5A5A5A5A5A5A5A5A5A5A5A5A5A5A5A5A5A5A5A5A5A5A5A5A5A5A5A5A5A5A5A5A5A5A5A5A5A5A5A5A5A5A5A5A5A5A5A5A5A5A5A5A5A5A5A5A5A5A5A5A5A5
query pointer=8 name=10000 class=4294967295 length=16 status=C000000D returned=A5A5A5A5 bytes=A5A5A5A5A5A5A5A5A5A5A5A5A5A5A5A5A5A5A5A5A5A5A5A5A5A5A5A5A5A5A5A5A5A5A5A5A5A5A5A5A5A5A5A5A5A5A5A5A5A5A5A5A5A5A5A5A5A5A5A5A5A5A5A5
query pointer=8 name=10000 class=4294967295 length=19 status=C000000D returned=A5A5A5A5 bytes=A5A5A5A5A5A5A5A5A5A5A5A5A5A5A5A5A5A5A5A5A5A5A5A5A5A5A5A5A5A5A5A5A5A5A5A5A5A5A5A5A5A5A5A5A5A5A5A5A5A5A5A5A5A5A5A5A5A5A5A5A5A5A5A5
query pointer=8 name=10000 class=4294967295 length=20 status=C000000D returned=A5A5A5A5 bytes=A5A5A5A5A5A5A5A5A5A5A5A5A5A5A5A5A5A5A5A5A5A5A5A5A5A5A5A5A5A5A5A5A5A5A5A5A5A5A5A5A5A5A5A5A5A5A5A5A5A5A5A5A5A5A5A5A5A5A5A5A5A5A5A5
query pointer=8 name=10000 class=4294967295 length=21 status=C000000D returned=A5A5A5A5 bytes=A5A5A5A5A5A5A5A5A5A5A5A5A5A5A5A5A5A5A5A5A5A5A5A5A5A5A5A5A5A5A5A5A5A5A5A5A5A5A5A5A5A5A5A5A5A5A5A5A5A5A5A5A5A5A5A5A5A5A5A5A5A5A5A5
query pointer=8 name=10000 class=4294967295 length=22 status=C000000D returned=A5A5A5A5 bytes=A5A5A5A5A5A5A5A5A5A5A5A5A5A5A5A5A5A5A5A5A5A5A5A5A5A5A5A5A5A5A5A5A5A5A5A5A5A5A5A5A5A5A5A5A5A5A5A5A5A5A5A5A5A5A5A5A5A5A5A5A5A5A5A5
query pointer=8 name=10000 class=4294967295 length=23 status=C000000D returned=A5A5A5A5 bytes=A5A5A5A5A5A5A5A5A5A5A5A5A5A5A5A5A5A5A5A5A5A5A5A5A5A5A5A5A5A5A5A5A5A5A5A5A5A5A5A5A5A5A5A5A5A5A5A5A5A5A5A5A5A5A5A5A5A5A5A5A5A5A5A5
query pointer=8 name=10000 class=4294967295 length=24 status=C000000D returned=A5A5A5A5 bytes=A5A5A5A5A5A5A5A5A5A5A5A5A5A5A5A5A5A5A5A5A5A5A5A5A5A5A5A5A5A5A5A5A5A5A5A5A5A5A5A5A5A5A5A5A5A5A5A5A5A5A5A5A5A5A5A5A5A5A5A5A5A5A5A5
query pointer=8 name=10000 class=4294967295 length=32 status=C000000D returned=A5A5A5A5 bytes=A5A5A5A5A5A5A5A5A5A5A5A5A5A5A5A5A5A5A5A5A5A5A5A5A5A5A5A5A5A5A5A5A5A5A5A5A5A5A5A5A5A5A5A5A5A5A5A5A5A5A5A5A5A5A5A5A5A5A5A5A5A5A5A5
query pointer=8 name=10000 class=4294967295 length=64 status=C000000D returned=A5A5A5A5 bytes=A5A5A5A5A5A5A5A5A5A5A5A5A5A5A5A5A5A5A5A5A5A5A5A5A5A5A5A5A5A5A5A5A5A5A5A5A5A5A5A5A5A5A5A5A5A5A5A5A5A5A5A5A5A5A5A5A5A5A5A5A5A5A5A5
query pointer=8 name=10000 class=4294967295 length=128 status=C000000D returned=A5A5A5A5 bytes=A5A5A5A5A5A5A5A5A5A5A5A5A5A5A5A5A5A5A5A5A5A5A5A5A5A5A5A5A5A5A5A5A5A5A5A5A5A5A5A5A5A5A5A5A5A5A5A5A5A5A5A5A5A5A5A5A5A5A5A5A5A5A5A5
query pointer=8 name=65001 class=0 length=0 status=C0000034 returned=A5A5A5A5 bytes=A5A5A5A5A5A5A5A5A5A5A5A5A5A5A5A5A5A5A5A5A5A5A5A5A5A5A5A5A5A5A5A5A5A5A5A5A5A5A5A5A5A5A5A5A5A5A5A5A5A5A5A5A5A5A5A5A5A5A5A5A5A5A5A5
query pointer=8 name=65001 class=0 length=1 status=C0000034 returned=A5A5A5A5 bytes=A5A5A5A5A5A5A5A5A5A5A5A5A5A5A5A5A5A5A5A5A5A5A5A5A5A5A5A5A5A5A5A5A5A5A5A5A5A5A5A5A5A5A5A5A5A5A5A5A5A5A5A5A5A5A5A5A5A5A5A5A5A5A5A5
query pointer=8 name=65001 class=0 length=4 status=C0000034 returned=A5A5A5A5 bytes=A5A5A5A5A5A5A5A5A5A5A5A5A5A5A5A5A5A5A5A5A5A5A5A5A5A5A5A5A5A5A5A5A5A5A5A5A5A5A5A5A5A5A5A5A5A5A5A5A5A5A5A5A5A5A5A5A5A5A5A5A5A5A5A5
query pointer=8 name=65001 class=0 length=7 status=C0000034 returned=A5A5A5A5 bytes=A5A5A5A5A5A5A5A5A5A5A5A5A5A5A5A5A5A5A5A5A5A5A5A5A5A5A5A5A5A5A5A5A5A5A5A5A5A5A5A5A5A5A5A5A5A5A5A5A5A5A5A5A5A5A5A5A5A5A5A5A5A5A5A5
query pointer=8 name=65001 class=0 length=8 status=C0000034 returned=A5A5A5A5 bytes=A5A5A5A5A5A5A5A5A5A5A5A5A5A5A5A5A5A5A5A5A5A5A5A5A5A5A5A5A5A5A5A5A5A5A5A5A5A5A5A5A5A5A5A5A5A5A5A5A5A5A5A5A5A5A5A5A5A5A5A5A5A5A5A5
query pointer=8 name=65001 class=0 length=11 status=C0000034 returned=A5A5A5A5 bytes=A5A5A5A5A5A5A5A5A5A5A5A5A5A5A5A5A5A5A5A5A5A5A5A5A5A5A5A5A5A5A5A5A5A5A5A5A5A5A5A5A5A5A5A5A5A5A5A5A5A5A5A5A5A5A5A5A5A5A5A5A5A5A5A5
query pointer=8 name=65001 class=0 length=12 status=C0000034 returned=A5A5A5A5 bytes=A5A5A5A5A5A5A5A5A5A5A5A5A5A5A5A5A5A5A5A5A5A5A5A5A5A5A5A5A5A5A5A5A5A5A5A5A5A5A5A5A5A5A5A5A5A5A5A5A5A5A5A5A5A5A5A5A5A5A5A5A5A5A5A5
query pointer=8 name=65001 class=0 length=13 status=C0000034 returned=A5A5A5A5 bytes=A5A5A5A5A5A5A5A5A5A5A5A5A5A5A5A5A5A5A5A5A5A5A5A5A5A5A5A5A5A5A5A5A5A5A5A5A5A5A5A5A5A5A5A5A5A5A5A5A5A5A5A5A5A5A5A5A5A5A5A5A5A5A5A5
query pointer=8 name=65001 class=0 length=16 status=C0000034 returned=A5A5A5A5 bytes=A5A5A5A5A5A5A5A5A5A5A5A5A5A5A5A5A5A5A5A5A5A5A5A5A5A5A5A5A5A5A5A5A5A5A5A5A5A5A5A5A5A5A5A5A5A5A5A5A5A5A5A5A5A5A5A5A5A5A5A5A5A5A5A5
query pointer=8 name=65001 class=0 length=19 status=C0000034 returned=A5A5A5A5 bytes=A5A5A5A5A5A5A5A5A5A5A5A5A5A5A5A5A5A5A5A5A5A5A5A5A5A5A5A5A5A5A5A5A5A5A5A5A5A5A5A5A5A5A5A5A5A5A5A5A5A5A5A5A5A5A5A5A5A5A5A5A5A5A5A5
query pointer=8 name=65001 class=0 length=20 status=C0000034 returned=A5A5A5A5 bytes=A5A5A5A5A5A5A5A5A5A5A5A5A5A5A5A5A5A5A5A5A5A5A5A5A5A5A5A5A5A5A5A5A5A5A5A5A5A5A5A5A5A5A5A5A5A5A5A5A5A5A5A5A5A5A5A5A5A5A5A5A5A5A5A5
query pointer=8 name=65001 class=0 length=21 status=C0000034 returned=A5A5A5A5 bytes=A5A5A5A5A5A5A5A5A5A5A5A5A5A5A5A5A5A5A5A5A5A5A5A5A5A5A5A5A5A5A5A5A5A5A5A5A5A5A5A5A5A5A5A5A5A5A5A5A5A5A5A5A5A5A5A5A5A5A5A5A5A5A5A5
query pointer=8 name=65001 class=0 length=22 status=C0000034 returned=A5A5A5A5 bytes=A5A5A5A5A5A5A5A5A5A5A5A5A5A5A5A5A5A5A5A5A5A5A5A5A5A5A5A5A5A5A5A5A5A5A5A5A5A5A5A5A5A5A5A5A5A5A5A5A5A5A5A5A5A5A5A5A5A5A5A5A5A5A5A5
query pointer=8 name=65001 class=0 length=23 status=C0000034 returned=A5A5A5A5 bytes=A5A5A5A5A5A5A5A5A5A5A5A5A5A5A5A5A5A5A5A5A5A5A5A5A5A5A5A5A5A5A5A5A5A5A5A5A5A5A5A5A5A5A5A5A5A5A5A5A5A5A5A5A5A5A5A5A5A5A5A5A5A5A5A5
query pointer=8 name=65001 class=0 length=24 status=C0000034 returned=A5A5A5A5 bytes=A5A5A5A5A5A5A5A5A5A5A5A5A5A5A5A5A5A5A5A5A5A5A5A5A5A5A5A5A5A5A5A5A5A5A5A5A5A5A5A5A5A5A5A5A5A5A5A5A5A5A5A5A5A5A5A5A5A5A5A5A5A5A5A5
query pointer=8 name=65001 class=0 length=32 status=C0000034 returned=A5A5A5A5 bytes=A5A5A5A5A5A5A5A5A5A5A5A5A5A5A5A5A5A5A5A5A5A5A5A5A5A5A5A5A5A5A5A5A5A5A5A5A5A5A5A5A5A5A5A5A5A5A5A5A5A5A5A5A5A5A5A5A5A5A5A5A5A5A5A5
query pointer=8 name=65001 class=0 length=64 status=C0000034 returned=A5A5A5A5 bytes=A5A5A5A5A5A5A5A5A5A5A5A5A5A5A5A5A5A5A5A5A5A5A5A5A5A5A5A5A5A5A5A5A5A5A5A5A5A5A5A5A5A5A5A5A5A5A5A5A5A5A5A5A5A5A5A5A5A5A5A5A5A5A5A5
query pointer=8 name=65001 class=0 length=128 status=C0000034 returned=A5A5A5A5 bytes=A5A5A5A5A5A5A5A5A5A5A5A5A5A5A5A5A5A5A5A5A5A5A5A5A5A5A5A5A5A5A5A5A5A5A5A5A5A5A5A5A5A5A5A5A5A5A5A5A5A5A5A5A5A5A5A5A5A5A5A5A5A5A5A5
query pointer=8 name=65001 class=1 length=0 status=C0000034 returned=A5A5A5A5 bytes=A5A5A5A5A5A5A5A5A5A5A5A5A5A5A5A5A5A5A5A5A5A5A5A5A5A5A5A5A5A5A5A5A5A5A5A5A5A5A5A5A5A5A5A5A5A5A5A5A5A5A5A5A5A5A5A5A5A5A5A5A5A5A5A5
query pointer=8 name=65001 class=1 length=1 status=C0000034 returned=A5A5A5A5 bytes=A5A5A5A5A5A5A5A5A5A5A5A5A5A5A5A5A5A5A5A5A5A5A5A5A5A5A5A5A5A5A5A5A5A5A5A5A5A5A5A5A5A5A5A5A5A5A5A5A5A5A5A5A5A5A5A5A5A5A5A5A5A5A5A5
query pointer=8 name=65001 class=1 length=4 status=C0000034 returned=A5A5A5A5 bytes=A5A5A5A5A5A5A5A5A5A5A5A5A5A5A5A5A5A5A5A5A5A5A5A5A5A5A5A5A5A5A5A5A5A5A5A5A5A5A5A5A5A5A5A5A5A5A5A5A5A5A5A5A5A5A5A5A5A5A5A5A5A5A5A5
query pointer=8 name=65001 class=1 length=7 status=C0000034 returned=A5A5A5A5 bytes=A5A5A5A5A5A5A5A5A5A5A5A5A5A5A5A5A5A5A5A5A5A5A5A5A5A5A5A5A5A5A5A5A5A5A5A5A5A5A5A5A5A5A5A5A5A5A5A5A5A5A5A5A5A5A5A5A5A5A5A5A5A5A5A5
query pointer=8 name=65001 class=1 length=8 status=C0000034 returned=A5A5A5A5 bytes=A5A5A5A5A5A5A5A5A5A5A5A5A5A5A5A5A5A5A5A5A5A5A5A5A5A5A5A5A5A5A5A5A5A5A5A5A5A5A5A5A5A5A5A5A5A5A5A5A5A5A5A5A5A5A5A5A5A5A5A5A5A5A5A5
query pointer=8 name=65001 class=1 length=11 status=C0000034 returned=A5A5A5A5 bytes=A5A5A5A5A5A5A5A5A5A5A5A5A5A5A5A5A5A5A5A5A5A5A5A5A5A5A5A5A5A5A5A5A5A5A5A5A5A5A5A5A5A5A5A5A5A5A5A5A5A5A5A5A5A5A5A5A5A5A5A5A5A5A5A5
query pointer=8 name=65001 class=1 length=12 status=C0000034 returned=A5A5A5A5 bytes=A5A5A5A5A5A5A5A5A5A5A5A5A5A5A5A5A5A5A5A5A5A5A5A5A5A5A5A5A5A5A5A5A5A5A5A5A5A5A5A5A5A5A5A5A5A5A5A5A5A5A5A5A5A5A5A5A5A5A5A5A5A5A5A5
query pointer=8 name=65001 class=1 length=13 status=C0000034 returned=A5A5A5A5 bytes=A5A5A5A5A5A5A5A5A5A5A5A5A5A5A5A5A5A5A5A5A5A5A5A5A5A5A5A5A5A5A5A5A5A5A5A5A5A5A5A5A5A5A5A5A5A5A5A5A5A5A5A5A5A5A5A5A5A5A5A5A5A5A5A5
query pointer=8 name=65001 class=1 length=16 status=C0000034 returned=A5A5A5A5 bytes=A5A5A5A5A5A5A5A5A5A5A5A5A5A5A5A5A5A5A5A5A5A5A5A5A5A5A5A5A5A5A5A5A5A5A5A5A5A5A5A5A5A5A5A5A5A5A5A5A5A5A5A5A5A5A5A5A5A5A5A5A5A5A5A5
query pointer=8 name=65001 class=1 length=19 status=C0000034 returned=A5A5A5A5 bytes=A5A5A5A5A5A5A5A5A5A5A5A5A5A5A5A5A5A5A5A5A5A5A5A5A5A5A5A5A5A5A5A5A5A5A5A5A5A5A5A5A5A5A5A5A5A5A5A5A5A5A5A5A5A5A5A5A5A5A5A5A5A5A5A5
query pointer=8 name=65001 class=1 length=20 status=C0000034 returned=A5A5A5A5 bytes=A5A5A5A5A5A5A5A5A5A5A5A5A5A5A5A5A5A5A5A5A5A5A5A5A5A5A5A5A5A5A5A5A5A5A5A5A5A5A5A5A5A5A5A5A5A5A5A5A5A5A5A5A5A5A5A5A5A5A5A5A5A5A5A5
query pointer=8 name=65001 class=1 length=21 status=C0000034 returned=A5A5A5A5 bytes=A5A5A5A5A5A5A5A5A5A5A5A5A5A5A5A5A5A5A5A5A5A5A5A5A5A5A5A5A5A5A5A5A5A5A5A5A5A5A5A5A5A5A5A5A5A5A5A5A5A5A5A5A5A5A5A5A5A5A5A5A5A5A5A5
query pointer=8 name=65001 class=1 length=22 status=C0000034 returned=A5A5A5A5 bytes=A5A5A5A5A5A5A5A5A5A5A5A5A5A5A5A5A5A5A5A5A5A5A5A5A5A5A5A5A5A5A5A5A5A5A5A5A5A5A5A5A5A5A5A5A5A5A5A5A5A5A5A5A5A5A5A5A5A5A5A5A5A5A5A5
query pointer=8 name=65001 class=1 length=23 status=C0000034 returned=A5A5A5A5 bytes=A5A5A5A5A5A5A5A5A5A5A5A5A5A5A5A5A5A5A5A5A5A5A5A5A5A5A5A5A5A5A5A5A5A5A5A5A5A5A5A5A5A5A5A5A5A5A5A5A5A5A5A5A5A5A5A5A5A5A5A5A5A5A5A5
query pointer=8 name=65001 class=1 length=24 status=C0000034 returned=A5A5A5A5 bytes=A5A5A5A5A5A5A5A5A5A5A5A5A5A5A5A5A5A5A5A5A5A5A5A5A5A5A5A5A5A5A5A5A5A5A5A5A5A5A5A5A5A5A5A5A5A5A5A5A5A5A5A5A5A5A5A5A5A5A5A5A5A5A5A5
query pointer=8 name=65001 class=1 length=32 status=C0000034 returned=A5A5A5A5 bytes=A5A5A5A5A5A5A5A5A5A5A5A5A5A5A5A5A5A5A5A5A5A5A5A5A5A5A5A5A5A5A5A5A5A5A5A5A5A5A5A5A5A5A5A5A5A5A5A5A5A5A5A5A5A5A5A5A5A5A5A5A5A5A5A5
query pointer=8 name=65001 class=1 length=64 status=C0000034 returned=A5A5A5A5 bytes=A5A5A5A5A5A5A5A5A5A5A5A5A5A5A5A5A5A5A5A5A5A5A5A5A5A5A5A5A5A5A5A5A5A5A5A5A5A5A5A5A5A5A5A5A5A5A5A5A5A5A5A5A5A5A5A5A5A5A5A5A5A5A5A5
query pointer=8 name=65001 class=1 length=128 status=C0000034 returned=A5A5A5A5 bytes=A5A5A5A5A5A5A5A5A5A5A5A5A5A5A5A5A5A5A5A5A5A5A5A5A5A5A5A5A5A5A5A5A5A5A5A5A5A5A5A5A5A5A5A5A5A5A5A5A5A5A5A5A5A5A5A5A5A5A5A5A5A5A5A5
query pointer=8 name=65001 class=2 length=0 status=C0000034 returned=A5A5A5A5 bytes=A5A5A5A5A5A5A5A5A5A5A5A5A5A5A5A5A5A5A5A5A5A5A5A5A5A5A5A5A5A5A5A5A5A5A5A5A5A5A5A5A5A5A5A5A5A5A5A5A5A5A5A5A5A5A5A5A5A5A5A5A5A5A5A5
query pointer=8 name=65001 class=2 length=1 status=C0000034 returned=A5A5A5A5 bytes=A5A5A5A5A5A5A5A5A5A5A5A5A5A5A5A5A5A5A5A5A5A5A5A5A5A5A5A5A5A5A5A5A5A5A5A5A5A5A5A5A5A5A5A5A5A5A5A5A5A5A5A5A5A5A5A5A5A5A5A5A5A5A5A5
query pointer=8 name=65001 class=2 length=4 status=C0000034 returned=A5A5A5A5 bytes=A5A5A5A5A5A5A5A5A5A5A5A5A5A5A5A5A5A5A5A5A5A5A5A5A5A5A5A5A5A5A5A5A5A5A5A5A5A5A5A5A5A5A5A5A5A5A5A5A5A5A5A5A5A5A5A5A5A5A5A5A5A5A5A5
query pointer=8 name=65001 class=2 length=7 status=C0000034 returned=A5A5A5A5 bytes=A5A5A5A5A5A5A5A5A5A5A5A5A5A5A5A5A5A5A5A5A5A5A5A5A5A5A5A5A5A5A5A5A5A5A5A5A5A5A5A5A5A5A5A5A5A5A5A5A5A5A5A5A5A5A5A5A5A5A5A5A5A5A5A5
query pointer=8 name=65001 class=2 length=8 status=C0000034 returned=A5A5A5A5 bytes=A5A5A5A5A5A5A5A5A5A5A5A5A5A5A5A5A5A5A5A5A5A5A5A5A5A5A5A5A5A5A5A5A5A5A5A5A5A5A5A5A5A5A5A5A5A5A5A5A5A5A5A5A5A5A5A5A5A5A5A5A5A5A5A5
query pointer=8 name=65001 class=2 length=11 status=C0000034 returned=A5A5A5A5 bytes=A5A5A5A5A5A5A5A5A5A5A5A5A5A5A5A5A5A5A5A5A5A5A5A5A5A5A5A5A5A5A5A5A5A5A5A5A5A5A5A5A5A5A5A5A5A5A5A5A5A5A5A5A5A5A5A5A5A5A5A5A5A5A5A5
query pointer=8 name=65001 class=2 length=12 status=C0000034 returned=A5A5A5A5 bytes=A5A5A5A5A5A5A5A5A5A5A5A5A5A5A5A5A5A5A5A5A5A5A5A5A5A5A5A5A5A5A5A5A5A5A5A5A5A5A5A5A5A5A5A5A5A5A5A5A5A5A5A5A5A5A5A5A5A5A5A5A5A5A5A5
query pointer=8 name=65001 class=2 length=13 status=C0000034 returned=A5A5A5A5 bytes=A5A5A5A5A5A5A5A5A5A5A5A5A5A5A5A5A5A5A5A5A5A5A5A5A5A5A5A5A5A5A5A5A5A5A5A5A5A5A5A5A5A5A5A5A5A5A5A5A5A5A5A5A5A5A5A5A5A5A5A5A5A5A5A5
query pointer=8 name=65001 class=2 length=16 status=C0000034 returned=A5A5A5A5 bytes=A5A5A5A5A5A5A5A5A5A5A5A5A5A5A5A5A5A5A5A5A5A5A5A5A5A5A5A5A5A5A5A5A5A5A5A5A5A5A5A5A5A5A5A5A5A5A5A5A5A5A5A5A5A5A5A5A5A5A5A5A5A5A5A5
query pointer=8 name=65001 class=2 length=19 status=C0000034 returned=A5A5A5A5 bytes=A5A5A5A5A5A5A5A5A5A5A5A5A5A5A5A5A5A5A5A5A5A5A5A5A5A5A5A5A5A5A5A5A5A5A5A5A5A5A5A5A5A5A5A5A5A5A5A5A5A5A5A5A5A5A5A5A5A5A5A5A5A5A5A5
query pointer=8 name=65001 class=2 length=20 status=C0000034 returned=A5A5A5A5 bytes=A5A5A5A5A5A5A5A5A5A5A5A5A5A5A5A5A5A5A5A5A5A5A5A5A5A5A5A5A5A5A5A5A5A5A5A5A5A5A5A5A5A5A5A5A5A5A5A5A5A5A5A5A5A5A5A5A5A5A5A5A5A5A5A5
query pointer=8 name=65001 class=2 length=21 status=C0000034 returned=A5A5A5A5 bytes=A5A5A5A5A5A5A5A5A5A5A5A5A5A5A5A5A5A5A5A5A5A5A5A5A5A5A5A5A5A5A5A5A5A5A5A5A5A5A5A5A5A5A5A5A5A5A5A5A5A5A5A5A5A5A5A5A5A5A5A5A5A5A5A5
query pointer=8 name=65001 class=2 length=22 status=C0000034 returned=A5A5A5A5 bytes=A5A5A5A5A5A5A5A5A5A5A5A5A5A5A5A5A5A5A5A5A5A5A5A5A5A5A5A5A5A5A5A5A5A5A5A5A5A5A5A5A5A5A5A5A5A5A5A5A5A5A5A5A5A5A5A5A5A5A5A5A5A5A5A5
query pointer=8 name=65001 class=2 length=23 status=C0000034 returned=A5A5A5A5 bytes=A5A5A5A5A5A5A5A5A5A5A5A5A5A5A5A5A5A5A5A5A5A5A5A5A5A5A5A5A5A5A5A5A5A5A5A5A5A5A5A5A5A5A5A5A5A5A5A5A5A5A5A5A5A5A5A5A5A5A5A5A5A5A5A5
query pointer=8 name=65001 class=2 length=24 status=C0000034 returned=A5A5A5A5 bytes=A5A5A5A5A5A5A5A5A5A5A5A5A5A5A5A5A5A5A5A5A5A5A5A5A5A5A5A5A5A5A5A5A5A5A5A5A5A5A5A5A5A5A5A5A5A5A5A5A5A5A5A5A5A5A5A5A5A5A5A5A5A5A5A5
query pointer=8 name=65001 class=2 length=32 status=C0000034 returned=A5A5A5A5 bytes=A5A5A5A5A5A5A5A5A5A5A5A5A5A5A5A5A5A5A5A5A5A5A5A5A5A5A5A5A5A5A5A5A5A5A5A5A5A5A5A5A5A5A5A5A5A5A5A5A5A5A5A5A5A5A5A5A5A5A5A5A5A5A5A5
query pointer=8 name=65001 class=2 length=64 status=C0000034 returned=A5A5A5A5 bytes=A5A5A5A5A5A5A5A5A5A5A5A5A5A5A5A5A5A5A5A5A5A5A5A5A5A5A5A5A5A5A5A5A5A5A5A5A5A5A5A5A5A5A5A5A5A5A5A5A5A5A5A5A5A5A5A5A5A5A5A5A5A5A5A5
query pointer=8 name=65001 class=2 length=128 status=C0000034 returned=A5A5A5A5 bytes=A5A5A5A5A5A5A5A5A5A5A5A5A5A5A5A5A5A5A5A5A5A5A5A5A5A5A5A5A5A5A5A5A5A5A5A5A5A5A5A5A5A5A5A5A5A5A5A5A5A5A5A5A5A5A5A5A5A5A5A5A5A5A5A5
query pointer=8 name=65001 class=3 length=0 status=C0000034 returned=A5A5A5A5 bytes=A5A5A5A5A5A5A5A5A5A5A5A5A5A5A5A5A5A5A5A5A5A5A5A5A5A5A5A5A5A5A5A5A5A5A5A5A5A5A5A5A5A5A5A5A5A5A5A5A5A5A5A5A5A5A5A5A5A5A5A5A5A5A5A5
query pointer=8 name=65001 class=3 length=1 status=C0000034 returned=A5A5A5A5 bytes=A5A5A5A5A5A5A5A5A5A5A5A5A5A5A5A5A5A5A5A5A5A5A5A5A5A5A5A5A5A5A5A5A5A5A5A5A5A5A5A5A5A5A5A5A5A5A5A5A5A5A5A5A5A5A5A5A5A5A5A5A5A5A5A5
query pointer=8 name=65001 class=3 length=4 status=C0000034 returned=A5A5A5A5 bytes=A5A5A5A5A5A5A5A5A5A5A5A5A5A5A5A5A5A5A5A5A5A5A5A5A5A5A5A5A5A5A5A5A5A5A5A5A5A5A5A5A5A5A5A5A5A5A5A5A5A5A5A5A5A5A5A5A5A5A5A5A5A5A5A5
query pointer=8 name=65001 class=3 length=7 status=C0000034 returned=A5A5A5A5 bytes=A5A5A5A5A5A5A5A5A5A5A5A5A5A5A5A5A5A5A5A5A5A5A5A5A5A5A5A5A5A5A5A5A5A5A5A5A5A5A5A5A5A5A5A5A5A5A5A5A5A5A5A5A5A5A5A5A5A5A5A5A5A5A5A5
query pointer=8 name=65001 class=3 length=8 status=C0000034 returned=A5A5A5A5 bytes=A5A5A5A5A5A5A5A5A5A5A5A5A5A5A5A5A5A5A5A5A5A5A5A5A5A5A5A5A5A5A5A5A5A5A5A5A5A5A5A5A5A5A5A5A5A5A5A5A5A5A5A5A5A5A5A5A5A5A5A5A5A5A5A5
query pointer=8 name=65001 class=3 length=11 status=C0000034 returned=A5A5A5A5 bytes=A5A5A5A5A5A5A5A5A5A5A5A5A5A5A5A5A5A5A5A5A5A5A5A5A5A5A5A5A5A5A5A5A5A5A5A5A5A5A5A5A5A5A5A5A5A5A5A5A5A5A5A5A5A5A5A5A5A5A5A5A5A5A5A5
query pointer=8 name=65001 class=3 length=12 status=C0000034 returned=A5A5A5A5 bytes=A5A5A5A5A5A5A5A5A5A5A5A5A5A5A5A5A5A5A5A5A5A5A5A5A5A5A5A5A5A5A5A5A5A5A5A5A5A5A5A5A5A5A5A5A5A5A5A5A5A5A5A5A5A5A5A5A5A5A5A5A5A5A5A5
query pointer=8 name=65001 class=3 length=13 status=C0000034 returned=A5A5A5A5 bytes=A5A5A5A5A5A5A5A5A5A5A5A5A5A5A5A5A5A5A5A5A5A5A5A5A5A5A5A5A5A5A5A5A5A5A5A5A5A5A5A5A5A5A5A5A5A5A5A5A5A5A5A5A5A5A5A5A5A5A5A5A5A5A5A5
query pointer=8 name=65001 class=3 length=16 status=C0000034 returned=A5A5A5A5 bytes=A5A5A5A5A5A5A5A5A5A5A5A5A5A5A5A5A5A5A5A5A5A5A5A5A5A5A5A5A5A5A5A5A5A5A5A5A5A5A5A5A5A5A5A5A5A5A5A5A5A5A5A5A5A5A5A5A5A5A5A5A5A5A5A5
query pointer=8 name=65001 class=3 length=19 status=C0000034 returned=A5A5A5A5 bytes=A5A5A5A5A5A5A5A5A5A5A5A5A5A5A5A5A5A5A5A5A5A5A5A5A5A5A5A5A5A5A5A5A5A5A5A5A5A5A5A5A5A5A5A5A5A5A5A5A5A5A5A5A5A5A5A5A5A5A5A5A5A5A5A5
query pointer=8 name=65001 class=3 length=20 status=C0000034 returned=A5A5A5A5 bytes=A5A5A5A5A5A5A5A5A5A5A5A5A5A5A5A5A5A5A5A5A5A5A5A5A5A5A5A5A5A5A5A5A5A5A5A5A5A5A5A5A5A5A5A5A5A5A5A5A5A5A5A5A5A5A5A5A5A5A5A5A5A5A5A5
query pointer=8 name=65001 class=3 length=21 status=C0000034 returned=A5A5A5A5 bytes=A5A5A5A5A5A5A5A5A5A5A5A5A5A5A5A5A5A5A5A5A5A5A5A5A5A5A5A5A5A5A5A5A5A5A5A5A5A5A5A5A5A5A5A5A5A5A5A5A5A5A5A5A5A5A5A5A5A5A5A5A5A5A5A5
query pointer=8 name=65001 class=3 length=22 status=C0000034 returned=A5A5A5A5 bytes=A5A5A5A5A5A5A5A5A5A5A5A5A5A5A5A5A5A5A5A5A5A5A5A5A5A5A5A5A5A5A5A5A5A5A5A5A5A5A5A5A5A5A5A5A5A5A5A5A5A5A5A5A5A5A5A5A5A5A5A5A5A5A5A5
query pointer=8 name=65001 class=3 length=23 status=C0000034 returned=A5A5A5A5 bytes=A5A5A5A5A5A5A5A5A5A5A5A5A5A5A5A5A5A5A5A5A5A5A5A5A5A5A5A5A5A5A5A5A5A5A5A5A5A5A5A5A5A5A5A5A5A5A5A5A5A5A5A5A5A5A5A5A5A5A5A5A5A5A5A5
query pointer=8 name=65001 class=3 length=24 status=C0000034 returned=A5A5A5A5 bytes=A5A5A5A5A5A5A5A5A5A5A5A5A5A5A5A5A5A5A5A5A5A5A5A5A5A5A5A5A5A5A5A5A5A5A5A5A5A5A5A5A5A5A5A5A5A5A5A5A5A5A5A5A5A5A5A5A5A5A5A5A5A5A5A5
query pointer=8 name=65001 class=3 length=32 status=C0000034 returned=A5A5A5A5 bytes=A5A5A5A5A5A5A5A5A5A5A5A5A5A5A5A5A5A5A5A5A5A5A5A5A5A5A5A5A5A5A5A5A5A5A5A5A5A5A5A5A5A5A5A5A5A5A5A5A5A5A5A5A5A5A5A5A5A5A5A5A5A5A5A5
query pointer=8 name=65001 class=3 length=64 status=C0000034 returned=A5A5A5A5 bytes=A5A5A5A5A5A5A5A5A5A5A5A5A5A5A5A5A5A5A5A5A5A5A5A5A5A5A5A5A5A5A5A5A5A5A5A5A5A5A5A5A5A5A5A5A5A5A5A5A5A5A5A5A5A5A5A5A5A5A5A5A5A5A5A5
query pointer=8 name=65001 class=3 length=128 status=C0000034 returned=A5A5A5A5 bytes=A5A5A5A5A5A5A5A5A5A5A5A5A5A5A5A5A5A5A5A5A5A5A5A5A5A5A5A5A5A5A5A5A5A5A5A5A5A5A5A5A5A5A5A5A5A5A5A5A5A5A5A5A5A5A5A5A5A5A5A5A5A5A5A5
query pointer=8 name=65001 class=4 length=0 status=C0000034 returned=A5A5A5A5 bytes=A5A5A5A5A5A5A5A5A5A5A5A5A5A5A5A5A5A5A5A5A5A5A5A5A5A5A5A5A5A5A5A5A5A5A5A5A5A5A5A5A5A5A5A5A5A5A5A5A5A5A5A5A5A5A5A5A5A5A5A5A5A5A5A5
query pointer=8 name=65001 class=4 length=1 status=C0000034 returned=A5A5A5A5 bytes=A5A5A5A5A5A5A5A5A5A5A5A5A5A5A5A5A5A5A5A5A5A5A5A5A5A5A5A5A5A5A5A5A5A5A5A5A5A5A5A5A5A5A5A5A5A5A5A5A5A5A5A5A5A5A5A5A5A5A5A5A5A5A5A5
query pointer=8 name=65001 class=4 length=4 status=C0000034 returned=A5A5A5A5 bytes=A5A5A5A5A5A5A5A5A5A5A5A5A5A5A5A5A5A5A5A5A5A5A5A5A5A5A5A5A5A5A5A5A5A5A5A5A5A5A5A5A5A5A5A5A5A5A5A5A5A5A5A5A5A5A5A5A5A5A5A5A5A5A5A5
query pointer=8 name=65001 class=4 length=7 status=C0000034 returned=A5A5A5A5 bytes=A5A5A5A5A5A5A5A5A5A5A5A5A5A5A5A5A5A5A5A5A5A5A5A5A5A5A5A5A5A5A5A5A5A5A5A5A5A5A5A5A5A5A5A5A5A5A5A5A5A5A5A5A5A5A5A5A5A5A5A5A5A5A5A5
query pointer=8 name=65001 class=4 length=8 status=C0000034 returned=A5A5A5A5 bytes=A5A5A5A5A5A5A5A5A5A5A5A5A5A5A5A5A5A5A5A5A5A5A5A5A5A5A5A5A5A5A5A5A5A5A5A5A5A5A5A5A5A5A5A5A5A5A5A5A5A5A5A5A5A5A5A5A5A5A5A5A5A5A5A5
query pointer=8 name=65001 class=4 length=11 status=C0000034 returned=A5A5A5A5 bytes=A5A5A5A5A5A5A5A5A5A5A5A5A5A5A5A5A5A5A5A5A5A5A5A5A5A5A5A5A5A5A5A5A5A5A5A5A5A5A5A5A5A5A5A5A5A5A5A5A5A5A5A5A5A5A5A5A5A5A5A5A5A5A5A5
query pointer=8 name=65001 class=4 length=12 status=C0000034 returned=A5A5A5A5 bytes=A5A5A5A5A5A5A5A5A5A5A5A5A5A5A5A5A5A5A5A5A5A5A5A5A5A5A5A5A5A5A5A5A5A5A5A5A5A5A5A5A5A5A5A5A5A5A5A5A5A5A5A5A5A5A5A5A5A5A5A5A5A5A5A5
query pointer=8 name=65001 class=4 length=13 status=C0000034 returned=A5A5A5A5 bytes=A5A5A5A5A5A5A5A5A5A5A5A5A5A5A5A5A5A5A5A5A5A5A5A5A5A5A5A5A5A5A5A5A5A5A5A5A5A5A5A5A5A5A5A5A5A5A5A5A5A5A5A5A5A5A5A5A5A5A5A5A5A5A5A5
query pointer=8 name=65001 class=4 length=16 status=C0000034 returned=A5A5A5A5 bytes=A5A5A5A5A5A5A5A5A5A5A5A5A5A5A5A5A5A5A5A5A5A5A5A5A5A5A5A5A5A5A5A5A5A5A5A5A5A5A5A5A5A5A5A5A5A5A5A5A5A5A5A5A5A5A5A5A5A5A5A5A5A5A5A5
query pointer=8 name=65001 class=4 length=19 status=C0000034 returned=A5A5A5A5 bytes=A5A5A5A5A5A5A5A5A5A5A5A5A5A5A5A5A5A5A5A5A5A5A5A5A5A5A5A5A5A5A5A5A5A5A5A5A5A5A5A5A5A5A5A5A5A5A5A5A5A5A5A5A5A5A5A5A5A5A5A5A5A5A5A5
query pointer=8 name=65001 class=4 length=20 status=C0000034 returned=A5A5A5A5 bytes=A5A5A5A5A5A5A5A5A5A5A5A5A5A5A5A5A5A5A5A5A5A5A5A5A5A5A5A5A5A5A5A5A5A5A5A5A5A5A5A5A5A5A5A5A5A5A5A5A5A5A5A5A5A5A5A5A5A5A5A5A5A5A5A5
query pointer=8 name=65001 class=4 length=21 status=C0000034 returned=A5A5A5A5 bytes=A5A5A5A5A5A5A5A5A5A5A5A5A5A5A5A5A5A5A5A5A5A5A5A5A5A5A5A5A5A5A5A5A5A5A5A5A5A5A5A5A5A5A5A5A5A5A5A5A5A5A5A5A5A5A5A5A5A5A5A5A5A5A5A5
query pointer=8 name=65001 class=4 length=22 status=C0000034 returned=A5A5A5A5 bytes=A5A5A5A5A5A5A5A5A5A5A5A5A5A5A5A5A5A5A5A5A5A5A5A5A5A5A5A5A5A5A5A5A5A5A5A5A5A5A5A5A5A5A5A5A5A5A5A5A5A5A5A5A5A5A5A5A5A5A5A5A5A5A5A5
query pointer=8 name=65001 class=4 length=23 status=C0000034 returned=A5A5A5A5 bytes=A5A5A5A5A5A5A5A5A5A5A5A5A5A5A5A5A5A5A5A5A5A5A5A5A5A5A5A5A5A5A5A5A5A5A5A5A5A5A5A5A5A5A5A5A5A5A5A5A5A5A5A5A5A5A5A5A5A5A5A5A5A5A5A5
query pointer=8 name=65001 class=4 length=24 status=C0000034 returned=A5A5A5A5 bytes=A5A5A5A5A5A5A5A5A5A5A5A5A5A5A5A5A5A5A5A5A5A5A5A5A5A5A5A5A5A5A5A5A5A5A5A5A5A5A5A5A5A5A5A5A5A5A5A5A5A5A5A5A5A5A5A5A5A5A5A5A5A5A5A5
query pointer=8 name=65001 class=4 length=32 status=C0000034 returned=A5A5A5A5 bytes=A5A5A5A5A5A5A5A5A5A5A5A5A5A5A5A5A5A5A5A5A5A5A5A5A5A5A5A5A5A5A5A5A5A5A5A5A5A5A5A5A5A5A5A5A5A5A5A5A5A5A5A5A5A5A5A5A5A5A5A5A5A5A5A5
query pointer=8 name=65001 class=4 length=64 status=C0000034 returned=A5A5A5A5 bytes=A5A5A5A5A5A5A5A5A5A5A5A5A5A5A5A5A5A5A5A5A5A5A5A5A5A5A5A5A5A5A5A5A5A5A5A5A5A5A5A5A5A5A5A5A5A5A5A5A5A5A5A5A5A5A5A5A5A5A5A5A5A5A5A5
query pointer=8 name=65001 class=4 length=128 status=C0000034 returned=A5A5A5A5 bytes=A5A5A5A5A5A5A5A5A5A5A5A5A5A5A5A5A5A5A5A5A5A5A5A5A5A5A5A5A5A5A5A5A5A5A5A5A5A5A5A5A5A5A5A5A5A5A5A5A5A5A5A5A5A5A5A5A5A5A5A5A5A5A5A5
query pointer=8 name=65001 class=5 length=0 status=C000000D returned=A5A5A5A5 bytes=A5A5A5A5A5A5A5A5A5A5A5A5A5A5A5A5A5A5A5A5A5A5A5A5A5A5A5A5A5A5A5A5A5A5A5A5A5A5A5A5A5A5A5A5A5A5A5A5A5A5A5A5A5A5A5A5A5A5A5A5A5A5A5A5
query pointer=8 name=65001 class=5 length=1 status=C000000D returned=A5A5A5A5 bytes=A5A5A5A5A5A5A5A5A5A5A5A5A5A5A5A5A5A5A5A5A5A5A5A5A5A5A5A5A5A5A5A5A5A5A5A5A5A5A5A5A5A5A5A5A5A5A5A5A5A5A5A5A5A5A5A5A5A5A5A5A5A5A5A5
query pointer=8 name=65001 class=5 length=4 status=C000000D returned=A5A5A5A5 bytes=A5A5A5A5A5A5A5A5A5A5A5A5A5A5A5A5A5A5A5A5A5A5A5A5A5A5A5A5A5A5A5A5A5A5A5A5A5A5A5A5A5A5A5A5A5A5A5A5A5A5A5A5A5A5A5A5A5A5A5A5A5A5A5A5
query pointer=8 name=65001 class=5 length=7 status=C000000D returned=A5A5A5A5 bytes=A5A5A5A5A5A5A5A5A5A5A5A5A5A5A5A5A5A5A5A5A5A5A5A5A5A5A5A5A5A5A5A5A5A5A5A5A5A5A5A5A5A5A5A5A5A5A5A5A5A5A5A5A5A5A5A5A5A5A5A5A5A5A5A5
query pointer=8 name=65001 class=5 length=8 status=C000000D returned=A5A5A5A5 bytes=A5A5A5A5A5A5A5A5A5A5A5A5A5A5A5A5A5A5A5A5A5A5A5A5A5A5A5A5A5A5A5A5A5A5A5A5A5A5A5A5A5A5A5A5A5A5A5A5A5A5A5A5A5A5A5A5A5A5A5A5A5A5A5A5
query pointer=8 name=65001 class=5 length=11 status=C000000D returned=A5A5A5A5 bytes=A5A5A5A5A5A5A5A5A5A5A5A5A5A5A5A5A5A5A5A5A5A5A5A5A5A5A5A5A5A5A5A5A5A5A5A5A5A5A5A5A5A5A5A5A5A5A5A5A5A5A5A5A5A5A5A5A5A5A5A5A5A5A5A5
query pointer=8 name=65001 class=5 length=12 status=C000000D returned=A5A5A5A5 bytes=A5A5A5A5A5A5A5A5A5A5A5A5A5A5A5A5A5A5A5A5A5A5A5A5A5A5A5A5A5A5A5A5A5A5A5A5A5A5A5A5A5A5A5A5A5A5A5A5A5A5A5A5A5A5A5A5A5A5A5A5A5A5A5A5
query pointer=8 name=65001 class=5 length=13 status=C000000D returned=A5A5A5A5 bytes=A5A5A5A5A5A5A5A5A5A5A5A5A5A5A5A5A5A5A5A5A5A5A5A5A5A5A5A5A5A5A5A5A5A5A5A5A5A5A5A5A5A5A5A5A5A5A5A5A5A5A5A5A5A5A5A5A5A5A5A5A5A5A5A5
query pointer=8 name=65001 class=5 length=16 status=C000000D returned=A5A5A5A5 bytes=A5A5A5A5A5A5A5A5A5A5A5A5A5A5A5A5A5A5A5A5A5A5A5A5A5A5A5A5A5A5A5A5A5A5A5A5A5A5A5A5A5A5A5A5A5A5A5A5A5A5A5A5A5A5A5A5A5A5A5A5A5A5A5A5
query pointer=8 name=65001 class=5 length=19 status=C000000D returned=A5A5A5A5 bytes=A5A5A5A5A5A5A5A5A5A5A5A5A5A5A5A5A5A5A5A5A5A5A5A5A5A5A5A5A5A5A5A5A5A5A5A5A5A5A5A5A5A5A5A5A5A5A5A5A5A5A5A5A5A5A5A5A5A5A5A5A5A5A5A5
query pointer=8 name=65001 class=5 length=20 status=C000000D returned=A5A5A5A5 bytes=A5A5A5A5A5A5A5A5A5A5A5A5A5A5A5A5A5A5A5A5A5A5A5A5A5A5A5A5A5A5A5A5A5A5A5A5A5A5A5A5A5A5A5A5A5A5A5A5A5A5A5A5A5A5A5A5A5A5A5A5A5A5A5A5
query pointer=8 name=65001 class=5 length=21 status=C000000D returned=A5A5A5A5 bytes=A5A5A5A5A5A5A5A5A5A5A5A5A5A5A5A5A5A5A5A5A5A5A5A5A5A5A5A5A5A5A5A5A5A5A5A5A5A5A5A5A5A5A5A5A5A5A5A5A5A5A5A5A5A5A5A5A5A5A5A5A5A5A5A5
query pointer=8 name=65001 class=5 length=22 status=C000000D returned=A5A5A5A5 bytes=A5A5A5A5A5A5A5A5A5A5A5A5A5A5A5A5A5A5A5A5A5A5A5A5A5A5A5A5A5A5A5A5A5A5A5A5A5A5A5A5A5A5A5A5A5A5A5A5A5A5A5A5A5A5A5A5A5A5A5A5A5A5A5A5
query pointer=8 name=65001 class=5 length=23 status=C000000D returned=A5A5A5A5 bytes=A5A5A5A5A5A5A5A5A5A5A5A5A5A5A5A5A5A5A5A5A5A5A5A5A5A5A5A5A5A5A5A5A5A5A5A5A5A5A5A5A5A5A5A5A5A5A5A5A5A5A5A5A5A5A5A5A5A5A5A5A5A5A5A5
query pointer=8 name=65001 class=5 length=24 status=C000000D returned=A5A5A5A5 bytes=A5A5A5A5A5A5A5A5A5A5A5A5A5A5A5A5A5A5A5A5A5A5A5A5A5A5A5A5A5A5A5A5A5A5A5A5A5A5A5A5A5A5A5A5A5A5A5A5A5A5A5A5A5A5A5A5A5A5A5A5A5A5A5A5
query pointer=8 name=65001 class=5 length=32 status=C000000D returned=A5A5A5A5 bytes=A5A5A5A5A5A5A5A5A5A5A5A5A5A5A5A5A5A5A5A5A5A5A5A5A5A5A5A5A5A5A5A5A5A5A5A5A5A5A5A5A5A5A5A5A5A5A5A5A5A5A5A5A5A5A5A5A5A5A5A5A5A5A5A5
query pointer=8 name=65001 class=5 length=64 status=C000000D returned=A5A5A5A5 bytes=A5A5A5A5A5A5A5A5A5A5A5A5A5A5A5A5A5A5A5A5A5A5A5A5A5A5A5A5A5A5A5A5A5A5A5A5A5A5A5A5A5A5A5A5A5A5A5A5A5A5A5A5A5A5A5A5A5A5A5A5A5A5A5A5
query pointer=8 name=65001 class=5 length=128 status=C000000D returned=A5A5A5A5 bytes=A5A5A5A5A5A5A5A5A5A5A5A5A5A5A5A5A5A5A5A5A5A5A5A5A5A5A5A5A5A5A5A5A5A5A5A5A5A5A5A5A5A5A5A5A5A5A5A5A5A5A5A5A5A5A5A5A5A5A5A5A5A5A5A5
query pointer=8 name=65001 class=4294967295 length=0 status=C000000D returned=A5A5A5A5 bytes=A5A5A5A5A5A5A5A5A5A5A5A5A5A5A5A5A5A5A5A5A5A5A5A5A5A5A5A5A5A5A5A5A5A5A5A5A5A5A5A5A5A5A5A5A5A5A5A5A5A5A5A5A5A5A5A5A5A5A5A5A5A5A5A5
query pointer=8 name=65001 class=4294967295 length=1 status=C000000D returned=A5A5A5A5 bytes=A5A5A5A5A5A5A5A5A5A5A5A5A5A5A5A5A5A5A5A5A5A5A5A5A5A5A5A5A5A5A5A5A5A5A5A5A5A5A5A5A5A5A5A5A5A5A5A5A5A5A5A5A5A5A5A5A5A5A5A5A5A5A5A5
query pointer=8 name=65001 class=4294967295 length=4 status=C000000D returned=A5A5A5A5 bytes=A5A5A5A5A5A5A5A5A5A5A5A5A5A5A5A5A5A5A5A5A5A5A5A5A5A5A5A5A5A5A5A5A5A5A5A5A5A5A5A5A5A5A5A5A5A5A5A5A5A5A5A5A5A5A5A5A5A5A5A5A5A5A5A5
query pointer=8 name=65001 class=4294967295 length=7 status=C000000D returned=A5A5A5A5 bytes=A5A5A5A5A5A5A5A5A5A5A5A5A5A5A5A5A5A5A5A5A5A5A5A5A5A5A5A5A5A5A5A5A5A5A5A5A5A5A5A5A5A5A5A5A5A5A5A5A5A5A5A5A5A5A5A5A5A5A5A5A5A5A5A5
query pointer=8 name=65001 class=4294967295 length=8 status=C000000D returned=A5A5A5A5 bytes=A5A5A5A5A5A5A5A5A5A5A5A5A5A5A5A5A5A5A5A5A5A5A5A5A5A5A5A5A5A5A5A5A5A5A5A5A5A5A5A5A5A5A5A5A5A5A5A5A5A5A5A5A5A5A5A5A5A5A5A5A5A5A5A5
query pointer=8 name=65001 class=4294967295 length=11 status=C000000D returned=A5A5A5A5 bytes=A5A5A5A5A5A5A5A5A5A5A5A5A5A5A5A5A5A5A5A5A5A5A5A5A5A5A5A5A5A5A5A5A5A5A5A5A5A5A5A5A5A5A5A5A5A5A5A5A5A5A5A5A5A5A5A5A5A5A5A5A5A5A5A5
query pointer=8 name=65001 class=4294967295 length=12 status=C000000D returned=A5A5A5A5 bytes=A5A5A5A5A5A5A5A5A5A5A5A5A5A5A5A5A5A5A5A5A5A5A5A5A5A5A5A5A5A5A5A5A5A5A5A5A5A5A5A5A5A5A5A5A5A5A5A5A5A5A5A5A5A5A5A5A5A5A5A5A5A5A5A5
query pointer=8 name=65001 class=4294967295 length=13 status=C000000D returned=A5A5A5A5 bytes=A5A5A5A5A5A5A5A5A5A5A5A5A5A5A5A5A5A5A5A5A5A5A5A5A5A5A5A5A5A5A5A5A5A5A5A5A5A5A5A5A5A5A5A5A5A5A5A5A5A5A5A5A5A5A5A5A5A5A5A5A5A5A5A5
query pointer=8 name=65001 class=4294967295 length=16 status=C000000D returned=A5A5A5A5 bytes=A5A5A5A5A5A5A5A5A5A5A5A5A5A5A5A5A5A5A5A5A5A5A5A5A5A5A5A5A5A5A5A5A5A5A5A5A5A5A5A5A5A5A5A5A5A5A5A5A5A5A5A5A5A5A5A5A5A5A5A5A5A5A5A5
query pointer=8 name=65001 class=4294967295 length=19 status=C000000D returned=A5A5A5A5 bytes=A5A5A5A5A5A5A5A5A5A5A5A5A5A5A5A5A5A5A5A5A5A5A5A5A5A5A5A5A5A5A5A5A5A5A5A5A5A5A5A5A5A5A5A5A5A5A5A5A5A5A5A5A5A5A5A5A5A5A5A5A5A5A5A5
query pointer=8 name=65001 class=4294967295 length=20 status=C000000D returned=A5A5A5A5 bytes=A5A5A5A5A5A5A5A5A5A5A5A5A5A5A5A5A5A5A5A5A5A5A5A5A5A5A5A5A5A5A5A5A5A5A5A5A5A5A5A5A5A5A5A5A5A5A5A5A5A5A5A5A5A5A5A5A5A5A5A5A5A5A5A5
query pointer=8 name=65001 class=4294967295 length=21 status=C000000D returned=A5A5A5A5 bytes=A5A5A5A5A5A5A5A5A5A5A5A5A5A5A5A5A5A5A5A5A5A5A5A5A5A5A5A5A5A5A5A5A5A5A5A5A5A5A5A5A5A5A5A5A5A5A5A5A5A5A5A5A5A5A5A5A5A5A5A5A5A5A5A5
query pointer=8 name=65001 class=4294967295 length=22 status=C000000D returned=A5A5A5A5 bytes=A5A5A5A5A5A5A5A5A5A5A5A5A5A5A5A5A5A5A5A5A5A5A5A5A5A5A5A5A5A5A5A5A5A5A5A5A5A5A5A5A5A5A5A5A5A5A5A5A5A5A5A5A5A5A5A5A5A5A5A5A5A5A5A5
query pointer=8 name=65001 class=4294967295 length=23 status=C000000D returned=A5A5A5A5 bytes=A5A5A5A5A5A5A5A5A5A5A5A5A5A5A5A5A5A5A5A5A5A5A5A5A5A5A5A5A5A5A5A5A5A5A5A5A5A5A5A5A5A5A5A5A5A5A5A5A5A5A5A5A5A5A5A5A5A5A5A5A5A5A5A5
query pointer=8 name=65001 class=4294967295 length=24 status=C000000D returned=A5A5A5A5 bytes=A5A5A5A5A5A5A5A5A5A5A5A5A5A5A5A5A5A5A5A5A5A5A5A5A5A5A5A5A5A5A5A5A5A5A5A5A5A5A5A5A5A5A5A5A5A5A5A5A5A5A5A5A5A5A5A5A5A5A5A5A5A5A5A5
query pointer=8 name=65001 class=4294967295 length=32 status=C000000D returned=A5A5A5A5 bytes=A5A5A5A5A5A5A5A5A5A5A5A5A5A5A5A5A5A5A5A5A5A5A5A5A5A5A5A5A5A5A5A5A5A5A5A5A5A5A5A5A5A5A5A5A5A5A5A5A5A5A5A5A5A5A5A5A5A5A5A5A5A5A5A5
query pointer=8 name=65001 class=4294967295 length=64 status=C000000D returned=A5A5A5A5 bytes=A5A5A5A5A5A5A5A5A5A5A5A5A5A5A5A5A5A5A5A5A5A5A5A5A5A5A5A5A5A5A5A5A5A5A5A5A5A5A5A5A5A5A5A5A5A5A5A5A5A5A5A5A5A5A5A5A5A5A5A5A5A5A5A5
query pointer=8 name=65001 class=4294967295 length=128 status=C000000D returned=A5A5A5A5 bytes=A5A5A5A5A5A5A5A5A5A5A5A5A5A5A5A5A5A5A5A5A5A5A5A5A5A5A5A5A5A5A5A5A5A5A5A5A5A5A5A5A5A5A5A5A5A5A5A5A5A5A5A5A5A5A5A5A5A5A5A5A5A5A5A5
query pointer=8 name=aCp class=0 length=0 status=C0000023 returned=00000012 bytes=A5A5A5A5A5A5A5A5A5A5A5A5A5A5A5A5A5A5A5A5A5A5A5A5A5A5A5A5A5A5A5A5A5A5A5A5A5A5A5A5A5A5A5A5A5A5A5A5A5A5A5A5A5A5A5A5A5A5A5A5A5A5A5A5
query pointer=8 name=aCp class=0 length=1 status=C0000023 returned=00000012 bytes=A5A5A5A5A5A5A5A5A5A5A5A5A5A5A5A5A5A5A5A5A5A5A5A5A5A5A5A5A5A5A5A5A5A5A5A5A5A5A5A5A5A5A5A5A5A5A5A5A5A5A5A5A5A5A5A5A5A5A5A5A5A5A5A5
query pointer=8 name=aCp class=0 length=4 status=C0000023 returned=00000012 bytes=A5A5A5A5A5A5A5A5A5A5A5A5A5A5A5A5A5A5A5A5A5A5A5A5A5A5A5A5A5A5A5A5A5A5A5A5A5A5A5A5A5A5A5A5A5A5A5A5A5A5A5A5A5A5A5A5A5A5A5A5A5A5A5A5
query pointer=8 name=aCp class=0 length=7 status=C0000023 returned=00000012 bytes=A5A5A5A5A5A5A5A5A5A5A5A5A5A5A5A5A5A5A5A5A5A5A5A5A5A5A5A5A5A5A5A5A5A5A5A5A5A5A5A5A5A5A5A5A5A5A5A5A5A5A5A5A5A5A5A5A5A5A5A5A5A5A5A5
query pointer=8 name=aCp class=0 length=8 status=C0000023 returned=00000012 bytes=A5A5A5A5A5A5A5A5A5A5A5A5A5A5A5A5A5A5A5A5A5A5A5A5A5A5A5A5A5A5A5A5A5A5A5A5A5A5A5A5A5A5A5A5A5A5A5A5A5A5A5A5A5A5A5A5A5A5A5A5A5A5A5A5
query pointer=8 name=aCp class=0 length=11 status=C0000023 returned=00000012 bytes=A5A5A5A5A5A5A5A5A5A5A5A5A5A5A5A5A5A5A5A5A5A5A5A5A5A5A5A5A5A5A5A5A5A5A5A5A5A5A5A5A5A5A5A5A5A5A5A5A5A5A5A5A5A5A5A5A5A5A5A5A5A5A5A5
query pointer=8 name=aCp class=0 length=12 status=80000005 returned=00000012 bytes=000000000100000006000000A5A5A5A5A5A5A5A5A5A5A5A5A5A5A5A5A5A5A5A5A5A5A5A5A5A5A5A5A5A5A5A5A5A5A5A5A5A5A5A5A5A5A5A5A5A5A5A5A5A5A5A5
query pointer=8 name=aCp class=0 length=13 status=80000005 returned=00000012 bytes=00000000010000000600000000A5A5A5A5A5A5A5A5A5A5A5A5A5A5A5A5A5A5A5A5A5A5A5A5A5A5A5A5A5A5A5A5A5A5A5A5A5A5A5A5A5A5A5A5A5A5A5A5A5A5A5
query pointer=8 name=aCp class=0 length=16 status=80000005 returned=00000012 bytes=00000000010000000600000041004300A5A5A5A5A5A5A5A5A5A5A5A5A5A5A5A5A5A5A5A5A5A5A5A5A5A5A5A5A5A5A5A5A5A5A5A5A5A5A5A5A5A5A5A5A5A5A5A5
query pointer=8 name=aCp class=0 length=19 status=00000000 returned=00000012 bytes=000000000100000006000000410043005000A5A5A5A5A5A5A5A5A5A5A5A5A5A5A5A5A5A5A5A5A5A5A5A5A5A5A5A5A5A5A5A5A5A5A5A5A5A5A5A5A5A5A5A5A5A5
query pointer=8 name=aCp class=0 length=20 status=00000000 returned=00000012 bytes=000000000100000006000000410043005000A5A5A5A5A5A5A5A5A5A5A5A5A5A5A5A5A5A5A5A5A5A5A5A5A5A5A5A5A5A5A5A5A5A5A5A5A5A5A5A5A5A5A5A5A5A5
query pointer=8 name=aCp class=0 length=21 status=00000000 returned=00000012 bytes=000000000100000006000000410043005000A5A5A5A5A5A5A5A5A5A5A5A5A5A5A5A5A5A5A5A5A5A5A5A5A5A5A5A5A5A5A5A5A5A5A5A5A5A5A5A5A5A5A5A5A5A5
query pointer=8 name=aCp class=0 length=22 status=00000000 returned=00000012 bytes=000000000100000006000000410043005000A5A5A5A5A5A5A5A5A5A5A5A5A5A5A5A5A5A5A5A5A5A5A5A5A5A5A5A5A5A5A5A5A5A5A5A5A5A5A5A5A5A5A5A5A5A5
query pointer=8 name=aCp class=0 length=23 status=00000000 returned=00000012 bytes=000000000100000006000000410043005000A5A5A5A5A5A5A5A5A5A5A5A5A5A5A5A5A5A5A5A5A5A5A5A5A5A5A5A5A5A5A5A5A5A5A5A5A5A5A5A5A5A5A5A5A5A5
query pointer=8 name=aCp class=0 length=24 status=00000000 returned=00000012 bytes=000000000100000006000000410043005000A5A5A5A5A5A5A5A5A5A5A5A5A5A5A5A5A5A5A5A5A5A5A5A5A5A5A5A5A5A5A5A5A5A5A5A5A5A5A5A5A5A5A5A5A5A5
query pointer=8 name=aCp class=0 length=32 status=00000000 returned=00000012 bytes=000000000100000006000000410043005000A5A5A5A5A5A5A5A5A5A5A5A5A5A5A5A5A5A5A5A5A5A5A5A5A5A5A5A5A5A5A5A5A5A5A5A5A5A5A5A5A5A5A5A5A5A5
query pointer=8 name=aCp class=0 length=64 status=00000000 returned=00000012 bytes=000000000100000006000000410043005000A5A5A5A5A5A5A5A5A5A5A5A5A5A5A5A5A5A5A5A5A5A5A5A5A5A5A5A5A5A5A5A5A5A5A5A5A5A5A5A5A5A5A5A5A5A5
query pointer=8 name=aCp class=0 length=128 status=00000000 returned=00000012 bytes=000000000100000006000000410043005000A5A5A5A5A5A5A5A5A5A5A5A5A5A5A5A5A5A5A5A5A5A5A5A5A5A5A5A5A5A5A5A5A5A5A5A5A5A5A5A5A5A5A5A5A5A5
query pointer=8 name=aCp class=1 length=0 status=C0000023 returned=0000002A bytes=A5A5A5A5A5A5A5A5A5A5A5A5A5A5A5A5A5A5A5A5A5A5A5A5A5A5A5A5A5A5A5A5A5A5A5A5A5A5A5A5A5A5A5A5A5A5A5A5A5A5A5A5A5A5A5A5A5A5A5A5A5A5A5A5
query pointer=8 name=aCp class=1 length=1 status=C0000023 returned=0000002A bytes=A5A5A5A5A5A5A5A5A5A5A5A5A5A5A5A5A5A5A5A5A5A5A5A5A5A5A5A5A5A5A5A5A5A5A5A5A5A5A5A5A5A5A5A5A5A5A5A5A5A5A5A5A5A5A5A5A5A5A5A5A5A5A5A5
query pointer=8 name=aCp class=1 length=4 status=C0000023 returned=0000002A bytes=A5A5A5A5A5A5A5A5A5A5A5A5A5A5A5A5A5A5A5A5A5A5A5A5A5A5A5A5A5A5A5A5A5A5A5A5A5A5A5A5A5A5A5A5A5A5A5A5A5A5A5A5A5A5A5A5A5A5A5A5A5A5A5A5
query pointer=8 name=aCp class=1 length=7 status=C0000023 returned=0000002A bytes=A5A5A5A5A5A5A5A5A5A5A5A5A5A5A5A5A5A5A5A5A5A5A5A5A5A5A5A5A5A5A5A5A5A5A5A5A5A5A5A5A5A5A5A5A5A5A5A5A5A5A5A5A5A5A5A5A5A5A5A5A5A5A5A5
query pointer=8 name=aCp class=1 length=8 status=C0000023 returned=0000002A bytes=A5A5A5A5A5A5A5A5A5A5A5A5A5A5A5A5A5A5A5A5A5A5A5A5A5A5A5A5A5A5A5A5A5A5A5A5A5A5A5A5A5A5A5A5A5A5A5A5A5A5A5A5A5A5A5A5A5A5A5A5A5A5A5A5
query pointer=8 name=aCp class=1 length=11 status=C0000023 returned=0000002A bytes=A5A5A5A5A5A5A5A5A5A5A5A5A5A5A5A5A5A5A5A5A5A5A5A5A5A5A5A5A5A5A5A5A5A5A5A5A5A5A5A5A5A5A5A5A5A5A5A5A5A5A5A5A5A5A5A5A5A5A5A5A5A5A5A5
query pointer=8 name=aCp class=1 length=12 status=C0000023 returned=0000002A bytes=A5A5A5A5A5A5A5A5A5A5A5A5A5A5A5A5A5A5A5A5A5A5A5A5A5A5A5A5A5A5A5A5A5A5A5A5A5A5A5A5A5A5A5A5A5A5A5A5A5A5A5A5A5A5A5A5A5A5A5A5A5A5A5A5
query pointer=8 name=aCp class=1 length=13 status=C0000023 returned=0000002A bytes=A5A5A5A5A5A5A5A5A5A5A5A5A5A5A5A5A5A5A5A5A5A5A5A5A5A5A5A5A5A5A5A5A5A5A5A5A5A5A5A5A5A5A5A5A5A5A5A5A5A5A5A5A5A5A5A5A5A5A5A5A5A5A5A5
query pointer=8 name=aCp class=1 length=16 status=C0000023 returned=0000002A bytes=A5A5A5A5A5A5A5A5A5A5A5A5A5A5A5A5A5A5A5A5A5A5A5A5A5A5A5A5A5A5A5A5A5A5A5A5A5A5A5A5A5A5A5A5A5A5A5A5A5A5A5A5A5A5A5A5A5A5A5A5A5A5A5A5
query pointer=8 name=aCp class=1 length=19 status=C0000023 returned=0000002A bytes=A5A5A5A5A5A5A5A5A5A5A5A5A5A5A5A5A5A5A5A5A5A5A5A5A5A5A5A5A5A5A5A5A5A5A5A5A5A5A5A5A5A5A5A5A5A5A5A5A5A5A5A5A5A5A5A5A5A5A5A5A5A5A5A5
query pointer=8 name=aCp class=1 length=20 status=80000005 returned=0000002A bytes=0000000001000000200000000A00000006000000A5A5A5A5A5A5A5A5A5A5A5A5A5A5A5A5A5A5A5A5A5A5A5A5A5A5A5A5A5A5A5A5A5A5A5A5A5A5A5A5A5A5A5A5
query pointer=8 name=aCp class=1 length=21 status=80000005 returned=0000002A bytes=0000000001000000200000000A0000000600000000A5A5A5A5A5A5A5A5A5A5A5A5A5A5A5A5A5A5A5A5A5A5A5A5A5A5A5A5A5A5A5A5A5A5A5A5A5A5A5A5A5A5A5
query pointer=8 name=aCp class=1 length=22 status=80000005 returned=0000002A bytes=0000000001000000200000000A000000060000004100A5A5A5A5A5A5A5A5A5A5A5A5A5A5A5A5A5A5A5A5A5A5A5A5A5A5A5A5A5A5A5A5A5A5A5A5A5A5A5A5A5A5
query pointer=8 name=aCp class=1 length=23 status=80000005 returned=0000002A bytes=0000000001000000200000000A00000006000000410000A5A5A5A5A5A5A5A5A5A5A5A5A5A5A5A5A5A5A5A5A5A5A5A5A5A5A5A5A5A5A5A5A5A5A5A5A5A5A5A5A5
query pointer=8 name=aCp class=1 length=24 status=80000005 returned=0000002A bytes=0000000001000000200000000A0000000600000041004300A5A5A5A5A5A5A5A5A5A5A5A5A5A5A5A5A5A5A5A5A5A5A5A5A5A5A5A5A5A5A5A5A5A5A5A5A5A5A5A5
query pointer=8 name=aCp class=1 length=32 status=80000005 returned=0000002A bytes=0000000001000000200000000A00000006000000410043005000000000000000A5A5A5A5A5A5A5A5A5A5A5A5A5A5A5A5A5A5A5A5A5A5A5A5A5A5A5A5A5A5A5A5
query pointer=8 name=aCp class=1 length=64 status=00000000 returned=0000002A bytes=0000000001000000200000000A0000000600000041004300500000000000000031003200350032000000A5A5A5A5A5A5A5A5A5A5A5A5A5A5A5A5A5A5A5A5A5A5
query pointer=8 name=aCp class=1 length=128 status=00000000 returned=0000002A bytes=0000000001000000200000000A0000000600000041004300500000000000000031003200350032000000A5A5A5A5A5A5A5A5A5A5A5A5A5A5A5A5A5A5A5A5A5A5
query pointer=8 name=aCp class=2 length=0 status=C0000023 returned=00000016 bytes=A5A5A5A5A5A5A5A5A5A5A5A5A5A5A5A5A5A5A5A5A5A5A5A5A5A5A5A5A5A5A5A5A5A5A5A5A5A5A5A5A5A5A5A5A5A5A5A5A5A5A5A5A5A5A5A5A5A5A5A5A5A5A5A5
query pointer=8 name=aCp class=2 length=1 status=C0000023 returned=00000016 bytes=A5A5A5A5A5A5A5A5A5A5A5A5A5A5A5A5A5A5A5A5A5A5A5A5A5A5A5A5A5A5A5A5A5A5A5A5A5A5A5A5A5A5A5A5A5A5A5A5A5A5A5A5A5A5A5A5A5A5A5A5A5A5A5A5
query pointer=8 name=aCp class=2 length=4 status=C0000023 returned=00000016 bytes=A5A5A5A5A5A5A5A5A5A5A5A5A5A5A5A5A5A5A5A5A5A5A5A5A5A5A5A5A5A5A5A5A5A5A5A5A5A5A5A5A5A5A5A5A5A5A5A5A5A5A5A5A5A5A5A5A5A5A5A5A5A5A5A5
query pointer=8 name=aCp class=2 length=7 status=C0000023 returned=00000016 bytes=A5A5A5A5A5A5A5A5A5A5A5A5A5A5A5A5A5A5A5A5A5A5A5A5A5A5A5A5A5A5A5A5A5A5A5A5A5A5A5A5A5A5A5A5A5A5A5A5A5A5A5A5A5A5A5A5A5A5A5A5A5A5A5A5
query pointer=8 name=aCp class=2 length=8 status=C0000023 returned=00000016 bytes=A5A5A5A5A5A5A5A5A5A5A5A5A5A5A5A5A5A5A5A5A5A5A5A5A5A5A5A5A5A5A5A5A5A5A5A5A5A5A5A5A5A5A5A5A5A5A5A5A5A5A5A5A5A5A5A5A5A5A5A5A5A5A5A5
query pointer=8 name=aCp class=2 length=11 status=C0000023 returned=00000016 bytes=A5A5A5A5A5A5A5A5A5A5A5A5A5A5A5A5A5A5A5A5A5A5A5A5A5A5A5A5A5A5A5A5A5A5A5A5A5A5A5A5A5A5A5A5A5A5A5A5A5A5A5A5A5A5A5A5A5A5A5A5A5A5A5A5
query pointer=8 name=aCp class=2 length=12 status=80000005 returned=00000016 bytes=00000000010000000A000000A5A5A5A5A5A5A5A5A5A5A5A5A5A5A5A5A5A5A5A5A5A5A5A5A5A5A5A5A5A5A5A5A5A5A5A5A5A5A5A5A5A5A5A5A5A5A5A5A5A5A5A5
query pointer=8 name=aCp class=2 length=13 status=80000005 returned=00000016 bytes=00000000010000000A00000031A5A5A5A5A5A5A5A5A5A5A5A5A5A5A5A5A5A5A5A5A5A5A5A5A5A5A5A5A5A5A5A5A5A5A5A5A5A5A5A5A5A5A5A5A5A5A5A5A5A5A5
query pointer=8 name=aCp class=2 length=16 status=80000005 returned=00000016 bytes=00000000010000000A00000031003200A5A5A5A5A5A5A5A5A5A5A5A5A5A5A5A5A5A5A5A5A5A5A5A5A5A5A5A5A5A5A5A5A5A5A5A5A5A5A5A5A5A5A5A5A5A5A5A5
query pointer=8 name=aCp class=2 length=19 status=80000005 returned=00000016 bytes=00000000010000000A00000031003200350032A5A5A5A5A5A5A5A5A5A5A5A5A5A5A5A5A5A5A5A5A5A5A5A5A5A5A5A5A5A5A5A5A5A5A5A5A5A5A5A5A5A5A5A5A5
query pointer=8 name=aCp class=2 length=20 status=80000005 returned=00000016 bytes=00000000010000000A0000003100320035003200A5A5A5A5A5A5A5A5A5A5A5A5A5A5A5A5A5A5A5A5A5A5A5A5A5A5A5A5A5A5A5A5A5A5A5A5A5A5A5A5A5A5A5A5
query pointer=8 name=aCp class=2 length=21 status=80000005 returned=00000016 bytes=00000000010000000A000000310032003500320000A5A5A5A5A5A5A5A5A5A5A5A5A5A5A5A5A5A5A5A5A5A5A5A5A5A5A5A5A5A5A5A5A5A5A5A5A5A5A5A5A5A5A5
query pointer=8 name=aCp class=2 length=22 status=00000000 returned=00000016 bytes=00000000010000000A00000031003200350032000000A5A5A5A5A5A5A5A5A5A5A5A5A5A5A5A5A5A5A5A5A5A5A5A5A5A5A5A5A5A5A5A5A5A5A5A5A5A5A5A5A5A5
query pointer=8 name=aCp class=2 length=23 status=00000000 returned=00000016 bytes=00000000010000000A00000031003200350032000000A5A5A5A5A5A5A5A5A5A5A5A5A5A5A5A5A5A5A5A5A5A5A5A5A5A5A5A5A5A5A5A5A5A5A5A5A5A5A5A5A5A5
query pointer=8 name=aCp class=2 length=24 status=00000000 returned=00000016 bytes=00000000010000000A00000031003200350032000000A5A5A5A5A5A5A5A5A5A5A5A5A5A5A5A5A5A5A5A5A5A5A5A5A5A5A5A5A5A5A5A5A5A5A5A5A5A5A5A5A5A5
query pointer=8 name=aCp class=2 length=32 status=00000000 returned=00000016 bytes=00000000010000000A00000031003200350032000000A5A5A5A5A5A5A5A5A5A5A5A5A5A5A5A5A5A5A5A5A5A5A5A5A5A5A5A5A5A5A5A5A5A5A5A5A5A5A5A5A5A5
query pointer=8 name=aCp class=2 length=64 status=00000000 returned=00000016 bytes=00000000010000000A00000031003200350032000000A5A5A5A5A5A5A5A5A5A5A5A5A5A5A5A5A5A5A5A5A5A5A5A5A5A5A5A5A5A5A5A5A5A5A5A5A5A5A5A5A5A5
query pointer=8 name=aCp class=2 length=128 status=00000000 returned=00000016 bytes=00000000010000000A00000031003200350032000000A5A5A5A5A5A5A5A5A5A5A5A5A5A5A5A5A5A5A5A5A5A5A5A5A5A5A5A5A5A5A5A5A5A5A5A5A5A5A5A5A5A5
query pointer=8 name=aCp class=3 length=0 status=C0000023 returned=0000002A bytes=A5A5A5A5A5A5A5A5A5A5A5A5A5A5A5A5A5A5A5A5A5A5A5A5A5A5A5A5A5A5A5A5A5A5A5A5A5A5A5A5A5A5A5A5A5A5A5A5A5A5A5A5A5A5A5A5A5A5A5A5A5A5A5A5
query pointer=8 name=aCp class=3 length=1 status=C0000023 returned=0000002A bytes=A5A5A5A5A5A5A5A5A5A5A5A5A5A5A5A5A5A5A5A5A5A5A5A5A5A5A5A5A5A5A5A5A5A5A5A5A5A5A5A5A5A5A5A5A5A5A5A5A5A5A5A5A5A5A5A5A5A5A5A5A5A5A5A5
query pointer=8 name=aCp class=3 length=4 status=C0000023 returned=0000002A bytes=A5A5A5A5A5A5A5A5A5A5A5A5A5A5A5A5A5A5A5A5A5A5A5A5A5A5A5A5A5A5A5A5A5A5A5A5A5A5A5A5A5A5A5A5A5A5A5A5A5A5A5A5A5A5A5A5A5A5A5A5A5A5A5A5
query pointer=8 name=aCp class=3 length=7 status=C0000023 returned=0000002A bytes=A5A5A5A5A5A5A5A5A5A5A5A5A5A5A5A5A5A5A5A5A5A5A5A5A5A5A5A5A5A5A5A5A5A5A5A5A5A5A5A5A5A5A5A5A5A5A5A5A5A5A5A5A5A5A5A5A5A5A5A5A5A5A5A5
query pointer=8 name=aCp class=3 length=8 status=C0000023 returned=0000002A bytes=A5A5A5A5A5A5A5A5A5A5A5A5A5A5A5A5A5A5A5A5A5A5A5A5A5A5A5A5A5A5A5A5A5A5A5A5A5A5A5A5A5A5A5A5A5A5A5A5A5A5A5A5A5A5A5A5A5A5A5A5A5A5A5A5
query pointer=8 name=aCp class=3 length=11 status=C0000023 returned=0000002A bytes=A5A5A5A5A5A5A5A5A5A5A5A5A5A5A5A5A5A5A5A5A5A5A5A5A5A5A5A5A5A5A5A5A5A5A5A5A5A5A5A5A5A5A5A5A5A5A5A5A5A5A5A5A5A5A5A5A5A5A5A5A5A5A5A5
query pointer=8 name=aCp class=3 length=12 status=C0000023 returned=0000002A bytes=A5A5A5A5A5A5A5A5A5A5A5A5A5A5A5A5A5A5A5A5A5A5A5A5A5A5A5A5A5A5A5A5A5A5A5A5A5A5A5A5A5A5A5A5A5A5A5A5A5A5A5A5A5A5A5A5A5A5A5A5A5A5A5A5
query pointer=8 name=aCp class=3 length=13 status=C0000023 returned=0000002A bytes=A5A5A5A5A5A5A5A5A5A5A5A5A5A5A5A5A5A5A5A5A5A5A5A5A5A5A5A5A5A5A5A5A5A5A5A5A5A5A5A5A5A5A5A5A5A5A5A5A5A5A5A5A5A5A5A5A5A5A5A5A5A5A5A5
query pointer=8 name=aCp class=3 length=16 status=C0000023 returned=0000002A bytes=A5A5A5A5A5A5A5A5A5A5A5A5A5A5A5A5A5A5A5A5A5A5A5A5A5A5A5A5A5A5A5A5A5A5A5A5A5A5A5A5A5A5A5A5A5A5A5A5A5A5A5A5A5A5A5A5A5A5A5A5A5A5A5A5
query pointer=8 name=aCp class=3 length=19 status=C0000023 returned=0000002A bytes=A5A5A5A5A5A5A5A5A5A5A5A5A5A5A5A5A5A5A5A5A5A5A5A5A5A5A5A5A5A5A5A5A5A5A5A5A5A5A5A5A5A5A5A5A5A5A5A5A5A5A5A5A5A5A5A5A5A5A5A5A5A5A5A5
query pointer=8 name=aCp class=3 length=20 status=80000005 returned=0000002A bytes=0000000001000000200000000A00000006000000A5A5A5A5A5A5A5A5A5A5A5A5A5A5A5A5A5A5A5A5A5A5A5A5A5A5A5A5A5A5A5A5A5A5A5A5A5A5A5A5A5A5A5A5
query pointer=8 name=aCp class=3 length=21 status=80000005 returned=0000002A bytes=0000000001000000200000000A0000000600000000A5A5A5A5A5A5A5A5A5A5A5A5A5A5A5A5A5A5A5A5A5A5A5A5A5A5A5A5A5A5A5A5A5A5A5A5A5A5A5A5A5A5A5
query pointer=8 name=aCp class=3 length=22 status=80000005 returned=0000002A bytes=0000000001000000200000000A000000060000004100A5A5A5A5A5A5A5A5A5A5A5A5A5A5A5A5A5A5A5A5A5A5A5A5A5A5A5A5A5A5A5A5A5A5A5A5A5A5A5A5A5A5
query pointer=8 name=aCp class=3 length=23 status=80000005 returned=0000002A bytes=0000000001000000200000000A00000006000000410000A5A5A5A5A5A5A5A5A5A5A5A5A5A5A5A5A5A5A5A5A5A5A5A5A5A5A5A5A5A5A5A5A5A5A5A5A5A5A5A5A5
query pointer=8 name=aCp class=3 length=24 status=80000005 returned=0000002A bytes=0000000001000000200000000A0000000600000041004300A5A5A5A5A5A5A5A5A5A5A5A5A5A5A5A5A5A5A5A5A5A5A5A5A5A5A5A5A5A5A5A5A5A5A5A5A5A5A5A5
query pointer=8 name=aCp class=3 length=32 status=80000005 returned=0000002A bytes=0000000001000000200000000A00000006000000410043005000000000000000A5A5A5A5A5A5A5A5A5A5A5A5A5A5A5A5A5A5A5A5A5A5A5A5A5A5A5A5A5A5A5A5
query pointer=8 name=aCp class=3 length=64 status=00000000 returned=0000002A bytes=0000000001000000200000000A0000000600000041004300500000000000000031003200350032000000A5A5A5A5A5A5A5A5A5A5A5A5A5A5A5A5A5A5A5A5A5A5
query pointer=8 name=aCp class=3 length=128 status=00000000 returned=0000002A bytes=0000000001000000200000000A0000000600000041004300500000000000000031003200350032000000A5A5A5A5A5A5A5A5A5A5A5A5A5A5A5A5A5A5A5A5A5A5
query pointer=8 name=aCp class=4 length=0 status=C0000023 returned=00000012 bytes=A5A5A5A5A5A5A5A5A5A5A5A5A5A5A5A5A5A5A5A5A5A5A5A5A5A5A5A5A5A5A5A5A5A5A5A5A5A5A5A5A5A5A5A5A5A5A5A5A5A5A5A5A5A5A5A5A5A5A5A5A5A5A5A5
query pointer=8 name=aCp class=4 length=1 status=C0000023 returned=00000012 bytes=A5A5A5A5A5A5A5A5A5A5A5A5A5A5A5A5A5A5A5A5A5A5A5A5A5A5A5A5A5A5A5A5A5A5A5A5A5A5A5A5A5A5A5A5A5A5A5A5A5A5A5A5A5A5A5A5A5A5A5A5A5A5A5A5
query pointer=8 name=aCp class=4 length=4 status=C0000023 returned=00000012 bytes=A5A5A5A5A5A5A5A5A5A5A5A5A5A5A5A5A5A5A5A5A5A5A5A5A5A5A5A5A5A5A5A5A5A5A5A5A5A5A5A5A5A5A5A5A5A5A5A5A5A5A5A5A5A5A5A5A5A5A5A5A5A5A5A5
query pointer=8 name=aCp class=4 length=7 status=C0000023 returned=00000012 bytes=A5A5A5A5A5A5A5A5A5A5A5A5A5A5A5A5A5A5A5A5A5A5A5A5A5A5A5A5A5A5A5A5A5A5A5A5A5A5A5A5A5A5A5A5A5A5A5A5A5A5A5A5A5A5A5A5A5A5A5A5A5A5A5A5
query pointer=8 name=aCp class=4 length=8 status=80000005 returned=00000012 bytes=010000000A000000A5A5A5A5A5A5A5A5A5A5A5A5A5A5A5A5A5A5A5A5A5A5A5A5A5A5A5A5A5A5A5A5A5A5A5A5A5A5A5A5A5A5A5A5A5A5A5A5A5A5A5A5A5A5A5A5
query pointer=8 name=aCp class=4 length=11 status=80000005 returned=00000012 bytes=010000000A000000310032A5A5A5A5A5A5A5A5A5A5A5A5A5A5A5A5A5A5A5A5A5A5A5A5A5A5A5A5A5A5A5A5A5A5A5A5A5A5A5A5A5A5A5A5A5A5A5A5A5A5A5A5A5
query pointer=8 name=aCp class=4 length=12 status=80000005 returned=00000012 bytes=010000000A00000031003200A5A5A5A5A5A5A5A5A5A5A5A5A5A5A5A5A5A5A5A5A5A5A5A5A5A5A5A5A5A5A5A5A5A5A5A5A5A5A5A5A5A5A5A5A5A5A5A5A5A5A5A5
query pointer=8 name=aCp class=4 length=13 status=80000005 returned=00000012 bytes=010000000A0000003100320035A5A5A5A5A5A5A5A5A5A5A5A5A5A5A5A5A5A5A5A5A5A5A5A5A5A5A5A5A5A5A5A5A5A5A5A5A5A5A5A5A5A5A5A5A5A5A5A5A5A5A5
query pointer=8 name=aCp class=4 length=16 status=80000005 returned=00000012 bytes=010000000A0000003100320035003200A5A5A5A5A5A5A5A5A5A5A5A5A5A5A5A5A5A5A5A5A5A5A5A5A5A5A5A5A5A5A5A5A5A5A5A5A5A5A5A5A5A5A5A5A5A5A5A5
query pointer=8 name=aCp class=4 length=19 status=00000000 returned=00000012 bytes=010000000A00000031003200350032000000A5A5A5A5A5A5A5A5A5A5A5A5A5A5A5A5A5A5A5A5A5A5A5A5A5A5A5A5A5A5A5A5A5A5A5A5A5A5A5A5A5A5A5A5A5A5
query pointer=8 name=aCp class=4 length=20 status=00000000 returned=00000012 bytes=010000000A00000031003200350032000000A5A5A5A5A5A5A5A5A5A5A5A5A5A5A5A5A5A5A5A5A5A5A5A5A5A5A5A5A5A5A5A5A5A5A5A5A5A5A5A5A5A5A5A5A5A5
query pointer=8 name=aCp class=4 length=21 status=00000000 returned=00000012 bytes=010000000A00000031003200350032000000A5A5A5A5A5A5A5A5A5A5A5A5A5A5A5A5A5A5A5A5A5A5A5A5A5A5A5A5A5A5A5A5A5A5A5A5A5A5A5A5A5A5A5A5A5A5
query pointer=8 name=aCp class=4 length=22 status=00000000 returned=00000012 bytes=010000000A00000031003200350032000000A5A5A5A5A5A5A5A5A5A5A5A5A5A5A5A5A5A5A5A5A5A5A5A5A5A5A5A5A5A5A5A5A5A5A5A5A5A5A5A5A5A5A5A5A5A5
query pointer=8 name=aCp class=4 length=23 status=00000000 returned=00000012 bytes=010000000A00000031003200350032000000A5A5A5A5A5A5A5A5A5A5A5A5A5A5A5A5A5A5A5A5A5A5A5A5A5A5A5A5A5A5A5A5A5A5A5A5A5A5A5A5A5A5A5A5A5A5
query pointer=8 name=aCp class=4 length=24 status=00000000 returned=00000012 bytes=010000000A00000031003200350032000000A5A5A5A5A5A5A5A5A5A5A5A5A5A5A5A5A5A5A5A5A5A5A5A5A5A5A5A5A5A5A5A5A5A5A5A5A5A5A5A5A5A5A5A5A5A5
query pointer=8 name=aCp class=4 length=32 status=00000000 returned=00000012 bytes=010000000A00000031003200350032000000A5A5A5A5A5A5A5A5A5A5A5A5A5A5A5A5A5A5A5A5A5A5A5A5A5A5A5A5A5A5A5A5A5A5A5A5A5A5A5A5A5A5A5A5A5A5
query pointer=8 name=aCp class=4 length=64 status=00000000 returned=00000012 bytes=010000000A00000031003200350032000000A5A5A5A5A5A5A5A5A5A5A5A5A5A5A5A5A5A5A5A5A5A5A5A5A5A5A5A5A5A5A5A5A5A5A5A5A5A5A5A5A5A5A5A5A5A5
query pointer=8 name=aCp class=4 length=128 status=00000000 returned=00000012 bytes=010000000A00000031003200350032000000A5A5A5A5A5A5A5A5A5A5A5A5A5A5A5A5A5A5A5A5A5A5A5A5A5A5A5A5A5A5A5A5A5A5A5A5A5A5A5A5A5A5A5A5A5A5
query pointer=8 name=aCp class=5 length=0 status=C000000D returned=A5A5A5A5 bytes=A5A5A5A5A5A5A5A5A5A5A5A5A5A5A5A5A5A5A5A5A5A5A5A5A5A5A5A5A5A5A5A5A5A5A5A5A5A5A5A5A5A5A5A5A5A5A5A5A5A5A5A5A5A5A5A5A5A5A5A5A5A5A5A5
query pointer=8 name=aCp class=5 length=1 status=C000000D returned=A5A5A5A5 bytes=A5A5A5A5A5A5A5A5A5A5A5A5A5A5A5A5A5A5A5A5A5A5A5A5A5A5A5A5A5A5A5A5A5A5A5A5A5A5A5A5A5A5A5A5A5A5A5A5A5A5A5A5A5A5A5A5A5A5A5A5A5A5A5A5
query pointer=8 name=aCp class=5 length=4 status=C000000D returned=A5A5A5A5 bytes=A5A5A5A5A5A5A5A5A5A5A5A5A5A5A5A5A5A5A5A5A5A5A5A5A5A5A5A5A5A5A5A5A5A5A5A5A5A5A5A5A5A5A5A5A5A5A5A5A5A5A5A5A5A5A5A5A5A5A5A5A5A5A5A5
query pointer=8 name=aCp class=5 length=7 status=C000000D returned=A5A5A5A5 bytes=A5A5A5A5A5A5A5A5A5A5A5A5A5A5A5A5A5A5A5A5A5A5A5A5A5A5A5A5A5A5A5A5A5A5A5A5A5A5A5A5A5A5A5A5A5A5A5A5A5A5A5A5A5A5A5A5A5A5A5A5A5A5A5A5
query pointer=8 name=aCp class=5 length=8 status=C000000D returned=A5A5A5A5 bytes=A5A5A5A5A5A5A5A5A5A5A5A5A5A5A5A5A5A5A5A5A5A5A5A5A5A5A5A5A5A5A5A5A5A5A5A5A5A5A5A5A5A5A5A5A5A5A5A5A5A5A5A5A5A5A5A5A5A5A5A5A5A5A5A5
query pointer=8 name=aCp class=5 length=11 status=C000000D returned=A5A5A5A5 bytes=A5A5A5A5A5A5A5A5A5A5A5A5A5A5A5A5A5A5A5A5A5A5A5A5A5A5A5A5A5A5A5A5A5A5A5A5A5A5A5A5A5A5A5A5A5A5A5A5A5A5A5A5A5A5A5A5A5A5A5A5A5A5A5A5
query pointer=8 name=aCp class=5 length=12 status=C000000D returned=A5A5A5A5 bytes=A5A5A5A5A5A5A5A5A5A5A5A5A5A5A5A5A5A5A5A5A5A5A5A5A5A5A5A5A5A5A5A5A5A5A5A5A5A5A5A5A5A5A5A5A5A5A5A5A5A5A5A5A5A5A5A5A5A5A5A5A5A5A5A5
query pointer=8 name=aCp class=5 length=13 status=C000000D returned=A5A5A5A5 bytes=A5A5A5A5A5A5A5A5A5A5A5A5A5A5A5A5A5A5A5A5A5A5A5A5A5A5A5A5A5A5A5A5A5A5A5A5A5A5A5A5A5A5A5A5A5A5A5A5A5A5A5A5A5A5A5A5A5A5A5A5A5A5A5A5
query pointer=8 name=aCp class=5 length=16 status=C000000D returned=A5A5A5A5 bytes=A5A5A5A5A5A5A5A5A5A5A5A5A5A5A5A5A5A5A5A5A5A5A5A5A5A5A5A5A5A5A5A5A5A5A5A5A5A5A5A5A5A5A5A5A5A5A5A5A5A5A5A5A5A5A5A5A5A5A5A5A5A5A5A5
query pointer=8 name=aCp class=5 length=19 status=C000000D returned=A5A5A5A5 bytes=A5A5A5A5A5A5A5A5A5A5A5A5A5A5A5A5A5A5A5A5A5A5A5A5A5A5A5A5A5A5A5A5A5A5A5A5A5A5A5A5A5A5A5A5A5A5A5A5A5A5A5A5A5A5A5A5A5A5A5A5A5A5A5A5
query pointer=8 name=aCp class=5 length=20 status=C000000D returned=A5A5A5A5 bytes=A5A5A5A5A5A5A5A5A5A5A5A5A5A5A5A5A5A5A5A5A5A5A5A5A5A5A5A5A5A5A5A5A5A5A5A5A5A5A5A5A5A5A5A5A5A5A5A5A5A5A5A5A5A5A5A5A5A5A5A5A5A5A5A5
query pointer=8 name=aCp class=5 length=21 status=C000000D returned=A5A5A5A5 bytes=A5A5A5A5A5A5A5A5A5A5A5A5A5A5A5A5A5A5A5A5A5A5A5A5A5A5A5A5A5A5A5A5A5A5A5A5A5A5A5A5A5A5A5A5A5A5A5A5A5A5A5A5A5A5A5A5A5A5A5A5A5A5A5A5
query pointer=8 name=aCp class=5 length=22 status=C000000D returned=A5A5A5A5 bytes=A5A5A5A5A5A5A5A5A5A5A5A5A5A5A5A5A5A5A5A5A5A5A5A5A5A5A5A5A5A5A5A5A5A5A5A5A5A5A5A5A5A5A5A5A5A5A5A5A5A5A5A5A5A5A5A5A5A5A5A5A5A5A5A5
query pointer=8 name=aCp class=5 length=23 status=C000000D returned=A5A5A5A5 bytes=A5A5A5A5A5A5A5A5A5A5A5A5A5A5A5A5A5A5A5A5A5A5A5A5A5A5A5A5A5A5A5A5A5A5A5A5A5A5A5A5A5A5A5A5A5A5A5A5A5A5A5A5A5A5A5A5A5A5A5A5A5A5A5A5
query pointer=8 name=aCp class=5 length=24 status=C000000D returned=A5A5A5A5 bytes=A5A5A5A5A5A5A5A5A5A5A5A5A5A5A5A5A5A5A5A5A5A5A5A5A5A5A5A5A5A5A5A5A5A5A5A5A5A5A5A5A5A5A5A5A5A5A5A5A5A5A5A5A5A5A5A5A5A5A5A5A5A5A5A5
query pointer=8 name=aCp class=5 length=32 status=C000000D returned=A5A5A5A5 bytes=A5A5A5A5A5A5A5A5A5A5A5A5A5A5A5A5A5A5A5A5A5A5A5A5A5A5A5A5A5A5A5A5A5A5A5A5A5A5A5A5A5A5A5A5A5A5A5A5A5A5A5A5A5A5A5A5A5A5A5A5A5A5A5A5
query pointer=8 name=aCp class=5 length=64 status=C000000D returned=A5A5A5A5 bytes=A5A5A5A5A5A5A5A5A5A5A5A5A5A5A5A5A5A5A5A5A5A5A5A5A5A5A5A5A5A5A5A5A5A5A5A5A5A5A5A5A5A5A5A5A5A5A5A5A5A5A5A5A5A5A5A5A5A5A5A5A5A5A5A5
query pointer=8 name=aCp class=5 length=128 status=C000000D returned=A5A5A5A5 bytes=A5A5A5A5A5A5A5A5A5A5A5A5A5A5A5A5A5A5A5A5A5A5A5A5A5A5A5A5A5A5A5A5A5A5A5A5A5A5A5A5A5A5A5A5A5A5A5A5A5A5A5A5A5A5A5A5A5A5A5A5A5A5A5A5
query pointer=8 name=aCp class=4294967295 length=0 status=C000000D returned=A5A5A5A5 bytes=A5A5A5A5A5A5A5A5A5A5A5A5A5A5A5A5A5A5A5A5A5A5A5A5A5A5A5A5A5A5A5A5A5A5A5A5A5A5A5A5A5A5A5A5A5A5A5A5A5A5A5A5A5A5A5A5A5A5A5A5A5A5A5A5
query pointer=8 name=aCp class=4294967295 length=1 status=C000000D returned=A5A5A5A5 bytes=A5A5A5A5A5A5A5A5A5A5A5A5A5A5A5A5A5A5A5A5A5A5A5A5A5A5A5A5A5A5A5A5A5A5A5A5A5A5A5A5A5A5A5A5A5A5A5A5A5A5A5A5A5A5A5A5A5A5A5A5A5A5A5A5
query pointer=8 name=aCp class=4294967295 length=4 status=C000000D returned=A5A5A5A5 bytes=A5A5A5A5A5A5A5A5A5A5A5A5A5A5A5A5A5A5A5A5A5A5A5A5A5A5A5A5A5A5A5A5A5A5A5A5A5A5A5A5A5A5A5A5A5A5A5A5A5A5A5A5A5A5A5A5A5A5A5A5A5A5A5A5
query pointer=8 name=aCp class=4294967295 length=7 status=C000000D returned=A5A5A5A5 bytes=A5A5A5A5A5A5A5A5A5A5A5A5A5A5A5A5A5A5A5A5A5A5A5A5A5A5A5A5A5A5A5A5A5A5A5A5A5A5A5A5A5A5A5A5A5A5A5A5A5A5A5A5A5A5A5A5A5A5A5A5A5A5A5A5
query pointer=8 name=aCp class=4294967295 length=8 status=C000000D returned=A5A5A5A5 bytes=A5A5A5A5A5A5A5A5A5A5A5A5A5A5A5A5A5A5A5A5A5A5A5A5A5A5A5A5A5A5A5A5A5A5A5A5A5A5A5A5A5A5A5A5A5A5A5A5A5A5A5A5A5A5A5A5A5A5A5A5A5A5A5A5
query pointer=8 name=aCp class=4294967295 length=11 status=C000000D returned=A5A5A5A5 bytes=A5A5A5A5A5A5A5A5A5A5A5A5A5A5A5A5A5A5A5A5A5A5A5A5A5A5A5A5A5A5A5A5A5A5A5A5A5A5A5A5A5A5A5A5A5A5A5A5A5A5A5A5A5A5A5A5A5A5A5A5A5A5A5A5
query pointer=8 name=aCp class=4294967295 length=12 status=C000000D returned=A5A5A5A5 bytes=A5A5A5A5A5A5A5A5A5A5A5A5A5A5A5A5A5A5A5A5A5A5A5A5A5A5A5A5A5A5A5A5A5A5A5A5A5A5A5A5A5A5A5A5A5A5A5A5A5A5A5A5A5A5A5A5A5A5A5A5A5A5A5A5
query pointer=8 name=aCp class=4294967295 length=13 status=C000000D returned=A5A5A5A5 bytes=A5A5A5A5A5A5A5A5A5A5A5A5A5A5A5A5A5A5A5A5A5A5A5A5A5A5A5A5A5A5A5A5A5A5A5A5A5A5A5A5A5A5A5A5A5A5A5A5A5A5A5A5A5A5A5A5A5A5A5A5A5A5A5A5
query pointer=8 name=aCp class=4294967295 length=16 status=C000000D returned=A5A5A5A5 bytes=A5A5A5A5A5A5A5A5A5A5A5A5A5A5A5A5A5A5A5A5A5A5A5A5A5A5A5A5A5A5A5A5A5A5A5A5A5A5A5A5A5A5A5A5A5A5A5A5A5A5A5A5A5A5A5A5A5A5A5A5A5A5A5A5
query pointer=8 name=aCp class=4294967295 length=19 status=C000000D returned=A5A5A5A5 bytes=A5A5A5A5A5A5A5A5A5A5A5A5A5A5A5A5A5A5A5A5A5A5A5A5A5A5A5A5A5A5A5A5A5A5A5A5A5A5A5A5A5A5A5A5A5A5A5A5A5A5A5A5A5A5A5A5A5A5A5A5A5A5A5A5
query pointer=8 name=aCp class=4294967295 length=20 status=C000000D returned=A5A5A5A5 bytes=A5A5A5A5A5A5A5A5A5A5A5A5A5A5A5A5A5A5A5A5A5A5A5A5A5A5A5A5A5A5A5A5A5A5A5A5A5A5A5A5A5A5A5A5A5A5A5A5A5A5A5A5A5A5A5A5A5A5A5A5A5A5A5A5
query pointer=8 name=aCp class=4294967295 length=21 status=C000000D returned=A5A5A5A5 bytes=A5A5A5A5A5A5A5A5A5A5A5A5A5A5A5A5A5A5A5A5A5A5A5A5A5A5A5A5A5A5A5A5A5A5A5A5A5A5A5A5A5A5A5A5A5A5A5A5A5A5A5A5A5A5A5A5A5A5A5A5A5A5A5A5
query pointer=8 name=aCp class=4294967295 length=22 status=C000000D returned=A5A5A5A5 bytes=A5A5A5A5A5A5A5A5A5A5A5A5A5A5A5A5A5A5A5A5A5A5A5A5A5A5A5A5A5A5A5A5A5A5A5A5A5A5A5A5A5A5A5A5A5A5A5A5A5A5A5A5A5A5A5A5A5A5A5A5A5A5A5A5
query pointer=8 name=aCp class=4294967295 length=23 status=C000000D returned=A5A5A5A5 bytes=A5A5A5A5A5A5A5A5A5A5A5A5A5A5A5A5A5A5A5A5A5A5A5A5A5A5A5A5A5A5A5A5A5A5A5A5A5A5A5A5A5A5A5A5A5A5A5A5A5A5A5A5A5A5A5A5A5A5A5A5A5A5A5A5
query pointer=8 name=aCp class=4294967295 length=24 status=C000000D returned=A5A5A5A5 bytes=A5A5A5A5A5A5A5A5A5A5A5A5A5A5A5A5A5A5A5A5A5A5A5A5A5A5A5A5A5A5A5A5A5A5A5A5A5A5A5A5A5A5A5A5A5A5A5A5A5A5A5A5A5A5A5A5A5A5A5A5A5A5A5A5
query pointer=8 name=aCp class=4294967295 length=32 status=C000000D returned=A5A5A5A5 bytes=A5A5A5A5A5A5A5A5A5A5A5A5A5A5A5A5A5A5A5A5A5A5A5A5A5A5A5A5A5A5A5A5A5A5A5A5A5A5A5A5A5A5A5A5A5A5A5A5A5A5A5A5A5A5A5A5A5A5A5A5A5A5A5A5
query pointer=8 name=aCp class=4294967295 length=64 status=C000000D returned=A5A5A5A5 bytes=A5A5A5A5A5A5A5A5A5A5A5A5A5A5A5A5A5A5A5A5A5A5A5A5A5A5A5A5A5A5A5A5A5A5A5A5A5A5A5A5A5A5A5A5A5A5A5A5A5A5A5A5A5A5A5A5A5A5A5A5A5A5A5A5
query pointer=8 name=aCp class=4294967295 length=128 status=C000000D returned=A5A5A5A5 bytes=A5A5A5A5A5A5A5A5A5A5A5A5A5A5A5A5A5A5A5A5A5A5A5A5A5A5A5A5A5A5A5A5A5A5A5A5A5A5A5A5A5A5A5A5A5A5A5A5A5A5A5A5A5A5A5A5A5A5A5A5A5A5A5A5
query pointer=8 name=missing-rax-value class=0 length=0 status=C0000034 returned=A5A5A5A5 bytes=A5A5A5A5A5A5A5A5A5A5A5A5A5A5A5A5A5A5A5A5A5A5A5A5A5A5A5A5A5A5A5A5A5A5A5A5A5A5A5A5A5A5A5A5A5A5A5A5A5A5A5A5A5A5A5A5A5A5A5A5A5A5A5A5
query pointer=8 name=missing-rax-value class=0 length=1 status=C0000034 returned=A5A5A5A5 bytes=A5A5A5A5A5A5A5A5A5A5A5A5A5A5A5A5A5A5A5A5A5A5A5A5A5A5A5A5A5A5A5A5A5A5A5A5A5A5A5A5A5A5A5A5A5A5A5A5A5A5A5A5A5A5A5A5A5A5A5A5A5A5A5A5
query pointer=8 name=missing-rax-value class=0 length=4 status=C0000034 returned=A5A5A5A5 bytes=A5A5A5A5A5A5A5A5A5A5A5A5A5A5A5A5A5A5A5A5A5A5A5A5A5A5A5A5A5A5A5A5A5A5A5A5A5A5A5A5A5A5A5A5A5A5A5A5A5A5A5A5A5A5A5A5A5A5A5A5A5A5A5A5
query pointer=8 name=missing-rax-value class=0 length=7 status=C0000034 returned=A5A5A5A5 bytes=A5A5A5A5A5A5A5A5A5A5A5A5A5A5A5A5A5A5A5A5A5A5A5A5A5A5A5A5A5A5A5A5A5A5A5A5A5A5A5A5A5A5A5A5A5A5A5A5A5A5A5A5A5A5A5A5A5A5A5A5A5A5A5A5
query pointer=8 name=missing-rax-value class=0 length=8 status=C0000034 returned=A5A5A5A5 bytes=A5A5A5A5A5A5A5A5A5A5A5A5A5A5A5A5A5A5A5A5A5A5A5A5A5A5A5A5A5A5A5A5A5A5A5A5A5A5A5A5A5A5A5A5A5A5A5A5A5A5A5A5A5A5A5A5A5A5A5A5A5A5A5A5
query pointer=8 name=missing-rax-value class=0 length=11 status=C0000034 returned=A5A5A5A5 bytes=A5A5A5A5A5A5A5A5A5A5A5A5A5A5A5A5A5A5A5A5A5A5A5A5A5A5A5A5A5A5A5A5A5A5A5A5A5A5A5A5A5A5A5A5A5A5A5A5A5A5A5A5A5A5A5A5A5A5A5A5A5A5A5A5
query pointer=8 name=missing-rax-value class=0 length=12 status=C0000034 returned=A5A5A5A5 bytes=A5A5A5A5A5A5A5A5A5A5A5A5A5A5A5A5A5A5A5A5A5A5A5A5A5A5A5A5A5A5A5A5A5A5A5A5A5A5A5A5A5A5A5A5A5A5A5A5A5A5A5A5A5A5A5A5A5A5A5A5A5A5A5A5
query pointer=8 name=missing-rax-value class=0 length=13 status=C0000034 returned=A5A5A5A5 bytes=A5A5A5A5A5A5A5A5A5A5A5A5A5A5A5A5A5A5A5A5A5A5A5A5A5A5A5A5A5A5A5A5A5A5A5A5A5A5A5A5A5A5A5A5A5A5A5A5A5A5A5A5A5A5A5A5A5A5A5A5A5A5A5A5
query pointer=8 name=missing-rax-value class=0 length=16 status=C0000034 returned=A5A5A5A5 bytes=A5A5A5A5A5A5A5A5A5A5A5A5A5A5A5A5A5A5A5A5A5A5A5A5A5A5A5A5A5A5A5A5A5A5A5A5A5A5A5A5A5A5A5A5A5A5A5A5A5A5A5A5A5A5A5A5A5A5A5A5A5A5A5A5
query pointer=8 name=missing-rax-value class=0 length=19 status=C0000034 returned=A5A5A5A5 bytes=A5A5A5A5A5A5A5A5A5A5A5A5A5A5A5A5A5A5A5A5A5A5A5A5A5A5A5A5A5A5A5A5A5A5A5A5A5A5A5A5A5A5A5A5A5A5A5A5A5A5A5A5A5A5A5A5A5A5A5A5A5A5A5A5
query pointer=8 name=missing-rax-value class=0 length=20 status=C0000034 returned=A5A5A5A5 bytes=A5A5A5A5A5A5A5A5A5A5A5A5A5A5A5A5A5A5A5A5A5A5A5A5A5A5A5A5A5A5A5A5A5A5A5A5A5A5A5A5A5A5A5A5A5A5A5A5A5A5A5A5A5A5A5A5A5A5A5A5A5A5A5A5
query pointer=8 name=missing-rax-value class=0 length=21 status=C0000034 returned=A5A5A5A5 bytes=A5A5A5A5A5A5A5A5A5A5A5A5A5A5A5A5A5A5A5A5A5A5A5A5A5A5A5A5A5A5A5A5A5A5A5A5A5A5A5A5A5A5A5A5A5A5A5A5A5A5A5A5A5A5A5A5A5A5A5A5A5A5A5A5
query pointer=8 name=missing-rax-value class=0 length=22 status=C0000034 returned=A5A5A5A5 bytes=A5A5A5A5A5A5A5A5A5A5A5A5A5A5A5A5A5A5A5A5A5A5A5A5A5A5A5A5A5A5A5A5A5A5A5A5A5A5A5A5A5A5A5A5A5A5A5A5A5A5A5A5A5A5A5A5A5A5A5A5A5A5A5A5
query pointer=8 name=missing-rax-value class=0 length=23 status=C0000034 returned=A5A5A5A5 bytes=A5A5A5A5A5A5A5A5A5A5A5A5A5A5A5A5A5A5A5A5A5A5A5A5A5A5A5A5A5A5A5A5A5A5A5A5A5A5A5A5A5A5A5A5A5A5A5A5A5A5A5A5A5A5A5A5A5A5A5A5A5A5A5A5
query pointer=8 name=missing-rax-value class=0 length=24 status=C0000034 returned=A5A5A5A5 bytes=A5A5A5A5A5A5A5A5A5A5A5A5A5A5A5A5A5A5A5A5A5A5A5A5A5A5A5A5A5A5A5A5A5A5A5A5A5A5A5A5A5A5A5A5A5A5A5A5A5A5A5A5A5A5A5A5A5A5A5A5A5A5A5A5
query pointer=8 name=missing-rax-value class=0 length=32 status=C0000034 returned=A5A5A5A5 bytes=A5A5A5A5A5A5A5A5A5A5A5A5A5A5A5A5A5A5A5A5A5A5A5A5A5A5A5A5A5A5A5A5A5A5A5A5A5A5A5A5A5A5A5A5A5A5A5A5A5A5A5A5A5A5A5A5A5A5A5A5A5A5A5A5
query pointer=8 name=missing-rax-value class=0 length=64 status=C0000034 returned=A5A5A5A5 bytes=A5A5A5A5A5A5A5A5A5A5A5A5A5A5A5A5A5A5A5A5A5A5A5A5A5A5A5A5A5A5A5A5A5A5A5A5A5A5A5A5A5A5A5A5A5A5A5A5A5A5A5A5A5A5A5A5A5A5A5A5A5A5A5A5
query pointer=8 name=missing-rax-value class=0 length=128 status=C0000034 returned=A5A5A5A5 bytes=A5A5A5A5A5A5A5A5A5A5A5A5A5A5A5A5A5A5A5A5A5A5A5A5A5A5A5A5A5A5A5A5A5A5A5A5A5A5A5A5A5A5A5A5A5A5A5A5A5A5A5A5A5A5A5A5A5A5A5A5A5A5A5A5
query pointer=8 name=missing-rax-value class=1 length=0 status=C0000034 returned=A5A5A5A5 bytes=A5A5A5A5A5A5A5A5A5A5A5A5A5A5A5A5A5A5A5A5A5A5A5A5A5A5A5A5A5A5A5A5A5A5A5A5A5A5A5A5A5A5A5A5A5A5A5A5A5A5A5A5A5A5A5A5A5A5A5A5A5A5A5A5
query pointer=8 name=missing-rax-value class=1 length=1 status=C0000034 returned=A5A5A5A5 bytes=A5A5A5A5A5A5A5A5A5A5A5A5A5A5A5A5A5A5A5A5A5A5A5A5A5A5A5A5A5A5A5A5A5A5A5A5A5A5A5A5A5A5A5A5A5A5A5A5A5A5A5A5A5A5A5A5A5A5A5A5A5A5A5A5
query pointer=8 name=missing-rax-value class=1 length=4 status=C0000034 returned=A5A5A5A5 bytes=A5A5A5A5A5A5A5A5A5A5A5A5A5A5A5A5A5A5A5A5A5A5A5A5A5A5A5A5A5A5A5A5A5A5A5A5A5A5A5A5A5A5A5A5A5A5A5A5A5A5A5A5A5A5A5A5A5A5A5A5A5A5A5A5
query pointer=8 name=missing-rax-value class=1 length=7 status=C0000034 returned=A5A5A5A5 bytes=A5A5A5A5A5A5A5A5A5A5A5A5A5A5A5A5A5A5A5A5A5A5A5A5A5A5A5A5A5A5A5A5A5A5A5A5A5A5A5A5A5A5A5A5A5A5A5A5A5A5A5A5A5A5A5A5A5A5A5A5A5A5A5A5
query pointer=8 name=missing-rax-value class=1 length=8 status=C0000034 returned=A5A5A5A5 bytes=A5A5A5A5A5A5A5A5A5A5A5A5A5A5A5A5A5A5A5A5A5A5A5A5A5A5A5A5A5A5A5A5A5A5A5A5A5A5A5A5A5A5A5A5A5A5A5A5A5A5A5A5A5A5A5A5A5A5A5A5A5A5A5A5
query pointer=8 name=missing-rax-value class=1 length=11 status=C0000034 returned=A5A5A5A5 bytes=A5A5A5A5A5A5A5A5A5A5A5A5A5A5A5A5A5A5A5A5A5A5A5A5A5A5A5A5A5A5A5A5A5A5A5A5A5A5A5A5A5A5A5A5A5A5A5A5A5A5A5A5A5A5A5A5A5A5A5A5A5A5A5A5
query pointer=8 name=missing-rax-value class=1 length=12 status=C0000034 returned=A5A5A5A5 bytes=A5A5A5A5A5A5A5A5A5A5A5A5A5A5A5A5A5A5A5A5A5A5A5A5A5A5A5A5A5A5A5A5A5A5A5A5A5A5A5A5A5A5A5A5A5A5A5A5A5A5A5A5A5A5A5A5A5A5A5A5A5A5A5A5
query pointer=8 name=missing-rax-value class=1 length=13 status=C0000034 returned=A5A5A5A5 bytes=A5A5A5A5A5A5A5A5A5A5A5A5A5A5A5A5A5A5A5A5A5A5A5A5A5A5A5A5A5A5A5A5A5A5A5A5A5A5A5A5A5A5A5A5A5A5A5A5A5A5A5A5A5A5A5A5A5A5A5A5A5A5A5A5
query pointer=8 name=missing-rax-value class=1 length=16 status=C0000034 returned=A5A5A5A5 bytes=A5A5A5A5A5A5A5A5A5A5A5A5A5A5A5A5A5A5A5A5A5A5A5A5A5A5A5A5A5A5A5A5A5A5A5A5A5A5A5A5A5A5A5A5A5A5A5A5A5A5A5A5A5A5A5A5A5A5A5A5A5A5A5A5
query pointer=8 name=missing-rax-value class=1 length=19 status=C0000034 returned=A5A5A5A5 bytes=A5A5A5A5A5A5A5A5A5A5A5A5A5A5A5A5A5A5A5A5A5A5A5A5A5A5A5A5A5A5A5A5A5A5A5A5A5A5A5A5A5A5A5A5A5A5A5A5A5A5A5A5A5A5A5A5A5A5A5A5A5A5A5A5
query pointer=8 name=missing-rax-value class=1 length=20 status=C0000034 returned=A5A5A5A5 bytes=A5A5A5A5A5A5A5A5A5A5A5A5A5A5A5A5A5A5A5A5A5A5A5A5A5A5A5A5A5A5A5A5A5A5A5A5A5A5A5A5A5A5A5A5A5A5A5A5A5A5A5A5A5A5A5A5A5A5A5A5A5A5A5A5
query pointer=8 name=missing-rax-value class=1 length=21 status=C0000034 returned=A5A5A5A5 bytes=A5A5A5A5A5A5A5A5A5A5A5A5A5A5A5A5A5A5A5A5A5A5A5A5A5A5A5A5A5A5A5A5A5A5A5A5A5A5A5A5A5A5A5A5A5A5A5A5A5A5A5A5A5A5A5A5A5A5A5A5A5A5A5A5
query pointer=8 name=missing-rax-value class=1 length=22 status=C0000034 returned=A5A5A5A5 bytes=A5A5A5A5A5A5A5A5A5A5A5A5A5A5A5A5A5A5A5A5A5A5A5A5A5A5A5A5A5A5A5A5A5A5A5A5A5A5A5A5A5A5A5A5A5A5A5A5A5A5A5A5A5A5A5A5A5A5A5A5A5A5A5A5
query pointer=8 name=missing-rax-value class=1 length=23 status=C0000034 returned=A5A5A5A5 bytes=A5A5A5A5A5A5A5A5A5A5A5A5A5A5A5A5A5A5A5A5A5A5A5A5A5A5A5A5A5A5A5A5A5A5A5A5A5A5A5A5A5A5A5A5A5A5A5A5A5A5A5A5A5A5A5A5A5A5A5A5A5A5A5A5
query pointer=8 name=missing-rax-value class=1 length=24 status=C0000034 returned=A5A5A5A5 bytes=A5A5A5A5A5A5A5A5A5A5A5A5A5A5A5A5A5A5A5A5A5A5A5A5A5A5A5A5A5A5A5A5A5A5A5A5A5A5A5A5A5A5A5A5A5A5A5A5A5A5A5A5A5A5A5A5A5A5A5A5A5A5A5A5
query pointer=8 name=missing-rax-value class=1 length=32 status=C0000034 returned=A5A5A5A5 bytes=A5A5A5A5A5A5A5A5A5A5A5A5A5A5A5A5A5A5A5A5A5A5A5A5A5A5A5A5A5A5A5A5A5A5A5A5A5A5A5A5A5A5A5A5A5A5A5A5A5A5A5A5A5A5A5A5A5A5A5A5A5A5A5A5
query pointer=8 name=missing-rax-value class=1 length=64 status=C0000034 returned=A5A5A5A5 bytes=A5A5A5A5A5A5A5A5A5A5A5A5A5A5A5A5A5A5A5A5A5A5A5A5A5A5A5A5A5A5A5A5A5A5A5A5A5A5A5A5A5A5A5A5A5A5A5A5A5A5A5A5A5A5A5A5A5A5A5A5A5A5A5A5
query pointer=8 name=missing-rax-value class=1 length=128 status=C0000034 returned=A5A5A5A5 bytes=A5A5A5A5A5A5A5A5A5A5A5A5A5A5A5A5A5A5A5A5A5A5A5A5A5A5A5A5A5A5A5A5A5A5A5A5A5A5A5A5A5A5A5A5A5A5A5A5A5A5A5A5A5A5A5A5A5A5A5A5A5A5A5A5
query pointer=8 name=missing-rax-value class=2 length=0 status=C0000034 returned=A5A5A5A5 bytes=A5A5A5A5A5A5A5A5A5A5A5A5A5A5A5A5A5A5A5A5A5A5A5A5A5A5A5A5A5A5A5A5A5A5A5A5A5A5A5A5A5A5A5A5A5A5A5A5A5A5A5A5A5A5A5A5A5A5A5A5A5A5A5A5
query pointer=8 name=missing-rax-value class=2 length=1 status=C0000034 returned=A5A5A5A5 bytes=A5A5A5A5A5A5A5A5A5A5A5A5A5A5A5A5A5A5A5A5A5A5A5A5A5A5A5A5A5A5A5A5A5A5A5A5A5A5A5A5A5A5A5A5A5A5A5A5A5A5A5A5A5A5A5A5A5A5A5A5A5A5A5A5
query pointer=8 name=missing-rax-value class=2 length=4 status=C0000034 returned=A5A5A5A5 bytes=A5A5A5A5A5A5A5A5A5A5A5A5A5A5A5A5A5A5A5A5A5A5A5A5A5A5A5A5A5A5A5A5A5A5A5A5A5A5A5A5A5A5A5A5A5A5A5A5A5A5A5A5A5A5A5A5A5A5A5A5A5A5A5A5
query pointer=8 name=missing-rax-value class=2 length=7 status=C0000034 returned=A5A5A5A5 bytes=A5A5A5A5A5A5A5A5A5A5A5A5A5A5A5A5A5A5A5A5A5A5A5A5A5A5A5A5A5A5A5A5A5A5A5A5A5A5A5A5A5A5A5A5A5A5A5A5A5A5A5A5A5A5A5A5A5A5A5A5A5A5A5A5
query pointer=8 name=missing-rax-value class=2 length=8 status=C0000034 returned=A5A5A5A5 bytes=A5A5A5A5A5A5A5A5A5A5A5A5A5A5A5A5A5A5A5A5A5A5A5A5A5A5A5A5A5A5A5A5A5A5A5A5A5A5A5A5A5A5A5A5A5A5A5A5A5A5A5A5A5A5A5A5A5A5A5A5A5A5A5A5
query pointer=8 name=missing-rax-value class=2 length=11 status=C0000034 returned=A5A5A5A5 bytes=A5A5A5A5A5A5A5A5A5A5A5A5A5A5A5A5A5A5A5A5A5A5A5A5A5A5A5A5A5A5A5A5A5A5A5A5A5A5A5A5A5A5A5A5A5A5A5A5A5A5A5A5A5A5A5A5A5A5A5A5A5A5A5A5
query pointer=8 name=missing-rax-value class=2 length=12 status=C0000034 returned=A5A5A5A5 bytes=A5A5A5A5A5A5A5A5A5A5A5A5A5A5A5A5A5A5A5A5A5A5A5A5A5A5A5A5A5A5A5A5A5A5A5A5A5A5A5A5A5A5A5A5A5A5A5A5A5A5A5A5A5A5A5A5A5A5A5A5A5A5A5A5
query pointer=8 name=missing-rax-value class=2 length=13 status=C0000034 returned=A5A5A5A5 bytes=A5A5A5A5A5A5A5A5A5A5A5A5A5A5A5A5A5A5A5A5A5A5A5A5A5A5A5A5A5A5A5A5A5A5A5A5A5A5A5A5A5A5A5A5A5A5A5A5A5A5A5A5A5A5A5A5A5A5A5A5A5A5A5A5
query pointer=8 name=missing-rax-value class=2 length=16 status=C0000034 returned=A5A5A5A5 bytes=A5A5A5A5A5A5A5A5A5A5A5A5A5A5A5A5A5A5A5A5A5A5A5A5A5A5A5A5A5A5A5A5A5A5A5A5A5A5A5A5A5A5A5A5A5A5A5A5A5A5A5A5A5A5A5A5A5A5A5A5A5A5A5A5
query pointer=8 name=missing-rax-value class=2 length=19 status=C0000034 returned=A5A5A5A5 bytes=A5A5A5A5A5A5A5A5A5A5A5A5A5A5A5A5A5A5A5A5A5A5A5A5A5A5A5A5A5A5A5A5A5A5A5A5A5A5A5A5A5A5A5A5A5A5A5A5A5A5A5A5A5A5A5A5A5A5A5A5A5A5A5A5
query pointer=8 name=missing-rax-value class=2 length=20 status=C0000034 returned=A5A5A5A5 bytes=A5A5A5A5A5A5A5A5A5A5A5A5A5A5A5A5A5A5A5A5A5A5A5A5A5A5A5A5A5A5A5A5A5A5A5A5A5A5A5A5A5A5A5A5A5A5A5A5A5A5A5A5A5A5A5A5A5A5A5A5A5A5A5A5
query pointer=8 name=missing-rax-value class=2 length=21 status=C0000034 returned=A5A5A5A5 bytes=A5A5A5A5A5A5A5A5A5A5A5A5A5A5A5A5A5A5A5A5A5A5A5A5A5A5A5A5A5A5A5A5A5A5A5A5A5A5A5A5A5A5A5A5A5A5A5A5A5A5A5A5A5A5A5A5A5A5A5A5A5A5A5A5
query pointer=8 name=missing-rax-value class=2 length=22 status=C0000034 returned=A5A5A5A5 bytes=A5A5A5A5A5A5A5A5A5A5A5A5A5A5A5A5A5A5A5A5A5A5A5A5A5A5A5A5A5A5A5A5A5A5A5A5A5A5A5A5A5A5A5A5A5A5A5A5A5A5A5A5A5A5A5A5A5A5A5A5A5A5A5A5
query pointer=8 name=missing-rax-value class=2 length=23 status=C0000034 returned=A5A5A5A5 bytes=A5A5A5A5A5A5A5A5A5A5A5A5A5A5A5A5A5A5A5A5A5A5A5A5A5A5A5A5A5A5A5A5A5A5A5A5A5A5A5A5A5A5A5A5A5A5A5A5A5A5A5A5A5A5A5A5A5A5A5A5A5A5A5A5
query pointer=8 name=missing-rax-value class=2 length=24 status=C0000034 returned=A5A5A5A5 bytes=A5A5A5A5A5A5A5A5A5A5A5A5A5A5A5A5A5A5A5A5A5A5A5A5A5A5A5A5A5A5A5A5A5A5A5A5A5A5A5A5A5A5A5A5A5A5A5A5A5A5A5A5A5A5A5A5A5A5A5A5A5A5A5A5
query pointer=8 name=missing-rax-value class=2 length=32 status=C0000034 returned=A5A5A5A5 bytes=A5A5A5A5A5A5A5A5A5A5A5A5A5A5A5A5A5A5A5A5A5A5A5A5A5A5A5A5A5A5A5A5A5A5A5A5A5A5A5A5A5A5A5A5A5A5A5A5A5A5A5A5A5A5A5A5A5A5A5A5A5A5A5A5
query pointer=8 name=missing-rax-value class=2 length=64 status=C0000034 returned=A5A5A5A5 bytes=A5A5A5A5A5A5A5A5A5A5A5A5A5A5A5A5A5A5A5A5A5A5A5A5A5A5A5A5A5A5A5A5A5A5A5A5A5A5A5A5A5A5A5A5A5A5A5A5A5A5A5A5A5A5A5A5A5A5A5A5A5A5A5A5
query pointer=8 name=missing-rax-value class=2 length=128 status=C0000034 returned=A5A5A5A5 bytes=A5A5A5A5A5A5A5A5A5A5A5A5A5A5A5A5A5A5A5A5A5A5A5A5A5A5A5A5A5A5A5A5A5A5A5A5A5A5A5A5A5A5A5A5A5A5A5A5A5A5A5A5A5A5A5A5A5A5A5A5A5A5A5A5
query pointer=8 name=missing-rax-value class=3 length=0 status=C0000034 returned=A5A5A5A5 bytes=A5A5A5A5A5A5A5A5A5A5A5A5A5A5A5A5A5A5A5A5A5A5A5A5A5A5A5A5A5A5A5A5A5A5A5A5A5A5A5A5A5A5A5A5A5A5A5A5A5A5A5A5A5A5A5A5A5A5A5A5A5A5A5A5
query pointer=8 name=missing-rax-value class=3 length=1 status=C0000034 returned=A5A5A5A5 bytes=A5A5A5A5A5A5A5A5A5A5A5A5A5A5A5A5A5A5A5A5A5A5A5A5A5A5A5A5A5A5A5A5A5A5A5A5A5A5A5A5A5A5A5A5A5A5A5A5A5A5A5A5A5A5A5A5A5A5A5A5A5A5A5A5
query pointer=8 name=missing-rax-value class=3 length=4 status=C0000034 returned=A5A5A5A5 bytes=A5A5A5A5A5A5A5A5A5A5A5A5A5A5A5A5A5A5A5A5A5A5A5A5A5A5A5A5A5A5A5A5A5A5A5A5A5A5A5A5A5A5A5A5A5A5A5A5A5A5A5A5A5A5A5A5A5A5A5A5A5A5A5A5
query pointer=8 name=missing-rax-value class=3 length=7 status=C0000034 returned=A5A5A5A5 bytes=A5A5A5A5A5A5A5A5A5A5A5A5A5A5A5A5A5A5A5A5A5A5A5A5A5A5A5A5A5A5A5A5A5A5A5A5A5A5A5A5A5A5A5A5A5A5A5A5A5A5A5A5A5A5A5A5A5A5A5A5A5A5A5A5
query pointer=8 name=missing-rax-value class=3 length=8 status=C0000034 returned=A5A5A5A5 bytes=A5A5A5A5A5A5A5A5A5A5A5A5A5A5A5A5A5A5A5A5A5A5A5A5A5A5A5A5A5A5A5A5A5A5A5A5A5A5A5A5A5A5A5A5A5A5A5A5A5A5A5A5A5A5A5A5A5A5A5A5A5A5A5A5
query pointer=8 name=missing-rax-value class=3 length=11 status=C0000034 returned=A5A5A5A5 bytes=A5A5A5A5A5A5A5A5A5A5A5A5A5A5A5A5A5A5A5A5A5A5A5A5A5A5A5A5A5A5A5A5A5A5A5A5A5A5A5A5A5A5A5A5A5A5A5A5A5A5A5A5A5A5A5A5A5A5A5A5A5A5A5A5
query pointer=8 name=missing-rax-value class=3 length=12 status=C0000034 returned=A5A5A5A5 bytes=A5A5A5A5A5A5A5A5A5A5A5A5A5A5A5A5A5A5A5A5A5A5A5A5A5A5A5A5A5A5A5A5A5A5A5A5A5A5A5A5A5A5A5A5A5A5A5A5A5A5A5A5A5A5A5A5A5A5A5A5A5A5A5A5
query pointer=8 name=missing-rax-value class=3 length=13 status=C0000034 returned=A5A5A5A5 bytes=A5A5A5A5A5A5A5A5A5A5A5A5A5A5A5A5A5A5A5A5A5A5A5A5A5A5A5A5A5A5A5A5A5A5A5A5A5A5A5A5A5A5A5A5A5A5A5A5A5A5A5A5A5A5A5A5A5A5A5A5A5A5A5A5
query pointer=8 name=missing-rax-value class=3 length=16 status=C0000034 returned=A5A5A5A5 bytes=A5A5A5A5A5A5A5A5A5A5A5A5A5A5A5A5A5A5A5A5A5A5A5A5A5A5A5A5A5A5A5A5A5A5A5A5A5A5A5A5A5A5A5A5A5A5A5A5A5A5A5A5A5A5A5A5A5A5A5A5A5A5A5A5
query pointer=8 name=missing-rax-value class=3 length=19 status=C0000034 returned=A5A5A5A5 bytes=A5A5A5A5A5A5A5A5A5A5A5A5A5A5A5A5A5A5A5A5A5A5A5A5A5A5A5A5A5A5A5A5A5A5A5A5A5A5A5A5A5A5A5A5A5A5A5A5A5A5A5A5A5A5A5A5A5A5A5A5A5A5A5A5
query pointer=8 name=missing-rax-value class=3 length=20 status=C0000034 returned=A5A5A5A5 bytes=A5A5A5A5A5A5A5A5A5A5A5A5A5A5A5A5A5A5A5A5A5A5A5A5A5A5A5A5A5A5A5A5A5A5A5A5A5A5A5A5A5A5A5A5A5A5A5A5A5A5A5A5A5A5A5A5A5A5A5A5A5A5A5A5
query pointer=8 name=missing-rax-value class=3 length=21 status=C0000034 returned=A5A5A5A5 bytes=A5A5A5A5A5A5A5A5A5A5A5A5A5A5A5A5A5A5A5A5A5A5A5A5A5A5A5A5A5A5A5A5A5A5A5A5A5A5A5A5A5A5A5A5A5A5A5A5A5A5A5A5A5A5A5A5A5A5A5A5A5A5A5A5
query pointer=8 name=missing-rax-value class=3 length=22 status=C0000034 returned=A5A5A5A5 bytes=A5A5A5A5A5A5A5A5A5A5A5A5A5A5A5A5A5A5A5A5A5A5A5A5A5A5A5A5A5A5A5A5A5A5A5A5A5A5A5A5A5A5A5A5A5A5A5A5A5A5A5A5A5A5A5A5A5A5A5A5A5A5A5A5
query pointer=8 name=missing-rax-value class=3 length=23 status=C0000034 returned=A5A5A5A5 bytes=A5A5A5A5A5A5A5A5A5A5A5A5A5A5A5A5A5A5A5A5A5A5A5A5A5A5A5A5A5A5A5A5A5A5A5A5A5A5A5A5A5A5A5A5A5A5A5A5A5A5A5A5A5A5A5A5A5A5A5A5A5A5A5A5
query pointer=8 name=missing-rax-value class=3 length=24 status=C0000034 returned=A5A5A5A5 bytes=A5A5A5A5A5A5A5A5A5A5A5A5A5A5A5A5A5A5A5A5A5A5A5A5A5A5A5A5A5A5A5A5A5A5A5A5A5A5A5A5A5A5A5A5A5A5A5A5A5A5A5A5A5A5A5A5A5A5A5A5A5A5A5A5
query pointer=8 name=missing-rax-value class=3 length=32 status=C0000034 returned=A5A5A5A5 bytes=A5A5A5A5A5A5A5A5A5A5A5A5A5A5A5A5A5A5A5A5A5A5A5A5A5A5A5A5A5A5A5A5A5A5A5A5A5A5A5A5A5A5A5A5A5A5A5A5A5A5A5A5A5A5A5A5A5A5A5A5A5A5A5A5
query pointer=8 name=missing-rax-value class=3 length=64 status=C0000034 returned=A5A5A5A5 bytes=A5A5A5A5A5A5A5A5A5A5A5A5A5A5A5A5A5A5A5A5A5A5A5A5A5A5A5A5A5A5A5A5A5A5A5A5A5A5A5A5A5A5A5A5A5A5A5A5A5A5A5A5A5A5A5A5A5A5A5A5A5A5A5A5
query pointer=8 name=missing-rax-value class=3 length=128 status=C0000034 returned=A5A5A5A5 bytes=A5A5A5A5A5A5A5A5A5A5A5A5A5A5A5A5A5A5A5A5A5A5A5A5A5A5A5A5A5A5A5A5A5A5A5A5A5A5A5A5A5A5A5A5A5A5A5A5A5A5A5A5A5A5A5A5A5A5A5A5A5A5A5A5
query pointer=8 name=missing-rax-value class=4 length=0 status=C0000034 returned=A5A5A5A5 bytes=A5A5A5A5A5A5A5A5A5A5A5A5A5A5A5A5A5A5A5A5A5A5A5A5A5A5A5A5A5A5A5A5A5A5A5A5A5A5A5A5A5A5A5A5A5A5A5A5A5A5A5A5A5A5A5A5A5A5A5A5A5A5A5A5
query pointer=8 name=missing-rax-value class=4 length=1 status=C0000034 returned=A5A5A5A5 bytes=A5A5A5A5A5A5A5A5A5A5A5A5A5A5A5A5A5A5A5A5A5A5A5A5A5A5A5A5A5A5A5A5A5A5A5A5A5A5A5A5A5A5A5A5A5A5A5A5A5A5A5A5A5A5A5A5A5A5A5A5A5A5A5A5
query pointer=8 name=missing-rax-value class=4 length=4 status=C0000034 returned=A5A5A5A5 bytes=A5A5A5A5A5A5A5A5A5A5A5A5A5A5A5A5A5A5A5A5A5A5A5A5A5A5A5A5A5A5A5A5A5A5A5A5A5A5A5A5A5A5A5A5A5A5A5A5A5A5A5A5A5A5A5A5A5A5A5A5A5A5A5A5
query pointer=8 name=missing-rax-value class=4 length=7 status=C0000034 returned=A5A5A5A5 bytes=A5A5A5A5A5A5A5A5A5A5A5A5A5A5A5A5A5A5A5A5A5A5A5A5A5A5A5A5A5A5A5A5A5A5A5A5A5A5A5A5A5A5A5A5A5A5A5A5A5A5A5A5A5A5A5A5A5A5A5A5A5A5A5A5
query pointer=8 name=missing-rax-value class=4 length=8 status=C0000034 returned=A5A5A5A5 bytes=A5A5A5A5A5A5A5A5A5A5A5A5A5A5A5A5A5A5A5A5A5A5A5A5A5A5A5A5A5A5A5A5A5A5A5A5A5A5A5A5A5A5A5A5A5A5A5A5A5A5A5A5A5A5A5A5A5A5A5A5A5A5A5A5
query pointer=8 name=missing-rax-value class=4 length=11 status=C0000034 returned=A5A5A5A5 bytes=A5A5A5A5A5A5A5A5A5A5A5A5A5A5A5A5A5A5A5A5A5A5A5A5A5A5A5A5A5A5A5A5A5A5A5A5A5A5A5A5A5A5A5A5A5A5A5A5A5A5A5A5A5A5A5A5A5A5A5A5A5A5A5A5
query pointer=8 name=missing-rax-value class=4 length=12 status=C0000034 returned=A5A5A5A5 bytes=A5A5A5A5A5A5A5A5A5A5A5A5A5A5A5A5A5A5A5A5A5A5A5A5A5A5A5A5A5A5A5A5A5A5A5A5A5A5A5A5A5A5A5A5A5A5A5A5A5A5A5A5A5A5A5A5A5A5A5A5A5A5A5A5
query pointer=8 name=missing-rax-value class=4 length=13 status=C0000034 returned=A5A5A5A5 bytes=A5A5A5A5A5A5A5A5A5A5A5A5A5A5A5A5A5A5A5A5A5A5A5A5A5A5A5A5A5A5A5A5A5A5A5A5A5A5A5A5A5A5A5A5A5A5A5A5A5A5A5A5A5A5A5A5A5A5A5A5A5A5A5A5
query pointer=8 name=missing-rax-value class=4 length=16 status=C0000034 returned=A5A5A5A5 bytes=A5A5A5A5A5A5A5A5A5A5A5A5A5A5A5A5A5A5A5A5A5A5A5A5A5A5A5A5A5A5A5A5A5A5A5A5A5A5A5A5A5A5A5A5A5A5A5A5A5A5A5A5A5A5A5A5A5A5A5A5A5A5A5A5
query pointer=8 name=missing-rax-value class=4 length=19 status=C0000034 returned=A5A5A5A5 bytes=A5A5A5A5A5A5A5A5A5A5A5A5A5A5A5A5A5A5A5A5A5A5A5A5A5A5A5A5A5A5A5A5A5A5A5A5A5A5A5A5A5A5A5A5A5A5A5A5A5A5A5A5A5A5A5A5A5A5A5A5A5A5A5A5
query pointer=8 name=missing-rax-value class=4 length=20 status=C0000034 returned=A5A5A5A5 bytes=A5A5A5A5A5A5A5A5A5A5A5A5A5A5A5A5A5A5A5A5A5A5A5A5A5A5A5A5A5A5A5A5A5A5A5A5A5A5A5A5A5A5A5A5A5A5A5A5A5A5A5A5A5A5A5A5A5A5A5A5A5A5A5A5
query pointer=8 name=missing-rax-value class=4 length=21 status=C0000034 returned=A5A5A5A5 bytes=A5A5A5A5A5A5A5A5A5A5A5A5A5A5A5A5A5A5A5A5A5A5A5A5A5A5A5A5A5A5A5A5A5A5A5A5A5A5A5A5A5A5A5A5A5A5A5A5A5A5A5A5A5A5A5A5A5A5A5A5A5A5A5A5
query pointer=8 name=missing-rax-value class=4 length=22 status=C0000034 returned=A5A5A5A5 bytes=A5A5A5A5A5A5A5A5A5A5A5A5A5A5A5A5A5A5A5A5A5A5A5A5A5A5A5A5A5A5A5A5A5A5A5A5A5A5A5A5A5A5A5A5A5A5A5A5A5A5A5A5A5A5A5A5A5A5A5A5A5A5A5A5
query pointer=8 name=missing-rax-value class=4 length=23 status=C0000034 returned=A5A5A5A5 bytes=A5A5A5A5A5A5A5A5A5A5A5A5A5A5A5A5A5A5A5A5A5A5A5A5A5A5A5A5A5A5A5A5A5A5A5A5A5A5A5A5A5A5A5A5A5A5A5A5A5A5A5A5A5A5A5A5A5A5A5A5A5A5A5A5
query pointer=8 name=missing-rax-value class=4 length=24 status=C0000034 returned=A5A5A5A5 bytes=A5A5A5A5A5A5A5A5A5A5A5A5A5A5A5A5A5A5A5A5A5A5A5A5A5A5A5A5A5A5A5A5A5A5A5A5A5A5A5A5A5A5A5A5A5A5A5A5A5A5A5A5A5A5A5A5A5A5A5A5A5A5A5A5
query pointer=8 name=missing-rax-value class=4 length=32 status=C0000034 returned=A5A5A5A5 bytes=A5A5A5A5A5A5A5A5A5A5A5A5A5A5A5A5A5A5A5A5A5A5A5A5A5A5A5A5A5A5A5A5A5A5A5A5A5A5A5A5A5A5A5A5A5A5A5A5A5A5A5A5A5A5A5A5A5A5A5A5A5A5A5A5
query pointer=8 name=missing-rax-value class=4 length=64 status=C0000034 returned=A5A5A5A5 bytes=A5A5A5A5A5A5A5A5A5A5A5A5A5A5A5A5A5A5A5A5A5A5A5A5A5A5A5A5A5A5A5A5A5A5A5A5A5A5A5A5A5A5A5A5A5A5A5A5A5A5A5A5A5A5A5A5A5A5A5A5A5A5A5A5
query pointer=8 name=missing-rax-value class=4 length=128 status=C0000034 returned=A5A5A5A5 bytes=A5A5A5A5A5A5A5A5A5A5A5A5A5A5A5A5A5A5A5A5A5A5A5A5A5A5A5A5A5A5A5A5A5A5A5A5A5A5A5A5A5A5A5A5A5A5A5A5A5A5A5A5A5A5A5A5A5A5A5A5A5A5A5A5
query pointer=8 name=missing-rax-value class=5 length=0 status=C000000D returned=A5A5A5A5 bytes=A5A5A5A5A5A5A5A5A5A5A5A5A5A5A5A5A5A5A5A5A5A5A5A5A5A5A5A5A5A5A5A5A5A5A5A5A5A5A5A5A5A5A5A5A5A5A5A5A5A5A5A5A5A5A5A5A5A5A5A5A5A5A5A5
query pointer=8 name=missing-rax-value class=5 length=1 status=C000000D returned=A5A5A5A5 bytes=A5A5A5A5A5A5A5A5A5A5A5A5A5A5A5A5A5A5A5A5A5A5A5A5A5A5A5A5A5A5A5A5A5A5A5A5A5A5A5A5A5A5A5A5A5A5A5A5A5A5A5A5A5A5A5A5A5A5A5A5A5A5A5A5
query pointer=8 name=missing-rax-value class=5 length=4 status=C000000D returned=A5A5A5A5 bytes=A5A5A5A5A5A5A5A5A5A5A5A5A5A5A5A5A5A5A5A5A5A5A5A5A5A5A5A5A5A5A5A5A5A5A5A5A5A5A5A5A5A5A5A5A5A5A5A5A5A5A5A5A5A5A5A5A5A5A5A5A5A5A5A5
query pointer=8 name=missing-rax-value class=5 length=7 status=C000000D returned=A5A5A5A5 bytes=A5A5A5A5A5A5A5A5A5A5A5A5A5A5A5A5A5A5A5A5A5A5A5A5A5A5A5A5A5A5A5A5A5A5A5A5A5A5A5A5A5A5A5A5A5A5A5A5A5A5A5A5A5A5A5A5A5A5A5A5A5A5A5A5
query pointer=8 name=missing-rax-value class=5 length=8 status=C000000D returned=A5A5A5A5 bytes=A5A5A5A5A5A5A5A5A5A5A5A5A5A5A5A5A5A5A5A5A5A5A5A5A5A5A5A5A5A5A5A5A5A5A5A5A5A5A5A5A5A5A5A5A5A5A5A5A5A5A5A5A5A5A5A5A5A5A5A5A5A5A5A5
query pointer=8 name=missing-rax-value class=5 length=11 status=C000000D returned=A5A5A5A5 bytes=A5A5A5A5A5A5A5A5A5A5A5A5A5A5A5A5A5A5A5A5A5A5A5A5A5A5A5A5A5A5A5A5A5A5A5A5A5A5A5A5A5A5A5A5A5A5A5A5A5A5A5A5A5A5A5A5A5A5A5A5A5A5A5A5
query pointer=8 name=missing-rax-value class=5 length=12 status=C000000D returned=A5A5A5A5 bytes=A5A5A5A5A5A5A5A5A5A5A5A5A5A5A5A5A5A5A5A5A5A5A5A5A5A5A5A5A5A5A5A5A5A5A5A5A5A5A5A5A5A5A5A5A5A5A5A5A5A5A5A5A5A5A5A5A5A5A5A5A5A5A5A5
query pointer=8 name=missing-rax-value class=5 length=13 status=C000000D returned=A5A5A5A5 bytes=A5A5A5A5A5A5A5A5A5A5A5A5A5A5A5A5A5A5A5A5A5A5A5A5A5A5A5A5A5A5A5A5A5A5A5A5A5A5A5A5A5A5A5A5A5A5A5A5A5A5A5A5A5A5A5A5A5A5A5A5A5A5A5A5
query pointer=8 name=missing-rax-value class=5 length=16 status=C000000D returned=A5A5A5A5 bytes=A5A5A5A5A5A5A5A5A5A5A5A5A5A5A5A5A5A5A5A5A5A5A5A5A5A5A5A5A5A5A5A5A5A5A5A5A5A5A5A5A5A5A5A5A5A5A5A5A5A5A5A5A5A5A5A5A5A5A5A5A5A5A5A5
query pointer=8 name=missing-rax-value class=5 length=19 status=C000000D returned=A5A5A5A5 bytes=A5A5A5A5A5A5A5A5A5A5A5A5A5A5A5A5A5A5A5A5A5A5A5A5A5A5A5A5A5A5A5A5A5A5A5A5A5A5A5A5A5A5A5A5A5A5A5A5A5A5A5A5A5A5A5A5A5A5A5A5A5A5A5A5
query pointer=8 name=missing-rax-value class=5 length=20 status=C000000D returned=A5A5A5A5 bytes=A5A5A5A5A5A5A5A5A5A5A5A5A5A5A5A5A5A5A5A5A5A5A5A5A5A5A5A5A5A5A5A5A5A5A5A5A5A5A5A5A5A5A5A5A5A5A5A5A5A5A5A5A5A5A5A5A5A5A5A5A5A5A5A5
query pointer=8 name=missing-rax-value class=5 length=21 status=C000000D returned=A5A5A5A5 bytes=A5A5A5A5A5A5A5A5A5A5A5A5A5A5A5A5A5A5A5A5A5A5A5A5A5A5A5A5A5A5A5A5A5A5A5A5A5A5A5A5A5A5A5A5A5A5A5A5A5A5A5A5A5A5A5A5A5A5A5A5A5A5A5A5
query pointer=8 name=missing-rax-value class=5 length=22 status=C000000D returned=A5A5A5A5 bytes=A5A5A5A5A5A5A5A5A5A5A5A5A5A5A5A5A5A5A5A5A5A5A5A5A5A5A5A5A5A5A5A5A5A5A5A5A5A5A5A5A5A5A5A5A5A5A5A5A5A5A5A5A5A5A5A5A5A5A5A5A5A5A5A5
query pointer=8 name=missing-rax-value class=5 length=23 status=C000000D returned=A5A5A5A5 bytes=A5A5A5A5A5A5A5A5A5A5A5A5A5A5A5A5A5A5A5A5A5A5A5A5A5A5A5A5A5A5A5A5A5A5A5A5A5A5A5A5A5A5A5A5A5A5A5A5A5A5A5A5A5A5A5A5A5A5A5A5A5A5A5A5
query pointer=8 name=missing-rax-value class=5 length=24 status=C000000D returned=A5A5A5A5 bytes=A5A5A5A5A5A5A5A5A5A5A5A5A5A5A5A5A5A5A5A5A5A5A5A5A5A5A5A5A5A5A5A5A5A5A5A5A5A5A5A5A5A5A5A5A5A5A5A5A5A5A5A5A5A5A5A5A5A5A5A5A5A5A5A5
query pointer=8 name=missing-rax-value class=5 length=32 status=C000000D returned=A5A5A5A5 bytes=A5A5A5A5A5A5A5A5A5A5A5A5A5A5A5A5A5A5A5A5A5A5A5A5A5A5A5A5A5A5A5A5A5A5A5A5A5A5A5A5A5A5A5A5A5A5A5A5A5A5A5A5A5A5A5A5A5A5A5A5A5A5A5A5
query pointer=8 name=missing-rax-value class=5 length=64 status=C000000D returned=A5A5A5A5 bytes=A5A5A5A5A5A5A5A5A5A5A5A5A5A5A5A5A5A5A5A5A5A5A5A5A5A5A5A5A5A5A5A5A5A5A5A5A5A5A5A5A5A5A5A5A5A5A5A5A5A5A5A5A5A5A5A5A5A5A5A5A5A5A5A5
query pointer=8 name=missing-rax-value class=5 length=128 status=C000000D returned=A5A5A5A5 bytes=A5A5A5A5A5A5A5A5A5A5A5A5A5A5A5A5A5A5A5A5A5A5A5A5A5A5A5A5A5A5A5A5A5A5A5A5A5A5A5A5A5A5A5A5A5A5A5A5A5A5A5A5A5A5A5A5A5A5A5A5A5A5A5A5
query pointer=8 name=missing-rax-value class=4294967295 length=0 status=C000000D returned=A5A5A5A5 bytes=A5A5A5A5A5A5A5A5A5A5A5A5A5A5A5A5A5A5A5A5A5A5A5A5A5A5A5A5A5A5A5A5A5A5A5A5A5A5A5A5A5A5A5A5A5A5A5A5A5A5A5A5A5A5A5A5A5A5A5A5A5A5A5A5
query pointer=8 name=missing-rax-value class=4294967295 length=1 status=C000000D returned=A5A5A5A5 bytes=A5A5A5A5A5A5A5A5A5A5A5A5A5A5A5A5A5A5A5A5A5A5A5A5A5A5A5A5A5A5A5A5A5A5A5A5A5A5A5A5A5A5A5A5A5A5A5A5A5A5A5A5A5A5A5A5A5A5A5A5A5A5A5A5
query pointer=8 name=missing-rax-value class=4294967295 length=4 status=C000000D returned=A5A5A5A5 bytes=A5A5A5A5A5A5A5A5A5A5A5A5A5A5A5A5A5A5A5A5A5A5A5A5A5A5A5A5A5A5A5A5A5A5A5A5A5A5A5A5A5A5A5A5A5A5A5A5A5A5A5A5A5A5A5A5A5A5A5A5A5A5A5A5
query pointer=8 name=missing-rax-value class=4294967295 length=7 status=C000000D returned=A5A5A5A5 bytes=A5A5A5A5A5A5A5A5A5A5A5A5A5A5A5A5A5A5A5A5A5A5A5A5A5A5A5A5A5A5A5A5A5A5A5A5A5A5A5A5A5A5A5A5A5A5A5A5A5A5A5A5A5A5A5A5A5A5A5A5A5A5A5A5
query pointer=8 name=missing-rax-value class=4294967295 length=8 status=C000000D returned=A5A5A5A5 bytes=A5A5A5A5A5A5A5A5A5A5A5A5A5A5A5A5A5A5A5A5A5A5A5A5A5A5A5A5A5A5A5A5A5A5A5A5A5A5A5A5A5A5A5A5A5A5A5A5A5A5A5A5A5A5A5A5A5A5A5A5A5A5A5A5
query pointer=8 name=missing-rax-value class=4294967295 length=11 status=C000000D returned=A5A5A5A5 bytes=A5A5A5A5A5A5A5A5A5A5A5A5A5A5A5A5A5A5A5A5A5A5A5A5A5A5A5A5A5A5A5A5A5A5A5A5A5A5A5A5A5A5A5A5A5A5A5A5A5A5A5A5A5A5A5A5A5A5A5A5A5A5A5A5
query pointer=8 name=missing-rax-value class=4294967295 length=12 status=C000000D returned=A5A5A5A5 bytes=A5A5A5A5A5A5A5A5A5A5A5A5A5A5A5A5A5A5A5A5A5A5A5A5A5A5A5A5A5A5A5A5A5A5A5A5A5A5A5A5A5A5A5A5A5A5A5A5A5A5A5A5A5A5A5A5A5A5A5A5A5A5A5A5
query pointer=8 name=missing-rax-value class=4294967295 length=13 status=C000000D returned=A5A5A5A5 bytes=A5A5A5A5A5A5A5A5A5A5A5A5A5A5A5A5A5A5A5A5A5A5A5A5A5A5A5A5A5A5A5A5A5A5A5A5A5A5A5A5A5A5A5A5A5A5A5A5A5A5A5A5A5A5A5A5A5A5A5A5A5A5A5A5
query pointer=8 name=missing-rax-value class=4294967295 length=16 status=C000000D returned=A5A5A5A5 bytes=A5A5A5A5A5A5A5A5A5A5A5A5A5A5A5A5A5A5A5A5A5A5A5A5A5A5A5A5A5A5A5A5A5A5A5A5A5A5A5A5A5A5A5A5A5A5A5A5A5A5A5A5A5A5A5A5A5A5A5A5A5A5A5A5
query pointer=8 name=missing-rax-value class=4294967295 length=19 status=C000000D returned=A5A5A5A5 bytes=A5A5A5A5A5A5A5A5A5A5A5A5A5A5A5A5A5A5A5A5A5A5A5A5A5A5A5A5A5A5A5A5A5A5A5A5A5A5A5A5A5A5A5A5A5A5A5A5A5A5A5A5A5A5A5A5A5A5A5A5A5A5A5A5
query pointer=8 name=missing-rax-value class=4294967295 length=20 status=C000000D returned=A5A5A5A5 bytes=A5A5A5A5A5A5A5A5A5A5A5A5A5A5A5A5A5A5A5A5A5A5A5A5A5A5A5A5A5A5A5A5A5A5A5A5A5A5A5A5A5A5A5A5A5A5A5A5A5A5A5A5A5A5A5A5A5A5A5A5A5A5A5A5
query pointer=8 name=missing-rax-value class=4294967295 length=21 status=C000000D returned=A5A5A5A5 bytes=A5A5A5A5A5A5A5A5A5A5A5A5A5A5A5A5A5A5A5A5A5A5A5A5A5A5A5A5A5A5A5A5A5A5A5A5A5A5A5A5A5A5A5A5A5A5A5A5A5A5A5A5A5A5A5A5A5A5A5A5A5A5A5A5
query pointer=8 name=missing-rax-value class=4294967295 length=22 status=C000000D returned=A5A5A5A5 bytes=A5A5A5A5A5A5A5A5A5A5A5A5A5A5A5A5A5A5A5A5A5A5A5A5A5A5A5A5A5A5A5A5A5A5A5A5A5A5A5A5A5A5A5A5A5A5A5A5A5A5A5A5A5A5A5A5A5A5A5A5A5A5A5A5
query pointer=8 name=missing-rax-value class=4294967295 length=23 status=C000000D returned=A5A5A5A5 bytes=A5A5A5A5A5A5A5A5A5A5A5A5A5A5A5A5A5A5A5A5A5A5A5A5A5A5A5A5A5A5A5A5A5A5A5A5A5A5A5A5A5A5A5A5A5A5A5A5A5A5A5A5A5A5A5A5A5A5A5A5A5A5A5A5
query pointer=8 name=missing-rax-value class=4294967295 length=24 status=C000000D returned=A5A5A5A5 bytes=A5A5A5A5A5A5A5A5A5A5A5A5A5A5A5A5A5A5A5A5A5A5A5A5A5A5A5A5A5A5A5A5A5A5A5A5A5A5A5A5A5A5A5A5A5A5A5A5A5A5A5A5A5A5A5A5A5A5A5A5A5A5A5A5
query pointer=8 name=missing-rax-value class=4294967295 length=32 status=C000000D returned=A5A5A5A5 bytes=A5A5A5A5A5A5A5A5A5A5A5A5A5A5A5A5A5A5A5A5A5A5A5A5A5A5A5A5A5A5A5A5A5A5A5A5A5A5A5A5A5A5A5A5A5A5A5A5A5A5A5A5A5A5A5A5A5A5A5A5A5A5A5A5
query pointer=8 name=missing-rax-value class=4294967295 length=64 status=C000000D returned=A5A5A5A5 bytes=A5A5A5A5A5A5A5A5A5A5A5A5A5A5A5A5A5A5A5A5A5A5A5A5A5A5A5A5A5A5A5A5A5A5A5A5A5A5A5A5A5A5A5A5A5A5A5A5A5A5A5A5A5A5A5A5A5A5A5A5A5A5A5A5
query pointer=8 name=missing-rax-value class=4294967295 length=128 status=C000000D returned=A5A5A5A5 bytes=A5A5A5A5A5A5A5A5A5A5A5A5A5A5A5A5A5A5A5A5A5A5A5A5A5A5A5A5A5A5A5A5A5A5A5A5A5A5A5A5A5A5A5A5A5A5A5A5A5A5A5A5A5A5A5A5A5A5A5A5A5A5A5A5
query pointer=8 role=0 class=2 length=64 status=C0000005 output_protect=00000004 returned_protect=00000004 returned=A5A5A5A5 bytes=A5A5A5A5A5A5A5A5A5A5A5A5A5A5A5A5A5A5A5A5A5A5A5A5A5A5A5A5A5A5A5A5 actual_returned=unreadable selected_bytes=A5A5A5A5A5A5A5A5A5A5A5A5A5A5A5A5A5A5A5A5A5A5A5A5A5A5A5A5A5A5A5A5
query pointer=8 role=1 class=2 length=64 status=C0000005 output_protect=00000004 returned_protect=00000004 returned=A5A5A5A5 bytes=A5A5A5A5A5A5A5A5A5A5A5A5A5A5A5A5A5A5A5A5A5A5A5A5A5A5A5A5A5A5A5A5 actual_returned=unreadable selected_bytes=A5A5A5A5A5A5A5A5A5A5A5A5A5A5A5A5A5A5A5A5A5A5A5A5A5A5A5A5A5A5A5A5
query pointer=8 role=2 class=2 length=64 status=00000000 output_protect=00000004 returned_protect=00000004 returned=000016A5 bytes=00000000010000000A00000031003200350032000000A5A5A5A5A5A5A5A5A5A5 actual_returned=00000016 selected_bytes=00000000010000000A00000031003200350032000000A5A5A5A5A5A5A5A5A5A5
query pointer=8 role=3 class=2 length=64 status=C0000005 output_protect=00000004 returned_protect=00000004 returned=00000016 bytes=A5A5A5A5A5A5A5A5A5A5A5A5A5A5A5A5A5A5A5A5A5A5A5A5A5A5A5A5A5A5A5A5 actual_returned=00000016 selected_bytes=unreadable
query pointer=8 role=4 class=2 length=64 status=80000002 output_protect=00000004 returned_protect=00000004 returned=A5A5A5A5 bytes=A5A5A5A5A5A5A5A5A5A5A5A5A5A5A5A5A5A5A5A5A5A5A5A5A5A5A5A5A5A5A5A5 actual_returned=A5A5A5A5 selected_bytes=A5A5A5A5A5A5A5A5A5A5A5A5A5A5A5A5A5A5A5A5A5A5A5A5A5A5A5A5A5A5A5A5
query pointer=8 role=5 class=2 length=64 status=C0000005 output_protect=00000002 returned_protect=00000004 returned=00000016 bytes=A5A5A5A5A5A5A5A5A5A5A5A5A5A5A5A5A5A5A5A5A5A5A5A5A5A5A5A5A5A5A5A5 actual_returned=00000016 selected_bytes=A5A5A5A5A5A5A5A5A5A5A5A5A5A5A5A5A5A5A5A5A5A5A5A5A5A5A5A5A5A5A5A5
query pointer=8 role=6 class=2 length=64 status=80000001 output_protect=00000004 returned_protect=00000004 returned=00000016 bytes=A5A5A5A5A5A5A5A5A5A5A5A5A5A5A5A5A5A5A5A5A5A5A5A5A5A5A5A5A5A5A5A5 actual_returned=00000016 selected_bytes=A5A5A5A5A5A5A5A5A5A5A5A5A5A5A5A5A5A5A5A5A5A5A5A5A5A5A5A5A5A5A5A5
query pointer=8 role=7 class=2 length=64 status=80000001 output_protect=00000004 returned_protect=00000004 returned=A5A5A5A5 bytes=A5A5A5A5A5A5A5A5A5A5A5A5A5A5A5A5A5A5A5A5A5A5A5A5A5A5A5A5A5A5A5A5 actual_returned=A5A5A5A5 selected_bytes=A5A5A5A5A5A5A5A5A5A5A5A5A5A5A5A5A5A5A5A5A5A5A5A5A5A5A5A5A5A5A5A5
query pointer=8 role=8 class=2 length=64 status=C0000008 output_protect=00000004 returned_protect=00000004 returned=A5A5A5A5 bytes=A5A5A5A5A5A5A5A5A5A5A5A5A5A5A5A5A5A5A5A5A5A5A5A5A5A5A5A5A5A5A5A5 actual_returned=A5A5A5A5 selected_bytes=A5A5A5A5A5A5A5A5A5A5A5A5A5A5A5A5A5A5A5A5A5A5A5A5A5A5A5A5A5A5A5A5
query pointer=8 role=9 class=2 length=64 status=C0000008 output_protect=00000004 returned_protect=00000004 returned=A5A5A5A5 bytes=A5A5A5A5A5A5A5A5A5A5A5A5A5A5A5A5A5A5A5A5A5A5A5A5A5A5A5A5A5A5A5A5 actual_returned=A5A5A5A5 selected_bytes=A5A5A5A5A5A5A5A5A5A5A5A5A5A5A5A5A5A5A5A5A5A5A5A5A5A5A5A5A5A5A5A5
query pointer=8 role=10 class=2 length=64 status=C0000005 output_protect=00000004 returned_protect=00000004 returned=A5A5A5A5 bytes=A5A5A5A5A5A5A5A5A5A5A5A5A5A5A5A5A5A5A5A5A5A5A5A5A5A5A5A5A5A5A5A5 actual_returned=A5A5A5A5 selected_bytes=A5A5A5A5A5A5A5A5A5A5A5A5A5A5A5A5A5A5A5A5A5A5A5A5A5A5A5A5A5A5A5A5
query pointer=8 role=11 class=5 length=64 status=C000000D output_protect=00000004 returned_protect=00000004 returned=A5A5A5A5 bytes=A5A5A5A5A5A5A5A5A5A5A5A5A5A5A5A5A5A5A5A5A5A5A5A5A5A5A5A5A5A5A5A5 actual_returned=unreadable selected_bytes=A5A5A5A5A5A5A5A5A5A5A5A5A5A5A5A5A5A5A5A5A5A5A5A5A5A5A5A5A5A5A5A5
query pointer=8 role=12 class=2 length=0 status=C0000023 output_protect=00000004 returned_protect=00000004 returned=00000016 bytes=A5A5A5A5A5A5A5A5A5A5A5A5A5A5A5A5A5A5A5A5A5A5A5A5A5A5A5A5A5A5A5A5 actual_returned=00000016 selected_bytes=unreadable
query pointer=8 role=13 class=2 length=64 status=C0000005 output_protect=00000004 returned_protect=00000001 returned=A5A5A5A5 bytes=A5A5A5A5A5A5A5A5A5A5A5A5A5A5A5A5A5A5A5A5A5A5A5A5A5A5A5A5A5A5A5A5 actual_returned=00000016 selected_bytes=00000000010000000A00000031003200A5A5A5A5A5A5A5A5A5A5A5A5A5A5A5A5
query pointer=8 role=14 class=2 length=64 status=00000000 output_protect=00000004 returned_protect=00000004 returned=A5A5A5A5 bytes=00000000010000000A00000031003200350032000000A5A5A5A5A5A5A5A5A5A5 actual_returned=00000000 selected_bytes=00000000010000000A00000031003200350032000000A5A5A5A5A5A5A5A5A5A5
query pointer=8 role=15 class=2 length=64 status=C0000024 output_protect=00000004 returned_protect=00000004 returned=A5A5A5A5 bytes=A5A5A5A5A5A5A5A5A5A5A5A5A5A5A5A5A5A5A5A5A5A5A5A5A5A5A5A5A5A5A5A5 actual_returned=A5A5A5A5 selected_bytes=A5A5A5A5A5A5A5A5A5A5A5A5A5A5A5A5A5A5A5A5A5A5A5A5A5A5A5A5A5A5A5A5
query pointer=8 role=16 class=2 length=64 status=00000000 output_protect=00000004 returned_protect=00000001 returned=A5A5A5A5 bytes=A5A5A5A5A5A5A5A5A5A5A5A5A5A5A5A5A5A5A5A5A5A5A5A5A5A5A5A5A5A5A5A5 actual_returned=00000016 selected_bytes=00000000010000000A00000031003200350032000000A5A5A5A5A5A5A5A5A5A5
query pointer=8 role=17 class=2 length=64 status=80000001 output_protect=00000002 returned_protect=00000004 returned=A5A5A5A5 bytes=A5A5A5A5A5A5A5A5A5A5A5A5A5A5A5A5A5A5A5A5A5A5A5A5A5A5A5A5A5A5A5A5 actual_returned=A5A5A5A5 selected_bytes=A5A5A5A5A5A5A5A5A5A5A5A5A5A5A5A5A5A5A5A5A5A5A5A5A5A5A5A5A5A5A5A5
query pointer=8 role=18 class=2 length=64 status=C0000005 output_protect=00000104 returned_protect=00000001 returned=A5A5A5A5 bytes=A5A5A5A5A5A5A5A5A5A5A5A5A5A5A5A5A5A5A5A5A5A5A5A5A5A5A5A5A5A5A5A5 actual_returned=A5A5A5A5 selected_bytes=A5A5A5A5A5A5A5A5A5A5A5A5A5A5A5A5A5A5A5A5A5A5A5A5A5A5A5A5A5A5A5A5
query pointer=8 role=19 class=2 length=64 status=C0000008 output_protect=00000004 returned_protect=00000104 returned=A5A5A5A5 bytes=A5A5A5A5A5A5A5A5A5A5A5A5A5A5A5A5A5A5A5A5A5A5A5A5A5A5A5A5A5A5A5A5 actual_returned=A5A5A5A5 selected_bytes=A5A5A5A5A5A5A5A5A5A5A5A5A5A5A5A5A5A5A5A5A5A5A5A5A5A5A5A5A5A5A5A5
query pointer=8 role=20 class=2 length=64 status=C0000008 output_protect=00000004 returned_protect=00000104 returned=A5A5A5A5 bytes=A5A5A5A5A5A5A5A5A5A5A5A5A5A5A5A5A5A5A5A5A5A5A5A5A5A5A5A5A5A5A5A5 actual_returned=A5A5A5A5 selected_bytes=A5A5A5A5A5A5A5A5A5A5A5A5A5A5A5A5A5A5A5A5A5A5A5A5A5A5A5A5A5A5A5A5
query pointer=8 role=21 class=5 length=64 status=C000000D output_protect=00000104 returned_protect=00000104 returned=A5A5A5A5 bytes=A5A5A5A5A5A5A5A5A5A5A5A5A5A5A5A5A5A5A5A5A5A5A5A5A5A5A5A5A5A5A5A5 actual_returned=A5A5A5A5 selected_bytes=A5A5A5A5A5A5A5A5A5A5A5A5A5A5A5A5A5A5A5A5A5A5A5A5A5A5A5A5A5A5A5A5
query pointer=8 role=22 class=2 length=0 status=C0000023 output_protect=00000004 returned_protect=00000004 returned=00000016 bytes=A5A5A5A5A5A5A5A5A5A5A5A5A5A5A5A5A5A5A5A5A5A5A5A5A5A5A5A5A5A5A5A5 actual_returned=00000016 selected_bytes=A5A5A5A5A5A5A5A5A5A5A5A5A5A5A5A5A5A5A5A5A5A5A5A5A5A5A5A5A5A5A5A5
query pointer=8 role=23 class=2 length=64 status=C0000008 output_protect=00000104 returned_protect=00000004 returned=A5A5A5A5 bytes=06000800000000004085AFC2F67F0000A5A5A5A5A5A5A5A5A5A5A5A5A5A5A5A5 actual_returned=A5A5A5A5 selected_bytes=06000800000000004085AFC2F67F0000A5A5A5A5A5A5A5A5A5A5A5A5A5A5A5A5
query pointer=8 role=24 class=5 length=64 status=C000000D output_protect=00000004 returned_protect=00000004 returned=A5A5A5A5 bytes=A5A5A5A5A5A5A5A5A5A5A5A5A5A5A5A5A5A5A5A5A5A5A5A5A5A5A5A5A5A5A5A5 actual_returned=A5A5A5A5 selected_bytes=A5A5A5A5A5A5A5A5A5A5A5A5A5A5A5A5A5A5A5A5A5A5A5A5A5A5A5A5A5A5A5A5
query pointer=8 role=25 class=5 length=64 status=C000000D output_protect=00000004 returned_protect=00000004 returned=A5A5A5A5 bytes=A5A5A5A5A5A5A5A5A5A5A5A5A5A5A5A5A5A5A5A5A5A5A5A5A5A5A5A5A5A5A5A5 actual_returned=A5A5A5A5 selected_bytes=A5A5A5A5A5A5A5A5A5A5A5A5A5A5A5A5A5A5A5A5A5A5A5A5A5A5A5A5A5A5A5A5
query pointer=8 role=26 class=2 length=64 status=80000002 output_protect=00000004 returned_protect=00000004 returned=A5A5A5A5 bytes=A5A5A5A5A5A5A5A5A5A5A5A5A5A5A5A5A5A5A5A5A5A5A5A5A5A5A5A5A5A5A5A5 actual_returned=unreadable selected_bytes=A5A5A5A5A5A5A5A5A5A5A5A5A5A5A5A5A5A5A5A5A5A5A5A5A5A5A5A5A5A5A5A5
query pointer=8 role=27 class=2 length=12 status=80000001 output_protect=00000004 returned_protect=00000004 returned=00000016 bytes=A5A5A5A5A5A5A5A5A5A5A5A5A5A5A5A5A5A5A5A5A5A5A5A5A5A5A5A5A5A5A5A5 actual_returned=00000016 selected_bytes=A5A5A5A5A5A5A5A5A5A5A5A5A5A5A5A5A5A5A5A5A5A5A5A5A5A5A5A5A5A5A5A5
open pointer=8 access=00000000 status=C0000022 handle=0000000000000000
open pointer=8 access=00000001 status=00000000 handle=00000000000000EC
open pointer=8 access=00000008 status=00000000 handle=00000000000000EC
open pointer=8 access=00020019 status=00000000 handle=00000000000000EC
open pointer=8 access=80000000 status=00000000 handle=00000000000000EC
open pointer=8 access=02000000 status=00000000 handle=00000000000000EC
open pointer=8 access=00020119 status=00000000 handle=00000000000000EC
open pointer=8 access=00020219 status=00000000 handle=00000000000000EC
open pointer=8 role=0 status=C0000005 output_protect=00000004 bytes=A5A5A5A5A5A5A5A5A5A5A5A5A5A5A5A5
open pointer=8 role=1 status=C0000005 output_protect=00000004 bytes=A5A5A5A5A5A5A5A5A5A5A5A5A5A5A5A5
open pointer=8 role=2 status=00000000 output_protect=00000004 bytes=A5EC00000000000000A5A5A5A5A5A5A5
open pointer=8 role=3 status=C0000005 output_protect=00000004 bytes=0000000000000000A5A5A5A5A5A5A5A5
open pointer=8 role=4 status=C000000D output_protect=00000004 bytes=0000000000000000A5A5A5A5A5A5A5A5
open pointer=8 role=5 status=C0000005 output_protect=00000004 bytes=0000000000000000A5A5A5A5A5A5A5A5
open pointer=8 role=6 status=00000000 output_protect=00000004 bytes=EC00000000000000A5A5A5A5A5A5A5A5
open pointer=8 role=7 status=C000000D output_protect=00000004 bytes=0000000000000000A5A5A5A5A5A5A5A5
open pointer=8 role=8 status=C0000005 output_protect=00000002 bytes=A5A5A5A5A5A5A5A5A5A5A5A5A5A5A5A5
open pointer=8 role=9 status=80000001 output_protect=00000004 bytes=A5A5A5A5A5A5A5A5A5A5A5A5A5A5A5A5
open pointer=8 role=10 status=C0000005 output_protect=00000004 bytes=0000000000000000A5A5A5A5A5A5A5A5
open pointer=8 role=11 status=C000003B output_protect=00000004 bytes=0000000000000000A5A5A5A5A5A5A5A5
open pointer=8 role=12 status=C0000034 output_protect=00000004 bytes=0000000000000000A5A5A5A5A5A5A5A5
open pointer=8 role=13 status=C0000022 output_protect=00000004 bytes=0000000000000000A5A5A5A5A5A5A5A5
open pointer=8 role=14 status=80000002 output_protect=00000004 bytes=0000000000000000A5A5A5A5A5A5A5A5
open pointer=8 role=15 status=80000002 output_protect=00000004 bytes=0000000000000000A5A5A5A5A5A5A5A5
open pointer=8 role=16 status=C0000008 output_protect=00000004 bytes=0000000000000000A5A5A5A5A5A5A5A5
open pointer=8 role=17 status=C000000D output_protect=00000004 bytes=0000000000000000A5A5A5A5A5A5A5A5
open pointer=8 role=18 status=00000000 output_protect=00000004 bytes=EC00000000000000A5A5A5A5A5A5A5A5
open pointer=8 role=19 status=80000001 output_protect=00000004 bytes=0000000000000000A5A5A5A5A5A5A5A5
open pointer=8 role=20 status=C0000005 output_protect=00000004 bytes=A5A5A5A5A5A5A5A5A5A5A5A5A5A5A5A5
open pointer=8 role=21 status=80000002 output_protect=00000004 bytes=0000000000000000A5A5A5A5A5A5A5A5
