Building C object CMakeFiles/assist_monocypher.dir/tmp/assist-native-process-root-macos/_deps/monocypher-src/src/monocypher.c.o
Building assist-rs staticlib with embedded rax (aarch64-apple-darwin, debug, JIT/KVM/HVF off)
Building C object CMakeFiles/assist_monocypher.dir/tmp/assist-native-process-root-macos/_deps/monocypher-src/src/optional/monocypher-ed25519.c.o
Built target assist_static_text_generate
Linking C static library libassist_monocypher.a
   Compiling proc-macro2 v1.0.107
   Compiling unicode-ident v1.0.26
   Compiling quote v1.0.47
   Compiling libc v0.2.189
   Compiling shlex v2.0.1
   Compiling find-msvc-tools v0.1.13
Built target assist_monocypher
   Compiling cfg-if v1.0.5
   Compiling log v0.4.34
   Compiling serde_core v1.0.229
   Compiling once_cell v1.21.4
   Compiling bitflags v2.13.2
   Compiling pkg-config v0.3.34
   Compiling objc2 v0.6.4
   Compiling objc2-encode v4.1.0
   Compiling cfg_aliases v0.2.2
   Compiling utf8parse v0.2.2
   Compiling core-foundation-sys v0.8.7
   Compiling zeroize v1.9.0
   Compiling thiserror v2.0.20
   Compiling itoa v1.0.18
   Compiling rustls-pki-types v1.15.1
   Compiling anstyle-parse v1.0.0
   Compiling jobserver v0.1.35
   Compiling cc v1.4.7
   Compiling syn v3.0.6
   Compiling syn v2.0.119
   Compiling getrandom v0.2.17
   Compiling nix v0.31.3
   Compiling tracing-core v0.1.36
   Compiling regex-syntax v0.8.11
   Compiling colorchoice v1.0.5
   Compiling zstd-safe v7.3.0
   Compiling serde v1.0.229
   Compiling is_terminal_polyfill v1.70.2
   Compiling anstyle-query v1.1.5
   Compiling anstyle v1.0.14
   Compiling untrusted v0.9.0
   Compiling zmij v1.0.23
   Compiling anstream v1.0.0
   Compiling block2 v0.6.2
   Compiling regex-automata v0.4.18
   Compiling core-foundation v0.10.1
   Compiling security-framework-sys v2.17.0
   Compiling rustls v0.23.45
   Compiling pin-project-lite v0.2.17
   Compiling getrandom v0.4.3
   Compiling winnow v1.0.4
   Compiling serde_json v1.0.151
   Compiling strsim v0.11.1
   Compiling lazy_static v1.5.0
   Compiling httparse v1.10.1
   Compiling clap_lex v1.1.1
   Compiling ring v0.17.14
   Compiling zstd-sys v2.1.0+zstd.1.5.7
   Compiling heck v0.5.0
   Compiling clap_builder v4.6.7
   Compiling sharded-slab v0.1.7
   Compiling toml_parser v1.1.3+spec-1.1.0
   Compiling matchers v0.2.0
   Compiling security-framework v3.7.0
   Compiling thiserror-impl v2.0.20
   Compiling serde_derive v1.0.229
   Compiling clap_derive v4.6.7
   Compiling dispatch2 v0.3.1
   Compiling scroll_derive v0.12.1
   Compiling tracing-attributes v0.1.31
   Compiling scroll v0.12.0
   Compiling toml_datetime v0.7.5+spec-1.1.0
   Compiling vm-memory v0.17.1 (/tmp/assist-native-allocate-ex-root-final/vendor/rax/vendor/vm-memory)
   Compiling serde_spanned v1.1.1
   Compiling tracing-log v0.2.0
   Compiling thread_local v1.1.10
   Compiling nu-ansi-term v0.50.3
   Compiling plain v0.2.3
   Compiling memchr v2.8.3
   Compiling bytes v1.12.1
   Compiling toml_writer v1.1.2+spec-1.1.0
   Compiling smallvec v1.16.1
   Compiling tracing v0.1.44
   Compiling winnow v0.7.15
   Compiling subtle v2.6.1
   Compiling http v1.5.0
   Compiling tracing-subscriber v0.3.23
   Compiling clap v4.6.7
   Compiling goblin v0.8.2
   Compiling linux-loader v0.13.2 (https://github.com/19h/linux-loader?rev=f745b555942c4e840a784bca61e6f3976d101960#f745b555)
   Compiling toml v0.9.12+spec-1.1.0
   Compiling bincode v1.3.3
   Compiling ctrlc v3.5.2
   Compiling base64 v0.23.1
   Compiling rax-capi v0.1.2 (/tmp/assist-native-allocate-ex-root-final/vendor/rax/capi)
   Compiling webpki-roots v1.0.9
   Compiling ureq-proto v0.6.4
   Compiling rustls-webpki v0.103.15
   Compiling keyring-core v1.0.0
   Compiling percent-encoding v2.3.2
   Compiling assist-rs v0.1.0 (/tmp/assist-native-allocate-ex-root-final/rust/assist-rs)
   Compiling utf8-zero v0.8.1
   Compiling apple-native-keyring-store v1.0.2
   Compiling httpdate v1.0.3
   Compiling zstd v0.13.3
   Compiling rax v0.1.0 (/tmp/assist-native-allocate-ex-root-final/vendor/rax)
   Compiling rustls-platform-verifier v0.7.0
   Compiling ureq v3.4.2
    Finished `dev` profile [unoptimized + debuginfo] target(s) in 1m 13s
Built target assist_rs_cargo
Building CXX object CMakeFiles/assist_static_text.dir/src/crypto/static_text.cpp.o
In file included from /tmp/assist-native-allocate-ex-root-final/src/crypto/static_text.cpp:1:
In file included from /tmp/assist-native-allocate-ex-root-final/include/assist/common/static_text.hpp:3:
In file included from /Applications/Xcode.app/Contents/Developer/Platforms/MacOSX.platform/Developer/SDKs/MacOSX27.2.sdk/usr/include/c++/v1/array:117:
In file included from /Applications/Xcode.app/Contents/Developer/Platforms/MacOSX.platform/Developer/SDKs/MacOSX27.2.sdk/usr/include/c++/v1/__algorithm/equal.h:13:
In file included from /Applications/Xcode.app/Contents/Developer/Platforms/MacOSX.platform/Developer/SDKs/MacOSX27.2.sdk/usr/include/c++/v1/__algorithm/comp.h:12:
In file included from /Applications/Xcode.app/Contents/Developer/Platforms/MacOSX.platform/Developer/SDKs/MacOSX27.2.sdk/usr/include/c++/v1/__config:15:
/Applications/Xcode.app/Contents/Developer/Platforms/MacOSX.platform/Developer/SDKs/MacOSX27.2.sdk/usr/include/c++/v1/__configuration/availability.h:204:4: warning: "The selected platform is no longer supported by libc++." [-W#warnings]
  204 | #  warning "The selected platform is no longer supported by libc++."
      |    ^
1 warning generated.
Linking CXX static library libassist_static_text.a
Built target assist_static_text
Building CXX object CMakeFiles/assist_static_text_metadata.dir/generated/static-text/metadata_keys.cpp.o
Building CXX object CMakeFiles/assist_static_text_metadata.dir/generated/static-text/metadata.cpp.o
In file included from /tmp/assist-native-allocate-ex-root-final-macos/generated/static-text/metadata_keys.cpp:2:
In file included from /tmp/assist-native-allocate-ex-root-final/include/assist/common/static_text.hpp:3:
In file included from /Applications/Xcode.app/Contents/Developer/Platforms/MacOSX.platform/Developer/SDKs/MacOSX27.2.sdk/usr/include/c++/v1/array:117:
In file included from /Applications/Xcode.app/Contents/Developer/Platforms/MacOSX.platform/Developer/SDKs/MacOSX27.2.sdk/usr/include/c++/v1/__algorithm/equal.h:13:
In file included from /Applications/Xcode.app/Contents/Developer/Platforms/MacOSX.platform/Developer/SDKs/MacOSX27.2.sdk/usr/include/c++/v1/__algorithm/comp.h:12:
In file included from /Applications/Xcode.app/Contents/Developer/Platforms/MacOSX.platform/Developer/SDKs/MacOSX27.2.sdk/usr/include/c++/v1/__config:15:
/Applications/Xcode.app/Contents/Developer/Platforms/MacOSX.platform/Developer/SDKs/MacOSX27.2.sdk/usr/include/c++/v1/__configuration/availability.h:204:4: warning: "The selected platform is no longer supported by libc++." [-W#warnings]
  204 | #  warning "The selected platform is no longer supported by libc++."
      |    ^
1 warning generated.
In file included from /tmp/assist-native-allocate-ex-root-final-macos/generated/static-text/metadata.cpp:2:
In file included from /tmp/assist-native-allocate-ex-root-final/include/assist/common/static_text.hpp:3:
In file included from /Applications/Xcode.app/Contents/Developer/Platforms/MacOSX.platform/Developer/SDKs/MacOSX27.2.sdk/usr/include/c++/v1/array:117:
In file included from /Applications/Xcode.app/Contents/Developer/Platforms/MacOSX.platform/Developer/SDKs/MacOSX27.2.sdk/usr/include/c++/v1/__algorithm/equal.h:13:
In file included from /Applications/Xcode.app/Contents/Developer/Platforms/MacOSX.platform/Developer/SDKs/MacOSX27.2.sdk/usr/include/c++/v1/__algorithm/comp.h:12:
In file included from /Applications/Xcode.app/Contents/Developer/Platforms/MacOSX.platform/Developer/SDKs/MacOSX27.2.sdk/usr/include/c++/v1/__config:15:
/Applications/Xcode.app/Contents/Developer/Platforms/MacOSX.platform/Developer/SDKs/MacOSX27.2.sdk/usr/include/c++/v1/__configuration/availability.h:204:4: warning: "The selected platform is no longer supported by libc++." [-W#warnings]
  204 | #  warning "The selected platform is no longer supported by libc++."
      |    ^
1 warning generated.
Linking CXX static library libassist_static_text_metadata.a
Built target assist_static_text_metadata
Building CXX object test/CMakeFiles/assist_rust_archive_link_tests.dir/rust_archive_link_tests.cpp.o
Building CXX object test/CMakeFiles/assist_rust_archive_link_tests.dir/terminate_report.cpp.o
In file included from /tmp/assist-native-allocate-ex-root-final/test/rust_archive_link_tests.cpp:23:
In file included from /tmp/assist-native-allocate-ex-root-final/rust/assist-rs/include/assist_rs.h:24:
In file included from /Applications/Xcode.app/Contents/Developer/Platforms/MacOSX.platform/Developer/SDKs/MacOSX27.2.sdk/usr/include/c++/v1/stddef.h:30:
In file included from /Applications/Xcode.app/Contents/Developer/Platforms/MacOSX.platform/Developer/SDKs/MacOSX27.2.sdk/usr/include/c++/v1/__config:15:
/Applications/Xcode.app/Contents/Developer/Platforms/MacOSX.platform/Developer/SDKs/MacOSX27.2.sdk/usr/include/c++/v1/__configuration/availability.h:204:4: warning: "The selected platform is no longer supported by libc++." [-W#warnings]
  204 | #  warning "The selected platform is no longer supported by libc++."
      |    ^
1 warning generated.
In file included from /tmp/assist-native-allocate-ex-root-final/test/terminate_report.cpp:16:
In file included from /Applications/Xcode.app/Contents/Developer/Platforms/MacOSX.platform/Developer/SDKs/MacOSX27.2.sdk/usr/include/c++/v1/cstdio:101:
In file included from /Applications/Xcode.app/Contents/Developer/Platforms/MacOSX.platform/Developer/SDKs/MacOSX27.2.sdk/usr/include/c++/v1/__config:15:
/Applications/Xcode.app/Contents/Developer/Platforms/MacOSX.platform/Developer/SDKs/MacOSX27.2.sdk/usr/include/c++/v1/__configuration/availability.h:204:4: warning: "The selected platform is no longer supported by libc++." [-W#warnings]
  204 | #  warning "The selected platform is no longer supported by libc++."
      |    ^
1 warning generated.
Linking CXX executable assist_rust_archive_link_tests
Built target assist_rust_archive_link_tests
Building assist-rs staticlib with embedded rax (aarch64-apple-darwin, debug, JIT/KVM/HVF off)
Built target assist_static_text_generate
Built target assist_monocypher
    Finished `dev` profile [unoptimized + debuginfo] target(s) in 0.19s
Built target assist_rs_cargo
Built target assist_static_text
Built target assist_static_text_metadata
Building CXX object test/CMakeFiles/assist_rax_process_tests.dir/rax_process_tests.cpp.o
Building CXX object test/CMakeFiles/assist_rax_process_tests.dir/terminate_report.cpp.o
Building CXX object test/CMakeFiles/assist_rax_process_tests.dir/__/src/emulation/rax/rax_process.cpp.o
In file included from /tmp/assist-native-allocate-ex-root-final/test/terminate_report.cpp:16:
In file included from /Applications/Xcode.app/Contents/Developer/Platforms/MacOSX.platform/Developer/SDKs/MacOSX27.2.sdk/usr/include/c++/v1/cstdio:101:
In file included from /Applications/Xcode.app/Contents/Developer/Platforms/MacOSX.platform/Developer/SDKs/MacOSX27.2.sdk/usr/include/c++/v1/__config:15:
/Applications/Xcode.app/Contents/Developer/Platforms/MacOSX.platform/Developer/SDKs/MacOSX27.2.sdk/usr/include/c++/v1/__configuration/availability.h:204:4: warning: "The selected platform is no longer supported by libc++." [-W#warnings]
  204 | #  warning "The selected platform is no longer supported by libc++."
      |    ^
1 warning generated.
In file included from /tmp/assist-native-allocate-ex-root-final/src/emulation/rax/rax_process.cpp:1:
In file included from /tmp/assist-native-allocate-ex-root-final/test/../include/assist/emulation/rax/rax_process.hpp:3:
In file included from /tmp/assist-native-allocate-ex-root-final/test/../include/assist/emulation/rax/librax_loader.hpp:13:
In file included from /tmp/assist-native-allocate-ex-root-final/vendor/rax/capi/include/rax.h:31:
In file included from /Applications/Xcode.app/Contents/Developer/Platforms/MacOSX.platform/Developer/SDKs/MacOSX27.2.sdk/usr/include/c++/v1/stddef.h:30:
In file included from /Applications/Xcode.app/Contents/Developer/Platforms/MacOSX.platform/Developer/SDKs/MacOSX27.2.sdk/usr/include/c++/v1/__config:15:
/Applications/Xcode.app/Contents/Developer/Platforms/MacOSX.platform/Developer/SDKs/MacOSX27.2.sdk/usr/include/c++/v1/__configuration/availability.h:204:4: warning: "The selected platform is no longer supported by libc++." [-W#warnings]
  204 | #  warning "The selected platform is no longer supported by libc++."
      |    ^
1 warning generated.
In file included from /tmp/assist-native-allocate-ex-root-final/test/rax_process_tests.cpp:1:
In file included from /tmp/assist-native-allocate-ex-root-final/test/emulation/process_elf_fixture.hpp:3:
In file included from /Applications/Xcode.app/Contents/Developer/Platforms/MacOSX.platform/Developer/SDKs/MacOSX27.2.sdk/usr/include/c++/v1/algorithm:1840:
In file included from /Applications/Xcode.app/Contents/Developer/Platforms/MacOSX.platform/Developer/SDKs/MacOSX27.2.sdk/usr/include/c++/v1/__config:15:
/Applications/Xcode.app/Contents/Developer/Platforms/MacOSX.platform/Developer/SDKs/MacOSX27.2.sdk/usr/include/c++/v1/__configuration/availability.h:204:4: warning: "The selected platform is no longer supported by libc++." [-W#warnings]
  204 | #  warning "The selected platform is no longer supported by libc++."
      |    ^
1 warning generated.
Linking CXX executable assist_rax_process_tests
Built target assist_rax_process_tests
Building assist-rs staticlib with embedded rax (aarch64-apple-darwin, debug, JIT/KVM/HVF off)
Built target assist_static_text_generate
Built target assist_monocypher
    Finished `dev` profile [unoptimized + debuginfo] target(s) in 0.09s
Built target assist_rs_cargo
Built target assist_static_text
Built target assist_static_text_metadata
Building CXX object test/CMakeFiles/assist_process_tool_tests.dir/__/src/tools/builtin/emulation/sessions/process_tool.cpp.o
Building CXX object test/CMakeFiles/assist_process_tool_tests.dir/process_tool_tests.cpp.o
Building CXX object test/CMakeFiles/assist_process_tool_tests.dir/__/src/emulation/rax/rax_process.cpp.o
Building CXX object test/CMakeFiles/assist_process_tool_tests.dir/__/src/emulation/rax/librax_loader.cpp.o
Building CXX object test/CMakeFiles/assist_process_tool_tests.dir/terminate_report.cpp.o
In file included from /tmp/assist-native-allocate-ex-root-final/test/terminate_report.cpp:16:
In file included from /Applications/Xcode.app/Contents/Developer/Platforms/MacOSX.platform/Developer/SDKs/MacOSX27.2.sdk/usr/include/c++/v1/cstdio:101:
In file included from /Applications/Xcode.app/Contents/Developer/Platforms/MacOSX.platform/Developer/SDKs/MacOSX27.2.sdk/usr/include/c++/v1/__config:15:
/Applications/Xcode.app/Contents/Developer/Platforms/MacOSX.platform/Developer/SDKs/MacOSX27.2.sdk/usr/include/c++/v1/__configuration/availability.h:204:4: warning: "The selected platform is no longer supported by libc++." [-W#warnings]
  204 | #  warning "The selected platform is no longer supported by libc++."
      |    ^
1 warning generated.
In file included from /tmp/assist-native-allocate-ex-root-final/src/emulation/rax/rax_process.cpp:1:
In file included from /tmp/assist-native-allocate-ex-root-final/test/../include/assist/emulation/rax/rax_process.hpp:3:
In file included from /tmp/assist-native-allocate-ex-root-final/test/../include/assist/emulation/rax/librax_loader.hpp:13:
In file included from /tmp/assist-native-allocate-ex-root-final/vendor/rax/capi/include/rax.h:31:
In file included from /Applications/Xcode.app/Contents/Developer/Platforms/MacOSX.platform/Developer/SDKs/MacOSX27.2.sdk/usr/include/c++/v1/stddef.h:30:
In file included from /Applications/Xcode.app/Contents/Developer/Platforms/MacOSX.platform/Developer/SDKs/MacOSX27.2.sdk/usr/include/c++/v1/__config:15:
/Applications/Xcode.app/Contents/Developer/Platforms/MacOSX.platform/Developer/SDKs/MacOSX27.2.sdk/usr/include/c++/v1/__configuration/availability.h:204:4: warning: "The selected platform is no longer supported by libc++." [-W#warnings]
  204 | #  warning "The selected platform is no longer supported by libc++."
      |    ^
1 warning generated.
In file included from /tmp/assist-native-allocate-ex-root-final/src/emulation/rax/librax_loader.cpp:6:
In file included from /tmp/assist-native-allocate-ex-root-final/test/../include/assist/emulation/rax/librax_loader.hpp:13:
In file included from /tmp/assist-native-allocate-ex-root-final/vendor/rax/capi/include/rax.h:31:
In file included from /Applications/Xcode.app/Contents/Developer/Platforms/MacOSX.platform/Developer/SDKs/MacOSX27.2.sdk/usr/include/c++/v1/stddef.h:30:
In file included from /Applications/Xcode.app/Contents/Developer/Platforms/MacOSX.platform/Developer/SDKs/MacOSX27.2.sdk/usr/include/c++/v1/__config:15:
/Applications/Xcode.app/Contents/Developer/Platforms/MacOSX.platform/Developer/SDKs/MacOSX27.2.sdk/usr/include/c++/v1/__configuration/availability.h:204:4: warning: "The selected platform is no longer supported by libc++." [-W#warnings]
  204 | #  warning "The selected platform is no longer supported by libc++."
      |    ^
1 warning generated.
In file included from /tmp/assist-native-allocate-ex-root-final/src/tools/builtin/emulation/sessions/process_tool.cpp:1:
In file included from /tmp/assist-native-allocate-ex-root-final/test/../include/assist/common/static_text_json.hpp:3:
In file included from /tmp/assist-native-allocate-ex-root-final/test/../include/assist/common/json.hpp:76:
In file included from /tmp/assist-native-process-root-macos/_deps/json-src/include/nlohmann/json.hpp:21:
In file included from /Applications/Xcode.app/Contents/Developer/Platforms/MacOSX.platform/Developer/SDKs/MacOSX27.2.sdk/usr/include/c++/v1/algorithm:1840:
In file included from /Applications/Xcode.app/Contents/Developer/Platforms/MacOSX.platform/Developer/SDKs/MacOSX27.2.sdk/usr/include/c++/v1/__config:15:
/Applications/Xcode.app/Contents/Developer/Platforms/MacOSX.platform/Developer/SDKs/MacOSX27.2.sdk/usr/include/c++/v1/__configuration/availability.h:204:4: warning: "The selected platform is no longer supported by libc++." [-W#warnings]
  204 | #  warning "The selected platform is no longer supported by libc++."
      |    ^
1 warning generated.
In file included from /tmp/assist-native-allocate-ex-root-final/test/process_tool_tests.cpp:1:
In file included from /tmp/assist-native-allocate-ex-root-final/test/emulation/process_elf_fixture.hpp:3:
In file included from /Applications/Xcode.app/Contents/Developer/Platforms/MacOSX.platform/Developer/SDKs/MacOSX27.2.sdk/usr/include/c++/v1/algorithm:1840:
In file included from /Applications/Xcode.app/Contents/Developer/Platforms/MacOSX.platform/Developer/SDKs/MacOSX27.2.sdk/usr/include/c++/v1/__config:15:
/Applications/Xcode.app/Contents/Developer/Platforms/MacOSX.platform/Developer/SDKs/MacOSX27.2.sdk/usr/include/c++/v1/__configuration/availability.h:204:4: warning: "The selected platform is no longer supported by libc++." [-W#warnings]
  204 | #  warning "The selected platform is no longer supported by libc++."
      |    ^
1 warning generated.
Linking CXX executable assist_process_tool_tests
Built target assist_process_tool_tests
Built target assist_static_text_generate
Building assist-rs staticlib with embedded rax (aarch64-apple-darwin, debug, JIT/KVM/HVF off)
Built target assist_monocypher
    Finished `dev` profile [unoptimized + debuginfo] target(s) in 0.13s
Built target assist_rs_cargo
Built target assist_static_text
Built target assist_static_text_metadata
Building CXX object test/CMakeFiles/assist_process_tool_unavailable_tests.dir/terminate_report.cpp.o
Building CXX object test/CMakeFiles/assist_process_tool_unavailable_tests.dir/process_tool_unavailable_tests.cpp.o
Building CXX object test/CMakeFiles/assist_process_tool_unavailable_tests.dir/__/src/tools/builtin/emulation/sessions/process_tool.cpp.o
In file included from /tmp/assist-native-allocate-ex-root-final/test/terminate_report.cpp:16:
In file included from /Applications/Xcode.app/Contents/Developer/Platforms/MacOSX.platform/Developer/SDKs/MacOSX27.2.sdk/usr/include/c++/v1/cstdio:101:
In file included from /Applications/Xcode.app/Contents/Developer/Platforms/MacOSX.platform/Developer/SDKs/MacOSX27.2.sdk/usr/include/c++/v1/__config:15:
/Applications/Xcode.app/Contents/Developer/Platforms/MacOSX.platform/Developer/SDKs/MacOSX27.2.sdk/usr/include/c++/v1/__configuration/availability.h:204:4: warning: "The selected platform is no longer supported by libc++." [-W#warnings]
  204 | #  warning "The selected platform is no longer supported by libc++."
      |    ^
1 warning generated.
In file included from /tmp/assist-native-allocate-ex-root-final/test/process_tool_unavailable_tests.cpp:1:
In file included from /tmp/assist-native-allocate-ex-root-final/test/../include/assist/tools/tool_registry/detail/factories/emulation_solver_and_frida.hpp:3:
In file included from /tmp/assist-native-allocate-ex-root-final/test/../include/assist/tools/tool_registry/detail/core_types.hpp:3:
In file included from /tmp/assist-native-allocate-ex-root-final/test/../include/assist/common/json.hpp:76:
In file included from /tmp/assist-native-process-root-macos/_deps/json-src/include/nlohmann/json.hpp:21:
In file included from /Applications/Xcode.app/Contents/Developer/Platforms/MacOSX.platform/Developer/SDKs/MacOSX27.2.sdk/usr/include/c++/v1/algorithm:1840:
In file included from /Applications/Xcode.app/Contents/Developer/Platforms/MacOSX.platform/Developer/SDKs/MacOSX27.2.sdk/usr/include/c++/v1/__config:15:
/Applications/Xcode.app/Contents/Developer/Platforms/MacOSX.platform/Developer/SDKs/MacOSX27.2.sdk/usr/include/c++/v1/__configuration/availability.h:204:4: warning: "The selected platform is no longer supported by libc++." [-W#warnings]
  204 | #  warning "The selected platform is no longer supported by libc++."
      |    ^
1 warning generated.
In file included from /tmp/assist-native-allocate-ex-root-final/src/tools/builtin/emulation/sessions/process_tool.cpp:1:
In file included from /tmp/assist-native-allocate-ex-root-final/test/../include/assist/common/static_text_json.hpp:3:
In file included from /tmp/assist-native-allocate-ex-root-final/test/../include/assist/common/json.hpp:76:
In file included from /tmp/assist-native-process-root-macos/_deps/json-src/include/nlohmann/json.hpp:21:
In file included from /Applications/Xcode.app/Contents/Developer/Platforms/MacOSX.platform/Developer/SDKs/MacOSX27.2.sdk/usr/include/c++/v1/algorithm:1840:
In file included from /Applications/Xcode.app/Contents/Developer/Platforms/MacOSX.platform/Developer/SDKs/MacOSX27.2.sdk/usr/include/c++/v1/__config:15:
/Applications/Xcode.app/Contents/Developer/Platforms/MacOSX.platform/Developer/SDKs/MacOSX27.2.sdk/usr/include/c++/v1/__configuration/availability.h:204:4: warning: "The selected platform is no longer supported by libc++." [-W#warnings]
  204 | #  warning "The selected platform is no longer supported by libc++."
      |    ^
1 warning generated.
Linking CXX executable assist_process_tool_unavailable_tests
Built target assist_process_tool_unavailable_tests
Built target assist_static_text_generate
Building assist-rs staticlib with embedded rax (aarch64-apple-darwin, debug, JIT/KVM/HVF off)
Built target assist_monocypher
    Finished `dev` profile [unoptimized + debuginfo] target(s) in 0.07s
Built target assist_rs_cargo
Built target assist_static_text
Built target assist_static_text_metadata
Building CXX object test/CMakeFiles/assist_e14_rax_abi_drift_tests.dir/terminate_report.cpp.o
Building CXX object test/CMakeFiles/assist_e14_rax_abi_drift_tests.dir/e14_rax_abi_drift_tests.cpp.o
In file included from /tmp/assist-native-allocate-ex-root-final/test/terminate_report.cpp:16:
In file included from /Applications/Xcode.app/Contents/Developer/Platforms/MacOSX.platform/Developer/SDKs/MacOSX27.2.sdk/usr/include/c++/v1/cstdio:101:
In file included from /Applications/Xcode.app/Contents/Developer/Platforms/MacOSX.platform/Developer/SDKs/MacOSX27.2.sdk/usr/include/c++/v1/__config:15:
/Applications/Xcode.app/Contents/Developer/Platforms/MacOSX.platform/Developer/SDKs/MacOSX27.2.sdk/usr/include/c++/v1/__configuration/availability.h:204:4: warning: "The selected platform is no longer supported by libc++." [-W#warnings]
  204 | #  warning "The selected platform is no longer supported by libc++."
      |    ^
1 warning generated.
In file included from /tmp/assist-native-allocate-ex-root-final/test/e14_rax_abi_drift_tests.cpp:6:
In file included from /tmp/assist-native-allocate-ex-root-final/vendor/rax/capi/include/rax.h:31:
In file included from /Applications/Xcode.app/Contents/Developer/Platforms/MacOSX.platform/Developer/SDKs/MacOSX27.2.sdk/usr/include/c++/v1/stddef.h:30:
In file included from /Applications/Xcode.app/Contents/Developer/Platforms/MacOSX.platform/Developer/SDKs/MacOSX27.2.sdk/usr/include/c++/v1/__config:15:
/Applications/Xcode.app/Contents/Developer/Platforms/MacOSX.platform/Developer/SDKs/MacOSX27.2.sdk/usr/include/c++/v1/__configuration/availability.h:204:4: warning: "The selected platform is no longer supported by libc++." [-W#warnings]
  204 | #  warning "The selected platform is no longer supported by libc++."
      |    ^
1 warning generated.
Linking CXX executable assist_e14_rax_abi_drift_tests
Built target assist_e14_rax_abi_drift_tests
Built target assist_static_text_generate
Building assist-rs staticlib with embedded rax (aarch64-apple-darwin, debug, JIT/KVM/HVF off)
Built target assist_monocypher
    Finished `dev` profile [unoptimized + debuginfo] target(s) in 0.09s
Built target assist_rs_cargo
Built target assist_static_text
Built target assist_static_text_metadata
Building CXX object test/CMakeFiles/assist_mcp_tool_manifest_tests.dir/terminate_report.cpp.o
Building CXX object test/CMakeFiles/assist_mcp_tool_manifest_tests.dir/mcp_tool_manifest_tests.cpp.o
In file included from /tmp/assist-native-allocate-ex-root-final/test/terminate_report.cpp:16:
In file included from /Applications/Xcode.app/Contents/Developer/Platforms/MacOSX.platform/Developer/SDKs/MacOSX27.2.sdk/usr/include/c++/v1/cstdio:101:
In file included from /Applications/Xcode.app/Contents/Developer/Platforms/MacOSX.platform/Developer/SDKs/MacOSX27.2.sdk/usr/include/c++/v1/__config:15:
/Applications/Xcode.app/Contents/Developer/Platforms/MacOSX.platform/Developer/SDKs/MacOSX27.2.sdk/usr/include/c++/v1/__configuration/availability.h:204:4: warning: "The selected platform is no longer supported by libc++." [-W#warnings]
  204 | #  warning "The selected platform is no longer supported by libc++."
      |    ^
1 warning generated.
In file included from /tmp/assist-native-allocate-ex-root-final/test/mcp_tool_manifest_tests.cpp:17:
In file included from /tmp/assist-native-process-root-macos/_deps/json-src/include/nlohmann/json.hpp:21:
In file included from /Applications/Xcode.app/Contents/Developer/Platforms/MacOSX.platform/Developer/SDKs/MacOSX27.2.sdk/usr/include/c++/v1/algorithm:1840:
In file included from /Applications/Xcode.app/Contents/Developer/Platforms/MacOSX.platform/Developer/SDKs/MacOSX27.2.sdk/usr/include/c++/v1/__config:15:
/Applications/Xcode.app/Contents/Developer/Platforms/MacOSX.platform/Developer/SDKs/MacOSX27.2.sdk/usr/include/c++/v1/__configuration/availability.h:204:4: warning: "The selected platform is no longer supported by libc++." [-W#warnings]
  204 | #  warning "The selected platform is no longer supported by libc++."
      |    ^
1 warning generated.
Linking CXX executable assist_mcp_tool_manifest_tests
Built target assist_mcp_tool_manifest_tests
[  0%] Building CXX object _deps/assist_masking_absl-build/absl/base/CMakeFiles/log_severity.dir/log_severity.cc.o
[  0%] Building assist-rs staticlib with embedded rax (aarch64-apple-darwin, debug, JIT/KVM/HVF off)
[  0%] Building CXX object _deps/assist_masking_absl-build/absl/numeric/CMakeFiles/int128.dir/int128.cc.o
[  0%] Built target assist_static_text_generate
[  0%] Built target assist_monocypher
[  0%] Building CXX object _deps/assist_masking_absl-build/absl/base/CMakeFiles/strerror.dir/internal/strerror.cc.o
[  0%] Building CXX object _deps/assist_masking_absl-build/absl/time/CMakeFiles/time_zone.dir/internal/cctz/src/time_zone_fixed.cc.o
[  0%] Building CXX object _deps/assist_masking_absl-build/absl/base/CMakeFiles/spinlock_wait.dir/internal/spinlock_wait.cc.o
[  0%] Building CXX object _deps/assist_masking_absl-build/absl/time/CMakeFiles/civil_time.dir/internal/cctz/src/civil_time_detail.cc.o
[  0%] Building CXX object _deps/assist_masking_absl-build/absl/profiling/CMakeFiles/exponential_biased.dir/internal/exponential_biased.cc.o
    Finished `dev` profile [unoptimized + debuginfo] target(s) in 0.14s
[  0%] Built target assist_rs_cargo
[  0%] Building CXX object _deps/assist_masking_absl-build/absl/flags/CMakeFiles/flags_commandlineflag_internal.dir/internal/commandlineflag.cc.o
In file included from /tmp/assist-native-allocate-ex-root-final-macos/_deps/assist_masking_absl-src/absl/base/internal/spinlock_wait.cc:19:
In file included from /Applications/Xcode.app/Contents/Developer/Platforms/MacOSX.platform/Developer/SDKs/MacOSX27.2.sdk/usr/include/c++/v1/atomic:593:
In file included from /Applications/Xcode.app/Contents/Developer/Platforms/MacOSX.platform/Developer/SDKs/MacOSX27.2.sdk/usr/include/c++/v1/__config:15:
/Applications/Xcode.app/Contents/Developer/Platforms/MacOSX.platform/Developer/SDKs/MacOSX27.2.sdk/usr/include/c++/v1/__configuration/availability.h:204:4: warning: "The selected platform is no longer supported by libc++." [-W#warnings]
  204 | #  warning "The selected platform is no longer supported by libc++."
      |    ^
1 warning generated.
[  0%] Linking CXX static library libabsl_spinlock_wait.a
In file included from /tmp/assist-native-allocate-ex-root-final-macos/_deps/assist_masking_absl-src/absl/flags/internal/commandlineflag.cc:16:
In file included from /tmp/assist-native-allocate-ex-root-final-macos/_deps/assist_masking_absl-src/absl/flags/internal/commandlineflag.h:19:
In file included from /tmp/assist-native-allocate-ex-root-final-macos/_deps/assist_masking_absl-src/absl/base/config.h:56:
In file included from /Applications/Xcode.app/Contents/Developer/Platforms/MacOSX.platform/Developer/SDKs/MacOSX27.2.sdk/usr/include/c++/v1/cstddef:39:
In file included from /Applications/Xcode.app/Contents/Developer/Platforms/MacOSX.platform/Developer/SDKs/MacOSX27.2.sdk/usr/include/c++/v1/__config:15:
/Applications/Xcode.app/Contents/Developer/Platforms/MacOSX.platform/Developer/SDKs/MacOSX27.2.sdk/usr/include/c++/v1/__configuration/availability.h:204:4: warning: "The selected platform is no longer supported by libc++." [-W#warnings]
  204 | #  warning "The selected platform is no longer supported by libc++."
      |    ^
1 warning generated.
[  0%] Linking CXX static library libabsl_flags_commandlineflag_internal.a
[  0%] Built target spinlock_wait
[  0%] Building CXX object _deps/assist_masking_absl-build/absl/log/CMakeFiles/log_internal_nullguard.dir/internal/nullguard.cc.o
[  0%] Built target flags_commandlineflag_internal
[  0%] Built target assist_static_text
[  0%] Building CXX object _deps/assist_masking_absl-build/absl/time/CMakeFiles/time_zone.dir/internal/cctz/src/time_zone_format.cc.o
In file included from /tmp/assist-native-allocate-ex-root-final-macos/_deps/assist_masking_absl-src/absl/profiling/internal/exponential_biased.cc:15:
In file included from /tmp/assist-native-allocate-ex-root-final-macos/_deps/assist_masking_absl-src/absl/profiling/internal/exponential_biased.h:18:
In file included from /Applications/Xcode.app/Contents/Developer/Platforms/MacOSX.platform/Developer/SDKs/MacOSX27.2.sdk/usr/include/c++/v1/stdint.h:18:
In file included from /Applications/Xcode.app/Contents/Developer/Platforms/MacOSX.platform/Developer/SDKs/MacOSX27.2.sdk/usr/include/c++/v1/__config:15:
/Applications/Xcode.app/Contents/Developer/Platforms/MacOSX.platform/Developer/SDKs/MacOSX27.2.sdk/usr/include/c++/v1/__configuration/availability.h:204:4: warning: "The selected platform is no longer supported by libc++." [-W#warnings]
  204 | #  warning "The selected platform is no longer supported by libc++."
      |    ^
1 warning generated.
[  0%] Linking CXX static library libabsl_exponential_biased.a
In file included from /tmp/assist-native-allocate-ex-root-final-macos/_deps/assist_masking_absl-src/absl/base/internal/strerror.cc:15:
In file included from /tmp/assist-native-allocate-ex-root-final-macos/_deps/assist_masking_absl-src/absl/base/internal/strerror.h:18:
In file included from /Applications/Xcode.app/Contents/Developer/Platforms/MacOSX.platform/Developer/SDKs/MacOSX27.2.sdk/usr/include/c++/v1/string:594:
In file included from /Applications/Xcode.app/Contents/Developer/Platforms/MacOSX.platform/Developer/SDKs/MacOSX27.2.sdk/usr/include/c++/v1/__algorithm/max.h:12:
In file included from /Applications/Xcode.app/Contents/Developer/Platforms/MacOSX.platform/Developer/SDKs/MacOSX27.2.sdk/usr/include/c++/v1/__algorithm/comp.h:12:
In file included from /Applications/Xcode.app/Contents/Developer/Platforms/MacOSX.platform/Developer/SDKs/MacOSX27.2.sdk/usr/include/c++/v1/__config:15:
/Applications/Xcode.app/Contents/Developer/Platforms/MacOSX.platform/Developer/SDKs/MacOSX27.2.sdk/usr/include/c++/v1/__configuration/availability.h:204:4: warning: "The selected platform is no longer supported by libc++." [-W#warnings]
  204 | #  warning "The selected platform is no longer supported by libc++."
      |    ^
1 warning generated.
[  0%] Linking CXX static library libabsl_strerror.a
[  0%] Built target exponential_biased
[  0%] Building CXX object CMakeFiles/assist_static_text_prompts.dir/generated/static-text/prompts.cpp.o
[  0%] Built target strerror
[  0%] Building CXX object CMakeFiles/assist_static_text_prompts.dir/generated/static-text/prompts_keys.cpp.o
In file included from /tmp/assist-native-allocate-ex-root-final-macos/_deps/assist_masking_absl-src/absl/base/log_severity.cc:15:
In file included from /tmp/assist-native-allocate-ex-root-final-macos/_deps/assist_masking_absl-src/absl/base/log_severity.h:18:
In file included from /Applications/Xcode.app/Contents/Developer/Platforms/MacOSX.platform/Developer/SDKs/MacOSX27.2.sdk/usr/include/c++/v1/array:117:
In file included from /Applications/Xcode.app/Contents/Developer/Platforms/MacOSX.platform/Developer/SDKs/MacOSX27.2.sdk/usr/include/c++/v1/__algorithm/equal.h:13:
In file included from /Applications/Xcode.app/Contents/Developer/Platforms/MacOSX.platform/Developer/SDKs/MacOSX27.2.sdk/usr/include/c++/v1/__algorithm/comp.h:12:
In file included from /Applications/Xcode.app/Contents/Developer/Platforms/MacOSX.platform/Developer/SDKs/MacOSX27.2.sdk/usr/include/c++/v1/__config:15:
/Applications/Xcode.app/Contents/Developer/Platforms/MacOSX.platform/Developer/SDKs/MacOSX27.2.sdk/usr/include/c++/v1/__configuration/availability.h:204:4: warning: "The selected platform is no longer supported by libc++." [-W#warnings]
  204 | #  warning "The selected platform is no longer supported by libc++."
      |    ^
1 warning generated.
[  0%] Linking CXX static library libabsl_log_severity.a
In file included from /tmp/assist-native-allocate-ex-root-final-macos/_deps/assist_masking_absl-src/absl/time/internal/cctz/src/civil_time_detail.cc:15:
In file included from /tmp/assist-native-allocate-ex-root-final-macos/_deps/assist_masking_absl-src/absl/time/internal/cctz/include/cctz/civil_time_detail.h:18:
In file included from /Applications/Xcode.app/Contents/Developer/Platforms/MacOSX.platform/Developer/SDKs/MacOSX27.2.sdk/usr/include/c++/v1/cstdint:146:
In file included from /Applications/Xcode.app/Contents/Developer/Platforms/MacOSX.platform/Developer/SDKs/MacOSX27.2.sdk/usr/include/c++/v1/__config:15:
/Applications/Xcode.app/Contents/Developer/Platforms/MacOSX.platform/Developer/SDKs/MacOSX27.2.sdk/usr/include/c++/v1/__configuration/availability.h:204:4: warning: "The selected platform is no longer supported by libc++." [-W#warnings]
  204 | #  warning "The selected platform is no longer supported by libc++."
      |    ^
1 warning generated.
In file included from /tmp/assist-native-allocate-ex-root-final-macos/_deps/assist_masking_absl-src/absl/numeric/int128.cc:15:
In file included from /tmp/assist-native-allocate-ex-root-final-macos/_deps/assist_masking_absl-src/absl/numeric/int128.h:29:
In file included from /Applications/Xcode.app/Contents/Developer/Platforms/MacOSX.platform/Developer/SDKs/MacOSX27.2.sdk/usr/include/c++/v1/cassert:22:
In file included from /Applications/Xcode.app/Contents/Developer/Platforms/MacOSX.platform/Developer/SDKs/MacOSX27.2.sdk/usr/include/c++/v1/__config:15:
/Applications/Xcode.app/Contents/Developer/Platforms/MacOSX.platform/Developer/SDKs/MacOSX27.2.sdk/usr/include/c++/v1/__configuration/availability.h:204:4: warning: "The selected platform is no longer supported by libc++." [-W#warnings]
  204 | #  warning "The selected platform is no longer supported by libc++."
      |    ^
1 warning generated.
[  0%] Linking CXX static library libabsl_civil_time.a
[  0%] Linking CXX static library libabsl_int128.a
In file included from /tmp/assist-native-allocate-ex-root-final-macos/_deps/assist_masking_absl-src/absl/time/internal/cctz/src/time_zone_fixed.cc:15:
In file included from /tmp/assist-native-allocate-ex-root-final-macos/_deps/assist_masking_absl-src/absl/time/internal/cctz/src/time_zone_fixed.h:18:
In file included from /Applications/Xcode.app/Contents/Developer/Platforms/MacOSX.platform/Developer/SDKs/MacOSX27.2.sdk/usr/include/c++/v1/string:594:
In file included from /Applications/Xcode.app/Contents/Developer/Platforms/MacOSX.platform/Developer/SDKs/MacOSX27.2.sdk/usr/include/c++/v1/__algorithm/max.h:12:
In file included from /Applications/Xcode.app/Contents/Developer/Platforms/MacOSX.platform/Developer/SDKs/MacOSX27.2.sdk/usr/include/c++/v1/__algorithm/comp.h:12:
In file included from /Applications/Xcode.app/Contents/Developer/Platforms/MacOSX.platform/Developer/SDKs/MacOSX27.2.sdk/usr/include/c++/v1/__config:15:
/Applications/Xcode.app/Contents/Developer/Platforms/MacOSX.platform/Developer/SDKs/MacOSX27.2.sdk/usr/include/c++/v1/__configuration/availability.h:204:4: warning: "The selected platform is no longer supported by libc++." [-W#warnings]
  204 | #  warning "The selected platform is no longer supported by libc++."
      |    ^
1 warning generated.
[  0%] Building CXX object _deps/assist_masking_absl-build/absl/time/CMakeFiles/time_zone.dir/internal/cctz/src/time_zone_if.cc.o
[  0%] Built target log_severity
In file included from /tmp/assist-native-allocate-ex-root-final-macos/_deps/assist_masking_absl-src/absl/log/internal/nullguard.cc:15:
In file included from /tmp/assist-native-allocate-ex-root-final-macos/_deps/assist_masking_absl-src/absl/log/internal/nullguard.h:27:
In file included from /Applications/Xcode.app/Contents/Developer/Platforms/MacOSX.platform/Developer/SDKs/MacOSX27.2.sdk/usr/include/c++/v1/array:117:
In file included from /Applications/Xcode.app/Contents/Developer/Platforms/MacOSX.platform/Developer/SDKs/MacOSX27.2.sdk/usr/include/c++/v1/__algorithm/equal.h:13:
In file included from /Applications/Xcode.app/Contents/Developer/Platforms/MacOSX.platform/Developer/SDKs/MacOSX27.2.sdk/usr/include/c++/v1/__algorithm/comp.h:12:
In file included from /Applications/Xcode.app/Contents/Developer/Platforms/MacOSX.platform/Developer/SDKs/MacOSX27.2.sdk/usr/include/c++/v1/__config:15:
/Applications/Xcode.app/Contents/Developer/Platforms/MacOSX.platform/Developer/SDKs/MacOSX27.2.sdk/usr/include/c++/v1/__configuration/availability.h:204:4: warning: "The selected platform is no longer supported by libc++." [-W#warnings]
  204 | #  warning "The selected platform is no longer supported by libc++."
      |    ^
1 warning generated.
[  0%] Built target int128
[  0%] Built target civil_time
[  0%] Built target assist_static_text_metadata
[  0%] Linking CXX static library libabsl_log_internal_nullguard.a
[  0%] Building CXX object _deps/assist_masking_absl-build/absl/time/CMakeFiles/time_zone.dir/internal/cctz/src/time_zone_impl.cc.o
[  0%] Building CXX object _deps/assist_masking_absl-build/absl/base/CMakeFiles/raw_logging_internal.dir/internal/raw_logging.cc.o
[  0%] Building CXX object CMakeFiles/assist_static_text_scripts.dir/generated/static-text/scripts.cpp.o
[  0%] Built target log_internal_nullguard
[  0%] Building CXX object CMakeFiles/assist_static_text_manifest.dir/generated/static-text/manifest.cpp.o
In file included from /tmp/assist-native-allocate-ex-root-final-macos/generated/static-text/prompts_keys.cpp:2:
In file included from /tmp/assist-native-allocate-ex-root-final/include/assist/common/static_text.hpp:3:
In file included from /Applications/Xcode.app/Contents/Developer/Platforms/MacOSX.platform/Developer/SDKs/MacOSX27.2.sdk/usr/include/c++/v1/array:117:
In file included from /Applications/Xcode.app/Contents/Developer/Platforms/MacOSX.platform/Developer/SDKs/MacOSX27.2.sdk/usr/include/c++/v1/__algorithm/equal.h:13:
In file included from /Applications/Xcode.app/Contents/Developer/Platforms/MacOSX.platform/Developer/SDKs/MacOSX27.2.sdk/usr/include/c++/v1/__algorithm/comp.h:12:
In file included from /Applications/Xcode.app/Contents/Developer/Platforms/MacOSX.platform/Developer/SDKs/MacOSX27.2.sdk/usr/include/c++/v1/__config:15:
/Applications/Xcode.app/Contents/Developer/Platforms/MacOSX.platform/Developer/SDKs/MacOSX27.2.sdk/usr/include/c++/v1/__configuration/availability.h:204:4: warning: "The selected platform is no longer supported by libc++." [-W#warnings]
  204 | #  warning "The selected platform is no longer supported by libc++."
      |    ^
1 warning generated.
In file included from /tmp/assist-native-allocate-ex-root-final-macos/generated/static-text/prompts.cpp:2:
In file included from /tmp/assist-native-allocate-ex-root-final/include/assist/common/static_text.hpp:3:
In file included from /Applications/Xcode.app/Contents/Developer/Platforms/MacOSX.platform/Developer/SDKs/MacOSX27.2.sdk/usr/include/c++/v1/array:117:
In file included from /Applications/Xcode.app/Contents/Developer/Platforms/MacOSX.platform/Developer/SDKs/MacOSX27.2.sdk/usr/include/c++/v1/__algorithm/equal.h:13:
In file included from /Applications/Xcode.app/Contents/Developer/Platforms/MacOSX.platform/Developer/SDKs/MacOSX27.2.sdk/usr/include/c++/v1/__algorithm/comp.h:12:
In file included from /Applications/Xcode.app/Contents/Developer/Platforms/MacOSX.platform/Developer/SDKs/MacOSX27.2.sdk/usr/include/c++/v1/__config:15:
/Applications/Xcode.app/Contents/Developer/Platforms/MacOSX.platform/Developer/SDKs/MacOSX27.2.sdk/usr/include/c++/v1/__configuration/availability.h:204:4: warning: "The selected platform is no longer supported by libc++." [-W#warnings]
  204 | #  warning "The selected platform is no longer supported by libc++."
      |    ^
1 warning generated.
[  0%] Building CXX object _deps/assist_masking_absl-build/absl/time/CMakeFiles/time_zone.dir/internal/cctz/src/time_zone_info.cc.o
In file included from /tmp/assist-native-allocate-ex-root-final-macos/_deps/assist_masking_absl-src/absl/time/internal/cctz/src/time_zone_format.cc:27:
In file included from /tmp/assist-native-allocate-ex-root-final-macos/_deps/assist_masking_absl-src/absl/base/config.h:56:
In file included from /Applications/Xcode.app/Contents/Developer/Platforms/MacOSX.platform/Developer/SDKs/MacOSX27.2.sdk/usr/include/c++/v1/cstddef:39:
In file included from /Applications/Xcode.app/Contents/Developer/Platforms/MacOSX.platform/Developer/SDKs/MacOSX27.2.sdk/usr/include/c++/v1/__config:15:
/Applications/Xcode.app/Contents/Developer/Platforms/MacOSX.platform/Developer/SDKs/MacOSX27.2.sdk/usr/include/c++/v1/__configuration/availability.h:204:4: warning: "The selected platform is no longer supported by libc++." [-W#warnings]
  204 | #  warning "The selected platform is no longer supported by libc++."
      |    ^
1 warning generated.
[  0%] Linking CXX static library libassist_static_text_prompts.a
[  0%] Building CXX object _deps/assist_masking_absl-build/absl/time/CMakeFiles/time_zone.dir/internal/cctz/src/time_zone_libc.cc.o
[  0%] Built target assist_static_text_prompts
[  0%] Building CXX object _deps/assist_masking_absl-build/absl/time/CMakeFiles/time_zone.dir/internal/cctz/src/time_zone_lookup.cc.o
In file included from /tmp/assist-native-allocate-ex-root-final-macos/generated/static-text/scripts.cpp:2:
In file included from /tmp/assist-native-allocate-ex-root-final/include/assist/common/static_text.hpp:3:
In file included from /Applications/Xcode.app/Contents/Developer/Platforms/MacOSX.platform/Developer/SDKs/MacOSX27.2.sdk/usr/include/c++/v1/array:117:
In file included from /Applications/Xcode.app/Contents/Developer/Platforms/MacOSX.platform/Developer/SDKs/MacOSX27.2.sdk/usr/include/c++/v1/__algorithm/equal.h:13:
In file included from /Applications/Xcode.app/Contents/Developer/Platforms/MacOSX.platform/Developer/SDKs/MacOSX27.2.sdk/usr/include/c++/v1/__algorithm/comp.h:12:
In file included from /Applications/Xcode.app/Contents/Developer/Platforms/MacOSX.platform/Developer/SDKs/MacOSX27.2.sdk/usr/include/c++/v1/__config:15:
/Applications/Xcode.app/Contents/Developer/Platforms/MacOSX.platform/Developer/SDKs/MacOSX27.2.sdk/usr/include/c++/v1/__configuration/availability.h:204:4: warning: "The selected platform is no longer supported by libc++." [-W#warnings]
  204 | #  warning "The selected platform is no longer supported by libc++."
      |    ^
1 warning generated.
[  0%] Building CXX object CMakeFiles/assist_static_text_scripts.dir/generated/static-text/scripts_keys.cpp.o
In file included from /tmp/assist-native-allocate-ex-root-final-macos/_deps/assist_masking_absl-src/absl/time/internal/cctz/src/time_zone_if.cc:15:
In file included from /tmp/assist-native-allocate-ex-root-final-macos/_deps/assist_masking_absl-src/absl/time/internal/cctz/src/time_zone_if.h:18:
In file included from /Applications/Xcode.app/Contents/Developer/Platforms/MacOSX.platform/Developer/SDKs/MacOSX27.2.sdk/usr/include/c++/v1/chrono:1092:
In file included from /Applications/Xcode.app/Contents/Developer/Platforms/MacOSX.platform/Developer/SDKs/MacOSX27.2.sdk/usr/include/c++/v1/__config:15:
/Applications/Xcode.app/Contents/Developer/Platforms/MacOSX.platform/Developer/SDKs/MacOSX27.2.sdk/usr/include/c++/v1/__configuration/availability.h:204:4: warning: "The selected platform is no longer supported by libc++." [-W#warnings]
  204 | #  warning "The selected platform is no longer supported by libc++."
      |    ^
1 warning generated.
In file included from /tmp/assist-native-allocate-ex-root-final-macos/_deps/assist_masking_absl-src/absl/base/internal/raw_logging.cc:15:
In file included from /tmp/assist-native-allocate-ex-root-final-macos/_deps/assist_masking_absl-src/absl/base/internal/raw_logging.h:22:
In file included from /Applications/Xcode.app/Contents/Developer/Platforms/MacOSX.platform/Developer/SDKs/MacOSX27.2.sdk/usr/include/c++/v1/string:594:
In file included from /Applications/Xcode.app/Contents/Developer/Platforms/MacOSX.platform/Developer/SDKs/MacOSX27.2.sdk/usr/include/c++/v1/__algorithm/max.h:12:
In file included from /Applications/Xcode.app/Contents/Developer/Platforms/MacOSX.platform/Developer/SDKs/MacOSX27.2.sdk/usr/include/c++/v1/__algorithm/comp.h:12:
In file included from /Applications/Xcode.app/Contents/Developer/Platforms/MacOSX.platform/Developer/SDKs/MacOSX27.2.sdk/usr/include/c++/v1/__config:15:
/Applications/Xcode.app/Contents/Developer/Platforms/MacOSX.platform/Developer/SDKs/MacOSX27.2.sdk/usr/include/c++/v1/__configuration/availability.h:204:4: warning: "The selected platform is no longer supported by libc++." [-W#warnings]
  204 | #  warning "The selected platform is no longer supported by libc++."
      |    ^
1 warning generated.
In file included from /tmp/assist-native-allocate-ex-root-final-macos/generated/static-text/manifest.cpp:2:
In file included from /tmp/assist-native-allocate-ex-root-final/include/assist/common/static_text.hpp:3:
In file included from /Applications/Xcode.app/Contents/Developer/Platforms/MacOSX.platform/Developer/SDKs/MacOSX27.2.sdk/usr/include/c++/v1/array:117:
In file included from /Applications/Xcode.app/Contents/Developer/Platforms/MacOSX.platform/Developer/SDKs/MacOSX27.2.sdk/usr/include/c++/v1/__algorithm/equal.h:13:
In file included from /Applications/Xcode.app/Contents/Developer/Platforms/MacOSX.platform/Developer/SDKs/MacOSX27.2.sdk/usr/include/c++/v1/__algorithm/comp.h:12:
In file included from /Applications/Xcode.app/Contents/Developer/Platforms/MacOSX.platform/Developer/SDKs/MacOSX27.2.sdk/usr/include/c++/v1/__config:15:
/Applications/Xcode.app/Contents/Developer/Platforms/MacOSX.platform/Developer/SDKs/MacOSX27.2.sdk/usr/include/c++/v1/__configuration/availability.h:204:4: warning: "The selected platform is no longer supported by libc++." [-W#warnings]
  204 | #  warning "The selected platform is no longer supported by libc++."
      |    ^
1 warning generated.
[  0%] Building CXX object CMakeFiles/assist_static_text_manifest.dir/generated/static-text/manifest_keys.cpp.o
[  0%] Linking CXX static library libabsl_raw_logging_internal.a
[  0%] Building CXX object CMakeFiles/assist_embedded_prompts.dir/src/core/embedded_prompts.cpp.o
[  0%] Built target raw_logging_internal
In file included from /tmp/assist-native-allocate-ex-root-final-macos/_deps/assist_masking_absl-src/absl/time/internal/cctz/src/time_zone_impl.cc:15:
In file included from /tmp/assist-native-allocate-ex-root-final-macos/_deps/assist_masking_absl-src/absl/time/internal/cctz/src/time_zone_impl.h:18:
In file included from /Applications/Xcode.app/Contents/Developer/Platforms/MacOSX.platform/Developer/SDKs/MacOSX27.2.sdk/usr/include/c++/v1/memory:943:
In file included from /Applications/Xcode.app/Contents/Developer/Platforms/MacOSX.platform/Developer/SDKs/MacOSX27.2.sdk/usr/include/c++/v1/__config:15:
/Applications/Xcode.app/Contents/Developer/Platforms/MacOSX.platform/Developer/SDKs/MacOSX27.2.sdk/usr/include/c++/v1/__configuration/availability.h:204:4: warning: "The selected platform is no longer supported by libc++." [-W#warnings]
  204 | #  warning "The selected platform is no longer supported by libc++."
      |    ^
1 warning generated.
[  0%] Building CXX object _deps/assist_masking_absl-build/absl/base/CMakeFiles/base.dir/internal/cycleclock.cc.o
[  0%] Building CXX object _deps/assist_masking_absl-build/absl/base/CMakeFiles/base.dir/internal/spinlock.cc.o
In file included from /tmp/assist-native-allocate-ex-root-final-macos/_deps/assist_masking_absl-src/absl/time/internal/cctz/src/time_zone_libc.cc:19:
In file included from /tmp/assist-native-allocate-ex-root-final-macos/_deps/assist_masking_absl-src/absl/time/internal/cctz/src/time_zone_libc.h:18:
In file included from /Applications/Xcode.app/Contents/Developer/Platforms/MacOSX.platform/Developer/SDKs/MacOSX27.2.sdk/usr/include/c++/v1/memory:943:
In file included from /Applications/Xcode.app/Contents/Developer/Platforms/MacOSX.platform/Developer/SDKs/MacOSX27.2.sdk/usr/include/c++/v1/__config:15:
/Applications/Xcode.app/Contents/Developer/Platforms/MacOSX.platform/Developer/SDKs/MacOSX27.2.sdk/usr/include/c++/v1/__configuration/availability.h:204:4: warning: "The selected platform is no longer supported by libc++." [-W#warnings]
  204 | #  warning "The selected platform is no longer supported by libc++."
      |    ^
1 warning generated.
[  0%] Building CXX object _deps/assist_masking_absl-build/absl/time/CMakeFiles/time_zone.dir/internal/cctz/src/time_zone_posix.cc.o
In file included from /tmp/assist-native-allocate-ex-root-final-macos/_deps/assist_masking_absl-src/absl/time/internal/cctz/src/time_zone_lookup.cc:15:
In file included from /tmp/assist-native-allocate-ex-root-final-macos/_deps/assist_masking_absl-src/absl/base/config.h:56:
In file included from /Applications/Xcode.app/Contents/Developer/Platforms/MacOSX.platform/Developer/SDKs/MacOSX27.2.sdk/usr/include/c++/v1/cstddef:39:
In file included from /Applications/Xcode.app/Contents/Developer/Platforms/MacOSX.platform/Developer/SDKs/MacOSX27.2.sdk/usr/include/c++/v1/__config:15:
/Applications/Xcode.app/Contents/Developer/Platforms/MacOSX.platform/Developer/SDKs/MacOSX27.2.sdk/usr/include/c++/v1/__configuration/availability.h:204:4: warning: "The selected platform is no longer supported by libc++." [-W#warnings]
  204 | #  warning "The selected platform is no longer supported by libc++."
      |    ^
1 warning generated.
In file included from /tmp/assist-native-allocate-ex-root-final-macos/generated/static-text/scripts_keys.cpp:2:
In file included from /tmp/assist-native-allocate-ex-root-final/include/assist/common/static_text.hpp:3:
In file included from /Applications/Xcode.app/Contents/Developer/Platforms/MacOSX.platform/Developer/SDKs/MacOSX27.2.sdk/usr/include/c++/v1/array:117:
In file included from /Applications/Xcode.app/Contents/Developer/Platforms/MacOSX.platform/Developer/SDKs/MacOSX27.2.sdk/usr/include/c++/v1/__algorithm/equal.h:13:
In file included from /Applications/Xcode.app/Contents/Developer/Platforms/MacOSX.platform/Developer/SDKs/MacOSX27.2.sdk/usr/include/c++/v1/__algorithm/comp.h:12:
In file included from /Applications/Xcode.app/Contents/Developer/Platforms/MacOSX.platform/Developer/SDKs/MacOSX27.2.sdk/usr/include/c++/v1/__config:15:
/Applications/Xcode.app/Contents/Developer/Platforms/MacOSX.platform/Developer/SDKs/MacOSX27.2.sdk/usr/include/c++/v1/__configuration/availability.h:204:4: warning: "The selected platform is no longer supported by libc++." [-W#warnings]
  204 | #  warning "The selected platform is no longer supported by libc++."
      |    ^
1 warning generated.
[  0%] Linking CXX static library libassist_static_text_scripts.a
[  0%] Building CXX object _deps/assist_masking_absl-build/absl/base/CMakeFiles/throw_delegate.dir/internal/throw_delegate.cc.o
In file included from /tmp/assist-native-allocate-ex-root-final/src/core/embedded_prompts.cpp:1:
In file included from /tmp/assist-native-allocate-ex-root-final/include/assist/core/embedded_prompts.hpp:16:
In file included from /tmp/assist-native-allocate-ex-root-final/include/assist/common/static_text.hpp:3:
In file included from /Applications/Xcode.app/Contents/Developer/Platforms/MacOSX.platform/Developer/SDKs/MacOSX27.2.sdk/usr/include/c++/v1/array:117:
In file included from /Applications/Xcode.app/Contents/Developer/Platforms/MacOSX.platform/Developer/SDKs/MacOSX27.2.sdk/usr/include/c++/v1/__algorithm/equal.h:13:
In file included from /Applications/Xcode.app/Contents/Developer/Platforms/MacOSX.platform/Developer/SDKs/MacOSX27.2.sdk/usr/include/c++/v1/__algorithm/comp.h:12:
In file included from /Applications/Xcode.app/Contents/Developer/Platforms/MacOSX.platform/Developer/SDKs/MacOSX27.2.sdk/usr/include/c++/v1/__config:15:
/Applications/Xcode.app/Contents/Developer/Platforms/MacOSX.platform/Developer/SDKs/MacOSX27.2.sdk/usr/include/c++/v1/__configuration/availability.h:204:4: warning: "The selected platform is no longer supported by libc++." [-W#warnings]
  204 | #  warning "The selected platform is no longer supported by libc++."
      |    ^
1 warning generated.
[  0%] Built target assist_static_text_scripts
[  0%] Linking CXX static library libassist_embedded_prompts.a
In file included from /tmp/assist-native-allocate-ex-root-final-macos/generated/static-text/manifest_keys.cpp:2:
In file included from /tmp/assist-native-allocate-ex-root-final/include/assist/common/static_text.hpp:3:
In file included from /Applications/Xcode.app/Contents/Developer/Platforms/MacOSX.platform/Developer/SDKs/MacOSX27.2.sdk/usr/include/c++/v1/array:117:
In file included from /Applications/Xcode.app/Contents/Developer/Platforms/MacOSX.platform/Developer/SDKs/MacOSX27.2.sdk/usr/include/c++/v1/__algorithm/equal.h:13:
In file included from /Applications/Xcode.app/Contents/Developer/Platforms/MacOSX.platform/Developer/SDKs/MacOSX27.2.sdk/usr/include/c++/v1/__algorithm/comp.h:12:
In file included from /Applications/Xcode.app/Contents/Developer/Platforms/MacOSX.platform/Developer/SDKs/MacOSX27.2.sdk/usr/include/c++/v1/__config:15:
/Applications/Xcode.app/Contents/Developer/Platforms/MacOSX.platform/Developer/SDKs/MacOSX27.2.sdk/usr/include/c++/v1/__configuration/availability.h:204:4: warning: "The selected platform is no longer supported by libc++." [-W#warnings]
  204 | #  warning "The selected platform is no longer supported by libc++."
      |    ^
1 warning generated.
In file included from /tmp/assist-native-allocate-ex-root-final-macos/_deps/assist_masking_absl-src/absl/time/internal/cctz/src/time_zone_info.cc:33:
In file included from /tmp/assist-native-allocate-ex-root-final-macos/_deps/assist_masking_absl-src/absl/time/internal/cctz/src/time_zone_info.h:18:
In file included from /Applications/Xcode.app/Contents/Developer/Platforms/MacOSX.platform/Developer/SDKs/MacOSX27.2.sdk/usr/include/c++/v1/atomic:593:
In file included from /Applications/Xcode.app/Contents/Developer/Platforms/MacOSX.platform/Developer/SDKs/MacOSX27.2.sdk/usr/include/c++/v1/__config:15:
/Applications/Xcode.app/Contents/Developer/Platforms/MacOSX.platform/Developer/SDKs/MacOSX27.2.sdk/usr/include/c++/v1/__configuration/availability.h:204:4: warning: "The selected platform is no longer supported by libc++." [-W#warnings]
  204 | #  warning "The selected platform is no longer supported by libc++."
      |    ^
1 warning generated.
[  0%] Linking CXX static library libassist_static_text_manifest.a
[  0%] Building CXX object _deps/assist_masking_absl-build/absl/debugging/CMakeFiles/debugging_internal.dir/internal/address_is_readable.cc.o
[  0%] Building CXX object _deps/assist_masking_absl-build/absl/time/CMakeFiles/time_zone.dir/internal/cctz/src/zone_info_source.cc.o
[  0%] Built target assist_embedded_prompts
[  0%] Built target assist_static_text_manifest
[  0%] Building CXX object _deps/assist_masking_absl-build/absl/types/CMakeFiles/bad_variant_access.dir/bad_variant_access.cc.o
[  0%] Building CXX object _deps/assist_masking_absl-build/absl/types/CMakeFiles/bad_optional_access.dir/bad_optional_access.cc.o
In file included from /tmp/assist-native-allocate-ex-root-final-macos/_deps/assist_masking_absl-src/absl/debugging/internal/address_is_readable.cc:18:
In file included from /tmp/assist-native-allocate-ex-root-final-macos/_deps/assist_masking_absl-src/absl/debugging/internal/address_is_readable.h:18:
In file included from /tmp/assist-native-allocate-ex-root-final-macos/_deps/assist_masking_absl-src/absl/base/config.h:56:
In file included from /Applications/Xcode.app/Contents/Developer/Platforms/MacOSX.platform/Developer/SDKs/MacOSX27.2.sdk/usr/include/c++/v1/cstddef:39:
In file included from /Applications/Xcode.app/Contents/Developer/Platforms/MacOSX.platform/Developer/SDKs/MacOSX27.2.sdk/usr/include/c++/v1/__config:15:
/Applications/Xcode.app/Contents/Developer/Platforms/MacOSX.platform/Developer/SDKs/MacOSX27.2.sdk/usr/include/c++/v1/__configuration/availability.h:204:4: warning: "The selected platform is no longer supported by libc++." [-W#warnings]
  204 | #  warning "The selected platform is no longer supported by libc++."
      |    ^
1 warning generated.
[  0%] Building CXX object _deps/assist_masking_absl-build/absl/debugging/CMakeFiles/debugging_internal.dir/internal/elf_mem_image.cc.o
In file included from /tmp/assist-native-allocate-ex-root-final-macos/_deps/assist_masking_absl-src/absl/base/internal/spinlock.cc:15:
In file included from /tmp/assist-native-allocate-ex-root-final-macos/_deps/assist_masking_absl-src/absl/base/internal/spinlock.h:32:
In file included from /Applications/Xcode.app/Contents/Developer/Platforms/MacOSX.platform/Developer/SDKs/MacOSX27.2.sdk/usr/include/c++/v1/atomic:593:
In file included from /Applications/Xcode.app/Contents/Developer/Platforms/MacOSX.platform/Developer/SDKs/MacOSX27.2.sdk/usr/include/c++/v1/__config:15:
/Applications/Xcode.app/Contents/Developer/Platforms/MacOSX.platform/Developer/SDKs/MacOSX27.2.sdk/usr/include/c++/v1/__configuration/availability.h:204:4: warning: "The selected platform is no longer supported by libc++." [-W#warnings]
  204 | #  warning "The selected platform is no longer supported by libc++."
      |    ^
1 warning generated.
In file included from /tmp/assist-native-allocate-ex-root-final-macos/_deps/assist_masking_absl-src/absl/base/internal/cycleclock.cc:23:
In file included from /tmp/assist-native-allocate-ex-root-final-macos/_deps/assist_masking_absl-src/absl/base/internal/cycleclock.h:45:
In file included from /Applications/Xcode.app/Contents/Developer/Platforms/MacOSX.platform/Developer/SDKs/MacOSX27.2.sdk/usr/include/c++/v1/atomic:593:
In file included from /Applications/Xcode.app/Contents/Developer/Platforms/MacOSX.platform/Developer/SDKs/MacOSX27.2.sdk/usr/include/c++/v1/__config:15:
/Applications/Xcode.app/Contents/Developer/Platforms/MacOSX.platform/Developer/SDKs/MacOSX27.2.sdk/usr/include/c++/v1/__configuration/availability.h:204:4: warning: "The selected platform is no longer supported by libc++." [-W#warnings]
  204 | #  warning "The selected platform is no longer supported by libc++."
      |    ^
1 warning generated.
In file included from /tmp/assist-native-allocate-ex-root-final-macos/_deps/assist_masking_absl-src/absl/debugging/internal/elf_mem_image.cc:18:
In file included from /tmp/assist-native-allocate-ex-root-final-macos/_deps/assist_masking_absl-src/absl/debugging/internal/elf_mem_image.h:24:
In file included from /Applications/Xcode.app/Contents/Developer/Platforms/MacOSX.platform/Developer/SDKs/MacOSX27.2.sdk/usr/include/c++/v1/climits:43:
In file included from /Applications/Xcode.app/Contents/Developer/Platforms/MacOSX.platform/Developer/SDKs/MacOSX27.2.sdk/usr/include/c++/v1/__config:15:
/Applications/Xcode.app/Contents/Developer/Platforms/MacOSX.platform/Developer/SDKs/MacOSX27.2.sdk/usr/include/c++/v1/__configuration/availability.h:204:4: warning: "The selected platform is no longer supported by libc++." [-W#warnings]
  204 | #  warning "The selected platform is no longer supported by libc++."
      |    ^
1 warning generated.
[  0%] Building CXX object _deps/assist_masking_absl-build/absl/strings/CMakeFiles/cordz_functions.dir/internal/cordz_functions.cc.o
[  0%] Building CXX object _deps/assist_masking_absl-build/absl/base/CMakeFiles/base.dir/internal/sysinfo.cc.o
[ 20%] Building CXX object _deps/assist_masking_absl-build/absl/debugging/CMakeFiles/debugging_internal.dir/internal/vdso_support.cc.o
In file included from /tmp/assist-native-allocate-ex-root-final-macos/_deps/assist_masking_absl-src/absl/types/bad_variant_access.cc:15:
In file included from /tmp/assist-native-allocate-ex-root-final-macos/_deps/assist_masking_absl-src/absl/types/bad_variant_access.h:24:
In file included from /Applications/Xcode.app/Contents/Developer/Platforms/MacOSX.platform/Developer/SDKs/MacOSX27.2.sdk/usr/include/c++/v1/stdexcept:47:
In file included from /Applications/Xcode.app/Contents/Developer/Platforms/MacOSX.platform/Developer/SDKs/MacOSX27.2.sdk/usr/include/c++/v1/__config:15:
/Applications/Xcode.app/Contents/Developer/Platforms/MacOSX.platform/Developer/SDKs/MacOSX27.2.sdk/usr/include/c++/v1/__configuration/availability.h:204:4: warning: "The selected platform is no longer supported by libc++." [-W#warnings]
  204 | #  warning "The selected platform is no longer supported by libc++."
      |    ^
1 warning generated.
[ 20%] Linking CXX static library libabsl_bad_variant_access.a
In file included from /tmp/assist-native-allocate-ex-root-final-macos/_deps/assist_masking_absl-src/absl/time/internal/cctz/src/time_zone_posix.cc:15:
In file included from /tmp/assist-native-allocate-ex-root-final-macos/_deps/assist_masking_absl-src/absl/time/internal/cctz/src/time_zone_posix.h:55:
In file included from /Applications/Xcode.app/Contents/Developer/Platforms/MacOSX.platform/Developer/SDKs/MacOSX27.2.sdk/usr/include/c++/v1/cstdint:146:
In file included from /Applications/Xcode.app/Contents/Developer/Platforms/MacOSX.platform/Developer/SDKs/MacOSX27.2.sdk/usr/include/c++/v1/__config:15:
/Applications/Xcode.app/Contents/Developer/Platforms/MacOSX.platform/Developer/SDKs/MacOSX27.2.sdk/usr/include/c++/v1/__configuration/availability.h:204:4: warning: "The selected platform is no longer supported by libc++." [-W#warnings]
  204 | #  warning "The selected platform is no longer supported by libc++."
      |    ^
1 warning generated.
[ 20%] Building CXX object CMakeFiles/assist_frida_host_source.dir/src/tools/frida_host_source.cpp.o
[ 20%] Built target bad_variant_access
[ 20%] Building CXX object CMakeFiles/assist_mcp.dir/src/mcp/assist_mcp_main.cpp.o
In file included from /tmp/assist-native-allocate-ex-root-final-macos/_deps/assist_masking_absl-src/absl/types/bad_optional_access.cc:15:
In file included from /tmp/assist-native-allocate-ex-root-final-macos/_deps/assist_masking_absl-src/absl/types/bad_optional_access.h:24:
In file included from /Applications/Xcode.app/Contents/Developer/Platforms/MacOSX.platform/Developer/SDKs/MacOSX27.2.sdk/usr/include/c++/v1/stdexcept:47:
In file included from /Applications/Xcode.app/Contents/Developer/Platforms/MacOSX.platform/Developer/SDKs/MacOSX27.2.sdk/usr/include/c++/v1/__config:15:
/Applications/Xcode.app/Contents/Developer/Platforms/MacOSX.platform/Developer/SDKs/MacOSX27.2.sdk/usr/include/c++/v1/__configuration/availability.h:204:4: warning: "The selected platform is no longer supported by libc++." [-W#warnings]
  204 | #  warning "The selected platform is no longer supported by libc++."
      |    ^
1 warning generated.
In file included from /tmp/assist-native-allocate-ex-root-final-macos/_deps/assist_masking_absl-src/absl/debugging/internal/vdso_support.cc:19:
In file included from /tmp/assist-native-allocate-ex-root-final-macos/_deps/assist_masking_absl-src/absl/debugging/internal/vdso_support.h:42:
In file included from /Applications/Xcode.app/Contents/Developer/Platforms/MacOSX.platform/Developer/SDKs/MacOSX27.2.sdk/usr/include/c++/v1/atomic:593:
In file included from /Applications/Xcode.app/Contents/Developer/Platforms/MacOSX.platform/Developer/SDKs/MacOSX27.2.sdk/usr/include/c++/v1/__config:15:
/Applications/Xcode.app/Contents/Developer/Platforms/MacOSX.platform/Developer/SDKs/MacOSX27.2.sdk/usr/include/c++/v1/__configuration/availability.h:204:4: warning: "The selected platform is no longer supported by libc++." [-W#warnings]
  204 | #  warning "The selected platform is no longer supported by libc++."
      |    ^
1 warning generated.
[ 20%] Linking CXX static library libabsl_bad_optional_access.a
[ 20%] Linking CXX static library libabsl_debugging_internal.a
[ 20%] Built target bad_optional_access
[ 20%] Built target debugging_internal
[ 20%] Building CXX object _deps/assist_masking_absl-build/absl/base/CMakeFiles/base.dir/internal/thread_identity.cc.o
[ 20%] Building CXX object _deps/assist_masking_absl-build/absl/base/CMakeFiles/base.dir/internal/unscaledcycleclock.cc.o
In file included from /tmp/assist-native-allocate-ex-root-final-macos/_deps/assist_masking_absl-src/absl/base/internal/throw_delegate.cc:15:
In file included from /tmp/assist-native-allocate-ex-root-final-macos/_deps/assist_masking_absl-src/absl/base/internal/throw_delegate.h:20:
In file included from /Applications/Xcode.app/Contents/Developer/Platforms/MacOSX.platform/Developer/SDKs/MacOSX27.2.sdk/usr/include/c++/v1/string:594:
In file included from /Applications/Xcode.app/Contents/Developer/Platforms/MacOSX.platform/Developer/SDKs/MacOSX27.2.sdk/usr/include/c++/v1/__algorithm/max.h:12:
In file included from /Applications/Xcode.app/Contents/Developer/Platforms/MacOSX.platform/Developer/SDKs/MacOSX27.2.sdk/usr/include/c++/v1/__algorithm/comp.h:12:
In file included from /Applications/Xcode.app/Contents/Developer/Platforms/MacOSX.platform/Developer/SDKs/MacOSX27.2.sdk/usr/include/c++/v1/__config:15:
/Applications/Xcode.app/Contents/Developer/Platforms/MacOSX.platform/Developer/SDKs/MacOSX27.2.sdk/usr/include/c++/v1/__configuration/availability.h:204:4: warning: "The selected platform is no longer supported by libc++." [-W#warnings]
  204 | #  warning "The selected platform is no longer supported by libc++."
      |    ^
1 warning generated.
[ 20%] Linking CXX static library libabsl_throw_delegate.a
In file included from /tmp/assist-native-allocate-ex-root-final-macos/_deps/assist_masking_absl-src/absl/base/internal/unscaledcycleclock.cc:15:
In file included from /tmp/assist-native-allocate-ex-root-final-macos/_deps/assist_masking_absl-src/absl/base/internal/unscaledcycleclock.h:39:
In file included from /Applications/Xcode.app/Contents/Developer/Platforms/MacOSX.platform/Developer/SDKs/MacOSX27.2.sdk/usr/include/c++/v1/cstdint:146:
In file included from /Applications/Xcode.app/Contents/Developer/Platforms/MacOSX.platform/Developer/SDKs/MacOSX27.2.sdk/usr/include/c++/v1/__config:15:
/Applications/Xcode.app/Contents/Developer/Platforms/MacOSX.platform/Developer/SDKs/MacOSX27.2.sdk/usr/include/c++/v1/__configuration/availability.h:204:4: warning: "The selected platform is no longer supported by libc++." [-W#warnings]
  204 | #  warning "The selected platform is no longer supported by libc++."
      |    ^
1 warning generated.
In file included from /tmp/assist-native-allocate-ex-root-final-macos/_deps/assist_masking_absl-src/absl/time/internal/cctz/src/zone_info_source.cc:15:
In file included from /tmp/assist-native-allocate-ex-root-final-macos/_deps/assist_masking_absl-src/absl/time/internal/cctz/include/cctz/zone_info_source.h:18:
In file included from /Applications/Xcode.app/Contents/Developer/Platforms/MacOSX.platform/Developer/SDKs/MacOSX27.2.sdk/usr/include/c++/v1/cstddef:39:
In file included from /Applications/Xcode.app/Contents/Developer/Platforms/MacOSX.platform/Developer/SDKs/MacOSX27.2.sdk/usr/include/c++/v1/__config:15:
/Applications/Xcode.app/Contents/Developer/Platforms/MacOSX.platform/Developer/SDKs/MacOSX27.2.sdk/usr/include/c++/v1/__configuration/availability.h:204:4: warning: "The selected platform is no longer supported by libc++." [-W#warnings]
  204 | #  warning "The selected platform is no longer supported by libc++."
      |    ^
1 warning generated.
[ 20%] Linking CXX static library libabsl_time_zone.a
[ 20%] Building CXX object _deps/assist_masking_absl-build/absl/debugging/CMakeFiles/stacktrace.dir/stacktrace.cc.o
[ 20%] Built target throw_delegate
[ 20%] Building CXX object CMakeFiles/assist_mcp.dir/src/mcp/stdio_bridge.cpp.o
[ 20%] Built target time_zone
[ 20%] Building CXX object CMakeFiles/assist_mcp.dir/src/mcp/agent_relay.cpp.o
In file included from /tmp/assist-native-allocate-ex-root-final-macos/_deps/assist_masking_absl-src/absl/debugging/stacktrace.cc:37:
In file included from /tmp/assist-native-allocate-ex-root-final-macos/_deps/assist_masking_absl-src/absl/debugging/stacktrace.h:34:
In file included from /tmp/assist-native-allocate-ex-root-final-macos/_deps/assist_masking_absl-src/absl/base/config.h:56:
In file included from /Applications/Xcode.app/Contents/Developer/Platforms/MacOSX.platform/Developer/SDKs/MacOSX27.2.sdk/usr/include/c++/v1/cstddef:39:
In file included from /Applications/Xcode.app/Contents/Developer/Platforms/MacOSX.platform/Developer/SDKs/MacOSX27.2.sdk/usr/include/c++/v1/__config:15:
/Applications/Xcode.app/Contents/Developer/Platforms/MacOSX.platform/Developer/SDKs/MacOSX27.2.sdk/usr/include/c++/v1/__configuration/availability.h:204:4: warning: "The selected platform is no longer supported by libc++." [-W#warnings]
  204 | #  warning "The selected platform is no longer supported by libc++."
      |    ^
1 warning generated.
[ 20%] Linking CXX static library libabsl_stacktrace.a
In file included from /tmp/assist-native-allocate-ex-root-final/src/tools/frida_host_source.cpp:1:
In file included from /tmp/assist-native-allocate-ex-root-final/include/assist/tools/frida_host_source.hpp:3:
In file included from /tmp/assist-native-allocate-ex-root-final/include/assist/common/static_text.hpp:3:
In file included from /Applications/Xcode.app/Contents/Developer/Platforms/MacOSX.platform/Developer/SDKs/MacOSX27.2.sdk/usr/include/c++/v1/array:117:
In file included from /Applications/Xcode.app/Contents/Developer/Platforms/MacOSX.platform/Developer/SDKs/MacOSX27.2.sdk/usr/include/c++/v1/__algorithm/equal.h:13:
In file included from /Applications/Xcode.app/Contents/Developer/Platforms/MacOSX.platform/Developer/SDKs/MacOSX27.2.sdk/usr/include/c++/v1/__algorithm/comp.h:12:
In file included from /Applications/Xcode.app/Contents/Developer/Platforms/MacOSX.platform/Developer/SDKs/MacOSX27.2.sdk/usr/include/c++/v1/__config:15:
/Applications/Xcode.app/Contents/Developer/Platforms/MacOSX.platform/Developer/SDKs/MacOSX27.2.sdk/usr/include/c++/v1/__configuration/availability.h:204:4: warning: "The selected platform is no longer supported by libc++." [-W#warnings]
  204 | #  warning "The selected platform is no longer supported by libc++."
      |    ^
1 warning generated.
In file included from /tmp/assist-native-allocate-ex-root-final-macos/_deps/assist_masking_absl-src/absl/base/internal/sysinfo.cc:15:
In file included from /tmp/assist-native-allocate-ex-root-final-macos/_deps/assist_masking_absl-src/absl/base/internal/sysinfo.h:31:
In file included from /Applications/Xcode.app/Contents/Developer/Platforms/MacOSX.platform/Developer/SDKs/MacOSX27.2.sdk/usr/include/c++/v1/cstdint:146:
In file included from /Applications/Xcode.app/Contents/Developer/Platforms/MacOSX.platform/Developer/SDKs/MacOSX27.2.sdk/usr/include/c++/v1/__config:15:
/Applications/Xcode.app/Contents/Developer/Platforms/MacOSX.platform/Developer/SDKs/MacOSX27.2.sdk/usr/include/c++/v1/__configuration/availability.h:204:4: warning: "The selected platform is no longer supported by libc++." [-W#warnings]
  204 | #  warning "The selected platform is no longer supported by libc++."
      |    ^
1 warning generated.
[ 20%] Linking CXX static library libassist_frida_host_source.a
In file included from /tmp/assist-native-allocate-ex-root-final-macos/_deps/assist_masking_absl-src/absl/strings/internal/cordz_functions.cc:15:
In file included from /tmp/assist-native-allocate-ex-root-final-macos/_deps/assist_masking_absl-src/absl/strings/internal/cordz_functions.h:18:
In file included from /Applications/Xcode.app/Contents/Developer/Platforms/MacOSX.platform/Developer/SDKs/MacOSX27.2.sdk/usr/include/c++/v1/stdint.h:18:
In file included from /Applications/Xcode.app/Contents/Developer/Platforms/MacOSX.platform/Developer/SDKs/MacOSX27.2.sdk/usr/include/c++/v1/__config:15:
/Applications/Xcode.app/Contents/Developer/Platforms/MacOSX.platform/Developer/SDKs/MacOSX27.2.sdk/usr/include/c++/v1/__configuration/availability.h:204:4: warning: "The selected platform is no longer supported by libc++." [-W#warnings]
  204 | #  warning "The selected platform is no longer supported by libc++."
      |    ^
1 warning generated.
[ 20%] Building CXX object CMakeFiles/assist_mcp.dir/src/amtp/wire.cpp.o
[ 20%] Linking CXX static library libabsl_cordz_functions.a
[ 20%] Built target stacktrace
[ 20%] Building CXX object CMakeFiles/assist_mcp.dir/src/amtp/session.cpp.o
[ 20%] Built target assist_frida_host_source
[ 20%] Building CXX object CMakeFiles/assist_mcp.dir/src/amtp/local_socket.cpp.o
[ 20%] Built target cordz_functions
[ 20%] Building CXX object CMakeFiles/assist_mcp.dir/src/amtp/owner_only_acl.cpp.o
In file included from /tmp/assist-native-allocate-ex-root-final/src/mcp/assist_mcp_main.cpp:1:
In file included from /tmp/assist-native-allocate-ex-root-final/include/assist/mcp/agent_relay.hpp:16:
In file included from /Applications/Xcode.app/Contents/Developer/Platforms/MacOSX.platform/Developer/SDKs/MacOSX27.2.sdk/usr/include/c++/v1/filesystem:539:
In file included from /Applications/Xcode.app/Contents/Developer/Platforms/MacOSX.platform/Developer/SDKs/MacOSX27.2.sdk/usr/include/c++/v1/__config:15:
/Applications/Xcode.app/Contents/Developer/Platforms/MacOSX.platform/Developer/SDKs/MacOSX27.2.sdk/usr/include/c++/v1/__configuration/availability.h:204:4: warning: "The selected platform is no longer supported by libc++." [-W#warnings]
  204 | #  warning "The selected platform is no longer supported by libc++."
      |    ^
1 warning generated.
[ 20%] Building CXX object CMakeFiles/assist_mcp.dir/src/amtp/identity_store.cpp.o
In file included from /tmp/assist-native-allocate-ex-root-final-macos/_deps/assist_masking_absl-src/absl/base/internal/thread_identity.cc:15:
In file included from /tmp/assist-native-allocate-ex-root-final-macos/_deps/assist_masking_absl-src/absl/base/internal/thread_identity.h:30:
In file included from /Applications/Xcode.app/Contents/Developer/Platforms/MacOSX.platform/Developer/SDKs/MacOSX27.2.sdk/usr/include/c++/v1/atomic:593:
In file included from /Applications/Xcode.app/Contents/Developer/Platforms/MacOSX.platform/Developer/SDKs/MacOSX27.2.sdk/usr/include/c++/v1/__config:15:
/Applications/Xcode.app/Contents/Developer/Platforms/MacOSX.platform/Developer/SDKs/MacOSX27.2.sdk/usr/include/c++/v1/__configuration/availability.h:204:4: warning: "The selected platform is no longer supported by libc++." [-W#warnings]
  204 | #  warning "The selected platform is no longer supported by libc++."
      |    ^
1 warning generated.
[ 20%] Linking CXX static library libabsl_base.a
[ 20%] Built target base
[ 20%] Building CXX object _deps/assist_masking_absl-build/absl/base/CMakeFiles/malloc_internal.dir/internal/low_level_alloc.cc.o
In file included from /tmp/assist-native-allocate-ex-root-final/src/amtp/wire.cpp:16:
In file included from /tmp/assist-native-allocate-ex-root-final/include/assist/amtp/wire.hpp:23:
In file included from /Applications/Xcode.app/Contents/Developer/Platforms/MacOSX.platform/Developer/SDKs/MacOSX27.2.sdk/usr/include/c++/v1/cstddef:39:
In file included from /Applications/Xcode.app/Contents/Developer/Platforms/MacOSX.platform/Developer/SDKs/MacOSX27.2.sdk/usr/include/c++/v1/__config:15:
/Applications/Xcode.app/Contents/Developer/Platforms/MacOSX.platform/Developer/SDKs/MacOSX27.2.sdk/usr/include/c++/v1/__configuration/availability.h:204:4: warning: "The selected platform is no longer supported by libc++." [-W#warnings]
  204 | #  warning "The selected platform is no longer supported by libc++."
      |    ^
1 warning generated.
[ 20%] Building CXX object CMakeFiles/assist_mcp.dir/src/amtp/service.cpp.o
In file included from /tmp/assist-native-allocate-ex-root-final/src/amtp/session.cpp:14:
In file included from /tmp/assist-native-allocate-ex-root-final/include/assist/amtp/session.hpp:22:
In file included from /tmp/assist-native-allocate-ex-root-final/include/assist/amtp/wire.hpp:23:
In file included from /Applications/Xcode.app/Contents/Developer/Platforms/MacOSX.platform/Developer/SDKs/MacOSX27.2.sdk/usr/include/c++/v1/cstddef:39:
In file included from /Applications/Xcode.app/Contents/Developer/Platforms/MacOSX.platform/Developer/SDKs/MacOSX27.2.sdk/usr/include/c++/v1/__config:15:
/Applications/Xcode.app/Contents/Developer/Platforms/MacOSX.platform/Developer/SDKs/MacOSX27.2.sdk/usr/include/c++/v1/__configuration/availability.h:204:4: warning: "The selected platform is no longer supported by libc++." [-W#warnings]
  204 | #  warning "The selected platform is no longer supported by libc++."
      |    ^
1 warning generated.
[ 20%] Building CXX object CMakeFiles/assist_mcp.dir/src/amtp/tcp_socket.cpp.o
In file included from /tmp/assist-native-allocate-ex-root-final/src/amtp/owner_only_acl.cpp:1:
In file included from /tmp/assist-native-allocate-ex-root-final/include/assist/amtp/owner_only_acl.hpp:18:
In file included from /Applications/Xcode.app/Contents/Developer/Platforms/MacOSX.platform/Developer/SDKs/MacOSX27.2.sdk/usr/include/c++/v1/cstdint:146:
In file included from /Applications/Xcode.app/Contents/Developer/Platforms/MacOSX.platform/Developer/SDKs/MacOSX27.2.sdk/usr/include/c++/v1/__config:15:
/Applications/Xcode.app/Contents/Developer/Platforms/MacOSX.platform/Developer/SDKs/MacOSX27.2.sdk/usr/include/c++/v1/__configuration/availability.h:204:4: warning: "The selected platform is no longer supported by libc++." [-W#warnings]
  204 | #  warning "The selected platform is no longer supported by libc++."
      |    ^
1 warning generated.
[ 20%] Building CXX object CMakeFiles/assist_mcp.dir/src/amtp/ingress.cpp.o
In file included from /tmp/assist-native-allocate-ex-root-final/src/amtp/local_socket.cpp:1:
In file included from /tmp/assist-native-allocate-ex-root-final/include/assist/amtp/local_socket.hpp:27:
In file included from /tmp/assist-native-allocate-ex-root-final/include/assist/amtp/session.hpp:22:
In file included from /tmp/assist-native-allocate-ex-root-final/include/assist/amtp/wire.hpp:23:
In file included from /Applications/Xcode.app/Contents/Developer/Platforms/MacOSX.platform/Developer/SDKs/MacOSX27.2.sdk/usr/include/c++/v1/cstddef:39:
In file included from /Applications/Xcode.app/Contents/Developer/Platforms/MacOSX.platform/Developer/SDKs/MacOSX27.2.sdk/usr/include/c++/v1/__config:15:
/Applications/Xcode.app/Contents/Developer/Platforms/MacOSX.platform/Developer/SDKs/MacOSX27.2.sdk/usr/include/c++/v1/__configuration/availability.h:204:4: warning: "The selected platform is no longer supported by libc++." [-W#warnings]
  204 | #  warning "The selected platform is no longer supported by libc++."
      |    ^
1 warning generated.
[ 20%] Building CXX object CMakeFiles/assist_mcp.dir/src/crypto/primitives.cpp.o
In file included from /tmp/assist-native-allocate-ex-root-final-macos/_deps/assist_masking_absl-src/absl/base/internal/low_level_alloc.cc:20:
In file included from /tmp/assist-native-allocate-ex-root-final-macos/_deps/assist_masking_absl-src/absl/base/internal/low_level_alloc.h:29:
In file included from /Applications/Xcode.app/Contents/Developer/Platforms/MacOSX.platform/Developer/SDKs/MacOSX27.2.sdk/usr/include/c++/v1/cstdint:146:
In file included from /Applications/Xcode.app/Contents/Developer/Platforms/MacOSX.platform/Developer/SDKs/MacOSX27.2.sdk/usr/include/c++/v1/__config:15:
/Applications/Xcode.app/Contents/Developer/Platforms/MacOSX.platform/Developer/SDKs/MacOSX27.2.sdk/usr/include/c++/v1/__configuration/availability.h:204:4: warning: "The selected platform is no longer supported by libc++." [-W#warnings]
  204 | #  warning "The selected platform is no longer supported by libc++."
      |    ^
1 warning generated.
[ 20%] Linking CXX static library libabsl_malloc_internal.a
[ 20%] Built target malloc_internal
[ 20%] Building CXX object _deps/assist_masking_absl-build/absl/strings/CMakeFiles/strings_internal.dir/internal/ostringstream.cc.o
In file included from /tmp/assist-native-allocate-ex-root-final/src/mcp/agent_relay.cpp:1:
In file included from /tmp/assist-native-allocate-ex-root-final/include/assist/mcp/agent_relay.hpp:16:
In file included from /Applications/Xcode.app/Contents/Developer/Platforms/MacOSX.platform/Developer/SDKs/MacOSX27.2.sdk/usr/include/c++/v1/filesystem:539:
In file included from /Applications/Xcode.app/Contents/Developer/Platforms/MacOSX.platform/Developer/SDKs/MacOSX27.2.sdk/usr/include/c++/v1/__config:15:
/Applications/Xcode.app/Contents/Developer/Platforms/MacOSX.platform/Developer/SDKs/MacOSX27.2.sdk/usr/include/c++/v1/__configuration/availability.h:204:4: warning: "The selected platform is no longer supported by libc++." [-W#warnings]
  204 | #  warning "The selected platform is no longer supported by libc++."
      |    ^
1 warning generated.
[ 20%] Building CXX object _deps/assist_masking_absl-build/absl/debugging/CMakeFiles/demangle_internal.dir/internal/demangle.cc.o
In file included from /tmp/assist-native-allocate-ex-root-final/src/mcp/stdio_bridge.cpp:1:
In file included from /tmp/assist-native-allocate-ex-root-final/include/assist/common/static_text_json.hpp:3:
In file included from /tmp/assist-native-allocate-ex-root-final/include/assist/common/json.hpp:76:
In file included from /tmp/assist-native-process-root-macos/_deps/json-src/include/nlohmann/json.hpp:21:
In file included from /Applications/Xcode.app/Contents/Developer/Platforms/MacOSX.platform/Developer/SDKs/MacOSX27.2.sdk/usr/include/c++/v1/algorithm:1840:
In file included from /Applications/Xcode.app/Contents/Developer/Platforms/MacOSX.platform/Developer/SDKs/MacOSX27.2.sdk/usr/include/c++/v1/__config:15:
/Applications/Xcode.app/Contents/Developer/Platforms/MacOSX.platform/Developer/SDKs/MacOSX27.2.sdk/usr/include/c++/v1/__configuration/availability.h:204:4: warning: "The selected platform is no longer supported by libc++." [-W#warnings]
  204 | #  warning "The selected platform is no longer supported by libc++."
      |    ^
1 warning generated.
[ 20%] Building CXX object _deps/assist_masking_absl-build/absl/strings/CMakeFiles/string_view.dir/string_view.cc.o
In file included from /tmp/assist-native-allocate-ex-root-final/src/crypto/primitives.cpp:1:
In file included from /tmp/assist-native-allocate-ex-root-final/include/assist/crypto/primitives.hpp:19:
In file included from /Applications/Xcode.app/Contents/Developer/Platforms/MacOSX.platform/Developer/SDKs/MacOSX27.2.sdk/usr/include/c++/v1/array:117:
In file included from /Applications/Xcode.app/Contents/Developer/Platforms/MacOSX.platform/Developer/SDKs/MacOSX27.2.sdk/usr/include/c++/v1/__algorithm/equal.h:13:
In file included from /Applications/Xcode.app/Contents/Developer/Platforms/MacOSX.platform/Developer/SDKs/MacOSX27.2.sdk/usr/include/c++/v1/__algorithm/comp.h:12:
In file included from /Applications/Xcode.app/Contents/Developer/Platforms/MacOSX.platform/Developer/SDKs/MacOSX27.2.sdk/usr/include/c++/v1/__config:15:
/Applications/Xcode.app/Contents/Developer/Platforms/MacOSX.platform/Developer/SDKs/MacOSX27.2.sdk/usr/include/c++/v1/__configuration/availability.h:204:4: warning: "The selected platform is no longer supported by libc++." [-W#warnings]
  204 | #  warning "The selected platform is no longer supported by libc++."
      |    ^
1 warning generated.
In file included from /tmp/assist-native-allocate-ex-root-final/src/amtp/tcp_socket.cpp:1:
In file included from /tmp/assist-native-allocate-ex-root-final/include/assist/amtp/tcp_socket.hpp:20:
In file included from /tmp/assist-native-allocate-ex-root-final/include/assist/amtp/local_socket.hpp:27:
In file included from /tmp/assist-native-allocate-ex-root-final/include/assist/amtp/session.hpp:22:
In file included from /tmp/assist-native-allocate-ex-root-final/include/assist/amtp/wire.hpp:23:
In file included from /Applications/Xcode.app/Contents/Developer/Platforms/MacOSX.platform/Developer/SDKs/MacOSX27.2.sdk/usr/include/c++/v1/cstddef:39:
In file included from /Applications/Xcode.app/Contents/Developer/Platforms/MacOSX.platform/Developer/SDKs/MacOSX27.2.sdk/usr/include/c++/v1/__config:15:
/Applications/Xcode.app/Contents/Developer/Platforms/MacOSX.platform/Developer/SDKs/MacOSX27.2.sdk/usr/include/c++/v1/__configuration/availability.h:204:4: warning: "The selected platform is no longer supported by libc++." [-W#warnings]
  204 | #  warning "The selected platform is no longer supported by libc++."
      |    ^
1 warning generated.
[ 20%] Building CXX object _deps/assist_masking_absl-build/absl/synchronization/CMakeFiles/graphcycles_internal.dir/internal/graphcycles.cc.o
[ 20%] Building CXX object _deps/assist_masking_absl-build/absl/hash/CMakeFiles/city.dir/internal/city.cc.o
In file included from /tmp/assist-native-allocate-ex-root-final/src/amtp/identity_store.cpp:14:
In file included from /tmp/assist-native-allocate-ex-root-final/include/assist/amtp/identity_store.hpp:22:
In file included from /tmp/assist-native-allocate-ex-root-final/include/assist/amtp/session.hpp:22:
In file included from /tmp/assist-native-allocate-ex-root-final/include/assist/amtp/wire.hpp:23:
In file included from /Applications/Xcode.app/Contents/Developer/Platforms/MacOSX.platform/Developer/SDKs/MacOSX27.2.sdk/usr/include/c++/v1/cstddef:39:
In file included from /Applications/Xcode.app/Contents/Developer/Platforms/MacOSX.platform/Developer/SDKs/MacOSX27.2.sdk/usr/include/c++/v1/__config:15:
/Applications/Xcode.app/Contents/Developer/Platforms/MacOSX.platform/Developer/SDKs/MacOSX27.2.sdk/usr/include/c++/v1/__configuration/availability.h:204:4: warning: "The selected platform is no longer supported by libc++." [-W#warnings]
  204 | #  warning "The selected platform is no longer supported by libc++."
      |    ^
1 warning generated.
[ 20%] Building CXX object _deps/assist_masking_absl-build/absl/hash/CMakeFiles/low_level_hash.dir/internal/low_level_hash.cc.o
In file included from /tmp/assist-native-allocate-ex-root-final-macos/_deps/assist_masking_absl-src/absl/debugging/internal/demangle.cc:20:
In file included from /tmp/assist-native-allocate-ex-root-final-macos/_deps/assist_masking_absl-src/absl/debugging/internal/demangle.h:18:
In file included from /Applications/Xcode.app/Contents/Developer/Platforms/MacOSX.platform/Developer/SDKs/MacOSX27.2.sdk/usr/include/c++/v1/string:594:
In file included from /Applications/Xcode.app/Contents/Developer/Platforms/MacOSX.platform/Developer/SDKs/MacOSX27.2.sdk/usr/include/c++/v1/__algorithm/max.h:12:
In file included from /Applications/Xcode.app/Contents/Developer/Platforms/MacOSX.platform/Developer/SDKs/MacOSX27.2.sdk/usr/include/c++/v1/__algorithm/comp.h:12:
In file included from /Applications/Xcode.app/Contents/Developer/Platforms/MacOSX.platform/Developer/SDKs/MacOSX27.2.sdk/usr/include/c++/v1/__config:15:
/Applications/Xcode.app/Contents/Developer/Platforms/MacOSX.platform/Developer/SDKs/MacOSX27.2.sdk/usr/include/c++/v1/__configuration/availability.h:204:4: warning: "The selected platform is no longer supported by libc++." [-W#warnings]
  204 | #  warning "The selected platform is no longer supported by libc++."
      |    ^
1 warning generated.
[ 20%] Linking CXX static library libabsl_demangle_internal.a
[ 20%] Built target demangle_internal
[ 20%] Building CXX object _deps/assist_masking_absl-build/absl/crc/CMakeFiles/crc_cpu_detect.dir/internal/cpu_detect.cc.o
In file included from /tmp/assist-native-allocate-ex-root-final-macos/_deps/assist_masking_absl-src/absl/strings/internal/ostringstream.cc:15:
In file included from /tmp/assist-native-allocate-ex-root-final-macos/_deps/assist_masking_absl-src/absl/strings/internal/ostringstream.h:18:
In file included from /Applications/Xcode.app/Contents/Developer/Platforms/MacOSX.platform/Developer/SDKs/MacOSX27.2.sdk/usr/include/c++/v1/cassert:22:
In file included from /Applications/Xcode.app/Contents/Developer/Platforms/MacOSX.platform/Developer/SDKs/MacOSX27.2.sdk/usr/include/c++/v1/__config:15:
/Applications/Xcode.app/Contents/Developer/Platforms/MacOSX.platform/Developer/SDKs/MacOSX27.2.sdk/usr/include/c++/v1/__configuration/availability.h:204:4: warning: "The selected platform is no longer supported by libc++." [-W#warnings]
  204 | #  warning "The selected platform is no longer supported by libc++."
      |    ^
1 warning generated.
[ 20%] Building CXX object _deps/assist_masking_absl-build/absl/strings/CMakeFiles/strings_internal.dir/internal/utf8.cc.o
In file included from /tmp/assist-native-allocate-ex-root-final/src/amtp/ingress.cpp:1:
In file included from /tmp/assist-native-allocate-ex-root-final/include/assist/amtp/ingress.hpp:35:
In file included from /tmp/assist-native-allocate-ex-root-final/include/assist/amtp/service.hpp:19:
In file included from /tmp/assist-native-allocate-ex-root-final/include/assist/amtp/identity_store.hpp:22:
In file included from /tmp/assist-native-allocate-ex-root-final/include/assist/amtp/session.hpp:22:
In file included from /tmp/assist-native-allocate-ex-root-final/include/assist/amtp/wire.hpp:23:
In file included from /Applications/Xcode.app/Contents/Developer/Platforms/MacOSX.platform/Developer/SDKs/MacOSX27.2.sdk/usr/include/c++/v1/cstddef:39:
In file included from /Applications/Xcode.app/Contents/Developer/Platforms/MacOSX.platform/Developer/SDKs/MacOSX27.2.sdk/usr/include/c++/v1/__config:15:
/Applications/Xcode.app/Contents/Developer/Platforms/MacOSX.platform/Developer/SDKs/MacOSX27.2.sdk/usr/include/c++/v1/__configuration/availability.h:204:4: warning: "The selected platform is no longer supported by libc++." [-W#warnings]
  204 | #  warning "The selected platform is no longer supported by libc++."
      |    ^
1 warning generated.
In file included from /tmp/assist-native-allocate-ex-root-final-macos/_deps/assist_masking_absl-src/absl/strings/internal/utf8.cc:17:
In file included from /tmp/assist-native-allocate-ex-root-final-macos/_deps/assist_masking_absl-src/absl/strings/internal/utf8.h:20:
In file included from /Applications/Xcode.app/Contents/Developer/Platforms/MacOSX.platform/Developer/SDKs/MacOSX27.2.sdk/usr/include/c++/v1/cstddef:39:
In file included from /Applications/Xcode.app/Contents/Developer/Platforms/MacOSX.platform/Developer/SDKs/MacOSX27.2.sdk/usr/include/c++/v1/__config:15:
/Applications/Xcode.app/Contents/Developer/Platforms/MacOSX.platform/Developer/SDKs/MacOSX27.2.sdk/usr/include/c++/v1/__configuration/availability.h:204:4: warning: "The selected platform is no longer supported by libc++." [-W#warnings]
  204 | #  warning "The selected platform is no longer supported by libc++."
      |    ^
1 warning generated.
[ 20%] Building CXX object _deps/assist_masking_absl-build/absl/strings/CMakeFiles/strings_internal.dir/internal/escaping.cc.o
[ 20%] Building CXX object _deps/assist_masking_absl-build/absl/log/CMakeFiles/log_internal_conditions.dir/internal/conditions.cc.o
In file included from /tmp/assist-native-allocate-ex-root-final-macos/_deps/assist_masking_absl-src/absl/strings/string_view.cc:15:
In file included from /tmp/assist-native-allocate-ex-root-final-macos/_deps/assist_masking_absl-src/absl/strings/string_view.h:30:
In file included from /Applications/Xcode.app/Contents/Developer/Platforms/MacOSX.platform/Developer/SDKs/MacOSX27.2.sdk/usr/include/c++/v1/algorithm:1840:
In file included from /Applications/Xcode.app/Contents/Developer/Platforms/MacOSX.platform/Developer/SDKs/MacOSX27.2.sdk/usr/include/c++/v1/__config:15:
/Applications/Xcode.app/Contents/Developer/Platforms/MacOSX.platform/Developer/SDKs/MacOSX27.2.sdk/usr/include/c++/v1/__configuration/availability.h:204:4: warning: "The selected platform is no longer supported by libc++." [-W#warnings]
  204 | #  warning "The selected platform is no longer supported by libc++."
      |    ^
1 warning generated.
[ 20%] Linking CXX static library libabsl_string_view.a
[ 20%] Built target string_view
In file included from /tmp/assist-native-allocate-ex-root-final-macos/_deps/assist_masking_absl-src/absl/hash/internal/city.cc:22:
In file included from /tmp/assist-native-allocate-ex-root-final-macos/_deps/assist_masking_absl-src/absl/hash/internal/city.h:48:
In file included from /Applications/Xcode.app/Contents/Developer/Platforms/MacOSX.platform/Developer/SDKs/MacOSX27.2.sdk/usr/include/c++/v1/stdint.h:18:
In file included from /Applications/Xcode.app/Contents/Developer/Platforms/MacOSX.platform/Developer/SDKs/MacOSX27.2.sdk/usr/include/c++/v1/__config:15:
/Applications/Xcode.app/Contents/Developer/Platforms/MacOSX.platform/Developer/SDKs/MacOSX27.2.sdk/usr/include/c++/v1/__configuration/availability.h:204:4: warning: "The selected platform is no longer supported by libc++." [-W#warnings]
  204 | #  warning "The selected platform is no longer supported by libc++."
      |    ^
1 warning generated.
[ 20%] Linking CXX static library libabsl_city.a
In file included from /tmp/assist-native-allocate-ex-root-final-macos/_deps/assist_masking_absl-src/absl/log/internal/conditions.cc:15:
In file included from /tmp/assist-native-allocate-ex-root-final-macos/_deps/assist_masking_absl-src/absl/log/internal/conditions.h:31:
In file included from /Applications/Xcode.app/Contents/Developer/Platforms/MacOSX.platform/Developer/SDKs/MacOSX27.2.sdk/usr/include/c++/v1/stdlib.h:79:
In file included from /Applications/Xcode.app/Contents/Developer/Platforms/MacOSX.platform/Developer/SDKs/MacOSX27.2.sdk/usr/include/c++/v1/__config:15:
/Applications/Xcode.app/Contents/Developer/Platforms/MacOSX.platform/Developer/SDKs/MacOSX27.2.sdk/usr/include/c++/v1/__configuration/availability.h:204:4: warning: "The selected platform is no longer supported by libc++." [-W#warnings]
  204 | #  warning "The selected platform is no longer supported by libc++."
      |    ^
1 warning generated.
[ 20%] Linking CXX static library libabsl_log_internal_conditions.a
[ 20%] Built target city
In file included from /tmp/assist-native-allocate-ex-root-final-macos/_deps/assist_masking_absl-src/absl/hash/internal/low_level_hash.cc:15:
In file included from /tmp/assist-native-allocate-ex-root-final-macos/_deps/assist_masking_absl-src/absl/hash/internal/low_level_hash.h:28:
In file included from /Applications/Xcode.app/Contents/Developer/Platforms/MacOSX.platform/Developer/SDKs/MacOSX27.2.sdk/usr/include/c++/v1/stdint.h:18:
In file included from /Applications/Xcode.app/Contents/Developer/Platforms/MacOSX.platform/Developer/SDKs/MacOSX27.2.sdk/usr/include/c++/v1/__config:15:
/Applications/Xcode.app/Contents/Developer/Platforms/MacOSX.platform/Developer/SDKs/MacOSX27.2.sdk/usr/include/c++/v1/__configuration/availability.h:204:4: warning: "The selected platform is no longer supported by libc++." [-W#warnings]
  204 | #  warning "The selected platform is no longer supported by libc++."
      |    ^
1 warning generated.
In file included from /tmp/assist-native-allocate-ex-root-final/src/amtp/service.cpp:1:
In file included from /tmp/assist-native-allocate-ex-root-final/include/assist/amtp/service.hpp:19:
In file included from /tmp/assist-native-allocate-ex-root-final/include/assist/amtp/identity_store.hpp:22:
In file included from /tmp/assist-native-allocate-ex-root-final/include/assist/amtp/session.hpp:22:
In file included from /tmp/assist-native-allocate-ex-root-final/include/assist/amtp/wire.hpp:23:
In file included from /Applications/Xcode.app/Contents/Developer/Platforms/MacOSX.platform/Developer/SDKs/MacOSX27.2.sdk/usr/include/c++/v1/cstddef:39:
In file included from /Applications/Xcode.app/Contents/Developer/Platforms/MacOSX.platform/Developer/SDKs/MacOSX27.2.sdk/usr/include/c++/v1/__config:15:
/Applications/Xcode.app/Contents/Developer/Platforms/MacOSX.platform/Developer/SDKs/MacOSX27.2.sdk/usr/include/c++/v1/__configuration/availability.h:204:4: warning: "The selected platform is no longer supported by libc++." [-W#warnings]
  204 | #  warning "The selected platform is no longer supported by libc++."
      |    ^
1 warning generated.
In file included from /tmp/assist-native-allocate-ex-root-final-macos/_deps/assist_masking_absl-src/absl/crc/internal/cpu_detect.cc:15:
In file included from /tmp/assist-native-allocate-ex-root-final-macos/_deps/assist_masking_absl-src/absl/crc/internal/cpu_detect.h:18:
In file included from /tmp/assist-native-allocate-ex-root-final-macos/_deps/assist_masking_absl-src/absl/base/config.h:56:
In file included from /Applications/Xcode.app/Contents/Developer/Platforms/MacOSX.platform/Developer/SDKs/MacOSX27.2.sdk/usr/include/c++/v1/cstddef:39:
In file included from /Applications/Xcode.app/Contents/Developer/Platforms/MacOSX.platform/Developer/SDKs/MacOSX27.2.sdk/usr/include/c++/v1/__config:15:
/Applications/Xcode.app/Contents/Developer/Platforms/MacOSX.platform/Developer/SDKs/MacOSX27.2.sdk/usr/include/c++/v1/__configuration/availability.h:204:4: warning: "The selected platform is no longer supported by libc++." [-W#warnings]
  204 | #  warning "The selected platform is no longer supported by libc++."
      |    ^
1 warning generated.
[ 20%] Linking CXX static library libabsl_low_level_hash.a
[ 20%] Built target log_internal_conditions
In file included from /tmp/assist-native-allocate-ex-root-final-macos/_deps/assist_masking_absl-src/absl/synchronization/internal/graphcycles.cc:31:
In file included from /tmp/assist-native-allocate-ex-root-final-macos/_deps/assist_masking_absl-src/absl/base/attributes.h:37:
In file included from /tmp/assist-native-allocate-ex-root-final-macos/_deps/assist_masking_absl-src/absl/base/config.h:56:
In file included from /Applications/Xcode.app/Contents/Developer/Platforms/MacOSX.platform/Developer/SDKs/MacOSX27.2.sdk/usr/include/c++/v1/cstddef:39:
In file included from /Applications/Xcode.app/Contents/Developer/Platforms/MacOSX.platform/Developer/SDKs/MacOSX27.2.sdk/usr/include/c++/v1/__config:15:
/Applications/Xcode.app/Contents/Developer/Platforms/MacOSX.platform/Developer/SDKs/MacOSX27.2.sdk/usr/include/c++/v1/__configuration/availability.h:204:4: warning: "The selected platform is no longer supported by libc++." [-W#warnings]
  204 | #  warning "The selected platform is no longer supported by libc++."
      |    ^
1 warning generated.
[ 20%] Linking CXX executable assist-mcp
[ 20%] Linking CXX static library libabsl_crc_cpu_detect.a
[ 20%] Linking CXX static library libabsl_graphcycles_internal.a
[ 20%] Built target low_level_hash
[ 20%] Built target crc_cpu_detect
[ 20%] Built target graphcycles_internal
[ 20%] Building CXX object _deps/assist_masking_absl-build/absl/crc/CMakeFiles/crc_internal.dir/internal/crc_x86_arm_combined.cc.o
[ 20%] Building CXX object _deps/assist_masking_absl-build/absl/crc/CMakeFiles/crc_internal.dir/internal/crc.cc.o
In file included from /tmp/assist-native-allocate-ex-root-final-macos/_deps/assist_masking_absl-src/absl/strings/internal/escaping.cc:15:
In file included from /tmp/assist-native-allocate-ex-root-final-macos/_deps/assist_masking_absl-src/absl/strings/internal/escaping.h:18:
In file included from /Applications/Xcode.app/Contents/Developer/Platforms/MacOSX.platform/Developer/SDKs/MacOSX27.2.sdk/usr/include/c++/v1/cassert:22:
In file included from /Applications/Xcode.app/Contents/Developer/Platforms/MacOSX.platform/Developer/SDKs/MacOSX27.2.sdk/usr/include/c++/v1/__config:15:
/Applications/Xcode.app/Contents/Developer/Platforms/MacOSX.platform/Developer/SDKs/MacOSX27.2.sdk/usr/include/c++/v1/__configuration/availability.h:204:4: warning: "The selected platform is no longer supported by libc++." [-W#warnings]
  204 | #  warning "The selected platform is no longer supported by libc++."
      |    ^
1 warning generated.
[ 20%] Linking CXX static library libabsl_strings_internal.a
Checking that assist_mcp exports nothing
[ 20%] Built target strings_internal
[ 40%] Building CXX object _deps/assist_masking_absl-build/absl/strings/CMakeFiles/strings.dir/escaping.cc.o
[ 40%] Building CXX object _deps/assist_masking_absl-build/absl/strings/CMakeFiles/strings.dir/ascii.cc.o
[ 40%] Building CXX object _deps/assist_masking_absl-build/absl/strings/CMakeFiles/strings.dir/charconv.cc.o
[ 40%] Building CXX object _deps/assist_masking_absl-build/absl/strings/CMakeFiles/strings.dir/internal/charconv_parse.cc.o
[ 40%] Building CXX object _deps/assist_masking_absl-build/absl/strings/CMakeFiles/strings.dir/internal/charconv_bigint.cc.o
Checking protected plaintext in assist_mcp
In file included from /tmp/assist-native-allocate-ex-root-final-macos/_deps/assist_masking_absl-src/absl/crc/internal/crc.cc:42:
In file included from /tmp/assist-native-allocate-ex-root-final-macos/_deps/assist_masking_absl-src/absl/crc/internal/crc.h:18:
In file included from /Applications/Xcode.app/Contents/Developer/Platforms/MacOSX.platform/Developer/SDKs/MacOSX27.2.sdk/usr/include/c++/v1/cstdint:146:
In file included from /Applications/Xcode.app/Contents/Developer/Platforms/MacOSX.platform/Developer/SDKs/MacOSX27.2.sdk/usr/include/c++/v1/__config:15:
/Applications/Xcode.app/Contents/Developer/Platforms/MacOSX.platform/Developer/SDKs/MacOSX27.2.sdk/usr/include/c++/v1/__configuration/availability.h:204:4: warning: "The selected platform is no longer supported by libc++." [-W#warnings]
  204 | #  warning "The selected platform is no longer supported by libc++."
      |    ^
1 warning generated.
[ 40%] Building CXX object _deps/assist_masking_absl-build/absl/strings/CMakeFiles/strings.dir/internal/damerau_levenshtein_distance.cc.o
In file included from /tmp/assist-native-allocate-ex-root-final-macos/_deps/assist_masking_absl-src/absl/crc/internal/crc_x86_arm_combined.cc:17:
In file included from /Applications/Xcode.app/Contents/Developer/Platforms/MacOSX.platform/Developer/SDKs/MacOSX27.2.sdk/usr/include/c++/v1/cstddef:39:
In file included from /Applications/Xcode.app/Contents/Developer/Platforms/MacOSX.platform/Developer/SDKs/MacOSX27.2.sdk/usr/include/c++/v1/__config:15:
/Applications/Xcode.app/Contents/Developer/Platforms/MacOSX.platform/Developer/SDKs/MacOSX27.2.sdk/usr/include/c++/v1/__configuration/availability.h:204:4: warning: "The selected platform is no longer supported by libc++." [-W#warnings]
  204 | #  warning "The selected platform is no longer supported by libc++."
      |    ^
1 warning generated.
In file included from /tmp/assist-native-allocate-ex-root-final-macos/_deps/assist_masking_absl-src/absl/strings/ascii.cc:15:
In file included from /tmp/assist-native-allocate-ex-root-final-macos/_deps/assist_masking_absl-src/absl/strings/ascii.h:55:
In file included from /Applications/Xcode.app/Contents/Developer/Platforms/MacOSX.platform/Developer/SDKs/MacOSX27.2.sdk/usr/include/c++/v1/algorithm:1840:
In file included from /Applications/Xcode.app/Contents/Developer/Platforms/MacOSX.platform/Developer/SDKs/MacOSX27.2.sdk/usr/include/c++/v1/__config:15:
/Applications/Xcode.app/Contents/Developer/Platforms/MacOSX.platform/Developer/SDKs/MacOSX27.2.sdk/usr/include/c++/v1/__configuration/availability.h:204:4: warning: "The selected platform is no longer supported by libc++." [-W#warnings]
  204 | #  warning "The selected platform is no longer supported by libc++."
      |    ^
1 warning generated.
[ 40%] Linking CXX static library libabsl_crc_internal.a
[ 40%] Building CXX object _deps/assist_masking_absl-build/absl/strings/CMakeFiles/strings.dir/internal/memutil.cc.o
In file included from /tmp/assist-native-allocate-ex-root-final-macos/_deps/assist_masking_absl-src/absl/strings/internal/charconv_parse.cc:15:
In file included from /tmp/assist-native-allocate-ex-root-final-macos/_deps/assist_masking_absl-src/absl/strings/internal/charconv_parse.h:18:
In file included from /Applications/Xcode.app/Contents/Developer/Platforms/MacOSX.platform/Developer/SDKs/MacOSX27.2.sdk/usr/include/c++/v1/cstdint:146:
In file included from /Applications/Xcode.app/Contents/Developer/Platforms/MacOSX.platform/Developer/SDKs/MacOSX27.2.sdk/usr/include/c++/v1/__config:15:
/Applications/Xcode.app/Contents/Developer/Platforms/MacOSX.platform/Developer/SDKs/MacOSX27.2.sdk/usr/include/c++/v1/__configuration/availability.h:204:4: warning: "The selected platform is no longer supported by libc++." [-W#warnings]
  204 | #  warning "The selected platform is no longer supported by libc++."
      |    ^
1 warning generated.
[ 40%] Building CXX object _deps/assist_masking_absl-build/absl/strings/CMakeFiles/strings.dir/internal/stringify_sink.cc.o
[ 40%] Built target crc_internal
[ 40%] Building CXX object _deps/assist_masking_absl-build/absl/strings/CMakeFiles/strings.dir/match.cc.o
In file included from /tmp/assist-native-allocate-ex-root-final-macos/_deps/assist_masking_absl-src/absl/strings/internal/charconv_bigint.cc:15:
In file included from /tmp/assist-native-allocate-ex-root-final-macos/_deps/assist_masking_absl-src/absl/strings/internal/charconv_bigint.h:18:
In file included from /Applications/Xcode.app/Contents/Developer/Platforms/MacOSX.platform/Developer/SDKs/MacOSX27.2.sdk/usr/include/c++/v1/algorithm:1840:
In file included from /Applications/Xcode.app/Contents/Developer/Platforms/MacOSX.platform/Developer/SDKs/MacOSX27.2.sdk/usr/include/c++/v1/__config:15:
/Applications/Xcode.app/Contents/Developer/Platforms/MacOSX.platform/Developer/SDKs/MacOSX27.2.sdk/usr/include/c++/v1/__configuration/availability.h:204:4: warning: "The selected platform is no longer supported by libc++." [-W#warnings]
  204 | #  warning "The selected platform is no longer supported by libc++."
      |    ^
1 warning generated.
In file included from /tmp/assist-native-allocate-ex-root-final-macos/_deps/assist_masking_absl-src/absl/strings/escaping.cc:15:
In file included from /tmp/assist-native-allocate-ex-root-final-macos/_deps/assist_masking_absl-src/absl/strings/escaping.h:26:
In file included from /Applications/Xcode.app/Contents/Developer/Platforms/MacOSX.platform/Developer/SDKs/MacOSX27.2.sdk/usr/include/c++/v1/cstddef:39:
In file included from /Applications/Xcode.app/Contents/Developer/Platforms/MacOSX.platform/Developer/SDKs/MacOSX27.2.sdk/usr/include/c++/v1/__config:15:
/Applications/Xcode.app/Contents/Developer/Platforms/MacOSX.platform/Developer/SDKs/MacOSX27.2.sdk/usr/include/c++/v1/__configuration/availability.h:204:4: warning: "The selected platform is no longer supported by libc++." [-W#warnings]
  204 | #  warning "The selected platform is no longer supported by libc++."
      |    ^
1 warning generated.
In file included from /tmp/assist-native-allocate-ex-root-final-macos/_deps/assist_masking_absl-src/absl/strings/charconv.cc:15:
In file included from /tmp/assist-native-allocate-ex-root-final-macos/_deps/assist_masking_absl-src/absl/strings/charconv.h:18:
In file included from /Applications/Xcode.app/Contents/Developer/Platforms/MacOSX.platform/Developer/SDKs/MacOSX27.2.sdk/usr/include/c++/v1/system_error:150:
In file included from /Applications/Xcode.app/Contents/Developer/Platforms/MacOSX.platform/Developer/SDKs/MacOSX27.2.sdk/usr/include/c++/v1/__config:15:
/Applications/Xcode.app/Contents/Developer/Platforms/MacOSX.platform/Developer/SDKs/MacOSX27.2.sdk/usr/include/c++/v1/__configuration/availability.h:204:4: warning: "The selected platform is no longer supported by libc++." [-W#warnings]
  204 | #  warning "The selected platform is no longer supported by libc++."
      |    ^
1 warning generated.
[ 40%] Building CXX object _deps/assist_masking_absl-build/absl/strings/CMakeFiles/strings.dir/str_cat.cc.o
[ 40%] Building CXX object _deps/assist_masking_absl-build/absl/strings/CMakeFiles/strings.dir/numbers.cc.o
[ 40%] Building CXX object _deps/assist_masking_absl-build/absl/strings/CMakeFiles/strings.dir/str_replace.cc.o
In file included from /tmp/assist-native-allocate-ex-root-final-macos/_deps/assist_masking_absl-src/absl/strings/internal/damerau_levenshtein_distance.cc:15:
In file included from /tmp/assist-native-allocate-ex-root-final-macos/_deps/assist_masking_absl-src/absl/strings/internal/damerau_levenshtein_distance.h:18:
In file included from /Applications/Xcode.app/Contents/Developer/Platforms/MacOSX.platform/Developer/SDKs/MacOSX27.2.sdk/usr/include/c++/v1/cstdint:146:
In file included from /Applications/Xcode.app/Contents/Developer/Platforms/MacOSX.platform/Developer/SDKs/MacOSX27.2.sdk/usr/include/c++/v1/__config:15:
/Applications/Xcode.app/Contents/Developer/Platforms/MacOSX.platform/Developer/SDKs/MacOSX27.2.sdk/usr/include/c++/v1/__configuration/availability.h:204:4: warning: "The selected platform is no longer supported by libc++." [-W#warnings]
  204 | #  warning "The selected platform is no longer supported by libc++."
      |    ^
1 warning generated.
[ 40%] Building CXX object _deps/assist_masking_absl-build/absl/strings/CMakeFiles/strings.dir/str_split.cc.o
In file included from /tmp/assist-native-allocate-ex-root-final-macos/_deps/assist_masking_absl-src/absl/strings/internal/memutil.cc:15:
In file included from /tmp/assist-native-allocate-ex-root-final-macos/_deps/assist_masking_absl-src/absl/strings/internal/memutil.h:20:
In file included from /Applications/Xcode.app/Contents/Developer/Platforms/MacOSX.platform/Developer/SDKs/MacOSX27.2.sdk/usr/include/c++/v1/cstddef:39:
In file included from /Applications/Xcode.app/Contents/Developer/Platforms/MacOSX.platform/Developer/SDKs/MacOSX27.2.sdk/usr/include/c++/v1/__config:15:
/Applications/Xcode.app/Contents/Developer/Platforms/MacOSX.platform/Developer/SDKs/MacOSX27.2.sdk/usr/include/c++/v1/__configuration/availability.h:204:4: warning: "The selected platform is no longer supported by libc++." [-W#warnings]
  204 | #  warning "The selected platform is no longer supported by libc++."
      |    ^
1 warning generated.
[ 40%] Building CXX object _deps/assist_masking_absl-build/absl/strings/CMakeFiles/strings.dir/substitute.cc.o
In file included from /tmp/assist-native-allocate-ex-root-final-macos/_deps/assist_masking_absl-src/absl/strings/internal/stringify_sink.cc:15:
In file included from /tmp/assist-native-allocate-ex-root-final-macos/_deps/assist_masking_absl-src/absl/strings/internal/stringify_sink.h:18:
In file included from /Applications/Xcode.app/Contents/Developer/Platforms/MacOSX.platform/Developer/SDKs/MacOSX27.2.sdk/usr/include/c++/v1/string:594:
In file included from /Applications/Xcode.app/Contents/Developer/Platforms/MacOSX.platform/Developer/SDKs/MacOSX27.2.sdk/usr/include/c++/v1/__algorithm/max.h:12:
In file included from /Applications/Xcode.app/Contents/Developer/Platforms/MacOSX.platform/Developer/SDKs/MacOSX27.2.sdk/usr/include/c++/v1/__algorithm/comp.h:12:
In file included from /Applications/Xcode.app/Contents/Developer/Platforms/MacOSX.platform/Developer/SDKs/MacOSX27.2.sdk/usr/include/c++/v1/__config:15:
/Applications/Xcode.app/Contents/Developer/Platforms/MacOSX.platform/Developer/SDKs/MacOSX27.2.sdk/usr/include/c++/v1/__configuration/availability.h:204:4: warning: "The selected platform is no longer supported by libc++." [-W#warnings]
  204 | #  warning "The selected platform is no longer supported by libc++."
      |    ^
1 warning generated.
In file included from /tmp/assist-native-allocate-ex-root-final-macos/_deps/assist_masking_absl-src/absl/strings/match.cc:15:
In file included from /tmp/assist-native-allocate-ex-root-final-macos/_deps/assist_masking_absl-src/absl/strings/match.h:36:
In file included from /Applications/Xcode.app/Contents/Developer/Platforms/MacOSX.platform/Developer/SDKs/MacOSX27.2.sdk/usr/include/c++/v1/cstring:62:
In file included from /Applications/Xcode.app/Contents/Developer/Platforms/MacOSX.platform/Developer/SDKs/MacOSX27.2.sdk/usr/include/c++/v1/__config:15:
/Applications/Xcode.app/Contents/Developer/Platforms/MacOSX.platform/Developer/SDKs/MacOSX27.2.sdk/usr/include/c++/v1/__configuration/availability.h:204:4: warning: "The selected platform is no longer supported by libc++." [-W#warnings]
  204 | #  warning "The selected platform is no longer supported by libc++."
      |    ^
1 warning generated.
In file included from /tmp/assist-native-allocate-ex-root-final-macos/_deps/assist_masking_absl-src/absl/strings/str_replace.cc:15:
In file included from /tmp/assist-native-allocate-ex-root-final-macos/_deps/assist_masking_absl-src/absl/strings/str_replace.h:41:
In file included from /Applications/Xcode.app/Contents/Developer/Platforms/MacOSX.platform/Developer/SDKs/MacOSX27.2.sdk/usr/include/c++/v1/string:594:
In file included from /Applications/Xcode.app/Contents/Developer/Platforms/MacOSX.platform/Developer/SDKs/MacOSX27.2.sdk/usr/include/c++/v1/__algorithm/max.h:12:
In file included from /Applications/Xcode.app/Contents/Developer/Platforms/MacOSX.platform/Developer/SDKs/MacOSX27.2.sdk/usr/include/c++/v1/__algorithm/comp.h:12:
In file included from /Applications/Xcode.app/Contents/Developer/Platforms/MacOSX.platform/Developer/SDKs/MacOSX27.2.sdk/usr/include/c++/v1/__config:15:
/Applications/Xcode.app/Contents/Developer/Platforms/MacOSX.platform/Developer/SDKs/MacOSX27.2.sdk/usr/include/c++/v1/__configuration/availability.h:204:4: warning: "The selected platform is no longer supported by libc++." [-W#warnings]
  204 | #  warning "The selected platform is no longer supported by libc++."
      |    ^
1 warning generated.
In file included from /tmp/assist-native-allocate-ex-root-final-macos/_deps/assist_masking_absl-src/absl/strings/str_cat.cc:15:
In file included from /tmp/assist-native-allocate-ex-root-final-macos/_deps/assist_masking_absl-src/absl/strings/str_cat.h:90:
In file included from /Applications/Xcode.app/Contents/Developer/Platforms/MacOSX.platform/Developer/SDKs/MacOSX27.2.sdk/usr/include/c++/v1/algorithm:1840:
In file included from /Applications/Xcode.app/Contents/Developer/Platforms/MacOSX.platform/Developer/SDKs/MacOSX27.2.sdk/usr/include/c++/v1/__config:15:
/Applications/Xcode.app/Contents/Developer/Platforms/MacOSX.platform/Developer/SDKs/MacOSX27.2.sdk/usr/include/c++/v1/__configuration/availability.h:204:4: warning: "The selected platform is no longer supported by libc++." [-W#warnings]
  204 | #  warning "The selected platform is no longer supported by libc++."
      |    ^
1 warning generated.
In file included from /tmp/assist-native-allocate-ex-root-final-macos/_deps/assist_masking_absl-src/absl/strings/numbers.cc:18:
In file included from /tmp/assist-native-allocate-ex-root-final-macos/_deps/assist_masking_absl-src/absl/strings/numbers.h:34:
In file included from /Applications/Xcode.app/Contents/Developer/Platforms/MacOSX.platform/Developer/SDKs/MacOSX27.2.sdk/usr/include/c++/v1/cstddef:39:
In file included from /Applications/Xcode.app/Contents/Developer/Platforms/MacOSX.platform/Developer/SDKs/MacOSX27.2.sdk/usr/include/c++/v1/__config:15:
/Applications/Xcode.app/Contents/Developer/Platforms/MacOSX.platform/Developer/SDKs/MacOSX27.2.sdk/usr/include/c++/v1/__configuration/availability.h:204:4: warning: "The selected platform is no longer supported by libc++." [-W#warnings]
  204 | #  warning "The selected platform is no longer supported by libc++."
      |    ^
1 warning generated.
In file included from /tmp/assist-native-allocate-ex-root-final-macos/_deps/assist_masking_absl-src/absl/strings/str_split.cc:15:
In file included from /tmp/assist-native-allocate-ex-root-final-macos/_deps/assist_masking_absl-src/absl/strings/str_split.h:38:
In file included from /Applications/Xcode.app/Contents/Developer/Platforms/MacOSX.platform/Developer/SDKs/MacOSX27.2.sdk/usr/include/c++/v1/algorithm:1840:
In file included from /Applications/Xcode.app/Contents/Developer/Platforms/MacOSX.platform/Developer/SDKs/MacOSX27.2.sdk/usr/include/c++/v1/__config:15:
/Applications/Xcode.app/Contents/Developer/Platforms/MacOSX.platform/Developer/SDKs/MacOSX27.2.sdk/usr/include/c++/v1/__configuration/availability.h:204:4: warning: "The selected platform is no longer supported by libc++." [-W#warnings]
  204 | #  warning "The selected platform is no longer supported by libc++."
      |    ^
1 warning generated.
In file included from /tmp/assist-native-allocate-ex-root-final-macos/_deps/assist_masking_absl-src/absl/strings/substitute.cc:15:
In file included from /tmp/assist-native-allocate-ex-root-final-macos/_deps/assist_masking_absl-src/absl/strings/substitute.h:75:
In file included from /Applications/Xcode.app/Contents/Developer/Platforms/MacOSX.platform/Developer/SDKs/MacOSX27.2.sdk/usr/include/c++/v1/cstring:62:
In file included from /Applications/Xcode.app/Contents/Developer/Platforms/MacOSX.platform/Developer/SDKs/MacOSX27.2.sdk/usr/include/c++/v1/__config:15:
/Applications/Xcode.app/Contents/Developer/Platforms/MacOSX.platform/Developer/SDKs/MacOSX27.2.sdk/usr/include/c++/v1/__configuration/availability.h:204:4: warning: "The selected platform is no longer supported by libc++." [-W#warnings]
  204 | #  warning "The selected platform is no longer supported by libc++."
      |    ^
1 warning generated.
[ 40%] Linking CXX static library libabsl_strings.a
[ 40%] Built target strings
[ 40%] Building CXX object _deps/assist_masking_absl-build/absl/log/CMakeFiles/log_internal_proto.dir/internal/proto.cc.o
[ 40%] Building CXX object _deps/assist_masking_absl-build/absl/hash/CMakeFiles/hash.dir/internal/hash.cc.o
[ 40%] Building CXX object _deps/assist_masking_absl-build/absl/time/CMakeFiles/time.dir/civil_time.cc.o
[ 40%] Building CXX object _deps/assist_masking_absl-build/absl/log/CMakeFiles/log_internal_fnmatch.dir/internal/fnmatch.cc.o
[ 40%] Building CXX object _deps/assist_masking_absl-build/absl/flags/CMakeFiles/flags_commandlineflag.dir/commandlineflag.cc.o
[ 40%] Building CXX object _deps/assist_masking_absl-build/absl/strings/CMakeFiles/str_format_internal.dir/internal/str_format/arg.cc.o
[ 40%] Building CXX object _deps/assist_masking_absl-build/absl/debugging/CMakeFiles/symbolize.dir/symbolize.cc.o
In file included from /tmp/assist-native-allocate-ex-root-final-macos/_deps/assist_masking_absl-src/absl/log/internal/fnmatch.cc:15:
In file included from /tmp/assist-native-allocate-ex-root-final-macos/_deps/assist_masking_absl-src/absl/log/internal/fnmatch.h:18:
In file included from /tmp/assist-native-allocate-ex-root-final-macos/_deps/assist_masking_absl-src/absl/base/config.h:56:
In file included from /Applications/Xcode.app/Contents/Developer/Platforms/MacOSX.platform/Developer/SDKs/MacOSX27.2.sdk/usr/include/c++/v1/cstddef:39:
In file included from /Applications/Xcode.app/Contents/Developer/Platforms/MacOSX.platform/Developer/SDKs/MacOSX27.2.sdk/usr/include/c++/v1/__config:15:
/Applications/Xcode.app/Contents/Developer/Platforms/MacOSX.platform/Developer/SDKs/MacOSX27.2.sdk/usr/include/c++/v1/__configuration/availability.h:204:4: warning: "The selected platform is no longer supported by libc++." [-W#warnings]
  204 | #  warning "The selected platform is no longer supported by libc++."
      |    ^
1 warning generated.
[ 40%] Linking CXX static library libabsl_log_internal_fnmatch.a
In file included from /tmp/assist-native-allocate-ex-root-final-macos/_deps/assist_masking_absl-src/absl/flags/commandlineflag.cc:16:
In file included from /tmp/assist-native-allocate-ex-root-final-macos/_deps/assist_masking_absl-src/absl/flags/commandlineflag.h:29:
In file included from /Applications/Xcode.app/Contents/Developer/Platforms/MacOSX.platform/Developer/SDKs/MacOSX27.2.sdk/usr/include/c++/v1/memory:943:
In file included from /Applications/Xcode.app/Contents/Developer/Platforms/MacOSX.platform/Developer/SDKs/MacOSX27.2.sdk/usr/include/c++/v1/__config:15:
/Applications/Xcode.app/Contents/Developer/Platforms/MacOSX.platform/Developer/SDKs/MacOSX27.2.sdk/usr/include/c++/v1/__configuration/availability.h:204:4: warning: "The selected platform is no longer supported by libc++." [-W#warnings]
  204 | #  warning "The selected platform is no longer supported by libc++."
      |    ^
1 warning generated.
In file included from /tmp/assist-native-allocate-ex-root-final-macos/_deps/assist_masking_absl-src/absl/log/internal/proto.cc:15:
In file included from /tmp/assist-native-allocate-ex-root-final-macos/_deps/assist_masking_absl-src/absl/log/internal/proto.h:26:
In file included from /Applications/Xcode.app/Contents/Developer/Platforms/MacOSX.platform/Developer/SDKs/MacOSX27.2.sdk/usr/include/c++/v1/cstddef:39:
In file included from /Applications/Xcode.app/Contents/Developer/Platforms/MacOSX.platform/Developer/SDKs/MacOSX27.2.sdk/usr/include/c++/v1/__config:15:
/Applications/Xcode.app/Contents/Developer/Platforms/MacOSX.platform/Developer/SDKs/MacOSX27.2.sdk/usr/include/c++/v1/__configuration/availability.h:204:4: warning: "The selected platform is no longer supported by libc++." [-W#warnings]
  204 | #  warning "The selected platform is no longer supported by libc++."
      |    ^
1 warning generated.
[ 40%] Linking CXX static library libabsl_log_internal_proto.a
[ 40%] Linking CXX static library libabsl_flags_commandlineflag.a
In file included from /tmp/assist-native-allocate-ex-root-final-macos/_deps/assist_masking_absl-src/absl/debugging/symbolize.cc:15:
In file included from /tmp/assist-native-allocate-ex-root-final-macos/_deps/assist_masking_absl-src/absl/debugging/symbolize.h:55:
In file included from /tmp/assist-native-allocate-ex-root-final-macos/_deps/assist_masking_absl-src/absl/debugging/internal/symbolize.h:23:
In file included from /Applications/Xcode.app/Contents/Developer/Platforms/MacOSX.platform/Developer/SDKs/MacOSX27.2.sdk/usr/include/c++/v1/cstddef:39:
In file included from /Applications/Xcode.app/Contents/Developer/Platforms/MacOSX.platform/Developer/SDKs/MacOSX27.2.sdk/usr/include/c++/v1/__config:15:
/Applications/Xcode.app/Contents/Developer/Platforms/MacOSX.platform/Developer/SDKs/MacOSX27.2.sdk/usr/include/c++/v1/__configuration/availability.h:204:4: warning: "The selected platform is no longer supported by libc++." [-W#warnings]
  204 | #  warning "The selected platform is no longer supported by libc++."
      |    ^
1 warning generated.
[ 40%] Linking CXX static library libabsl_symbolize.a
[ 40%] Built target log_internal_fnmatch
[ 40%] Building CXX object _deps/assist_masking_absl-build/absl/strings/CMakeFiles/str_format_internal.dir/internal/str_format/bind.cc.o
[ 40%] Built target log_internal_proto
[ 40%] Built target flags_commandlineflag
[ 40%] Building CXX object _deps/assist_masking_absl-build/absl/strings/CMakeFiles/str_format_internal.dir/internal/str_format/extension.cc.o
[ 40%] Building CXX object _deps/assist_masking_absl-build/absl/time/CMakeFiles/time.dir/clock.cc.o
[ 40%] Built target symbolize
In file included from /tmp/assist-native-allocate-ex-root-final-macos/_deps/assist_masking_absl-src/absl/hash/internal/hash.cc:15:
In file included from /tmp/assist-native-allocate-ex-root-final-macos/_deps/assist_masking_absl-src/absl/hash/internal/hash.h:27:
In file included from /Applications/Xcode.app/Contents/Developer/Platforms/MacOSX.platform/Developer/SDKs/MacOSX27.2.sdk/usr/include/c++/v1/algorithm:1840:
In file included from /Applications/Xcode.app/Contents/Developer/Platforms/MacOSX.platform/Developer/SDKs/MacOSX27.2.sdk/usr/include/c++/v1/__config:15:
/Applications/Xcode.app/Contents/Developer/Platforms/MacOSX.platform/Developer/SDKs/MacOSX27.2.sdk/usr/include/c++/v1/__configuration/availability.h:204:4: warning: "The selected platform is no longer supported by libc++." [-W#warnings]
  204 | #  warning "The selected platform is no longer supported by libc++."
      |    ^
1 warning generated.
In file included from /tmp/assist-native-allocate-ex-root-final-macos/_deps/assist_masking_absl-src/absl/strings/internal/str_format/arg.cc:19:
In file included from /tmp/assist-native-allocate-ex-root-final-macos/_deps/assist_masking_absl-src/absl/strings/internal/str_format/arg.h:18:
In file included from /Applications/Xcode.app/Contents/Developer/Platforms/MacOSX.platform/Developer/SDKs/MacOSX27.2.sdk/usr/include/c++/v1/string.h:57:
In file included from /Applications/Xcode.app/Contents/Developer/Platforms/MacOSX.platform/Developer/SDKs/MacOSX27.2.sdk/usr/include/c++/v1/__config:15:
/Applications/Xcode.app/Contents/Developer/Platforms/MacOSX.platform/Developer/SDKs/MacOSX27.2.sdk/usr/include/c++/v1/__configuration/availability.h:204:4: warning: "The selected platform is no longer supported by libc++." [-W#warnings]
  204 | #  warning "The selected platform is no longer supported by libc++."
      |    ^
1 warning generated.
In file included from /tmp/assist-native-allocate-ex-root-final-macos/_deps/assist_masking_absl-src/absl/time/civil_time.cc:15:
In file included from /tmp/assist-native-allocate-ex-root-final-macos/_deps/assist_masking_absl-src/absl/time/civil_time.h:73:
In file included from /Applications/Xcode.app/Contents/Developer/Platforms/MacOSX.platform/Developer/SDKs/MacOSX27.2.sdk/usr/include/c++/v1/iosfwd:111:
In file included from /Applications/Xcode.app/Contents/Developer/Platforms/MacOSX.platform/Developer/SDKs/MacOSX27.2.sdk/usr/include/c++/v1/__config:15:
/Applications/Xcode.app/Contents/Developer/Platforms/MacOSX.platform/Developer/SDKs/MacOSX27.2.sdk/usr/include/c++/v1/__configuration/availability.h:204:4: warning: "The selected platform is no longer supported by libc++." [-W#warnings]
  204 | #  warning "The selected platform is no longer supported by libc++."
      |    ^
1 warning generated.
[ 40%] Building CXX object _deps/assist_masking_absl-build/absl/flags/CMakeFiles/flags_private_handle_accessor.dir/internal/private_handle_accessor.cc.o
[ 40%] Linking CXX static library libabsl_hash.a
[ 40%] Building CXX object _deps/assist_masking_absl-build/absl/strings/CMakeFiles/str_format_internal.dir/internal/str_format/float_conversion.cc.o
[ 40%] Building CXX object _deps/assist_masking_absl-build/absl/time/CMakeFiles/time.dir/duration.cc.o
[ 40%] Built target hash
[ 40%] Building CXX object _deps/assist_masking_absl-build/absl/debugging/CMakeFiles/examine_stack.dir/internal/examine_stack.cc.o
In file included from /tmp/assist-native-allocate-ex-root-final-macos/_deps/assist_masking_absl-src/absl/strings/internal/str_format/extension.cc:16:
In file included from /tmp/assist-native-allocate-ex-root-final-macos/_deps/assist_masking_absl-src/absl/strings/internal/str_format/extension.h:20:
In file included from /Applications/Xcode.app/Contents/Developer/Platforms/MacOSX.platform/Developer/SDKs/MacOSX27.2.sdk/usr/include/c++/v1/cstddef:39:
In file included from /Applications/Xcode.app/Contents/Developer/Platforms/MacOSX.platform/Developer/SDKs/MacOSX27.2.sdk/usr/include/c++/v1/__config:15:
/Applications/Xcode.app/Contents/Developer/Platforms/MacOSX.platform/Developer/SDKs/MacOSX27.2.sdk/usr/include/c++/v1/__configuration/availability.h:204:4: warning: "The selected platform is no longer supported by libc++." [-W#warnings]
  204 | #  warning "The selected platform is no longer supported by libc++."
      |    ^
1 warning generated.
In file included from /tmp/assist-native-allocate-ex-root-final-macos/_deps/assist_masking_absl-src/absl/flags/internal/private_handle_accessor.cc:16:
In file included from /tmp/assist-native-allocate-ex-root-final-macos/_deps/assist_masking_absl-src/absl/flags/internal/private_handle_accessor.h:19:
In file included from /Applications/Xcode.app/Contents/Developer/Platforms/MacOSX.platform/Developer/SDKs/MacOSX27.2.sdk/usr/include/c++/v1/memory:943:
In file included from /Applications/Xcode.app/Contents/Developer/Platforms/MacOSX.platform/Developer/SDKs/MacOSX27.2.sdk/usr/include/c++/v1/__config:15:
/Applications/Xcode.app/Contents/Developer/Platforms/MacOSX.platform/Developer/SDKs/MacOSX27.2.sdk/usr/include/c++/v1/__configuration/availability.h:204:4: warning: "The selected platform is no longer supported by libc++." [-W#warnings]
  204 | #  warning "The selected platform is no longer supported by libc++."
      |    ^
1 warning generated.
[ 40%] Building CXX object _deps/assist_masking_absl-build/absl/strings/CMakeFiles/str_format_internal.dir/internal/str_format/output.cc.o
[ 40%] Linking CXX static library libabsl_flags_private_handle_accessor.a
In file included from /tmp/assist-native-allocate-ex-root-final-macos/_deps/assist_masking_absl-src/absl/time/clock.cc:15:
In file included from /tmp/assist-native-allocate-ex-root-final-macos/_deps/assist_masking_absl-src/absl/time/clock.h:25:
In file included from /Applications/Xcode.app/Contents/Developer/Platforms/MacOSX.platform/Developer/SDKs/MacOSX27.2.sdk/usr/include/c++/v1/cstdint:146:
In file included from /Applications/Xcode.app/Contents/Developer/Platforms/MacOSX.platform/Developer/SDKs/MacOSX27.2.sdk/usr/include/c++/v1/__config:15:
/Applications/Xcode.app/Contents/Developer/Platforms/MacOSX.platform/Developer/SDKs/MacOSX27.2.sdk/usr/include/c++/v1/__configuration/availability.h:204:4: warning: "The selected platform is no longer supported by libc++." [-W#warnings]
  204 | #  warning "The selected platform is no longer supported by libc++."
      |    ^
1 warning generated.
[ 40%] Building CXX object _deps/assist_masking_absl-build/absl/time/CMakeFiles/time.dir/format.cc.o
In file included from /tmp/assist-native-allocate-ex-root-final-macos/_deps/assist_masking_absl-src/absl/strings/internal/str_format/bind.cc:15:
In file included from /tmp/assist-native-allocate-ex-root-final-macos/_deps/assist_masking_absl-src/absl/strings/internal/str_format/bind.h:18:
In file included from /Applications/Xcode.app/Contents/Developer/Platforms/MacOSX.platform/Developer/SDKs/MacOSX27.2.sdk/usr/include/c++/v1/cassert:22:
In file included from /Applications/Xcode.app/Contents/Developer/Platforms/MacOSX.platform/Developer/SDKs/MacOSX27.2.sdk/usr/include/c++/v1/__config:15:
/Applications/Xcode.app/Contents/Developer/Platforms/MacOSX.platform/Developer/SDKs/MacOSX27.2.sdk/usr/include/c++/v1/__configuration/availability.h:204:4: warning: "The selected platform is no longer supported by libc++." [-W#warnings]
  204 | #  warning "The selected platform is no longer supported by libc++."
      |    ^
1 warning generated.
[ 40%] Building CXX object _deps/assist_masking_absl-build/absl/strings/CMakeFiles/str_format_internal.dir/internal/str_format/parser.cc.o
[ 40%] Built target flags_private_handle_accessor
[ 40%] Building CXX object _deps/assist_masking_absl-build/absl/time/CMakeFiles/time.dir/time.cc.o
In file included from /tmp/assist-native-allocate-ex-root-final-macos/_deps/assist_masking_absl-src/absl/strings/internal/str_format/float_conversion.cc:15:
In file included from /tmp/assist-native-allocate-ex-root-final-macos/_deps/assist_masking_absl-src/absl/strings/internal/str_format/float_conversion.h:18:
In file included from /tmp/assist-native-allocate-ex-root-final-macos/_deps/assist_masking_absl-src/absl/strings/internal/str_format/extension.h:20:
In file included from /Applications/Xcode.app/Contents/Developer/Platforms/MacOSX.platform/Developer/SDKs/MacOSX27.2.sdk/usr/include/c++/v1/cstddef:39:
In file included from /Applications/Xcode.app/Contents/Developer/Platforms/MacOSX.platform/Developer/SDKs/MacOSX27.2.sdk/usr/include/c++/v1/__config:15:
/Applications/Xcode.app/Contents/Developer/Platforms/MacOSX.platform/Developer/SDKs/MacOSX27.2.sdk/usr/include/c++/v1/__configuration/availability.h:204:4: warning: "The selected platform is no longer supported by libc++." [-W#warnings]
  204 | #  warning "The selected platform is no longer supported by libc++."
      |    ^
1 warning generated.
In file included from /tmp/assist-native-allocate-ex-root-final-macos/_deps/assist_masking_absl-src/absl/debugging/internal/examine_stack.cc:17:
In file included from /tmp/assist-native-allocate-ex-root-final-macos/_deps/assist_masking_absl-src/absl/debugging/internal/examine_stack.h:20:
In file included from /tmp/assist-native-allocate-ex-root-final-macos/_deps/assist_masking_absl-src/absl/base/config.h:56:
In file included from /Applications/Xcode.app/Contents/Developer/Platforms/MacOSX.platform/Developer/SDKs/MacOSX27.2.sdk/usr/include/c++/v1/cstddef:39:
In file included from /Applications/Xcode.app/Contents/Developer/Platforms/MacOSX.platform/Developer/SDKs/MacOSX27.2.sdk/usr/include/c++/v1/__config:15:
/Applications/Xcode.app/Contents/Developer/Platforms/MacOSX.platform/Developer/SDKs/MacOSX27.2.sdk/usr/include/c++/v1/__configuration/availability.h:204:4: warning: "The selected platform is no longer supported by libc++." [-W#warnings]
  204 | #  warning "The selected platform is no longer supported by libc++."
      |    ^
1 warning generated.
In file included from /tmp/assist-native-allocate-ex-root-final-macos/_deps/assist_masking_absl-src/absl/time/duration.cc:56:
In file included from /Applications/Xcode.app/Contents/Developer/Platforms/MacOSX.platform/Developer/SDKs/MacOSX27.2.sdk/usr/include/c++/v1/algorithm:1840:
In file included from /Applications/Xcode.app/Contents/Developer/Platforms/MacOSX.platform/Developer/SDKs/MacOSX27.2.sdk/usr/include/c++/v1/__config:15:
/Applications/Xcode.app/Contents/Developer/Platforms/MacOSX.platform/Developer/SDKs/MacOSX27.2.sdk/usr/include/c++/v1/__configuration/availability.h:204:4: warning: "The selected platform is no longer supported by libc++." [-W#warnings]
  204 | #  warning "The selected platform is no longer supported by libc++."
      |    ^
1 warning generated.
[ 40%] Linking CXX static library libabsl_examine_stack.a
[ 40%] Built target examine_stack
In file included from /tmp/assist-native-allocate-ex-root-final-macos/_deps/assist_masking_absl-src/absl/strings/internal/str_format/output.cc:15:
In file included from /tmp/assist-native-allocate-ex-root-final-macos/_deps/assist_masking_absl-src/absl/strings/internal/str_format/output.h:24:
In file included from /Applications/Xcode.app/Contents/Developer/Platforms/MacOSX.platform/Developer/SDKs/MacOSX27.2.sdk/usr/include/c++/v1/cstdio:101:
In file included from /Applications/Xcode.app/Contents/Developer/Platforms/MacOSX.platform/Developer/SDKs/MacOSX27.2.sdk/usr/include/c++/v1/__config:15:
/Applications/Xcode.app/Contents/Developer/Platforms/MacOSX.platform/Developer/SDKs/MacOSX27.2.sdk/usr/include/c++/v1/__configuration/availability.h:204:4: warning: "The selected platform is no longer supported by libc++." [-W#warnings]
  204 | #  warning "The selected platform is no longer supported by libc++."
      |    ^
1 warning generated.
In file included from /tmp/assist-native-allocate-ex-root-final-macos/_deps/assist_masking_absl-src/absl/time/format.cc:15:
In file included from /Applications/Xcode.app/Contents/Developer/Platforms/MacOSX.platform/Developer/SDKs/MacOSX27.2.sdk/usr/include/c++/v1/string.h:57:
In file included from /Applications/Xcode.app/Contents/Developer/Platforms/MacOSX.platform/Developer/SDKs/MacOSX27.2.sdk/usr/include/c++/v1/__config:15:
/Applications/Xcode.app/Contents/Developer/Platforms/MacOSX.platform/Developer/SDKs/MacOSX27.2.sdk/usr/include/c++/v1/__configuration/availability.h:204:4: warning: "The selected platform is no longer supported by libc++." [-W#warnings]
  204 | #  warning "The selected platform is no longer supported by libc++."
      |    ^
1 warning generated.
In file included from /tmp/assist-native-allocate-ex-root-final-macos/_deps/assist_masking_absl-src/absl/strings/internal/str_format/parser.cc:15:
In file included from /tmp/assist-native-allocate-ex-root-final-macos/_deps/assist_masking_absl-src/absl/strings/internal/str_format/parser.h:18:
In file included from /Applications/Xcode.app/Contents/Developer/Platforms/MacOSX.platform/Developer/SDKs/MacOSX27.2.sdk/usr/include/c++/v1/stddef.h:30:
In file included from /Applications/Xcode.app/Contents/Developer/Platforms/MacOSX.platform/Developer/SDKs/MacOSX27.2.sdk/usr/include/c++/v1/__config:15:
/Applications/Xcode.app/Contents/Developer/Platforms/MacOSX.platform/Developer/SDKs/MacOSX27.2.sdk/usr/include/c++/v1/__configuration/availability.h:204:4: warning: "The selected platform is no longer supported by libc++." [-W#warnings]
  204 | #  warning "The selected platform is no longer supported by libc++."
      |    ^
1 warning generated.
[ 40%] Linking CXX static library libabsl_str_format_internal.a
In file included from /tmp/assist-native-allocate-ex-root-final-macos/_deps/assist_masking_absl-src/absl/time/time.cc:34:
In file included from /tmp/assist-native-allocate-ex-root-final-macos/_deps/assist_masking_absl-src/absl/time/time.h:77:
In file included from /Applications/Xcode.app/Contents/Developer/Platforms/MacOSX.platform/Developer/SDKs/MacOSX27.2.sdk/usr/include/c++/v1/chrono:1092:
In file included from /Applications/Xcode.app/Contents/Developer/Platforms/MacOSX.platform/Developer/SDKs/MacOSX27.2.sdk/usr/include/c++/v1/__config:15:
/Applications/Xcode.app/Contents/Developer/Platforms/MacOSX.platform/Developer/SDKs/MacOSX27.2.sdk/usr/include/c++/v1/__configuration/availability.h:204:4: warning: "The selected platform is no longer supported by libc++." [-W#warnings]
  204 | #  warning "The selected platform is no longer supported by libc++."
      |    ^
1 warning generated.
[ 40%] Linking CXX static library libabsl_time.a
[ 40%] Built target str_format_internal
[ 40%] Building CXX object _deps/assist_masking_absl-build/absl/crc/CMakeFiles/crc32c.dir/crc32c.cc.o
[ 40%] Building CXX object _deps/assist_masking_absl-build/absl/crc/CMakeFiles/crc32c.dir/internal/crc_memcpy_fallback.cc.o
[ 40%] Building CXX object _deps/assist_masking_absl-build/absl/flags/CMakeFiles/flags_marshalling.dir/marshalling.cc.o
[ 40%] Building CXX object _deps/assist_masking_absl-build/absl/crc/CMakeFiles/crc32c.dir/internal/crc_non_temporal_memcpy.cc.o
[ 40%] Building CXX object _deps/assist_masking_absl-build/absl/crc/CMakeFiles/crc32c.dir/internal/crc_memcpy_x86_arm_combined.cc.o
[ 40%] Built target time
[ 40%] Building CXX object _deps/assist_masking_absl-build/absl/log/CMakeFiles/log_internal_globals.dir/internal/globals.cc.o
[ 40%] Building CXX object _deps/assist_masking_absl-build/absl/synchronization/CMakeFiles/kernel_timeout_internal.dir/internal/kernel_timeout.cc.o
In file included from /tmp/assist-native-allocate-ex-root-final-macos/_deps/assist_masking_absl-src/absl/log/internal/globals.cc:15:
In file included from /tmp/assist-native-allocate-ex-root-final-macos/_deps/assist_masking_absl-src/absl/log/internal/globals.h:25:
In file included from /tmp/assist-native-allocate-ex-root-final-macos/_deps/assist_masking_absl-src/absl/base/config.h:56:
In file included from /Applications/Xcode.app/Contents/Developer/Platforms/MacOSX.platform/Developer/SDKs/MacOSX27.2.sdk/usr/include/c++/v1/cstddef:39:
In file included from /Applications/Xcode.app/Contents/Developer/Platforms/MacOSX.platform/Developer/SDKs/MacOSX27.2.sdk/usr/include/c++/v1/__config:15:
/Applications/Xcode.app/Contents/Developer/Platforms/MacOSX.platform/Developer/SDKs/MacOSX27.2.sdk/usr/include/c++/v1/__configuration/availability.h:204:4: warning: "The selected platform is no longer supported by libc++." [-W#warnings]
  204 | #  warning "The selected platform is no longer supported by libc++."
      |    ^
1 warning generated.
In file included from /tmp/assist-native-allocate-ex-root-final-macos/_deps/assist_masking_absl-src/absl/crc/internal/crc_memcpy_fallback.cc:15:
In file included from /Applications/Xcode.app/Contents/Developer/Platforms/MacOSX.platform/Developer/SDKs/MacOSX27.2.sdk/usr/include/c++/v1/cstdint:146:
In file included from /Applications/Xcode.app/Contents/Developer/Platforms/MacOSX.platform/Developer/SDKs/MacOSX27.2.sdk/usr/include/c++/v1/__config:15:
/Applications/Xcode.app/Contents/Developer/Platforms/MacOSX.platform/Developer/SDKs/MacOSX27.2.sdk/usr/include/c++/v1/__configuration/availability.h:204:4: warning: "The selected platform is no longer supported by libc++." [-W#warnings]
  204 | #  warning "The selected platform is no longer supported by libc++."
      |    ^
1 warning generated.
[ 40%] Linking CXX static library libabsl_log_internal_globals.a
In file included from /tmp/assist-native-allocate-ex-root-final-macos/_deps/assist_masking_absl-src/absl/synchronization/internal/kernel_timeout.cc:15:
In file included from /tmp/assist-native-allocate-ex-root-final-macos/_deps/assist_masking_absl-src/absl/synchronization/internal/kernel_timeout.h:22:
In file included from /Applications/Xcode.app/Contents/Developer/Platforms/MacOSX.platform/Developer/SDKs/MacOSX27.2.sdk/usr/include/c++/v1/algorithm:1840:
In file included from /Applications/Xcode.app/Contents/Developer/Platforms/MacOSX.platform/Developer/SDKs/MacOSX27.2.sdk/usr/include/c++/v1/__config:15:
/Applications/Xcode.app/Contents/Developer/Platforms/MacOSX.platform/Developer/SDKs/MacOSX27.2.sdk/usr/include/c++/v1/__configuration/availability.h:204:4: warning: "The selected platform is no longer supported by libc++." [-W#warnings]
  204 | #  warning "The selected platform is no longer supported by libc++."
      |    ^
1 warning generated.
In file included from /tmp/assist-native-allocate-ex-root-final-macos/_deps/assist_masking_absl-src/absl/crc/crc32c.cc:15:
In file included from /tmp/assist-native-allocate-ex-root-final-macos/_deps/assist_masking_absl-src/absl/crc/crc32c.h:28:
In file included from /Applications/Xcode.app/Contents/Developer/Platforms/MacOSX.platform/Developer/SDKs/MacOSX27.2.sdk/usr/include/c++/v1/cstdint:146:
In file included from /Applications/Xcode.app/Contents/Developer/Platforms/MacOSX.platform/Developer/SDKs/MacOSX27.2.sdk/usr/include/c++/v1/__config:15:
/Applications/Xcode.app/Contents/Developer/Platforms/MacOSX.platform/Developer/SDKs/MacOSX27.2.sdk/usr/include/c++/v1/__configuration/availability.h:204:4: warning: "The selected platform is no longer supported by libc++." [-W#warnings]
  204 | #  warning "The selected platform is no longer supported by libc++."
      |    ^
1 warning generated.
In file included from /tmp/assist-native-allocate-ex-root-final-macos/_deps/assist_masking_absl-src/absl/crc/internal/crc_non_temporal_memcpy.cc:15:
In file included from /Applications/Xcode.app/Contents/Developer/Platforms/MacOSX.platform/Developer/SDKs/MacOSX27.2.sdk/usr/include/c++/v1/cstdint:146:
In file included from /Applications/Xcode.app/Contents/Developer/Platforms/MacOSX.platform/Developer/SDKs/MacOSX27.2.sdk/usr/include/c++/v1/__config:15:
/Applications/Xcode.app/Contents/Developer/Platforms/MacOSX.platform/Developer/SDKs/MacOSX27.2.sdk/usr/include/c++/v1/__configuration/availability.h:204:4: warning: "The selected platform is no longer supported by libc++." [-W#warnings]
  204 | #  warning "The selected platform is no longer supported by libc++."
      |    ^
1 warning generated.
[ 40%] Linking CXX static library libabsl_kernel_timeout_internal.a
[ 40%] Building CXX object _deps/assist_masking_absl-build/absl/log/CMakeFiles/log_entry.dir/log_entry.cc.o
Static text scan: 1 artifacts, 0 failures
In file included from /tmp/assist-native-allocate-ex-root-final-macos/_deps/assist_masking_absl-src/absl/crc/internal/crc_memcpy_x86_arm_combined.cc:49:
In file included from /Applications/Xcode.app/Contents/Developer/Platforms/MacOSX.platform/Developer/SDKs/MacOSX27.2.sdk/usr/include/c++/v1/array:117:
In file included from /Applications/Xcode.app/Contents/Developer/Platforms/MacOSX.platform/Developer/SDKs/MacOSX27.2.sdk/usr/include/c++/v1/__algorithm/equal.h:13:
In file included from /Applications/Xcode.app/Contents/Developer/Platforms/MacOSX.platform/Developer/SDKs/MacOSX27.2.sdk/usr/include/c++/v1/__algorithm/comp.h:12:
In file included from /Applications/Xcode.app/Contents/Developer/Platforms/MacOSX.platform/Developer/SDKs/MacOSX27.2.sdk/usr/include/c++/v1/__config:15:
/Applications/Xcode.app/Contents/Developer/Platforms/MacOSX.platform/Developer/SDKs/MacOSX27.2.sdk/usr/include/c++/v1/__configuration/availability.h:204:4: warning: "The selected platform is no longer supported by libc++." [-W#warnings]
  204 | #  warning "The selected platform is no longer supported by libc++."
      |    ^
1 warning generated.
In file included from /tmp/assist-native-allocate-ex-root-final-macos/_deps/assist_masking_absl-src/absl/flags/marshalling.cc:16:
In file included from /tmp/assist-native-allocate-ex-root-final-macos/_deps/assist_masking_absl-src/absl/flags/marshalling.h:202:
In file included from /tmp/assist-native-allocate-ex-root-final-macos/_deps/assist_masking_absl-src/absl/base/config.h:56:
In file included from /Applications/Xcode.app/Contents/Developer/Platforms/MacOSX.platform/Developer/SDKs/MacOSX27.2.sdk/usr/include/c++/v1/cstddef:39:
In file included from /Applications/Xcode.app/Contents/Developer/Platforms/MacOSX.platform/Developer/SDKs/MacOSX27.2.sdk/usr/include/c++/v1/__config:15:
/Applications/Xcode.app/Contents/Developer/Platforms/MacOSX.platform/Developer/SDKs/MacOSX27.2.sdk/usr/include/c++/v1/__configuration/availability.h:204:4: warning: "The selected platform is no longer supported by libc++." [-W#warnings]
  204 | #  warning "The selected platform is no longer supported by libc++."
      |    ^
1 warning generated.
[ 40%] Built target assist_mcp
[ 40%] Linking CXX static library libabsl_crc32c.a
[ 40%] Built target log_internal_globals
[ 40%] Linking CXX static library libabsl_flags_marshalling.a
[ 40%] Built target kernel_timeout_internal
[ 40%] Building CXX object _deps/assist_masking_absl-build/absl/log/CMakeFiles/log_internal_format.dir/internal/log_format.cc.o
[ 40%] Building CXX object _deps/assist_masking_absl-build/absl/synchronization/CMakeFiles/synchronization.dir/barrier.cc.o
[ 40%] Building CXX object _deps/assist_masking_absl-build/absl/synchronization/CMakeFiles/synchronization.dir/blocking_counter.cc.o
[ 40%] Building CXX object _deps/assist_masking_absl-build/absl/synchronization/CMakeFiles/synchronization.dir/internal/futex_waiter.cc.o
[ 40%] Building CXX object _deps/assist_masking_absl-build/absl/synchronization/CMakeFiles/synchronization.dir/internal/create_thread_identity.cc.o
[ 40%] Built target crc32c
[ 40%] Building CXX object _deps/assist_masking_absl-build/absl/synchronization/CMakeFiles/synchronization.dir/internal/per_thread_sem.cc.o
[ 40%] Built target flags_marshalling
[ 40%] Building CXX object _deps/assist_masking_absl-build/absl/synchronization/CMakeFiles/synchronization.dir/internal/pthread_waiter.cc.o
In file included from /tmp/assist-native-allocate-ex-root-final-macos/_deps/assist_masking_absl-src/absl/log/log_entry.cc:16:
In file included from /tmp/assist-native-allocate-ex-root-final-macos/_deps/assist_masking_absl-src/absl/log/log_entry.h:27:
In file included from /Applications/Xcode.app/Contents/Developer/Platforms/MacOSX.platform/Developer/SDKs/MacOSX27.2.sdk/usr/include/c++/v1/cstddef:39:
In file included from /Applications/Xcode.app/Contents/Developer/Platforms/MacOSX.platform/Developer/SDKs/MacOSX27.2.sdk/usr/include/c++/v1/__config:15:
/Applications/Xcode.app/Contents/Developer/Platforms/MacOSX.platform/Developer/SDKs/MacOSX27.2.sdk/usr/include/c++/v1/__configuration/availability.h:204:4: warning: "The selected platform is no longer supported by libc++." [-W#warnings]
  204 | #  warning "The selected platform is no longer supported by libc++."
      |    ^
1 warning generated.
[ 40%] Linking CXX static library libabsl_log_entry.a
[ 40%] Built target log_entry
In file included from /tmp/assist-native-allocate-ex-root-final-macos/_deps/assist_masking_absl-src/absl/synchronization/barrier.cc:15:
In file included from /tmp/assist-native-allocate-ex-root-final-macos/_deps/assist_masking_absl-src/absl/synchronization/barrier.h:22:
In file included from /tmp/assist-native-allocate-ex-root-final-macos/_deps/assist_masking_absl-src/absl/base/thread_annotations.h:37:
In file included from /tmp/assist-native-allocate-ex-root-final-macos/_deps/assist_masking_absl-src/absl/base/attributes.h:37:
In file included from /tmp/assist-native-allocate-ex-root-final-macos/_deps/assist_masking_absl-src/absl/base/config.h:56:
In file included from /Applications/Xcode.app/Contents/Developer/Platforms/MacOSX.platform/Developer/SDKs/MacOSX27.2.sdk/usr/include/c++/v1/cstddef:39:
In file included from /Applications/Xcode.app/Contents/Developer/Platforms/MacOSX.platform/Developer/SDKs/MacOSX27.2.sdk/usr/include/c++/v1/__config:15:
/Applications/Xcode.app/Contents/Developer/Platforms/MacOSX.platform/Developer/SDKs/MacOSX27.2.sdk/usr/include/c++/v1/__configuration/availability.h:204:4: warning: "The selected platform is no longer supported by libc++." [-W#warnings]
  204 | #  warning "The selected platform is no longer supported by libc++."
      |    ^
1 warning generated.
In file included from /tmp/assist-native-allocate-ex-root-final-macos/_deps/assist_masking_absl-src/absl/synchronization/blocking_counter.cc:15:
In file included from /tmp/assist-native-allocate-ex-root-final-macos/_deps/assist_masking_absl-src/absl/synchronization/blocking_counter.h:23:
In file included from /Applications/Xcode.app/Contents/Developer/Platforms/MacOSX.platform/Developer/SDKs/MacOSX27.2.sdk/usr/include/c++/v1/atomic:593:
In file included from /Applications/Xcode.app/Contents/Developer/Platforms/MacOSX.platform/Developer/SDKs/MacOSX27.2.sdk/usr/include/c++/v1/__config:15:
/Applications/Xcode.app/Contents/Developer/Platforms/MacOSX.platform/Developer/SDKs/MacOSX27.2.sdk/usr/include/c++/v1/__configuration/availability.h:204:4: warning: "The selected platform is no longer supported by libc++." [-W#warnings]
  204 | #  warning "The selected platform is no longer supported by libc++."
      |    ^
1 warning generated.
In file included from /tmp/assist-native-allocate-ex-root-final-macos/_deps/assist_masking_absl-src/absl/synchronization/internal/futex_waiter.cc:15:
In file included from /tmp/assist-native-allocate-ex-root-final-macos/_deps/assist_masking_absl-src/absl/synchronization/internal/futex_waiter.h:19:
In file included from /Applications/Xcode.app/Contents/Developer/Platforms/MacOSX.platform/Developer/SDKs/MacOSX27.2.sdk/usr/include/c++/v1/atomic:593:
In file included from /Applications/Xcode.app/Contents/Developer/Platforms/MacOSX.platform/Developer/SDKs/MacOSX27.2.sdk/usr/include/c++/v1/__config:15:
/Applications/Xcode.app/Contents/Developer/Platforms/MacOSX.platform/Developer/SDKs/MacOSX27.2.sdk/usr/include/c++/v1/__configuration/availability.h:204:4: warning: "The selected platform is no longer supported by libc++." [-W#warnings]
  204 | #  warning "The selected platform is no longer supported by libc++."
      |    ^
1 warning generated.
[ 40%] Building CXX object _deps/assist_masking_absl-build/absl/synchronization/CMakeFiles/synchronization.dir/internal/sem_waiter.cc.o
In file included from /tmp/assist-native-allocate-ex-root-final-macos/_deps/assist_masking_absl-src/absl/synchronization/internal/pthread_waiter.cc:15:
In file included from /tmp/assist-native-allocate-ex-root-final-macos/_deps/assist_masking_absl-src/absl/synchronization/internal/pthread_waiter.h:22:
In file included from /tmp/assist-native-allocate-ex-root-final-macos/_deps/assist_masking_absl-src/absl/base/config.h:56:
In file included from /Applications/Xcode.app/Contents/Developer/Platforms/MacOSX.platform/Developer/SDKs/MacOSX27.2.sdk/usr/include/c++/v1/cstddef:39:
In file included from /Applications/Xcode.app/Contents/Developer/Platforms/MacOSX.platform/Developer/SDKs/MacOSX27.2.sdk/usr/include/c++/v1/__config:15:
/Applications/Xcode.app/Contents/Developer/Platforms/MacOSX.platform/Developer/SDKs/MacOSX27.2.sdk/usr/include/c++/v1/__configuration/availability.h:204:4: warning: "The selected platform is no longer supported by libc++." [-W#warnings]
  204 | #  warning "The selected platform is no longer supported by libc++."
      |    ^
1 warning generated.
[ 40%] Building CXX object _deps/assist_masking_absl-build/absl/crc/CMakeFiles/crc_cord_state.dir/internal/crc_cord_state.cc.o
[ 40%] Building CXX object _deps/assist_masking_absl-build/absl/synchronization/CMakeFiles/synchronization.dir/internal/stdcpp_waiter.cc.o
[ 40%] Building CXX object _deps/assist_masking_absl-build/absl/log/CMakeFiles/log_sink.dir/log_sink.cc.o
In file included from /tmp/assist-native-allocate-ex-root-final-macos/_deps/assist_masking_absl-src/absl/synchronization/internal/create_thread_identity.cc:15:
In file included from /Applications/Xcode.app/Contents/Developer/Platforms/MacOSX.platform/Developer/SDKs/MacOSX27.2.sdk/usr/include/c++/v1/stdint.h:18:
In file included from /Applications/Xcode.app/Contents/Developer/Platforms/MacOSX.platform/Developer/SDKs/MacOSX27.2.sdk/usr/include/c++/v1/__config:15:
/Applications/Xcode.app/Contents/Developer/Platforms/MacOSX.platform/Developer/SDKs/MacOSX27.2.sdk/usr/include/c++/v1/__configuration/availability.h:204:4: warning: "The selected platform is no longer supported by libc++." [-W#warnings]
  204 | #  warning "The selected platform is no longer supported by libc++."
      |    ^
1 warning generated.
[ 40%] Building CXX object _deps/assist_masking_absl-build/absl/synchronization/CMakeFiles/synchronization.dir/internal/waiter_base.cc.o
[ 40%] Building CXX object _deps/assist_masking_absl-build/absl/synchronization/CMakeFiles/synchronization.dir/internal/win32_waiter.cc.o
In file included from /tmp/assist-native-allocate-ex-root-final-macos/_deps/assist_masking_absl-src/absl/synchronization/internal/per_thread_sem.cc:16:
In file included from /tmp/assist-native-allocate-ex-root-final-macos/_deps/assist_masking_absl-src/absl/base/internal/low_level_alloc.h:29:
In file included from /Applications/Xcode.app/Contents/Developer/Platforms/MacOSX.platform/Developer/SDKs/MacOSX27.2.sdk/usr/include/c++/v1/cstdint:146:
In file included from /Applications/Xcode.app/Contents/Developer/Platforms/MacOSX.platform/Developer/SDKs/MacOSX27.2.sdk/usr/include/c++/v1/__config:15:
/Applications/Xcode.app/Contents/Developer/Platforms/MacOSX.platform/Developer/SDKs/MacOSX27.2.sdk/usr/include/c++/v1/__configuration/availability.h:204:4: warning: "The selected platform is no longer supported by libc++." [-W#warnings]
  204 | #  warning "The selected platform is no longer supported by libc++."
      |    ^
1 warning generated.
[ 40%] Building CXX object _deps/assist_masking_absl-build/absl/synchronization/CMakeFiles/synchronization.dir/notification.cc.o
In file included from /tmp/assist-native-allocate-ex-root-final-macos/_deps/assist_masking_absl-src/absl/log/internal/log_format.cc:16:
In file included from /tmp/assist-native-allocate-ex-root-final-macos/_deps/assist_masking_absl-src/absl/log/internal/log_format.h:25:
In file included from /Applications/Xcode.app/Contents/Developer/Platforms/MacOSX.platform/Developer/SDKs/MacOSX27.2.sdk/usr/include/c++/v1/stddef.h:30:
In file included from /Applications/Xcode.app/Contents/Developer/Platforms/MacOSX.platform/Developer/SDKs/MacOSX27.2.sdk/usr/include/c++/v1/__config:15:
/Applications/Xcode.app/Contents/Developer/Platforms/MacOSX.platform/Developer/SDKs/MacOSX27.2.sdk/usr/include/c++/v1/__configuration/availability.h:204:4: warning: "The selected platform is no longer supported by libc++." [-W#warnings]
  204 | #  warning "The selected platform is no longer supported by libc++."
      |    ^
1 warning generated.
[ 40%] Linking CXX static library libabsl_log_internal_format.a
In file included from /tmp/assist-native-allocate-ex-root-final-macos/_deps/assist_masking_absl-src/absl/synchronization/internal/sem_waiter.cc:15:
In file included from /tmp/assist-native-allocate-ex-root-final-macos/_deps/assist_masking_absl-src/absl/synchronization/internal/sem_waiter.h:19:
In file included from /tmp/assist-native-allocate-ex-root-final-macos/_deps/assist_masking_absl-src/absl/base/config.h:56:
In file included from /Applications/Xcode.app/Contents/Developer/Platforms/MacOSX.platform/Developer/SDKs/MacOSX27.2.sdk/usr/include/c++/v1/cstddef:39:
In file included from /Applications/Xcode.app/Contents/Developer/Platforms/MacOSX.platform/Developer/SDKs/MacOSX27.2.sdk/usr/include/c++/v1/__config:15:
/Applications/Xcode.app/Contents/Developer/Platforms/MacOSX.platform/Developer/SDKs/MacOSX27.2.sdk/usr/include/c++/v1/__configuration/availability.h:204:4: warning: "The selected platform is no longer supported by libc++." [-W#warnings]
  204 | #  warning "The selected platform is no longer supported by libc++."
      |    ^
1 warning generated.
[ 40%] Building CXX object _deps/assist_masking_absl-build/absl/synchronization/CMakeFiles/synchronization.dir/mutex.cc.o
[ 40%] Built target log_internal_format
In file included from /tmp/assist-native-allocate-ex-root-final-macos/_deps/assist_masking_absl-src/absl/synchronization/internal/waiter_base.cc:15:
In file included from /tmp/assist-native-allocate-ex-root-final-macos/_deps/assist_masking_absl-src/absl/synchronization/internal/waiter_base.h:19:
In file included from /tmp/assist-native-allocate-ex-root-final-macos/_deps/assist_masking_absl-src/absl/base/config.h:56:
In file included from /Applications/Xcode.app/Contents/Developer/Platforms/MacOSX.platform/Developer/SDKs/MacOSX27.2.sdk/usr/include/c++/v1/cstddef:39:
In file included from /Applications/Xcode.app/Contents/Developer/Platforms/MacOSX.platform/Developer/SDKs/MacOSX27.2.sdk/usr/include/c++/v1/__config:15:
/Applications/Xcode.app/Contents/Developer/Platforms/MacOSX.platform/Developer/SDKs/MacOSX27.2.sdk/usr/include/c++/v1/__configuration/availability.h:204:4: warning: "The selected platform is no longer supported by libc++." [-W#warnings]
  204 | #  warning "The selected platform is no longer supported by libc++."
      |    ^
1 warning generated.
In file included from /tmp/assist-native-allocate-ex-root-final-macos/_deps/assist_masking_absl-src/absl/log/log_sink.cc:15:
In file included from /tmp/assist-native-allocate-ex-root-final-macos/_deps/assist_masking_absl-src/absl/log/log_sink.h:24:
In file included from /tmp/assist-native-allocate-ex-root-final-macos/_deps/assist_masking_absl-src/absl/base/config.h:56:
In file included from /Applications/Xcode.app/Contents/Developer/Platforms/MacOSX.platform/Developer/SDKs/MacOSX27.2.sdk/usr/include/c++/v1/cstddef:39:
In file included from /Applications/Xcode.app/Contents/Developer/Platforms/MacOSX.platform/Developer/SDKs/MacOSX27.2.sdk/usr/include/c++/v1/__config:15:
/Applications/Xcode.app/Contents/Developer/Platforms/MacOSX.platform/Developer/SDKs/MacOSX27.2.sdk/usr/include/c++/v1/__configuration/availability.h:204:4: warning: "The selected platform is no longer supported by libc++." [-W#warnings]
  204 | #  warning "The selected platform is no longer supported by libc++."
      |    ^
1 warning generated.
In file included from /tmp/assist-native-allocate-ex-root-final-macos/_deps/assist_masking_absl-src/absl/synchronization/internal/stdcpp_waiter.cc:15:
In file included from /tmp/assist-native-allocate-ex-root-final-macos/_deps/assist_masking_absl-src/absl/synchronization/internal/stdcpp_waiter.h:19:
In file included from /Applications/Xcode.app/Contents/Developer/Platforms/MacOSX.platform/Developer/SDKs/MacOSX27.2.sdk/usr/include/c++/v1/condition_variable:124:
In file included from /Applications/Xcode.app/Contents/Developer/Platforms/MacOSX.platform/Developer/SDKs/MacOSX27.2.sdk/usr/include/c++/v1/__chrono/duration.h:13:
In file included from /Applications/Xcode.app/Contents/Developer/Platforms/MacOSX.platform/Developer/SDKs/MacOSX27.2.sdk/usr/include/c++/v1/__compare/ordering.h:12:
In file included from /Applications/Xcode.app/Contents/Developer/Platforms/MacOSX.platform/Developer/SDKs/MacOSX27.2.sdk/usr/include/c++/v1/__config:15:
/Applications/Xcode.app/Contents/Developer/Platforms/MacOSX.platform/Developer/SDKs/MacOSX27.2.sdk/usr/include/c++/v1/__configuration/availability.h:204:4: warning: "The selected platform is no longer supported by libc++." [-W#warnings]
  204 | #  warning "The selected platform is no longer supported by libc++."
      |    ^
1 warning generated.
In file included from /tmp/assist-native-allocate-ex-root-final-macos/_deps/assist_masking_absl-src/absl/synchronization/notification.cc:15:
In file included from /tmp/assist-native-allocate-ex-root-final-macos/_deps/assist_masking_absl-src/absl/synchronization/notification.h:53:
In file included from /Applications/Xcode.app/Contents/Developer/Platforms/MacOSX.platform/Developer/SDKs/MacOSX27.2.sdk/usr/include/c++/v1/atomic:593:
In file included from /Applications/Xcode.app/Contents/Developer/Platforms/MacOSX.platform/Developer/SDKs/MacOSX27.2.sdk/usr/include/c++/v1/__config:15:
/Applications/Xcode.app/Contents/Developer/Platforms/MacOSX.platform/Developer/SDKs/MacOSX27.2.sdk/usr/include/c++/v1/__configuration/availability.h:204:4: warning: "The selected platform is no longer supported by libc++." [-W#warnings]
  204 | #  warning "The selected platform is no longer supported by libc++."
      |    ^
1 warning generated.
[ 40%] Linking CXX static library libabsl_log_sink.a
[ 40%] Built target log_sink
In file included from /tmp/assist-native-allocate-ex-root-final-macos/_deps/assist_masking_absl-src/absl/crc/internal/crc_cord_state.cc:15:
In file included from /tmp/assist-native-allocate-ex-root-final-macos/_deps/assist_masking_absl-src/absl/crc/internal/crc_cord_state.h:18:
In file included from /Applications/Xcode.app/Contents/Developer/Platforms/MacOSX.platform/Developer/SDKs/MacOSX27.2.sdk/usr/include/c++/v1/atomic:593:
In file included from /Applications/Xcode.app/Contents/Developer/Platforms/MacOSX.platform/Developer/SDKs/MacOSX27.2.sdk/usr/include/c++/v1/__config:15:
/Applications/Xcode.app/Contents/Developer/Platforms/MacOSX.platform/Developer/SDKs/MacOSX27.2.sdk/usr/include/c++/v1/__configuration/availability.h:204:4: warning: "The selected platform is no longer supported by libc++." [-W#warnings]
  204 | #  warning "The selected platform is no longer supported by libc++."
      |    ^
1 warning generated.
[ 40%] Linking CXX static library libabsl_crc_cord_state.a
In file included from /tmp/assist-native-allocate-ex-root-final-macos/_deps/assist_masking_absl-src/absl/synchronization/mutex.cc:15:
In file included from /tmp/assist-native-allocate-ex-root-final-macos/_deps/assist_masking_absl-src/absl/synchronization/mutex.h:61:
In file included from /Applications/Xcode.app/Contents/Developer/Platforms/MacOSX.platform/Developer/SDKs/MacOSX27.2.sdk/usr/include/c++/v1/atomic:593:
In file included from /Applications/Xcode.app/Contents/Developer/Platforms/MacOSX.platform/Developer/SDKs/MacOSX27.2.sdk/usr/include/c++/v1/__config:15:
/Applications/Xcode.app/Contents/Developer/Platforms/MacOSX.platform/Developer/SDKs/MacOSX27.2.sdk/usr/include/c++/v1/__configuration/availability.h:204:4: warning: "The selected platform is no longer supported by libc++." [-W#warnings]
  204 | #  warning "The selected platform is no longer supported by libc++."
      |    ^
1 warning generated.
[ 40%] Linking CXX static library libabsl_synchronization.a
[ 40%] Built target crc_cord_state
[ 40%] Building CXX object _deps/assist_masking_absl-build/absl/strings/CMakeFiles/cord_internal.dir/internal/cord_rep_btree.cc.o
[ 40%] Building CXX object _deps/assist_masking_absl-build/absl/strings/CMakeFiles/cord_internal.dir/internal/cord_rep_crc.cc.o
[ 40%] Building CXX object _deps/assist_masking_absl-build/absl/strings/CMakeFiles/cord_internal.dir/internal/cord_rep_consume.cc.o
[ 40%] Building CXX object _deps/assist_masking_absl-build/absl/strings/CMakeFiles/cord_internal.dir/internal/cord_rep_btree_navigator.cc.o
[ 40%] Building CXX object _deps/assist_masking_absl-build/absl/strings/CMakeFiles/cord_internal.dir/internal/cord_internal.cc.o
[ 40%] Building CXX object _deps/assist_masking_absl-build/absl/strings/CMakeFiles/cord_internal.dir/internal/cord_rep_btree_reader.cc.o
[ 40%] Built target synchronization
[ 40%] Building CXX object _deps/assist_masking_absl-build/absl/container/CMakeFiles/hashtablez_sampler.dir/internal/hashtablez_sampler.cc.o
[ 40%] Building CXX object _deps/assist_masking_absl-build/absl/flags/CMakeFiles/flags_program_name.dir/internal/program_name.cc.o
In file included from /tmp/assist-native-allocate-ex-root-final-macos/_deps/assist_masking_absl-src/absl/strings/internal/cord_rep_consume.cc:15:
In file included from /tmp/assist-native-allocate-ex-root-final-macos/_deps/assist_masking_absl-src/absl/strings/internal/cord_rep_consume.h:18:
In file included from /Applications/Xcode.app/Contents/Developer/Platforms/MacOSX.platform/Developer/SDKs/MacOSX27.2.sdk/usr/include/c++/v1/functional:535:
In file included from /Applications/Xcode.app/Contents/Developer/Platforms/MacOSX.platform/Developer/SDKs/MacOSX27.2.sdk/usr/include/c++/v1/__config:15:
/Applications/Xcode.app/Contents/Developer/Platforms/MacOSX.platform/Developer/SDKs/MacOSX27.2.sdk/usr/include/c++/v1/__configuration/availability.h:204:4: warning: "The selected platform is no longer supported by libc++." [-W#warnings]
  204 | #  warning "The selected platform is no longer supported by libc++."
      |    ^
1 warning generated.
[ 40%] Building CXX object _deps/assist_masking_absl-build/absl/strings/CMakeFiles/cordz_handle.dir/internal/cordz_handle.cc.o
In file included from /tmp/assist-native-allocate-ex-root-final-macos/_deps/assist_masking_absl-src/absl/strings/internal/cord_rep_btree_reader.cc:15:
In file included from /tmp/assist-native-allocate-ex-root-final-macos/_deps/assist_masking_absl-src/absl/strings/internal/cord_rep_btree_reader.h:18:
In file included from /Applications/Xcode.app/Contents/Developer/Platforms/MacOSX.platform/Developer/SDKs/MacOSX27.2.sdk/usr/include/c++/v1/cassert:22:
In file included from /Applications/Xcode.app/Contents/Developer/Platforms/MacOSX.platform/Developer/SDKs/MacOSX27.2.sdk/usr/include/c++/v1/__config:15:
/Applications/Xcode.app/Contents/Developer/Platforms/MacOSX.platform/Developer/SDKs/MacOSX27.2.sdk/usr/include/c++/v1/__configuration/availability.h:204:4: warning: "The selected platform is no longer supported by libc++." [-W#warnings]
  204 | #  warning "The selected platform is no longer supported by libc++."
      |    ^
1 warning generated.
In file included from /tmp/assist-native-allocate-ex-root-final-macos/_deps/assist_masking_absl-src/absl/strings/internal/cord_rep_btree_navigator.cc:15:
In file included from /tmp/assist-native-allocate-ex-root-final-macos/_deps/assist_masking_absl-src/absl/strings/internal/cord_rep_btree_navigator.h:18:
In file included from /Applications/Xcode.app/Contents/Developer/Platforms/MacOSX.platform/Developer/SDKs/MacOSX27.2.sdk/usr/include/c++/v1/cassert:22:
In file included from /Applications/Xcode.app/Contents/Developer/Platforms/MacOSX.platform/Developer/SDKs/MacOSX27.2.sdk/usr/include/c++/v1/__config:15:
/Applications/Xcode.app/Contents/Developer/Platforms/MacOSX.platform/Developer/SDKs/MacOSX27.2.sdk/usr/include/c++/v1/__configuration/availability.h:204:4: warning: "The selected platform is no longer supported by libc++." [-W#warnings]
  204 | #  warning "The selected platform is no longer supported by libc++."
      |    ^
1 warning generated.
[ 40%] Building CXX object _deps/assist_masking_absl-build/absl/container/CMakeFiles/hashtablez_sampler.dir/internal/hashtablez_sampler_force_weak_definition.cc.o
[ 40%] Building CXX object _deps/assist_masking_absl-build/absl/log/CMakeFiles/vlog_config_internal.dir/internal/vlog_config.cc.o
In file included from /tmp/assist-native-allocate-ex-root-final-macos/_deps/assist_masking_absl-src/absl/flags/internal/program_name.cc:16:
In file included from /tmp/assist-native-allocate-ex-root-final-macos/_deps/assist_masking_absl-src/absl/flags/internal/program_name.h:19:
In file included from /Applications/Xcode.app/Contents/Developer/Platforms/MacOSX.platform/Developer/SDKs/MacOSX27.2.sdk/usr/include/c++/v1/string:594:
In file included from /Applications/Xcode.app/Contents/Developer/Platforms/MacOSX.platform/Developer/SDKs/MacOSX27.2.sdk/usr/include/c++/v1/__algorithm/max.h:12:
In file included from /Applications/Xcode.app/Contents/Developer/Platforms/MacOSX.platform/Developer/SDKs/MacOSX27.2.sdk/usr/include/c++/v1/__algorithm/comp.h:12:
In file included from /Applications/Xcode.app/Contents/Developer/Platforms/MacOSX.platform/Developer/SDKs/MacOSX27.2.sdk/usr/include/c++/v1/__config:15:
/Applications/Xcode.app/Contents/Developer/Platforms/MacOSX.platform/Developer/SDKs/MacOSX27.2.sdk/usr/include/c++/v1/__configuration/availability.h:204:4: warning: "The selected platform is no longer supported by libc++." [-W#warnings]
  204 | #  warning "The selected platform is no longer supported by libc++."
      |    ^
1 warning generated.
[ 40%] Linking CXX static library libabsl_flags_program_name.a
In file included from /tmp/assist-native-allocate-ex-root-final-macos/_deps/assist_masking_absl-src/absl/strings/internal/cord_rep_btree.cc:15:
In file included from /tmp/assist-native-allocate-ex-root-final-macos/_deps/assist_masking_absl-src/absl/strings/internal/cord_rep_btree.h:18:
In file included from /Applications/Xcode.app/Contents/Developer/Platforms/MacOSX.platform/Developer/SDKs/MacOSX27.2.sdk/usr/include/c++/v1/cassert:22:
In file included from /Applications/Xcode.app/Contents/Developer/Platforms/MacOSX.platform/Developer/SDKs/MacOSX27.2.sdk/usr/include/c++/v1/__config:15:
/Applications/Xcode.app/Contents/Developer/Platforms/MacOSX.platform/Developer/SDKs/MacOSX27.2.sdk/usr/include/c++/v1/__configuration/availability.h:204:4: warning: "The selected platform is no longer supported by libc++." [-W#warnings]
  204 | #  warning "The selected platform is no longer supported by libc++."
      |    ^
1 warning generated.
In file included from /tmp/assist-native-allocate-ex-root-final-macos/_deps/assist_masking_absl-src/absl/container/internal/hashtablez_sampler.cc:15:
In file included from /tmp/assist-native-allocate-ex-root-final-macos/_deps/assist_masking_absl-src/absl/container/internal/hashtablez_sampler.h:42:
In file included from /Applications/Xcode.app/Contents/Developer/Platforms/MacOSX.platform/Developer/SDKs/MacOSX27.2.sdk/usr/include/c++/v1/atomic:593:
In file included from /Applications/Xcode.app/Contents/Developer/Platforms/MacOSX.platform/Developer/SDKs/MacOSX27.2.sdk/usr/include/c++/v1/__config:15:
/Applications/Xcode.app/Contents/Developer/Platforms/MacOSX.platform/Developer/SDKs/MacOSX27.2.sdk/usr/include/c++/v1/__configuration/availability.h:204:4: warning: "The selected platform is no longer supported by libc++." [-W#warnings]
  204 | #  warning "The selected platform is no longer supported by libc++."
      |    ^
1 warning generated.
In file included from /tmp/assist-native-allocate-ex-root-final-macos/_deps/assist_masking_absl-src/absl/strings/internal/cord_rep_crc.cc:15:
In file included from /tmp/assist-native-allocate-ex-root-final-macos/_deps/assist_masking_absl-src/absl/strings/internal/cord_rep_crc.h:18:
In file included from /Applications/Xcode.app/Contents/Developer/Platforms/MacOSX.platform/Developer/SDKs/MacOSX27.2.sdk/usr/include/c++/v1/cassert:22:
In file included from /Applications/Xcode.app/Contents/Developer/Platforms/MacOSX.platform/Developer/SDKs/MacOSX27.2.sdk/usr/include/c++/v1/__config:15:
/Applications/Xcode.app/Contents/Developer/Platforms/MacOSX.platform/Developer/SDKs/MacOSX27.2.sdk/usr/include/c++/v1/__configuration/availability.h:204:4: warning: "The selected platform is no longer supported by libc++." [-W#warnings]
  204 | #  warning "The selected platform is no longer supported by libc++."
      |    ^
1 warning generated.
[ 40%] Built target flags_program_name
In file included from /tmp/assist-native-allocate-ex-root-final-macos/_deps/assist_masking_absl-src/absl/strings/internal/cord_internal.cc:14:
In file included from /tmp/assist-native-allocate-ex-root-final-macos/_deps/assist_masking_absl-src/absl/strings/internal/cord_internal.h:18:
In file included from /Applications/Xcode.app/Contents/Developer/Platforms/MacOSX.platform/Developer/SDKs/MacOSX27.2.sdk/usr/include/c++/v1/atomic:593:
In file included from /Applications/Xcode.app/Contents/Developer/Platforms/MacOSX.platform/Developer/SDKs/MacOSX27.2.sdk/usr/include/c++/v1/__config:15:
/Applications/Xcode.app/Contents/Developer/Platforms/MacOSX.platform/Developer/SDKs/MacOSX27.2.sdk/usr/include/c++/v1/__configuration/availability.h:204:4: warning: "The selected platform is no longer supported by libc++." [-W#warnings]
  204 | #  warning "The selected platform is no longer supported by libc++."
      |    ^
1 warning generated.
[ 40%] Linking CXX static library libabsl_cord_internal.a
[ 40%] Building CXX object _deps/assist_masking_absl-build/absl/flags/CMakeFiles/flags_config.dir/usage_config.cc.o
[ 40%] Built target cord_internal
In file included from /tmp/assist-native-allocate-ex-root-final-macos/_deps/assist_masking_absl-src/absl/strings/internal/cordz_handle.cc:14:
In file included from /tmp/assist-native-allocate-ex-root-final-macos/_deps/assist_masking_absl-src/absl/strings/internal/cordz_handle.h:18:
In file included from /Applications/Xcode.app/Contents/Developer/Platforms/MacOSX.platform/Developer/SDKs/MacOSX27.2.sdk/usr/include/c++/v1/atomic:593:
In file included from /Applications/Xcode.app/Contents/Developer/Platforms/MacOSX.platform/Developer/SDKs/MacOSX27.2.sdk/usr/include/c++/v1/__config:15:
/Applications/Xcode.app/Contents/Developer/Platforms/MacOSX.platform/Developer/SDKs/MacOSX27.2.sdk/usr/include/c++/v1/__configuration/availability.h:204:4: warning: "The selected platform is no longer supported by libc++." [-W#warnings]
  204 | #  warning "The selected platform is no longer supported by libc++."
      |    ^
1 warning generated.
In file included from /tmp/assist-native-allocate-ex-root-final-macos/_deps/assist_masking_absl-src/absl/container/internal/hashtablez_sampler_force_weak_definition.cc:15:
In file included from /tmp/assist-native-allocate-ex-root-final-macos/_deps/assist_masking_absl-src/absl/container/internal/hashtablez_sampler.h:42:
In file included from /Applications/Xcode.app/Contents/Developer/Platforms/MacOSX.platform/Developer/SDKs/MacOSX27.2.sdk/usr/include/c++/v1/atomic:593:
In file included from /Applications/Xcode.app/Contents/Developer/Platforms/MacOSX.platform/Developer/SDKs/MacOSX27.2.sdk/usr/include/c++/v1/__config:15:
/Applications/Xcode.app/Contents/Developer/Platforms/MacOSX.platform/Developer/SDKs/MacOSX27.2.sdk/usr/include/c++/v1/__configuration/availability.h:204:4: warning: "The selected platform is no longer supported by libc++." [-W#warnings]
  204 | #  warning "The selected platform is no longer supported by libc++."
      |    ^
1 warning generated.
[ 40%] Linking CXX static library libabsl_cordz_handle.a
[ 40%] Linking CXX static library libabsl_hashtablez_sampler.a
[ 40%] Built target cordz_handle
[ 40%] Built target hashtablez_sampler
[ 40%] Building CXX object _deps/assist_masking_absl-build/absl/strings/CMakeFiles/cordz_info.dir/internal/cordz_info.cc.o
[ 40%] Building CXX object _deps/assist_masking_absl-build/absl/container/CMakeFiles/raw_hash_set.dir/internal/raw_hash_set.cc.o
In file included from /tmp/assist-native-allocate-ex-root-final-macos/_deps/assist_masking_absl-src/absl/log/internal/vlog_config.cc:15:
In file included from /tmp/assist-native-allocate-ex-root-final-macos/_deps/assist_masking_absl-src/absl/log/internal/vlog_config.h:29:
In file included from /Applications/Xcode.app/Contents/Developer/Platforms/MacOSX.platform/Developer/SDKs/MacOSX27.2.sdk/usr/include/c++/v1/atomic:593:
In file included from /Applications/Xcode.app/Contents/Developer/Platforms/MacOSX.platform/Developer/SDKs/MacOSX27.2.sdk/usr/include/c++/v1/__config:15:
/Applications/Xcode.app/Contents/Developer/Platforms/MacOSX.platform/Developer/SDKs/MacOSX27.2.sdk/usr/include/c++/v1/__configuration/availability.h:204:4: warning: "The selected platform is no longer supported by libc++." [-W#warnings]
  204 | #  warning "The selected platform is no longer supported by libc++."
      |    ^
1 warning generated.
[ 40%] Linking CXX static library libabsl_vlog_config_internal.a
In file included from /tmp/assist-native-allocate-ex-root-final-macos/_deps/assist_masking_absl-src/absl/flags/usage_config.cc:16:
In file included from /tmp/assist-native-allocate-ex-root-final-macos/_deps/assist_masking_absl-src/absl/flags/usage_config.h:27:
In file included from /Applications/Xcode.app/Contents/Developer/Platforms/MacOSX.platform/Developer/SDKs/MacOSX27.2.sdk/usr/include/c++/v1/functional:535:
In file included from /Applications/Xcode.app/Contents/Developer/Platforms/MacOSX.platform/Developer/SDKs/MacOSX27.2.sdk/usr/include/c++/v1/__config:15:
/Applications/Xcode.app/Contents/Developer/Platforms/MacOSX.platform/Developer/SDKs/MacOSX27.2.sdk/usr/include/c++/v1/__configuration/availability.h:204:4: warning: "The selected platform is no longer supported by libc++." [-W#warnings]
  204 | #  warning "The selected platform is no longer supported by libc++."
      |    ^
1 warning generated.
[ 40%] Linking CXX static library libabsl_flags_config.a
[ 40%] Built target vlog_config_internal
[ 40%] Building CXX object _deps/assist_masking_absl-build/absl/log/CMakeFiles/log_globals.dir/globals.cc.o
[ 40%] Built target flags_config
[ 40%] Building CXX object _deps/assist_masking_absl-build/absl/flags/CMakeFiles/flags_internal.dir/internal/flag.cc.o
In file included from /tmp/assist-native-allocate-ex-root-final-macos/_deps/assist_masking_absl-src/absl/strings/internal/cordz_info.cc:15:
In file included from /tmp/assist-native-allocate-ex-root-final-macos/_deps/assist_masking_absl-src/absl/strings/internal/cordz_info.h:18:
In file included from /Applications/Xcode.app/Contents/Developer/Platforms/MacOSX.platform/Developer/SDKs/MacOSX27.2.sdk/usr/include/c++/v1/atomic:593:
In file included from /Applications/Xcode.app/Contents/Developer/Platforms/MacOSX.platform/Developer/SDKs/MacOSX27.2.sdk/usr/include/c++/v1/__config:15:
/Applications/Xcode.app/Contents/Developer/Platforms/MacOSX.platform/Developer/SDKs/MacOSX27.2.sdk/usr/include/c++/v1/__configuration/availability.h:204:4: warning: "The selected platform is no longer supported by libc++." [-W#warnings]
  204 | #  warning "The selected platform is no longer supported by libc++."
      |    ^
1 warning generated.
[ 40%] Linking CXX static library libabsl_cordz_info.a
In file included from /tmp/assist-native-allocate-ex-root-final-macos/_deps/assist_masking_absl-src/absl/container/internal/raw_hash_set.cc:15:
In file included from /tmp/assist-native-allocate-ex-root-final-macos/_deps/assist_masking_absl-src/absl/container/internal/raw_hash_set.h:180:
In file included from /Applications/Xcode.app/Contents/Developer/Platforms/MacOSX.platform/Developer/SDKs/MacOSX27.2.sdk/usr/include/c++/v1/algorithm:1840:
In file included from /Applications/Xcode.app/Contents/Developer/Platforms/MacOSX.platform/Developer/SDKs/MacOSX27.2.sdk/usr/include/c++/v1/__config:15:
/Applications/Xcode.app/Contents/Developer/Platforms/MacOSX.platform/Developer/SDKs/MacOSX27.2.sdk/usr/include/c++/v1/__configuration/availability.h:204:4: warning: "The selected platform is no longer supported by libc++." [-W#warnings]
  204 | #  warning "The selected platform is no longer supported by libc++."
      |    ^
1 warning generated.
In file included from /tmp/assist-native-allocate-ex-root-final-macos/_deps/assist_masking_absl-src/absl/log/globals.cc:15:
In file included from /tmp/assist-native-allocate-ex-root-final-macos/_deps/assist_masking_absl-src/absl/log/globals.h:24:
In file included from /tmp/assist-native-allocate-ex-root-final-macos/_deps/assist_masking_absl-src/absl/base/attributes.h:37:
In file included from /tmp/assist-native-allocate-ex-root-final-macos/_deps/assist_masking_absl-src/absl/base/config.h:56:
In file included from /Applications/Xcode.app/Contents/Developer/Platforms/MacOSX.platform/Developer/SDKs/MacOSX27.2.sdk/usr/include/c++/v1/cstddef:39:
In file included from /Applications/Xcode.app/Contents/Developer/Platforms/MacOSX.platform/Developer/SDKs/MacOSX27.2.sdk/usr/include/c++/v1/__config:15:
/Applications/Xcode.app/Contents/Developer/Platforms/MacOSX.platform/Developer/SDKs/MacOSX27.2.sdk/usr/include/c++/v1/__configuration/availability.h:204:4: warning: "The selected platform is no longer supported by libc++." [-W#warnings]
  204 | #  warning "The selected platform is no longer supported by libc++."
      |    ^
1 warning generated.
[ 40%] Linking CXX static library libabsl_raw_hash_set.a
[ 40%] Linking CXX static library libabsl_log_globals.a
[ 40%] Built target cordz_info
In file included from /tmp/assist-native-allocate-ex-root-final-macos/_deps/assist_masking_absl-src/absl/flags/internal/flag.cc:16:
In file included from /tmp/assist-native-allocate-ex-root-final-macos/_deps/assist_masking_absl-src/absl/flags/internal/flag.h:19:
In file included from /Applications/Xcode.app/Contents/Developer/Platforms/MacOSX.platform/Developer/SDKs/MacOSX27.2.sdk/usr/include/c++/v1/stddef.h:30:
In file included from /Applications/Xcode.app/Contents/Developer/Platforms/MacOSX.platform/Developer/SDKs/MacOSX27.2.sdk/usr/include/c++/v1/__config:15:
/Applications/Xcode.app/Contents/Developer/Platforms/MacOSX.platform/Developer/SDKs/MacOSX27.2.sdk/usr/include/c++/v1/__configuration/availability.h:204:4: warning: "The selected platform is no longer supported by libc++." [-W#warnings]
  204 | #  warning "The selected platform is no longer supported by libc++."
      |    ^
1 warning generated.
[ 40%] Linking CXX static library libabsl_flags_internal.a
[ 40%] Building CXX object _deps/assist_masking_absl-build/absl/strings/CMakeFiles/cord.dir/cord.cc.o
[ 40%] Building CXX object _deps/assist_masking_absl-build/absl/strings/CMakeFiles/cord.dir/cord_analysis.cc.o
[ 40%] Building CXX object _deps/assist_masking_absl-build/absl/strings/CMakeFiles/cord.dir/cord_buffer.cc.o
[ 40%] Built target raw_hash_set
[ 40%] Built target log_globals
[ 40%] Building CXX object _deps/assist_masking_absl-build/absl/log/CMakeFiles/log_internal_log_sink_set.dir/internal/log_sink_set.cc.o
[ 40%] Built target flags_internal
In file included from /tmp/assist-native-allocate-ex-root-final-macos/_deps/assist_masking_absl-src/absl/strings/cord_buffer.cc:15:
In file included from /tmp/assist-native-allocate-ex-root-final-macos/_deps/assist_masking_absl-src/absl/strings/cord_buffer.h:27:
In file included from /Applications/Xcode.app/Contents/Developer/Platforms/MacOSX.platform/Developer/SDKs/MacOSX27.2.sdk/usr/include/c++/v1/algorithm:1840:
In file included from /Applications/Xcode.app/Contents/Developer/Platforms/MacOSX.platform/Developer/SDKs/MacOSX27.2.sdk/usr/include/c++/v1/__config:15:
/Applications/Xcode.app/Contents/Developer/Platforms/MacOSX.platform/Developer/SDKs/MacOSX27.2.sdk/usr/include/c++/v1/__configuration/availability.h:204:4: warning: "The selected platform is no longer supported by libc++." [-W#warnings]
  204 | #  warning "The selected platform is no longer supported by libc++."
      |    ^
1 warning generated.
In file included from /tmp/assist-native-allocate-ex-root-final-macos/_deps/assist_masking_absl-src/absl/log/internal/log_sink_set.cc:16:
In file included from /tmp/assist-native-allocate-ex-root-final-macos/_deps/assist_masking_absl-src/absl/log/internal/log_sink_set.h:22:
In file included from /tmp/assist-native-allocate-ex-root-final-macos/_deps/assist_masking_absl-src/absl/base/config.h:56:
In file included from /Applications/Xcode.app/Contents/Developer/Platforms/MacOSX.platform/Developer/SDKs/MacOSX27.2.sdk/usr/include/c++/v1/cstddef:39:
In file included from /Applications/Xcode.app/Contents/Developer/Platforms/MacOSX.platform/Developer/SDKs/MacOSX27.2.sdk/usr/include/c++/v1/__config:15:
/Applications/Xcode.app/Contents/Developer/Platforms/MacOSX.platform/Developer/SDKs/MacOSX27.2.sdk/usr/include/c++/v1/__configuration/availability.h:204:4: warning: "The selected platform is no longer supported by libc++." [-W#warnings]
  204 | #  warning "The selected platform is no longer supported by libc++."
      |    ^
1 warning generated.
[ 40%] Linking CXX static library libabsl_log_internal_log_sink_set.a
In file included from /tmp/assist-native-allocate-ex-root-final-macos/_deps/assist_masking_absl-src/absl/strings/cord_analysis.cc:15:
In file included from /tmp/assist-native-allocate-ex-root-final-macos/_deps/assist_masking_absl-src/absl/strings/cord_analysis.h:18:
In file included from /Applications/Xcode.app/Contents/Developer/Platforms/MacOSX.platform/Developer/SDKs/MacOSX27.2.sdk/usr/include/c++/v1/cstddef:39:
In file included from /Applications/Xcode.app/Contents/Developer/Platforms/MacOSX.platform/Developer/SDKs/MacOSX27.2.sdk/usr/include/c++/v1/__config:15:
/Applications/Xcode.app/Contents/Developer/Platforms/MacOSX.platform/Developer/SDKs/MacOSX27.2.sdk/usr/include/c++/v1/__configuration/availability.h:204:4: warning: "The selected platform is no longer supported by libc++." [-W#warnings]
  204 | #  warning "The selected platform is no longer supported by libc++."
      |    ^
1 warning generated.
[ 40%] Built target log_internal_log_sink_set
[ 40%] Building CXX object _deps/assist_masking_absl-build/absl/log/CMakeFiles/log_internal_message.dir/internal/log_message.cc.o
In file included from /tmp/assist-native-allocate-ex-root-final-macos/_deps/assist_masking_absl-src/absl/strings/cord.cc:15:
In file included from /tmp/assist-native-allocate-ex-root-final-macos/_deps/assist_masking_absl-src/absl/strings/cord.h:63:
In file included from /Applications/Xcode.app/Contents/Developer/Platforms/MacOSX.platform/Developer/SDKs/MacOSX27.2.sdk/usr/include/c++/v1/algorithm:1840:
In file included from /Applications/Xcode.app/Contents/Developer/Platforms/MacOSX.platform/Developer/SDKs/MacOSX27.2.sdk/usr/include/c++/v1/__config:15:
/Applications/Xcode.app/Contents/Developer/Platforms/MacOSX.platform/Developer/SDKs/MacOSX27.2.sdk/usr/include/c++/v1/__configuration/availability.h:204:4: warning: "The selected platform is no longer supported by libc++." [-W#warnings]
  204 | #  warning "The selected platform is no longer supported by libc++."
      |    ^
1 warning generated.
[ 40%] Linking CXX static library libabsl_cord.a
[ 40%] Built target cord
[ 40%] Building CXX object _deps/assist_masking_absl-build/absl/flags/CMakeFiles/flags_reflection.dir/reflection.cc.o
In file included from /tmp/assist-native-allocate-ex-root-final-macos/_deps/assist_masking_absl-src/absl/log/internal/log_message.cc:16:
In file included from /tmp/assist-native-allocate-ex-root-final-macos/_deps/assist_masking_absl-src/absl/log/internal/log_message.h:30:
In file included from /Applications/Xcode.app/Contents/Developer/Platforms/MacOSX.platform/Developer/SDKs/MacOSX27.2.sdk/usr/include/c++/v1/ios:217:
In file included from /Applications/Xcode.app/Contents/Developer/Platforms/MacOSX.platform/Developer/SDKs/MacOSX27.2.sdk/usr/include/c++/v1/__config:15:
/Applications/Xcode.app/Contents/Developer/Platforms/MacOSX.platform/Developer/SDKs/MacOSX27.2.sdk/usr/include/c++/v1/__configuration/availability.h:204:4: warning: "The selected platform is no longer supported by libc++." [-W#warnings]
  204 | #  warning "The selected platform is no longer supported by libc++."
      |    ^
1 warning generated.
[ 40%] Linking CXX static library libabsl_log_internal_message.a
[ 40%] Built target log_internal_message
[ 40%] Building CXX object _deps/assist_masking_absl-build/absl/log/CMakeFiles/log_internal_check_op.dir/internal/check_op.cc.o
In file included from /tmp/assist-native-allocate-ex-root-final-macos/_deps/assist_masking_absl-src/absl/flags/reflection.cc:16:
In file included from /tmp/assist-native-allocate-ex-root-final-macos/_deps/assist_masking_absl-src/absl/flags/reflection.h:26:
In file included from /Applications/Xcode.app/Contents/Developer/Platforms/MacOSX.platform/Developer/SDKs/MacOSX27.2.sdk/usr/include/c++/v1/string:594:
In file included from /Applications/Xcode.app/Contents/Developer/Platforms/MacOSX.platform/Developer/SDKs/MacOSX27.2.sdk/usr/include/c++/v1/__algorithm/max.h:12:
In file included from /Applications/Xcode.app/Contents/Developer/Platforms/MacOSX.platform/Developer/SDKs/MacOSX27.2.sdk/usr/include/c++/v1/__algorithm/comp.h:12:
In file included from /Applications/Xcode.app/Contents/Developer/Platforms/MacOSX.platform/Developer/SDKs/MacOSX27.2.sdk/usr/include/c++/v1/__config:15:
/Applications/Xcode.app/Contents/Developer/Platforms/MacOSX.platform/Developer/SDKs/MacOSX27.2.sdk/usr/include/c++/v1/__configuration/availability.h:204:4: warning: "The selected platform is no longer supported by libc++." [-W#warnings]
  204 | #  warning "The selected platform is no longer supported by libc++."
      |    ^
1 warning generated.
[ 40%] Linking CXX static library libabsl_flags_reflection.a
[ 40%] Built target flags_reflection
In file included from /tmp/assist-native-allocate-ex-root-final-macos/_deps/assist_masking_absl-src/absl/log/internal/check_op.cc:15:
In file included from /tmp/assist-native-allocate-ex-root-final-macos/_deps/assist_masking_absl-src/absl/log/internal/check_op.h:25:
In file included from /Applications/Xcode.app/Contents/Developer/Platforms/MacOSX.platform/Developer/SDKs/MacOSX27.2.sdk/usr/include/c++/v1/stdint.h:18:
In file included from /Applications/Xcode.app/Contents/Developer/Platforms/MacOSX.platform/Developer/SDKs/MacOSX27.2.sdk/usr/include/c++/v1/__config:15:
/Applications/Xcode.app/Contents/Developer/Platforms/MacOSX.platform/Developer/SDKs/MacOSX27.2.sdk/usr/include/c++/v1/__configuration/availability.h:204:4: warning: "The selected platform is no longer supported by libc++." [-W#warnings]
  204 | #  warning "The selected platform is no longer supported by libc++."
      |    ^
1 warning generated.
[ 40%] Linking CXX static library libabsl_log_internal_check_op.a
[ 40%] Built target log_internal_check_op
[ 40%] Building CXX object _deps/assist_masking_re2-build/CMakeFiles/re2.dir/re2/mimics_pcre.cc.o
[ 40%] Building CXX object _deps/assist_masking_re2-build/CMakeFiles/re2.dir/re2/nfa.cc.o
[ 40%] Building CXX object _deps/assist_masking_re2-build/CMakeFiles/re2.dir/re2/bitmap256.cc.o
[ 40%] Building CXX object _deps/assist_masking_re2-build/CMakeFiles/re2.dir/re2/compile.cc.o
[ 40%] Building CXX object _deps/assist_masking_re2-build/CMakeFiles/re2.dir/re2/bitstate.cc.o
[ 40%] Building CXX object _deps/assist_masking_re2-build/CMakeFiles/re2.dir/re2/filtered_re2.cc.o
[ 40%] Building CXX object _deps/assist_masking_re2-build/CMakeFiles/re2.dir/re2/onepass.cc.o
[ 40%] Building CXX object _deps/assist_masking_re2-build/CMakeFiles/re2.dir/re2/dfa.cc.o
In file included from /tmp/assist-native-allocate-ex-root-final-macos/_deps/assist_masking_re2-src/re2/bitmap256.cc:5:
In file included from /tmp/assist-native-allocate-ex-root-final-macos/_deps/assist_masking_re2-src/re2/bitmap256.h:8:
In file included from /Applications/Xcode.app/Contents/Developer/Platforms/MacOSX.platform/Developer/SDKs/MacOSX27.2.sdk/usr/include/c++/v1/stdint.h:18:
In file included from /Applications/Xcode.app/Contents/Developer/Platforms/MacOSX.platform/Developer/SDKs/MacOSX27.2.sdk/usr/include/c++/v1/__config:15:
/Applications/Xcode.app/Contents/Developer/Platforms/MacOSX.platform/Developer/SDKs/MacOSX27.2.sdk/usr/include/c++/v1/__configuration/availability.h:204:4: warning: "The selected platform is no longer supported by libc++." [-W#warnings]
  204 | #  warning "The selected platform is no longer supported by libc++."
      |    ^
1 warning generated.
[ 40%] Building CXX object _deps/assist_masking_re2-build/CMakeFiles/re2.dir/re2/parse.cc.o
In file included from /tmp/assist-native-allocate-ex-root-final-macos/_deps/assist_masking_re2-src/re2/bitstate.cc:20:
In file included from /Applications/Xcode.app/Contents/Developer/Platforms/MacOSX.platform/Developer/SDKs/MacOSX27.2.sdk/usr/include/c++/v1/stddef.h:30:
In file included from /Applications/Xcode.app/Contents/Developer/Platforms/MacOSX.platform/Developer/SDKs/MacOSX27.2.sdk/usr/include/c++/v1/__config:15:
/Applications/Xcode.app/Contents/Developer/Platforms/MacOSX.platform/Developer/SDKs/MacOSX27.2.sdk/usr/include/c++/v1/__configuration/availability.h:204:4: warning: "The selected platform is no longer supported by libc++." [-W#warnings]
  204 | #  warning "The selected platform is no longer supported by libc++."
      |    ^
1 warning generated.
In file included from /tmp/assist-native-allocate-ex-root-final-macos/_deps/assist_masking_re2-src/re2/mimics_pcre.cc:25:
In file included from /tmp/assist-native-allocate-ex-root-final-macos/_deps/assist_masking_absl-src/absl/log/absl_log.h:36:
In file included from /tmp/assist-native-allocate-ex-root-final-macos/_deps/assist_masking_absl-src/absl/log/internal/log_impl.h:18:
In file included from /tmp/assist-native-allocate-ex-root-final-macos/_deps/assist_masking_absl-src/absl/log/absl_vlog_is_on.h:59:
In file included from /tmp/assist-native-allocate-ex-root-final-macos/_deps/assist_masking_absl-src/absl/base/attributes.h:37:
In file included from /tmp/assist-native-allocate-ex-root-final-macos/_deps/assist_masking_absl-src/absl/base/config.h:56:
In file included from /Applications/Xcode.app/Contents/Developer/Platforms/MacOSX.platform/Developer/SDKs/MacOSX27.2.sdk/usr/include/c++/v1/cstddef:39:
In file included from /Applications/Xcode.app/Contents/Developer/Platforms/MacOSX.platform/Developer/SDKs/MacOSX27.2.sdk/usr/include/c++/v1/__config:15:
/Applications/Xcode.app/Contents/Developer/Platforms/MacOSX.platform/Developer/SDKs/MacOSX27.2.sdk/usr/include/c++/v1/__configuration/availability.h:204:4: warning: "The selected platform is no longer supported by libc++." [-W#warnings]
  204 | #  warning "The selected platform is no longer supported by libc++."
      |    ^
1 warning generated.
[ 40%] Building CXX object _deps/assist_masking_re2-build/CMakeFiles/re2.dir/re2/prefilter.cc.o
[ 40%] Building CXX object _deps/assist_masking_re2-build/CMakeFiles/re2.dir/re2/perl_groups.cc.o
In file included from /tmp/assist-native-allocate-ex-root-final-macos/_deps/assist_masking_re2-src/re2/onepass.cc:53:
In file included from /Applications/Xcode.app/Contents/Developer/Platforms/MacOSX.platform/Developer/SDKs/MacOSX27.2.sdk/usr/include/c++/v1/stdint.h:18:
In file included from /Applications/Xcode.app/Contents/Developer/Platforms/MacOSX.platform/Developer/SDKs/MacOSX27.2.sdk/usr/include/c++/v1/__config:15:
/Applications/Xcode.app/Contents/Developer/Platforms/MacOSX.platform/Developer/SDKs/MacOSX27.2.sdk/usr/include/c++/v1/__configuration/availability.h:204:4: warning: "The selected platform is no longer supported by libc++." [-W#warnings]
  204 | #  warning "The selected platform is no longer supported by libc++."
      |    ^
1 warning generated.
In file included from /tmp/assist-native-allocate-ex-root-final-macos/_deps/assist_masking_re2-src/re2/perl_groups.cc:4:
In file included from /tmp/assist-native-allocate-ex-root-final-macos/_deps/assist_masking_re2-src/re2/unicode_groups.h:21:
In file included from /Applications/Xcode.app/Contents/Developer/Platforms/MacOSX.platform/Developer/SDKs/MacOSX27.2.sdk/usr/include/c++/v1/stdint.h:18:
In file included from /Applications/Xcode.app/Contents/Developer/Platforms/MacOSX.platform/Developer/SDKs/MacOSX27.2.sdk/usr/include/c++/v1/__config:15:
/Applications/Xcode.app/Contents/Developer/Platforms/MacOSX.platform/Developer/SDKs/MacOSX27.2.sdk/usr/include/c++/v1/__configuration/availability.h:204:4: warning: "The selected platform is no longer supported by libc++." [-W#warnings]
  204 | #  warning "The selected platform is no longer supported by libc++."
      |    ^
1 warning generated.
[ 40%] Building CXX object _deps/assist_masking_re2-build/CMakeFiles/re2.dir/re2/prog.cc.o
[ 40%] Building CXX object _deps/assist_masking_re2-build/CMakeFiles/re2.dir/re2/prefilter_tree.cc.o
In file included from /tmp/assist-native-allocate-ex-root-final-macos/_deps/assist_masking_re2-src/re2/nfa.cc:27:
In file included from /Applications/Xcode.app/Contents/Developer/Platforms/MacOSX.platform/Developer/SDKs/MacOSX27.2.sdk/usr/include/c++/v1/stdio.h:93:
In file included from /Applications/Xcode.app/Contents/Developer/Platforms/MacOSX.platform/Developer/SDKs/MacOSX27.2.sdk/usr/include/c++/v1/__config:15:
/Applications/Xcode.app/Contents/Developer/Platforms/MacOSX.platform/Developer/SDKs/MacOSX27.2.sdk/usr/include/c++/v1/__configuration/availability.h:204:4: warning: "The selected platform is no longer supported by libc++." [-W#warnings]
  204 | #  warning "The selected platform is no longer supported by libc++."
      |    ^
1 warning generated.
[ 40%] Building CXX object _deps/assist_masking_re2-build/CMakeFiles/re2.dir/re2/re2.cc.o
In file included from /tmp/assist-native-allocate-ex-root-final-macos/_deps/assist_masking_re2-src/re2/filtered_re2.cc:5:
In file included from /tmp/assist-native-allocate-ex-root-final-macos/_deps/assist_masking_re2-src/re2/filtered_re2.h:24:
In file included from /Applications/Xcode.app/Contents/Developer/Platforms/MacOSX.platform/Developer/SDKs/MacOSX27.2.sdk/usr/include/c++/v1/memory:943:
In file included from /Applications/Xcode.app/Contents/Developer/Platforms/MacOSX.platform/Developer/SDKs/MacOSX27.2.sdk/usr/include/c++/v1/__config:15:
/Applications/Xcode.app/Contents/Developer/Platforms/MacOSX.platform/Developer/SDKs/MacOSX27.2.sdk/usr/include/c++/v1/__configuration/availability.h:204:4: warning: "The selected platform is no longer supported by libc++." [-W#warnings]
  204 | #  warning "The selected platform is no longer supported by libc++."
      |    ^
1 warning generated.
[ 40%] Building CXX object _deps/assist_masking_re2-build/CMakeFiles/re2.dir/re2/regexp.cc.o
In file included from /tmp/assist-native-allocate-ex-root-final-macos/_deps/assist_masking_re2-src/re2/compile.cc:11:
In file included from /Applications/Xcode.app/Contents/Developer/Platforms/MacOSX.platform/Developer/SDKs/MacOSX27.2.sdk/usr/include/c++/v1/stdint.h:18:
In file included from /Applications/Xcode.app/Contents/Developer/Platforms/MacOSX.platform/Developer/SDKs/MacOSX27.2.sdk/usr/include/c++/v1/__config:15:
/Applications/Xcode.app/Contents/Developer/Platforms/MacOSX.platform/Developer/SDKs/MacOSX27.2.sdk/usr/include/c++/v1/__configuration/availability.h:204:4: warning: "The selected platform is no longer supported by libc++." [-W#warnings]
  204 | #  warning "The selected platform is no longer supported by libc++."
      |    ^
1 warning generated.
[ 40%] Building CXX object _deps/assist_masking_re2-build/CMakeFiles/re2.dir/re2/set.cc.o
In file included from /tmp/assist-native-allocate-ex-root-final-macos/_deps/assist_masking_re2-src/re2/dfa.cc:24:
In file included from /Applications/Xcode.app/Contents/Developer/Platforms/MacOSX.platform/Developer/SDKs/MacOSX27.2.sdk/usr/include/c++/v1/stddef.h:30:
In file included from /Applications/Xcode.app/Contents/Developer/Platforms/MacOSX.platform/Developer/SDKs/MacOSX27.2.sdk/usr/include/c++/v1/__config:15:
/Applications/Xcode.app/Contents/Developer/Platforms/MacOSX.platform/Developer/SDKs/MacOSX27.2.sdk/usr/include/c++/v1/__configuration/availability.h:204:4: warning: "The selected platform is no longer supported by libc++." [-W#warnings]
  204 | #  warning "The selected platform is no longer supported by libc++."
      |    ^
1 warning generated.
[ 40%] Building CXX object _deps/assist_masking_re2-build/CMakeFiles/re2.dir/re2/simplify.cc.o
In file included from /tmp/assist-native-allocate-ex-root-final-macos/_deps/assist_masking_re2-src/re2/parse.cc:19:
In file included from /Applications/Xcode.app/Contents/Developer/Platforms/MacOSX.platform/Developer/SDKs/MacOSX27.2.sdk/usr/include/c++/v1/stddef.h:30:
In file included from /Applications/Xcode.app/Contents/Developer/Platforms/MacOSX.platform/Developer/SDKs/MacOSX27.2.sdk/usr/include/c++/v1/__config:15:
/Applications/Xcode.app/Contents/Developer/Platforms/MacOSX.platform/Developer/SDKs/MacOSX27.2.sdk/usr/include/c++/v1/__configuration/availability.h:204:4: warning: "The selected platform is no longer supported by libc++." [-W#warnings]
  204 | #  warning "The selected platform is no longer supported by libc++."
      |    ^
1 warning generated.
[ 40%] Building CXX object _deps/assist_masking_re2-build/CMakeFiles/re2.dir/re2/tostring.cc.o
In file included from /tmp/assist-native-allocate-ex-root-final-macos/_deps/assist_masking_re2-src/re2/prefilter.cc:5:
In file included from /tmp/assist-native-allocate-ex-root-final-macos/_deps/assist_masking_re2-src/re2/prefilter.h:12:
In file included from /Applications/Xcode.app/Contents/Developer/Platforms/MacOSX.platform/Developer/SDKs/MacOSX27.2.sdk/usr/include/c++/v1/set:518:
In file included from /Applications/Xcode.app/Contents/Developer/Platforms/MacOSX.platform/Developer/SDKs/MacOSX27.2.sdk/usr/include/c++/v1/__algorithm/equal.h:13:
In file included from /Applications/Xcode.app/Contents/Developer/Platforms/MacOSX.platform/Developer/SDKs/MacOSX27.2.sdk/usr/include/c++/v1/__algorithm/comp.h:12:
In file included from /Applications/Xcode.app/Contents/Developer/Platforms/MacOSX.platform/Developer/SDKs/MacOSX27.2.sdk/usr/include/c++/v1/__config:15:
/Applications/Xcode.app/Contents/Developer/Platforms/MacOSX.platform/Developer/SDKs/MacOSX27.2.sdk/usr/include/c++/v1/__configuration/availability.h:204:4: warning: "The selected platform is no longer supported by libc++." [-W#warnings]
  204 | #  warning "The selected platform is no longer supported by libc++."
      |    ^
1 warning generated.
[ 40%] Building CXX object _deps/assist_masking_re2-build/CMakeFiles/re2.dir/re2/unicode_casefold.cc.o
In file included from /tmp/assist-native-allocate-ex-root-final-macos/_deps/assist_masking_re2-src/re2/re2.cc:10:
In file included from /tmp/assist-native-allocate-ex-root-final-macos/_deps/assist_masking_re2-src/re2/re2.h:211:
In file included from /Applications/Xcode.app/Contents/Developer/Platforms/MacOSX.platform/Developer/SDKs/MacOSX27.2.sdk/usr/include/c++/v1/stddef.h:30:
In file included from /Applications/Xcode.app/Contents/Developer/Platforms/MacOSX.platform/Developer/SDKs/MacOSX27.2.sdk/usr/include/c++/v1/__config:15:
/Applications/Xcode.app/Contents/Developer/Platforms/MacOSX.platform/Developer/SDKs/MacOSX27.2.sdk/usr/include/c++/v1/__configuration/availability.h:204:4: warning: "The selected platform is no longer supported by libc++." [-W#warnings]
  204 | #  warning "The selected platform is no longer supported by libc++."
      |    ^
1 warning generated.
In file included from /tmp/assist-native-allocate-ex-root-final-macos/_deps/assist_masking_re2-src/re2/unicode_casefold.cc:5:
In file included from /tmp/assist-native-allocate-ex-root-final-macos/_deps/assist_masking_re2-src/re2/unicode_casefold.h:42:
In file included from /Applications/Xcode.app/Contents/Developer/Platforms/MacOSX.platform/Developer/SDKs/MacOSX27.2.sdk/usr/include/c++/v1/stdint.h:18:
In file included from /Applications/Xcode.app/Contents/Developer/Platforms/MacOSX.platform/Developer/SDKs/MacOSX27.2.sdk/usr/include/c++/v1/__config:15:
/Applications/Xcode.app/Contents/Developer/Platforms/MacOSX.platform/Developer/SDKs/MacOSX27.2.sdk/usr/include/c++/v1/__configuration/availability.h:204:4: warning: "The selected platform is no longer supported by libc++." [-W#warnings]
  204 | #  warning "The selected platform is no longer supported by libc++."
      |    ^
1 warning generated.
[ 40%] Building CXX object _deps/assist_masking_re2-build/CMakeFiles/re2.dir/re2/unicode_groups.cc.o
[ 40%] Building CXX object _deps/assist_masking_re2-build/CMakeFiles/re2.dir/util/rune.cc.o
In file included from /tmp/assist-native-allocate-ex-root-final-macos/_deps/assist_masking_re2-src/re2/prog.cc:8:
In file included from /tmp/assist-native-allocate-ex-root-final-macos/_deps/assist_masking_re2-src/re2/prog.h:12:
In file included from /Applications/Xcode.app/Contents/Developer/Platforms/MacOSX.platform/Developer/SDKs/MacOSX27.2.sdk/usr/include/c++/v1/stdint.h:18:
In file included from /Applications/Xcode.app/Contents/Developer/Platforms/MacOSX.platform/Developer/SDKs/MacOSX27.2.sdk/usr/include/c++/v1/__config:15:
/Applications/Xcode.app/Contents/Developer/Platforms/MacOSX.platform/Developer/SDKs/MacOSX27.2.sdk/usr/include/c++/v1/__configuration/availability.h:204:4: warning: "The selected platform is no longer supported by libc++." [-W#warnings]
  204 | #  warning "The selected platform is no longer supported by libc++."
      |    ^
1 warning generated.
[ 40%] Building CXX object _deps/assist_masking_re2-build/CMakeFiles/re2.dir/util/strutil.cc.o
In file included from /tmp/assist-native-allocate-ex-root-final-macos/_deps/assist_masking_re2-src/util/rune.cc:16:
In file included from /Applications/Xcode.app/Contents/Developer/Platforms/MacOSX.platform/Developer/SDKs/MacOSX27.2.sdk/usr/include/c++/v1/string.h:57:
In file included from /Applications/Xcode.app/Contents/Developer/Platforms/MacOSX.platform/Developer/SDKs/MacOSX27.2.sdk/usr/include/c++/v1/__config:15:
/Applications/Xcode.app/Contents/Developer/Platforms/MacOSX.platform/Developer/SDKs/MacOSX27.2.sdk/usr/include/c++/v1/__configuration/availability.h:204:4: warning: "The selected platform is no longer supported by libc++." [-W#warnings]
  204 | #  warning "The selected platform is no longer supported by libc++."
      |    ^
1 warning generated.
In file included from /tmp/assist-native-allocate-ex-root-final-macos/_deps/assist_masking_re2-src/re2/unicode_groups.cc:5:
In file included from /tmp/assist-native-allocate-ex-root-final-macos/_deps/assist_masking_re2-src/re2/unicode_groups.h:21:
In file included from /Applications/Xcode.app/Contents/Developer/Platforms/MacOSX.platform/Developer/SDKs/MacOSX27.2.sdk/usr/include/c++/v1/stdint.h:18:
In file included from /Applications/Xcode.app/Contents/Developer/Platforms/MacOSX.platform/Developer/SDKs/MacOSX27.2.sdk/usr/include/c++/v1/__config:15:
/Applications/Xcode.app/Contents/Developer/Platforms/MacOSX.platform/Developer/SDKs/MacOSX27.2.sdk/usr/include/c++/v1/__configuration/availability.h:204:4: warning: "The selected platform is no longer supported by libc++." [-W#warnings]
  204 | #  warning "The selected platform is no longer supported by libc++."
      |    ^
1 warning generated.
In file included from /tmp/assist-native-allocate-ex-root-final-macos/_deps/assist_masking_re2-src/re2/set.cc:5:
In file included from /tmp/assist-native-allocate-ex-root-final-macos/_deps/assist_masking_re2-src/re2/set.h:8:
In file included from /Applications/Xcode.app/Contents/Developer/Platforms/MacOSX.platform/Developer/SDKs/MacOSX27.2.sdk/usr/include/c++/v1/memory:943:
In file included from /Applications/Xcode.app/Contents/Developer/Platforms/MacOSX.platform/Developer/SDKs/MacOSX27.2.sdk/usr/include/c++/v1/__config:15:
/Applications/Xcode.app/Contents/Developer/Platforms/MacOSX.platform/Developer/SDKs/MacOSX27.2.sdk/usr/include/c++/v1/__configuration/availability.h:204:4: warning: "The selected platform is no longer supported by libc++." [-W#warnings]
  204 | #  warning "The selected platform is no longer supported by libc++."
      |    ^
1 warning generated.
In file included from /tmp/assist-native-allocate-ex-root-final-macos/_deps/assist_masking_re2-src/re2/simplify.cc:9:
In file included from /Applications/Xcode.app/Contents/Developer/Platforms/MacOSX.platform/Developer/SDKs/MacOSX27.2.sdk/usr/include/c++/v1/stddef.h:30:
In file included from /Applications/Xcode.app/Contents/Developer/Platforms/MacOSX.platform/Developer/SDKs/MacOSX27.2.sdk/usr/include/c++/v1/__config:15:
/Applications/Xcode.app/Contents/Developer/Platforms/MacOSX.platform/Developer/SDKs/MacOSX27.2.sdk/usr/include/c++/v1/__configuration/availability.h:204:4: warning: "The selected platform is no longer supported by libc++." [-W#warnings]
  204 | #  warning "The selected platform is no longer supported by libc++."
      |    ^
1 warning generated.
In file included from /tmp/assist-native-allocate-ex-root-final-macos/_deps/assist_masking_re2-src/re2/prefilter_tree.cc:5:
In file included from /tmp/assist-native-allocate-ex-root-final-macos/_deps/assist_masking_re2-src/re2/prefilter_tree.h:19:
In file included from /Applications/Xcode.app/Contents/Developer/Platforms/MacOSX.platform/Developer/SDKs/MacOSX27.2.sdk/usr/include/c++/v1/string:594:
In file included from /Applications/Xcode.app/Contents/Developer/Platforms/MacOSX.platform/Developer/SDKs/MacOSX27.2.sdk/usr/include/c++/v1/__algorithm/max.h:12:
In file included from /Applications/Xcode.app/Contents/Developer/Platforms/MacOSX.platform/Developer/SDKs/MacOSX27.2.sdk/usr/include/c++/v1/__algorithm/comp.h:12:
In file included from /Applications/Xcode.app/Contents/Developer/Platforms/MacOSX.platform/Developer/SDKs/MacOSX27.2.sdk/usr/include/c++/v1/__config:15:
/Applications/Xcode.app/Contents/Developer/Platforms/MacOSX.platform/Developer/SDKs/MacOSX27.2.sdk/usr/include/c++/v1/__configuration/availability.h:204:4: warning: "The selected platform is no longer supported by libc++." [-W#warnings]
  204 | #  warning "The selected platform is no longer supported by libc++."
      |    ^
1 warning generated.
In file included from /tmp/assist-native-allocate-ex-root-final-macos/_deps/assist_masking_re2-src/util/strutil.cc:5:
In file included from /tmp/assist-native-allocate-ex-root-final-macos/_deps/assist_masking_re2-src/util/strutil.h:8:
In file included from /Applications/Xcode.app/Contents/Developer/Platforms/MacOSX.platform/Developer/SDKs/MacOSX27.2.sdk/usr/include/c++/v1/string:594:
In file included from /Applications/Xcode.app/Contents/Developer/Platforms/MacOSX.platform/Developer/SDKs/MacOSX27.2.sdk/usr/include/c++/v1/__algorithm/max.h:12:
In file included from /Applications/Xcode.app/Contents/Developer/Platforms/MacOSX.platform/Developer/SDKs/MacOSX27.2.sdk/usr/include/c++/v1/__algorithm/comp.h:12:
In file included from /Applications/Xcode.app/Contents/Developer/Platforms/MacOSX.platform/Developer/SDKs/MacOSX27.2.sdk/usr/include/c++/v1/__config:15:
/Applications/Xcode.app/Contents/Developer/Platforms/MacOSX.platform/Developer/SDKs/MacOSX27.2.sdk/usr/include/c++/v1/__configuration/availability.h:204:4: warning: "The selected platform is no longer supported by libc++." [-W#warnings]
  204 | #  warning "The selected platform is no longer supported by libc++."
      |    ^
1 warning generated.
In file included from /tmp/assist-native-allocate-ex-root-final-macos/_deps/assist_masking_re2-src/re2/regexp.cc:8:
In file included from /tmp/assist-native-allocate-ex-root-final-macos/_deps/assist_masking_re2-src/re2/regexp.h:89:
In file included from /Applications/Xcode.app/Contents/Developer/Platforms/MacOSX.platform/Developer/SDKs/MacOSX27.2.sdk/usr/include/c++/v1/stddef.h:30:
In file included from /Applications/Xcode.app/Contents/Developer/Platforms/MacOSX.platform/Developer/SDKs/MacOSX27.2.sdk/usr/include/c++/v1/__config:15:
/Applications/Xcode.app/Contents/Developer/Platforms/MacOSX.platform/Developer/SDKs/MacOSX27.2.sdk/usr/include/c++/v1/__configuration/availability.h:204:4: warning: "The selected platform is no longer supported by libc++." [-W#warnings]
  204 | #  warning "The selected platform is no longer supported by libc++."
      |    ^
1 warning generated.
In file included from /tmp/assist-native-allocate-ex-root-final-macos/_deps/assist_masking_re2-src/re2/tostring.cc:8:
In file included from /Applications/Xcode.app/Contents/Developer/Platforms/MacOSX.platform/Developer/SDKs/MacOSX27.2.sdk/usr/include/c++/v1/string.h:57:
In file included from /Applications/Xcode.app/Contents/Developer/Platforms/MacOSX.platform/Developer/SDKs/MacOSX27.2.sdk/usr/include/c++/v1/__config:15:
/Applications/Xcode.app/Contents/Developer/Platforms/MacOSX.platform/Developer/SDKs/MacOSX27.2.sdk/usr/include/c++/v1/__configuration/availability.h:204:4: warning: "The selected platform is no longer supported by libc++." [-W#warnings]
  204 | #  warning "The selected platform is no longer supported by libc++."
      |    ^
1 warning generated.
[ 40%] Linking CXX static library libre2.a
[ 40%] Built target re2
[ 40%] Building CXX object CMakeFiles/assist_masking.dir/src/core/masking_json_stream.cpp.o
[ 40%] Building CXX object CMakeFiles/assist_masking.dir/src/core/masking_python_source.cpp.o
[ 40%] Building CXX object CMakeFiles/assist_masking.dir/src/core/masking_casefold.cpp.o
[ 40%] Building CXX object CMakeFiles/assist_masking.dir/src/core/masking_source.cpp.o
[ 40%] Building CXX object CMakeFiles/assist_masking.dir/src/core/masking_python_runtime.cpp.o
[ 40%] Building CXX object CMakeFiles/assist_masking.dir/src/core/masking_policy.cpp.o
[ 40%] Building CXX object CMakeFiles/assist_masking.dir/src/core/masking_text_index.cpp.o
In file included from /tmp/assist-native-allocate-ex-root-final/src/core/masking_text_index.cpp:1:
In file included from /tmp/assist-native-allocate-ex-root-final/include/assist/core/masking_text_index.hpp:2:
In file included from /Applications/Xcode.app/Contents/Developer/Platforms/MacOSX.platform/Developer/SDKs/MacOSX27.2.sdk/usr/include/c++/v1/cstddef:39:
In file included from /Applications/Xcode.app/Contents/Developer/Platforms/MacOSX.platform/Developer/SDKs/MacOSX27.2.sdk/usr/include/c++/v1/__config:15:
/Applications/Xcode.app/Contents/Developer/Platforms/MacOSX.platform/Developer/SDKs/MacOSX27.2.sdk/usr/include/c++/v1/__configuration/availability.h:204:4: warning: "The selected platform is no longer supported by libc++." [-W#warnings]
  204 | #  warning "The selected platform is no longer supported by libc++."
      |    ^
1 warning generated.
In file included from /tmp/assist-native-allocate-ex-root-final/src/core/masking_python_source.cpp:1:
In file included from /tmp/assist-native-allocate-ex-root-final/include/assist/core/masking_python_runtime.hpp:2:
In file included from /tmp/assist-native-allocate-ex-root-final/include/assist/common/json.hpp:76:
In file included from /tmp/assist-native-process-root-macos/_deps/json-src/include/nlohmann/json.hpp:21:
In file included from /Applications/Xcode.app/Contents/Developer/Platforms/MacOSX.platform/Developer/SDKs/MacOSX27.2.sdk/usr/include/c++/v1/algorithm:1840:
In file included from /Applications/Xcode.app/Contents/Developer/Platforms/MacOSX.platform/Developer/SDKs/MacOSX27.2.sdk/usr/include/c++/v1/__config:15:
/Applications/Xcode.app/Contents/Developer/Platforms/MacOSX.platform/Developer/SDKs/MacOSX27.2.sdk/usr/include/c++/v1/__configuration/availability.h:204:4: warning: "The selected platform is no longer supported by libc++." [-W#warnings]
  204 | #  warning "The selected platform is no longer supported by libc++."
      |    ^
1 warning generated.
In file included from /tmp/assist-native-allocate-ex-root-final/src/core/masking_casefold.cpp:1:
In file included from /tmp/assist-native-allocate-ex-root-final/include/assist/core/masking_casefold.hpp:2:
In file included from /Applications/Xcode.app/Contents/Developer/Platforms/MacOSX.platform/Developer/SDKs/MacOSX27.2.sdk/usr/include/c++/v1/cstdint:146:
In file included from /Applications/Xcode.app/Contents/Developer/Platforms/MacOSX.platform/Developer/SDKs/MacOSX27.2.sdk/usr/include/c++/v1/__config:15:
/Applications/Xcode.app/Contents/Developer/Platforms/MacOSX.platform/Developer/SDKs/MacOSX27.2.sdk/usr/include/c++/v1/__configuration/availability.h:204:4: warning: "The selected platform is no longer supported by libc++." [-W#warnings]
  204 | #  warning "The selected platform is no longer supported by libc++."
      |    ^
1 warning generated.
In file included from /tmp/assist-native-allocate-ex-root-final/src/core/masking_source.cpp:10:
In file included from /tmp/assist-native-allocate-ex-root-final/include/assist/core/masking_error.hpp:2:
In file included from /Applications/Xcode.app/Contents/Developer/Platforms/MacOSX.platform/Developer/SDKs/MacOSX27.2.sdk/usr/include/c++/v1/stdexcept:47:
In file included from /Applications/Xcode.app/Contents/Developer/Platforms/MacOSX.platform/Developer/SDKs/MacOSX27.2.sdk/usr/include/c++/v1/__config:15:
/Applications/Xcode.app/Contents/Developer/Platforms/MacOSX.platform/Developer/SDKs/MacOSX27.2.sdk/usr/include/c++/v1/__configuration/availability.h:204:4: warning: "The selected platform is no longer supported by libc++." [-W#warnings]
  204 | #  warning "The selected platform is no longer supported by libc++."
      |    ^
1 warning generated.
In file included from /tmp/assist-native-allocate-ex-root-final/src/core/masking_json_stream.cpp:1:
In file included from /tmp/assist-native-allocate-ex-root-final/include/assist/core/masking_json_stream.hpp:2:
In file included from /tmp/assist-native-process-root-macos/_deps/json-src/include/nlohmann/json.hpp:21:
In file included from /Applications/Xcode.app/Contents/Developer/Platforms/MacOSX.platform/Developer/SDKs/MacOSX27.2.sdk/usr/include/c++/v1/algorithm:1840:
In file included from /Applications/Xcode.app/Contents/Developer/Platforms/MacOSX.platform/Developer/SDKs/MacOSX27.2.sdk/usr/include/c++/v1/__config:15:
/Applications/Xcode.app/Contents/Developer/Platforms/MacOSX.platform/Developer/SDKs/MacOSX27.2.sdk/usr/include/c++/v1/__configuration/availability.h:204:4: warning: "The selected platform is no longer supported by libc++." [-W#warnings]
  204 | #  warning "The selected platform is no longer supported by libc++."
      |    ^
1 warning generated.
In file included from /tmp/assist-native-allocate-ex-root-final/src/core/masking_policy.cpp:13:
In file included from /tmp/assist-native-allocate-ex-root-final/include/assist/core/masking_policy.hpp:3:
In file included from /tmp/assist-native-allocate-ex-root-final/include/assist/common/json.hpp:76:
In file included from /tmp/assist-native-process-root-macos/_deps/json-src/include/nlohmann/json.hpp:21:
In file included from /Applications/Xcode.app/Contents/Developer/Platforms/MacOSX.platform/Developer/SDKs/MacOSX27.2.sdk/usr/include/c++/v1/algorithm:1840:
In file included from /Applications/Xcode.app/Contents/Developer/Platforms/MacOSX.platform/Developer/SDKs/MacOSX27.2.sdk/usr/include/c++/v1/__config:15:
/Applications/Xcode.app/Contents/Developer/Platforms/MacOSX.platform/Developer/SDKs/MacOSX27.2.sdk/usr/include/c++/v1/__configuration/availability.h:204:4: warning: "The selected platform is no longer supported by libc++." [-W#warnings]
  204 | #  warning "The selected platform is no longer supported by libc++."
      |    ^
1 warning generated.
In file included from /tmp/assist-native-allocate-ex-root-final/src/core/masking_python_runtime.cpp:1:
In file included from /tmp/assist-native-allocate-ex-root-final/include/assist/core/masking_python_runtime.hpp:2:
In file included from /tmp/assist-native-allocate-ex-root-final/include/assist/common/json.hpp:76:
In file included from /tmp/assist-native-process-root-macos/_deps/json-src/include/nlohmann/json.hpp:21:
In file included from /Applications/Xcode.app/Contents/Developer/Platforms/MacOSX.platform/Developer/SDKs/MacOSX27.2.sdk/usr/include/c++/v1/algorithm:1840:
In file included from /Applications/Xcode.app/Contents/Developer/Platforms/MacOSX.platform/Developer/SDKs/MacOSX27.2.sdk/usr/include/c++/v1/__config:15:
/Applications/Xcode.app/Contents/Developer/Platforms/MacOSX.platform/Developer/SDKs/MacOSX27.2.sdk/usr/include/c++/v1/__configuration/availability.h:204:4: warning: "The selected platform is no longer supported by libc++." [-W#warnings]
  204 | #  warning "The selected platform is no longer supported by libc++."
      |    ^
1 warning generated.
[ 40%] Linking CXX static library libassist_masking.a
[ 40%] Built target assist_masking
[ 40%] Building CXX object CMakeFiles/assist_idalib_cli.dir/src/standalone/terminal_main.cpp.o
[ 40%] Building CXX object CMakeFiles/assist_idalib_cli.dir/src/standalone/tui/markdown_ansi.cpp.o
[ 40%] Building CXX object CMakeFiles/assist_idalib_cli.dir/src/standalone/tui/visual_tui.cpp.o
[ 40%] Building CXX object CMakeFiles/assist_idalib_cli.dir/src/common/ida_ui.cpp.o
[ 40%] Building CXX object CMakeFiles/assist_idalib_cli.dir/src/agent/http_client.cpp.o
[ 40%] Building CXX object CMakeFiles/assist_idalib_cli.dir/src/agent/sse_parser.cpp.o
[ 40%] Building CXX object CMakeFiles/assist_idalib_cli.dir/src/standalone/tui/chat_renderer.cpp.o
[ 40%] Building CXX object CMakeFiles/assist_idalib_cli.dir/src/agent/codex_auth.cpp.o
In file included from /tmp/assist-native-allocate-ex-root-final/src/agent/sse_parser.cpp:9:
In file included from /tmp/assist-native-allocate-ex-root-final/include/assist/agent/sse_parser.hpp:20:
In file included from /Applications/Xcode.app/Contents/Developer/Platforms/MacOSX.platform/Developer/SDKs/MacOSX27.2.sdk/usr/include/c++/v1/cstddef:39:
In file included from /Applications/Xcode.app/Contents/Developer/Platforms/MacOSX.platform/Developer/SDKs/MacOSX27.2.sdk/usr/include/c++/v1/__config:15:
/Applications/Xcode.app/Contents/Developer/Platforms/MacOSX.platform/Developer/SDKs/MacOSX27.2.sdk/usr/include/c++/v1/__configuration/availability.h:204:4: warning: "The selected platform is no longer supported by libc++." [-W#warnings]
  204 | #  warning "The selected platform is no longer supported by libc++."
      |    ^
1 warning generated.
[ 40%] Building CXX object CMakeFiles/assist_idalib_cli.dir/src/agent/codex_oauth.cpp.o
In file included from /tmp/assist-native-allocate-ex-root-final/src/agent/http_client.cpp:20:
In file included from /tmp/assist-native-allocate-ex-root-final/include/assist/agent/http_client.hpp:25:
In file included from /Applications/Xcode.app/Contents/Developer/Platforms/MacOSX.platform/Developer/SDKs/MacOSX27.2.sdk/usr/include/c++/v1/atomic:593:
In file included from /Applications/Xcode.app/Contents/Developer/Platforms/MacOSX.platform/Developer/SDKs/MacOSX27.2.sdk/usr/include/c++/v1/__config:15:
/Applications/Xcode.app/Contents/Developer/Platforms/MacOSX.platform/Developer/SDKs/MacOSX27.2.sdk/usr/include/c++/v1/__configuration/availability.h:204:4: warning: "The selected platform is no longer supported by libc++." [-W#warnings]
  204 | #  warning "The selected platform is no longer supported by libc++."
      |    ^
1 warning generated.
[ 40%] Building CXX object CMakeFiles/assist_idalib_cli.dir/src/agent/codex_credentials.cpp.o
In file included from /tmp/assist-native-allocate-ex-root-final/src/common/ida_ui.cpp:1:
In file included from /tmp/assist-native-allocate-ex-root-final/src/assist/common/ida_ui/detail/common.hpp:3:
In file included from /Applications/Xcode.app/Contents/Developer/Platforms/MacOSX.platform/Developer/SDKs/MacOSX27.2.sdk/usr/include/c++/v1/atomic:593:
In file included from /Applications/Xcode.app/Contents/Developer/Platforms/MacOSX.platform/Developer/SDKs/MacOSX27.2.sdk/usr/include/c++/v1/__config:15:
/Applications/Xcode.app/Contents/Developer/Platforms/MacOSX.platform/Developer/SDKs/MacOSX27.2.sdk/usr/include/c++/v1/__configuration/availability.h:204:4: warning: "The selected platform is no longer supported by libc++." [-W#warnings]
  204 | #  warning "The selected platform is no longer supported by libc++."
      |    ^
1 warning generated.
[ 40%] Building CXX object CMakeFiles/assist_idalib_cli.dir/src/agent/auth_codec.cpp.o
In file included from /tmp/assist-native-allocate-ex-root-final/src/standalone/tui/markdown_ansi.cpp:6:
In file included from /tmp/assist-native-allocate-ex-root-final/src/standalone/tui/markdown_ansi.hpp:11:
In file included from /tmp/assist-native-allocate-ex-root-final/include/assist/tui/text.hpp:9:
In file included from /tmp/assist-native-allocate-ex-root-final/include/assist/tui/ansi.hpp:13:
In file included from /Applications/Xcode.app/Contents/Developer/Platforms/MacOSX.platform/Developer/SDKs/MacOSX27.2.sdk/usr/include/c++/v1/cstdint:146:
In file included from /Applications/Xcode.app/Contents/Developer/Platforms/MacOSX.platform/Developer/SDKs/MacOSX27.2.sdk/usr/include/c++/v1/__config:15:
/Applications/Xcode.app/Contents/Developer/Platforms/MacOSX.platform/Developer/SDKs/MacOSX27.2.sdk/usr/include/c++/v1/__configuration/availability.h:204:4: warning: "The selected platform is no longer supported by libc++." [-W#warnings]
  204 | #  warning "The selected platform is no longer supported by libc++."
      |    ^
1 warning generated.
[ 40%] Building CXX object CMakeFiles/assist_idalib_cli.dir/src/agent/grok_auth.cpp.o
In file included from /tmp/assist-native-allocate-ex-root-final/src/agent/codex_auth.cpp:7:
In file included from /tmp/assist-native-allocate-ex-root-final/include/assist/agent/codex_auth.hpp:16:
In file included from /tmp/assist-native-process-root-macos/_deps/json-src/include/nlohmann/json.hpp:21:
In file included from /Applications/Xcode.app/Contents/Developer/Platforms/MacOSX.platform/Developer/SDKs/MacOSX27.2.sdk/usr/include/c++/v1/algorithm:1840:
In file included from /Applications/Xcode.app/Contents/Developer/Platforms/MacOSX.platform/Developer/SDKs/MacOSX27.2.sdk/usr/include/c++/v1/__config:15:
/Applications/Xcode.app/Contents/Developer/Platforms/MacOSX.platform/Developer/SDKs/MacOSX27.2.sdk/usr/include/c++/v1/__configuration/availability.h:204:4: warning: "The selected platform is no longer supported by libc++." [-W#warnings]
  204 | #  warning "The selected platform is no longer supported by libc++."
      |    ^
1 warning generated.
[ 40%] Building CXX object CMakeFiles/assist_idalib_cli.dir/src/agent/grok_credentials.cpp.o
In file included from /tmp/assist-native-allocate-ex-root-final/src/standalone/tui/visual_tui.cpp:7:
In file included from /tmp/assist-native-allocate-ex-root-final/src/standalone/tui/visual_tui.hpp:11:
In file included from /tmp/assist-native-allocate-ex-root-final/include/assist/tui/text.hpp:9:
In file included from /tmp/assist-native-allocate-ex-root-final/include/assist/tui/ansi.hpp:13:
In file included from /Applications/Xcode.app/Contents/Developer/Platforms/MacOSX.platform/Developer/SDKs/MacOSX27.2.sdk/usr/include/c++/v1/cstdint:146:
In file included from /Applications/Xcode.app/Contents/Developer/Platforms/MacOSX.platform/Developer/SDKs/MacOSX27.2.sdk/usr/include/c++/v1/__config:15:
/Applications/Xcode.app/Contents/Developer/Platforms/MacOSX.platform/Developer/SDKs/MacOSX27.2.sdk/usr/include/c++/v1/__configuration/availability.h:204:4: warning: "The selected platform is no longer supported by libc++." [-W#warnings]
  204 | #  warning "The selected platform is no longer supported by libc++."
      |    ^
1 warning generated.
[ 40%] Building CXX object CMakeFiles/assist_idalib_cli.dir/src/agent/grok_login.cpp.o
In file included from /tmp/assist-native-allocate-ex-root-final/src/agent/codex_credentials.cpp:1:
In file included from /tmp/assist-native-allocate-ex-root-final/src/agent/../assist/agent/codex_credentials/codex_credentials.hpp:3:
In file included from /tmp/assist-native-allocate-ex-root-final/include/assist/common/rust_value.hpp:3:
In file included from /tmp/assist-native-allocate-ex-root-final/include/assist/common/json.hpp:76:
In file included from /tmp/assist-native-process-root-macos/_deps/json-src/include/nlohmann/json.hpp:21:
In file included from /Applications/Xcode.app/Contents/Developer/Platforms/MacOSX.platform/Developer/SDKs/MacOSX27.2.sdk/usr/include/c++/v1/algorithm:1840:
In file included from /Applications/Xcode.app/Contents/Developer/Platforms/MacOSX.platform/Developer/SDKs/MacOSX27.2.sdk/usr/include/c++/v1/__config:15:
/Applications/Xcode.app/Contents/Developer/Platforms/MacOSX.platform/Developer/SDKs/MacOSX27.2.sdk/usr/include/c++/v1/__configuration/availability.h:204:4: warning: "The selected platform is no longer supported by libc++." [-W#warnings]
  204 | #  warning "The selected platform is no longer supported by libc++."
      |    ^
1 warning generated.
[ 40%] Building CXX object CMakeFiles/assist_idalib_cli.dir/src/agent/grok_transport.cpp.o
In file included from /tmp/assist-native-allocate-ex-root-final/src/agent/codex_oauth.cpp:1:
In file included from /tmp/assist-native-allocate-ex-root-final/src/agent/../assist/agent/codex_oauth/codex_oauth.hpp:3:
In file included from /tmp/assist-native-allocate-ex-root-final/include/assist/agent/http_client.hpp:25:
In file included from /Applications/Xcode.app/Contents/Developer/Platforms/MacOSX.platform/Developer/SDKs/MacOSX27.2.sdk/usr/include/c++/v1/atomic:593:
In file included from /Applications/Xcode.app/Contents/Developer/Platforms/MacOSX.platform/Developer/SDKs/MacOSX27.2.sdk/usr/include/c++/v1/__config:15:
/Applications/Xcode.app/Contents/Developer/Platforms/MacOSX.platform/Developer/SDKs/MacOSX27.2.sdk/usr/include/c++/v1/__configuration/availability.h:204:4: warning: "The selected platform is no longer supported by libc++." [-W#warnings]
  204 | #  warning "The selected platform is no longer supported by libc++."
      |    ^
1 warning generated.
[ 40%] Building CXX object CMakeFiles/assist_idalib_cli.dir/src/agent/grok_oauth.cpp.o
In file included from /tmp/assist-native-allocate-ex-root-final/src/agent/auth_codec.cpp:1:
In file included from /tmp/assist-native-allocate-ex-root-final/src/agent/../assist/agent/auth_codec/auth_codec.hpp:3:
In file included from /Applications/Xcode.app/Contents/Developer/Platforms/MacOSX.platform/Developer/SDKs/MacOSX27.2.sdk/usr/include/c++/v1/cstddef:39:
In file included from /Applications/Xcode.app/Contents/Developer/Platforms/MacOSX.platform/Developer/SDKs/MacOSX27.2.sdk/usr/include/c++/v1/__config:15:
/Applications/Xcode.app/Contents/Developer/Platforms/MacOSX.platform/Developer/SDKs/MacOSX27.2.sdk/usr/include/c++/v1/__configuration/availability.h:204:4: warning: "The selected platform is no longer supported by libc++." [-W#warnings]
  204 | #  warning "The selected platform is no longer supported by libc++."
      |    ^
1 warning generated.
[ 40%] Building CXX object CMakeFiles/assist_idalib_cli.dir/src/agent/image_accounting.cpp.o
In file included from /tmp/assist-native-allocate-ex-root-final/src/agent/grok_auth.cpp:6:
In file included from /tmp/assist-native-allocate-ex-root-final/include/assist/agent/grok_auth.hpp:18:
In file included from /tmp/assist-native-allocate-ex-root-final/include/assist/agent/http_client.hpp:25:
In file included from /Applications/Xcode.app/Contents/Developer/Platforms/MacOSX.platform/Developer/SDKs/MacOSX27.2.sdk/usr/include/c++/v1/atomic:593:
In file included from /Applications/Xcode.app/Contents/Developer/Platforms/MacOSX.platform/Developer/SDKs/MacOSX27.2.sdk/usr/include/c++/v1/__config:15:
/Applications/Xcode.app/Contents/Developer/Platforms/MacOSX.platform/Developer/SDKs/MacOSX27.2.sdk/usr/include/c++/v1/__configuration/availability.h:204:4: warning: "The selected platform is no longer supported by libc++." [-W#warnings]
  204 | #  warning "The selected platform is no longer supported by libc++."
      |    ^
1 warning generated.
[ 40%] Building CXX object CMakeFiles/assist_idalib_cli.dir/src/agent/grok_backend.cpp.o
In file included from /tmp/assist-native-allocate-ex-root-final/src/agent/grok_login.cpp:6:
In file included from /tmp/assist-native-allocate-ex-root-final/include/assist/agent/grok_auth.hpp:18:
In file included from /tmp/assist-native-allocate-ex-root-final/include/assist/agent/http_client.hpp:25:
In file included from /Applications/Xcode.app/Contents/Developer/Platforms/MacOSX.platform/Developer/SDKs/MacOSX27.2.sdk/usr/include/c++/v1/atomic:593:
In file included from /Applications/Xcode.app/Contents/Developer/Platforms/MacOSX.platform/Developer/SDKs/MacOSX27.2.sdk/usr/include/c++/v1/__config:15:
/Applications/Xcode.app/Contents/Developer/Platforms/MacOSX.platform/Developer/SDKs/MacOSX27.2.sdk/usr/include/c++/v1/__configuration/availability.h:204:4: warning: "The selected platform is no longer supported by libc++." [-W#warnings]
  204 | #  warning "The selected platform is no longer supported by libc++."
      |    ^
1 warning generated.
[ 40%] Building CXX object CMakeFiles/assist_idalib_cli.dir/src/agent/provider_account.cpp.o
In file included from /tmp/assist-native-allocate-ex-root-final/src/agent/grok_credentials.cpp:1:
In file included from /tmp/assist-native-allocate-ex-root-final/src/agent/../assist/agent/grok_credentials/grok_credentials.hpp:3:
In file included from /tmp/assist-native-allocate-ex-root-final/include/assist/agent/grok_auth.hpp:18:
In file included from /tmp/assist-native-allocate-ex-root-final/include/assist/agent/http_client.hpp:25:
In file included from /Applications/Xcode.app/Contents/Developer/Platforms/MacOSX.platform/Developer/SDKs/MacOSX27.2.sdk/usr/include/c++/v1/atomic:593:
In file included from /Applications/Xcode.app/Contents/Developer/Platforms/MacOSX.platform/Developer/SDKs/MacOSX27.2.sdk/usr/include/c++/v1/__config:15:
/Applications/Xcode.app/Contents/Developer/Platforms/MacOSX.platform/Developer/SDKs/MacOSX27.2.sdk/usr/include/c++/v1/__configuration/availability.h:204:4: warning: "The selected platform is no longer supported by libc++." [-W#warnings]
  204 | #  warning "The selected platform is no longer supported by libc++."
      |    ^
1 warning generated.
[ 40%] Building CXX object CMakeFiles/assist_idalib_cli.dir/src/agent/model_recovery.cpp.o
In file included from /tmp/assist-native-allocate-ex-root-final/src/agent/grok_transport.cpp:1:
In file included from /tmp/assist-native-allocate-ex-root-final/src/agent/../assist/agent/grok_transport/grok_transport.hpp:3:
In file included from /Applications/Xcode.app/Contents/Developer/Platforms/MacOSX.platform/Developer/SDKs/MacOSX27.2.sdk/usr/include/c++/v1/atomic:593:
In file included from /Applications/Xcode.app/Contents/Developer/Platforms/MacOSX.platform/Developer/SDKs/MacOSX27.2.sdk/usr/include/c++/v1/__config:15:
/Applications/Xcode.app/Contents/Developer/Platforms/MacOSX.platform/Developer/SDKs/MacOSX27.2.sdk/usr/include/c++/v1/__configuration/availability.h:204:4: warning: "The selected platform is no longer supported by libc++." [-W#warnings]
  204 | #  warning "The selected platform is no longer supported by libc++."
      |    ^
1 warning generated.
[ 40%] Building CXX object CMakeFiles/assist_idalib_cli.dir/src/agent/chat_message_codec.cpp.o
In file included from /tmp/assist-native-allocate-ex-root-final/src/agent/image_accounting.cpp:1:
In file included from /tmp/assist-native-allocate-ex-root-final/include/assist/agent/tool_image_content.hpp:3:
In file included from /tmp/assist-native-allocate-ex-root-final/include/assist/common/json.hpp:76:
In file included from /tmp/assist-native-process-root-macos/_deps/json-src/include/nlohmann/json.hpp:21:
In file included from /Applications/Xcode.app/Contents/Developer/Platforms/MacOSX.platform/Developer/SDKs/MacOSX27.2.sdk/usr/include/c++/v1/algorithm:1840:
In file included from /Applications/Xcode.app/Contents/Developer/Platforms/MacOSX.platform/Developer/SDKs/MacOSX27.2.sdk/usr/include/c++/v1/__config:15:
/Applications/Xcode.app/Contents/Developer/Platforms/MacOSX.platform/Developer/SDKs/MacOSX27.2.sdk/usr/include/c++/v1/__configuration/availability.h:204:4: warning: "The selected platform is no longer supported by libc++." [-W#warnings]
  204 | #  warning "The selected platform is no longer supported by libc++."
      |    ^
1 warning generated.
[ 40%] Building CXX object CMakeFiles/assist_idalib_cli.dir/src/agent/codex_request.cpp.o
In file included from /tmp/assist-native-allocate-ex-root-final/src/agent/grok_oauth.cpp:1:
In file included from /tmp/assist-native-allocate-ex-root-final/src/agent/../assist/agent/grok_oauth/grok_oauth.hpp:3:
In file included from /tmp/assist-native-allocate-ex-root-final/include/assist/agent/http_client.hpp:25:
In file included from /Applications/Xcode.app/Contents/Developer/Platforms/MacOSX.platform/Developer/SDKs/MacOSX27.2.sdk/usr/include/c++/v1/atomic:593:
In file included from /Applications/Xcode.app/Contents/Developer/Platforms/MacOSX.platform/Developer/SDKs/MacOSX27.2.sdk/usr/include/c++/v1/__config:15:
/Applications/Xcode.app/Contents/Developer/Platforms/MacOSX.platform/Developer/SDKs/MacOSX27.2.sdk/usr/include/c++/v1/__configuration/availability.h:204:4: warning: "The selected platform is no longer supported by libc++." [-W#warnings]
  204 | #  warning "The selected platform is no longer supported by libc++."
      |    ^
1 warning generated.
[ 40%] Building CXX object CMakeFiles/assist_idalib_cli.dir/src/agent/service_tier.cpp.o
In file included from /tmp/assist-native-allocate-ex-root-final/src/agent/model_recovery.cpp:1:
In file included from /tmp/assist-native-allocate-ex-root-final/include/assist/agent/model_recovery.hpp:3:
In file included from /tmp/assist-native-allocate-ex-root-final/include/assist/core/model_response.hpp:3:
In file included from /Applications/Xcode.app/Contents/Developer/Platforms/MacOSX.platform/Developer/SDKs/MacOSX27.2.sdk/usr/include/c++/v1/cstdint:146:
In file included from /Applications/Xcode.app/Contents/Developer/Platforms/MacOSX.platform/Developer/SDKs/MacOSX27.2.sdk/usr/include/c++/v1/__config:15:
/Applications/Xcode.app/Contents/Developer/Platforms/MacOSX.platform/Developer/SDKs/MacOSX27.2.sdk/usr/include/c++/v1/__configuration/availability.h:204:4: warning: "The selected platform is no longer supported by libc++." [-W#warnings]
  204 | #  warning "The selected platform is no longer supported by libc++."
      |    ^
1 warning generated.
[ 40%] Building CXX object CMakeFiles/assist_idalib_cli.dir/src/agent/openai_client.cpp.o
In file included from /tmp/assist-native-allocate-ex-root-final/src/agent/chat_message_codec.cpp:1:
In file included from /tmp/assist-native-allocate-ex-root-final/include/assist/agent/openai_client.hpp:22:
In file included from /tmp/assist-native-allocate-ex-root-final/include/assist/agent/service_tier.hpp:3:
In file included from /Applications/Xcode.app/Contents/Developer/Platforms/MacOSX.platform/Developer/SDKs/MacOSX27.2.sdk/usr/include/c++/v1/algorithm:1840:
In file included from /Applications/Xcode.app/Contents/Developer/Platforms/MacOSX.platform/Developer/SDKs/MacOSX27.2.sdk/usr/include/c++/v1/__config:15:
/Applications/Xcode.app/Contents/Developer/Platforms/MacOSX.platform/Developer/SDKs/MacOSX27.2.sdk/usr/include/c++/v1/__configuration/availability.h:204:4: warning: "The selected platform is no longer supported by libc++." [-W#warnings]
  204 | #  warning "The selected platform is no longer supported by libc++."
      |    ^
1 warning generated.
[ 40%] Building CXX object CMakeFiles/assist_idalib_cli.dir/src/agent/provider_request.cpp.o
In file included from /tmp/assist-native-allocate-ex-root-final/src/agent/grok_backend.cpp:1:
In file included from /tmp/assist-native-allocate-ex-root-final/include/assist/agent/grok_backend.hpp:15:
In file included from /tmp/assist-native-allocate-ex-root-final/include/assist/agent/provider_backend.hpp:19:
In file included from /tmp/assist-native-allocate-ex-root-final/include/assist/agent/openai_client.hpp:22:
In file included from /tmp/assist-native-allocate-ex-root-final/include/assist/agent/service_tier.hpp:3:
In file included from /Applications/Xcode.app/Contents/Developer/Platforms/MacOSX.platform/Developer/SDKs/MacOSX27.2.sdk/usr/include/c++/v1/algorithm:1840:
In file included from /Applications/Xcode.app/Contents/Developer/Platforms/MacOSX.platform/Developer/SDKs/MacOSX27.2.sdk/usr/include/c++/v1/__config:15:
/Applications/Xcode.app/Contents/Developer/Platforms/MacOSX.platform/Developer/SDKs/MacOSX27.2.sdk/usr/include/c++/v1/__configuration/availability.h:204:4: warning: "The selected platform is no longer supported by libc++." [-W#warnings]
  204 | #  warning "The selected platform is no longer supported by libc++."
      |    ^
1 warning generated.
[ 40%] Building CXX object CMakeFiles/assist_idalib_cli.dir/src/agent/provider_turn.cpp.o
In file included from /tmp/assist-native-allocate-ex-root-final/src/agent/provider_account.cpp:1:
In file included from /tmp/assist-native-allocate-ex-root-final/include/assist/agent/provider_account.hpp:15:
In file included from /tmp/assist-native-allocate-ex-root-final/include/assist/agent/codex_auth.hpp:16:
In file included from /tmp/assist-native-process-root-macos/_deps/json-src/include/nlohmann/json.hpp:21:
In file included from /Applications/Xcode.app/Contents/Developer/Platforms/MacOSX.platform/Developer/SDKs/MacOSX27.2.sdk/usr/include/c++/v1/algorithm:1840:
In file included from /Applications/Xcode.app/Contents/Developer/Platforms/MacOSX.platform/Developer/SDKs/MacOSX27.2.sdk/usr/include/c++/v1/__config:15:
/Applications/Xcode.app/Contents/Developer/Platforms/MacOSX.platform/Developer/SDKs/MacOSX27.2.sdk/usr/include/c++/v1/__configuration/availability.h:204:4: warning: "The selected platform is no longer supported by libc++." [-W#warnings]
  204 | #  warning "The selected platform is no longer supported by libc++."
      |    ^
1 warning generated.
[ 60%] Building CXX object CMakeFiles/assist_idalib_cli.dir/src/agent/model_catalog.cpp.o
In file included from /tmp/assist-native-allocate-ex-root-final/src/agent/service_tier.cpp:1:
In file included from /tmp/assist-native-allocate-ex-root-final/include/assist/agent/service_tier.hpp:3:
In file included from /Applications/Xcode.app/Contents/Developer/Platforms/MacOSX.platform/Developer/SDKs/MacOSX27.2.sdk/usr/include/c++/v1/algorithm:1840:
In file included from /Applications/Xcode.app/Contents/Developer/Platforms/MacOSX.platform/Developer/SDKs/MacOSX27.2.sdk/usr/include/c++/v1/__config:15:
/Applications/Xcode.app/Contents/Developer/Platforms/MacOSX.platform/Developer/SDKs/MacOSX27.2.sdk/usr/include/c++/v1/__configuration/availability.h:204:4: warning: "The selected platform is no longer supported by libc++." [-W#warnings]
  204 | #  warning "The selected platform is no longer supported by libc++."
      |    ^
1 warning generated.
[ 60%] Building CXX object CMakeFiles/assist_idalib_cli.dir/src/agent/provider_retry.cpp.o
In file included from /tmp/assist-native-allocate-ex-root-final/src/agent/codex_request.cpp:1:
In file included from /tmp/assist-native-allocate-ex-root-final/include/assist/agent/openai_client.hpp:22:
In file included from /tmp/assist-native-allocate-ex-root-final/include/assist/agent/service_tier.hpp:3:
In file included from /Applications/Xcode.app/Contents/Developer/Platforms/MacOSX.platform/Developer/SDKs/MacOSX27.2.sdk/usr/include/c++/v1/algorithm:1840:
In file included from /Applications/Xcode.app/Contents/Developer/Platforms/MacOSX.platform/Developer/SDKs/MacOSX27.2.sdk/usr/include/c++/v1/__config:15:
/Applications/Xcode.app/Contents/Developer/Platforms/MacOSX.platform/Developer/SDKs/MacOSX27.2.sdk/usr/include/c++/v1/__configuration/availability.h:204:4: warning: "The selected platform is no longer supported by libc++." [-W#warnings]
  204 | #  warning "The selected platform is no longer supported by libc++."
      |    ^
1 warning generated.
[ 60%] Building CXX object CMakeFiles/assist_idalib_cli.dir/src/agent/chat_stream.cpp.o
In file included from /tmp/assist-native-allocate-ex-root-final/src/standalone/tui/chat_renderer.cpp:11:
In file included from /tmp/assist-native-allocate-ex-root-final/src/standalone/tui/chat_renderer.hpp:10:
In file included from /tmp/assist-native-allocate-ex-root-final/include/assist/core/chat_callback.hpp:8:
In file included from /tmp/assist-native-allocate-ex-root-final/include/assist/core/tool_result_meta.hpp:3:
In file included from /tmp/assist-native-allocate-ex-root-final/include/assist/core/tool_media.hpp:3:
In file included from /Applications/Xcode.app/Contents/Developer/Platforms/MacOSX.platform/Developer/SDKs/MacOSX27.2.sdk/usr/include/c++/v1/cstdint:146:
In file included from /Applications/Xcode.app/Contents/Developer/Platforms/MacOSX.platform/Developer/SDKs/MacOSX27.2.sdk/usr/include/c++/v1/__config:15:
/Applications/Xcode.app/Contents/Developer/Platforms/MacOSX.platform/Developer/SDKs/MacOSX27.2.sdk/usr/include/c++/v1/__configuration/availability.h:204:4: warning: "The selected platform is no longer supported by libc++." [-W#warnings]
  204 | #  warning "The selected platform is no longer supported by libc++."
      |    ^
1 warning generated.
[ 60%] Building CXX object CMakeFiles/assist_idalib_cli.dir/src/agent/chat_request.cpp.o
In file included from /tmp/assist-native-allocate-ex-root-final/src/agent/openai_client.cpp:1:
In file included from /tmp/assist-native-allocate-ex-root-final/include/assist/agent/provider_profiles.hpp:3:
In file included from /tmp/assist-native-allocate-ex-root-final/rust/assist-rs/include/assist_rs.h:24:
In file included from /Applications/Xcode.app/Contents/Developer/Platforms/MacOSX.platform/Developer/SDKs/MacOSX27.2.sdk/usr/include/c++/v1/stddef.h:30:
In file included from /Applications/Xcode.app/Contents/Developer/Platforms/MacOSX.platform/Developer/SDKs/MacOSX27.2.sdk/usr/include/c++/v1/__config:15:
/Applications/Xcode.app/Contents/Developer/Platforms/MacOSX.platform/Developer/SDKs/MacOSX27.2.sdk/usr/include/c++/v1/__configuration/availability.h:204:4: warning: "The selected platform is no longer supported by libc++." [-W#warnings]
  204 | #  warning "The selected platform is no longer supported by libc++."
      |    ^
1 warning generated.
[ 60%] Building CXX object CMakeFiles/assist_idalib_cli.dir/src/agent/chat_output.cpp.o
In file included from /tmp/assist-native-allocate-ex-root-final/src/agent/provider_turn.cpp:1:
In file included from /tmp/assist-native-allocate-ex-root-final/src/agent/../assist/agent/provider_turn/provider_turn.hpp:3:
In file included from /tmp/assist-native-allocate-ex-root-final/include/assist/agent/openai_client.hpp:22:
In file included from /tmp/assist-native-allocate-ex-root-final/include/assist/agent/service_tier.hpp:3:
In file included from /Applications/Xcode.app/Contents/Developer/Platforms/MacOSX.platform/Developer/SDKs/MacOSX27.2.sdk/usr/include/c++/v1/algorithm:1840:
In file included from /Applications/Xcode.app/Contents/Developer/Platforms/MacOSX.platform/Developer/SDKs/MacOSX27.2.sdk/usr/include/c++/v1/__config:15:
/Applications/Xcode.app/Contents/Developer/Platforms/MacOSX.platform/Developer/SDKs/MacOSX27.2.sdk/usr/include/c++/v1/__configuration/availability.h:204:4: warning: "The selected platform is no longer supported by libc++." [-W#warnings]
  204 | #  warning "The selected platform is no longer supported by libc++."
      |    ^
1 warning generated.
[ 60%] Building CXX object CMakeFiles/assist_idalib_cli.dir/src/agent/stream_replay.cpp.o
In file included from /tmp/assist-native-allocate-ex-root-final/src/agent/provider_request.cpp:1:
In file included from /tmp/assist-native-allocate-ex-root-final/src/agent/../assist/agent/provider_request/provider_request.hpp:3:
In file included from /tmp/assist-native-allocate-ex-root-final/include/assist/agent/http_client.hpp:25:
In file included from /Applications/Xcode.app/Contents/Developer/Platforms/MacOSX.platform/Developer/SDKs/MacOSX27.2.sdk/usr/include/c++/v1/atomic:593:
In file included from /Applications/Xcode.app/Contents/Developer/Platforms/MacOSX.platform/Developer/SDKs/MacOSX27.2.sdk/usr/include/c++/v1/__config:15:
/Applications/Xcode.app/Contents/Developer/Platforms/MacOSX.platform/Developer/SDKs/MacOSX27.2.sdk/usr/include/c++/v1/__configuration/availability.h:204:4: warning: "The selected platform is no longer supported by libc++." [-W#warnings]
  204 | #  warning "The selected platform is no longer supported by libc++."
      |    ^
1 warning generated.
[ 60%] Building CXX object CMakeFiles/assist_idalib_cli.dir/src/agent/token_usage.cpp.o
In file included from /tmp/assist-native-allocate-ex-root-final/src/agent/chat_stream.cpp:1:
In file included from /tmp/assist-native-allocate-ex-root-final/src/agent/chat_stream.hpp:3:
In file included from /tmp/assist-native-allocate-ex-root-final/include/assist/agent/openai_client.hpp:22:
In file included from /tmp/assist-native-allocate-ex-root-final/include/assist/agent/service_tier.hpp:3:
In file included from /Applications/Xcode.app/Contents/Developer/Platforms/MacOSX.platform/Developer/SDKs/MacOSX27.2.sdk/usr/include/c++/v1/algorithm:1840:
In file included from /Applications/Xcode.app/Contents/Developer/Platforms/MacOSX.platform/Developer/SDKs/MacOSX27.2.sdk/usr/include/c++/v1/__config:15:
/Applications/Xcode.app/Contents/Developer/Platforms/MacOSX.platform/Developer/SDKs/MacOSX27.2.sdk/usr/include/c++/v1/__configuration/availability.h:204:4: warning: "The selected platform is no longer supported by libc++." [-W#warnings]
  204 | #  warning "The selected platform is no longer supported by libc++."
      |    ^
1 warning generated.
[ 60%] Building CXX object CMakeFiles/assist_idalib_cli.dir/src/agent/codex_failure.cpp.o
In file included from /tmp/assist-native-allocate-ex-root-final/src/agent/provider_retry.cpp:1:
In file included from /tmp/assist-native-allocate-ex-root-final/src/agent/provider_retry.hpp:3:
In file included from /tmp/assist-native-allocate-ex-root-final/include/assist/agent/openai_client.hpp:22:
In file included from /tmp/assist-native-allocate-ex-root-final/include/assist/agent/service_tier.hpp:3:
In file included from /Applications/Xcode.app/Contents/Developer/Platforms/MacOSX.platform/Developer/SDKs/MacOSX27.2.sdk/usr/include/c++/v1/algorithm:1840:
In file included from /Applications/Xcode.app/Contents/Developer/Platforms/MacOSX.platform/Developer/SDKs/MacOSX27.2.sdk/usr/include/c++/v1/__config:15:
/Applications/Xcode.app/Contents/Developer/Platforms/MacOSX.platform/Developer/SDKs/MacOSX27.2.sdk/usr/include/c++/v1/__configuration/availability.h:204:4: warning: "The selected platform is no longer supported by libc++." [-W#warnings]
  204 | #  warning "The selected platform is no longer supported by libc++."
      |    ^
1 warning generated.
[ 60%] Building CXX object CMakeFiles/assist_idalib_cli.dir/src/agent/provider_error.cpp.o
In file included from /tmp/assist-native-allocate-ex-root-final/src/agent/model_catalog.cpp:1:
In file included from /tmp/assist-native-allocate-ex-root-final/include/assist/agent/openai_client.hpp:22:
In file included from /tmp/assist-native-allocate-ex-root-final/include/assist/agent/service_tier.hpp:3:
In file included from /Applications/Xcode.app/Contents/Developer/Platforms/MacOSX.platform/Developer/SDKs/MacOSX27.2.sdk/usr/include/c++/v1/algorithm:1840:
In file included from /Applications/Xcode.app/Contents/Developer/Platforms/MacOSX.platform/Developer/SDKs/MacOSX27.2.sdk/usr/include/c++/v1/__config:15:
/Applications/Xcode.app/Contents/Developer/Platforms/MacOSX.platform/Developer/SDKs/MacOSX27.2.sdk/usr/include/c++/v1/__configuration/availability.h:204:4: warning: "The selected platform is no longer supported by libc++." [-W#warnings]
  204 | #  warning "The selected platform is no longer supported by libc++."
      |    ^
1 warning generated.
[ 60%] Building CXX object CMakeFiles/assist_idalib_cli.dir/src/agent/codex_stream.cpp.o
In file included from /tmp/assist-native-allocate-ex-root-final/src/agent/stream_replay.cpp:1:
In file included from /tmp/assist-native-allocate-ex-root-final/include/assist/agent/stream_replay.hpp:3:
In file included from /Applications/Xcode.app/Contents/Developer/Platforms/MacOSX.platform/Developer/SDKs/MacOSX27.2.sdk/usr/include/c++/v1/string:594:
In file included from /Applications/Xcode.app/Contents/Developer/Platforms/MacOSX.platform/Developer/SDKs/MacOSX27.2.sdk/usr/include/c++/v1/__algorithm/max.h:12:
In file included from /Applications/Xcode.app/Contents/Developer/Platforms/MacOSX.platform/Developer/SDKs/MacOSX27.2.sdk/usr/include/c++/v1/__algorithm/comp.h:12:
In file included from /Applications/Xcode.app/Contents/Developer/Platforms/MacOSX.platform/Developer/SDKs/MacOSX27.2.sdk/usr/include/c++/v1/__config:15:
/Applications/Xcode.app/Contents/Developer/Platforms/MacOSX.platform/Developer/SDKs/MacOSX27.2.sdk/usr/include/c++/v1/__configuration/availability.h:204:4: warning: "The selected platform is no longer supported by libc++." [-W#warnings]
  204 | #  warning "The selected platform is no longer supported by libc++."
      |    ^
1 warning generated.
[ 60%] Building CXX object CMakeFiles/assist_idalib_cli.dir/src/agent/chat_tool_codec.cpp.o
In file included from /tmp/assist-native-allocate-ex-root-final/src/agent/chat_request.cpp:1:
In file included from /tmp/assist-native-allocate-ex-root-final/include/assist/agent/openai_client.hpp:22:
In file included from /tmp/assist-native-allocate-ex-root-final/include/assist/agent/service_tier.hpp:3:
In file included from /Applications/Xcode.app/Contents/Developer/Platforms/MacOSX.platform/Developer/SDKs/MacOSX27.2.sdk/usr/include/c++/v1/algorithm:1840:
In file included from /Applications/Xcode.app/Contents/Developer/Platforms/MacOSX.platform/Developer/SDKs/MacOSX27.2.sdk/usr/include/c++/v1/__config:15:
/Applications/Xcode.app/Contents/Developer/Platforms/MacOSX.platform/Developer/SDKs/MacOSX27.2.sdk/usr/include/c++/v1/__configuration/availability.h:204:4: warning: "The selected platform is no longer supported by libc++." [-W#warnings]
  204 | #  warning "The selected platform is no longer supported by libc++."
      |    ^
1 warning generated.
[ 60%] Building CXX object CMakeFiles/assist_idalib_cli.dir/src/agent/claude_cli_process.cpp.o
In file included from /tmp/assist-native-allocate-ex-root-final/src/agent/chat_output.cpp:1:
In file included from /tmp/assist-native-allocate-ex-root-final/include/assist/agent/chat_output.hpp:3:
In file included from /tmp/assist-native-allocate-ex-root-final/include/assist/common/json.hpp:76:
In file included from /tmp/assist-native-process-root-macos/_deps/json-src/include/nlohmann/json.hpp:21:
In file included from /Applications/Xcode.app/Contents/Developer/Platforms/MacOSX.platform/Developer/SDKs/MacOSX27.2.sdk/usr/include/c++/v1/algorithm:1840:
In file included from /Applications/Xcode.app/Contents/Developer/Platforms/MacOSX.platform/Developer/SDKs/MacOSX27.2.sdk/usr/include/c++/v1/__config:15:
/Applications/Xcode.app/Contents/Developer/Platforms/MacOSX.platform/Developer/SDKs/MacOSX27.2.sdk/usr/include/c++/v1/__configuration/availability.h:204:4: warning: "The selected platform is no longer supported by libc++." [-W#warnings]
  204 | #  warning "The selected platform is no longer supported by libc++."
      |    ^
1 warning generated.
[ 60%] Building CXX object CMakeFiles/assist_idalib_cli.dir/src/agent/claude_cli_codec.cpp.o
In file included from /tmp/assist-native-allocate-ex-root-final/src/agent/token_usage.cpp:1:
In file included from /tmp/assist-native-allocate-ex-root-final/src/agent/token_usage.hpp:3:
In file included from /tmp/assist-native-allocate-ex-root-final/include/assist/agent/openai_client.hpp:22:
In file included from /tmp/assist-native-allocate-ex-root-final/include/assist/agent/service_tier.hpp:3:
In file included from /Applications/Xcode.app/Contents/Developer/Platforms/MacOSX.platform/Developer/SDKs/MacOSX27.2.sdk/usr/include/c++/v1/algorithm:1840:
In file included from /Applications/Xcode.app/Contents/Developer/Platforms/MacOSX.platform/Developer/SDKs/MacOSX27.2.sdk/usr/include/c++/v1/__config:15:
/Applications/Xcode.app/Contents/Developer/Platforms/MacOSX.platform/Developer/SDKs/MacOSX27.2.sdk/usr/include/c++/v1/__configuration/availability.h:204:4: warning: "The selected platform is no longer supported by libc++." [-W#warnings]
  204 | #  warning "The selected platform is no longer supported by libc++."
      |    ^
1 warning generated.
[ 60%] Building CXX object CMakeFiles/assist_idalib_cli.dir/src/agent/claude_cli_backend.cpp.o
In file included from /tmp/assist-native-allocate-ex-root-final/src/agent/provider_error.cpp:1:
In file included from /tmp/assist-native-allocate-ex-root-final/include/assist/agent/provider_error.hpp:3:
In file included from /tmp/assist-native-allocate-ex-root-final/include/assist/common/json.hpp:76:
In file included from /tmp/assist-native-process-root-macos/_deps/json-src/include/nlohmann/json.hpp:21:
In file included from /Applications/Xcode.app/Contents/Developer/Platforms/MacOSX.platform/Developer/SDKs/MacOSX27.2.sdk/usr/include/c++/v1/algorithm:1840:
In file included from /Applications/Xcode.app/Contents/Developer/Platforms/MacOSX.platform/Developer/SDKs/MacOSX27.2.sdk/usr/include/c++/v1/__config:15:
/Applications/Xcode.app/Contents/Developer/Platforms/MacOSX.platform/Developer/SDKs/MacOSX27.2.sdk/usr/include/c++/v1/__configuration/availability.h:204:4: warning: "The selected platform is no longer supported by libc++." [-W#warnings]
  204 | #  warning "The selected platform is no longer supported by libc++."
      |    ^
1 warning generated.
[ 60%] Building CXX object CMakeFiles/assist_idalib_cli.dir/src/agent/antigravity_cli_backend.cpp.o
In file included from /tmp/assist-native-allocate-ex-root-final/src/agent/codex_failure.cpp:1:
In file included from /tmp/assist-native-allocate-ex-root-final/src/agent/codex_failure.hpp:3:
In file included from /tmp/assist-native-allocate-ex-root-final/include/assist/agent/openai_client.hpp:22:
In file included from /tmp/assist-native-allocate-ex-root-final/include/assist/agent/service_tier.hpp:3:
In file included from /Applications/Xcode.app/Contents/Developer/Platforms/MacOSX.platform/Developer/SDKs/MacOSX27.2.sdk/usr/include/c++/v1/algorithm:1840:
In file included from /Applications/Xcode.app/Contents/Developer/Platforms/MacOSX.platform/Developer/SDKs/MacOSX27.2.sdk/usr/include/c++/v1/__config:15:
/Applications/Xcode.app/Contents/Developer/Platforms/MacOSX.platform/Developer/SDKs/MacOSX27.2.sdk/usr/include/c++/v1/__configuration/availability.h:204:4: warning: "The selected platform is no longer supported by libc++." [-W#warnings]
  204 | #  warning "The selected platform is no longer supported by libc++."
      |    ^
1 warning generated.
[ 60%] Building CXX object CMakeFiles/assist_idalib_cli.dir/src/agent/antigravity_cli_relay.cpp.o
In file included from /tmp/assist-native-allocate-ex-root-final/src/agent/codex_stream.cpp:1:
In file included from /tmp/assist-native-allocate-ex-root-final/src/agent/codex_stream.hpp:3:
In file included from /tmp/assist-native-allocate-ex-root-final/include/assist/agent/openai_client.hpp:22:
In file included from /tmp/assist-native-allocate-ex-root-final/include/assist/agent/service_tier.hpp:3:
In file included from /Applications/Xcode.app/Contents/Developer/Platforms/MacOSX.platform/Developer/SDKs/MacOSX27.2.sdk/usr/include/c++/v1/algorithm:1840:
In file included from /Applications/Xcode.app/Contents/Developer/Platforms/MacOSX.platform/Developer/SDKs/MacOSX27.2.sdk/usr/include/c++/v1/__config:15:
/Applications/Xcode.app/Contents/Developer/Platforms/MacOSX.platform/Developer/SDKs/MacOSX27.2.sdk/usr/include/c++/v1/__configuration/availability.h:204:4: warning: "The selected platform is no longer supported by libc++." [-W#warnings]
  204 | #  warning "The selected platform is no longer supported by libc++."
      |    ^
1 warning generated.
[ 60%] Building CXX object CMakeFiles/assist_idalib_cli.dir/src/agent/context_management.cpp.o
In file included from /tmp/assist-native-allocate-ex-root-final/src/agent/claude_cli_process.cpp:6:
In file included from /tmp/assist-native-allocate-ex-root-final/include/assist/agent/claude_cli_process.hpp:8:
In file included from /Applications/Xcode.app/Contents/Developer/Platforms/MacOSX.platform/Developer/SDKs/MacOSX27.2.sdk/usr/include/c++/v1/filesystem:539:
In file included from /Applications/Xcode.app/Contents/Developer/Platforms/MacOSX.platform/Developer/SDKs/MacOSX27.2.sdk/usr/include/c++/v1/__config:15:
/Applications/Xcode.app/Contents/Developer/Platforms/MacOSX.platform/Developer/SDKs/MacOSX27.2.sdk/usr/include/c++/v1/__configuration/availability.h:204:4: warning: "The selected platform is no longer supported by libc++." [-W#warnings]
  204 | #  warning "The selected platform is no longer supported by libc++."
      |    ^
1 warning generated.
[ 60%] Building CXX object CMakeFiles/assist_idalib_cli.dir/src/agent/history_notes_client.cpp.o
In file included from /tmp/assist-native-allocate-ex-root-final/src/agent/chat_tool_codec.cpp:1:
In file included from /tmp/assist-native-allocate-ex-root-final/include/assist/agent/openai_client.hpp:22:
In file included from /tmp/assist-native-allocate-ex-root-final/include/assist/agent/service_tier.hpp:3:
In file included from /Applications/Xcode.app/Contents/Developer/Platforms/MacOSX.platform/Developer/SDKs/MacOSX27.2.sdk/usr/include/c++/v1/algorithm:1840:
In file included from /Applications/Xcode.app/Contents/Developer/Platforms/MacOSX.platform/Developer/SDKs/MacOSX27.2.sdk/usr/include/c++/v1/__config:15:
/Applications/Xcode.app/Contents/Developer/Platforms/MacOSX.platform/Developer/SDKs/MacOSX27.2.sdk/usr/include/c++/v1/__configuration/availability.h:204:4: warning: "The selected platform is no longer supported by libc++." [-W#warnings]
  204 | #  warning "The selected platform is no longer supported by libc++."
      |    ^
1 warning generated.
[ 60%] Building CXX object CMakeFiles/assist_idalib_cli.dir/src/common/rust_value.cpp.o
In file included from /tmp/assist-native-allocate-ex-root-final/src/standalone/terminal_main.cpp:1:
In file included from /tmp/assist-native-allocate-ex-root-final/include/assist/analysis/function_analysis.hpp:3:
In file included from /tmp/assist-native-allocate-ex-root-final/include/assist/common/json.hpp:76:
In file included from /tmp/assist-native-process-root-macos/_deps/json-src/include/nlohmann/json.hpp:21:
In file included from /Applications/Xcode.app/Contents/Developer/Platforms/MacOSX.platform/Developer/SDKs/MacOSX27.2.sdk/usr/include/c++/v1/algorithm:1840:
In file included from /Applications/Xcode.app/Contents/Developer/Platforms/MacOSX.platform/Developer/SDKs/MacOSX27.2.sdk/usr/include/c++/v1/__config:15:
/Applications/Xcode.app/Contents/Developer/Platforms/MacOSX.platform/Developer/SDKs/MacOSX27.2.sdk/usr/include/c++/v1/__configuration/availability.h:204:4: warning: "The selected platform is no longer supported by libc++." [-W#warnings]
  204 | #  warning "The selected platform is no longer supported by libc++."
      |    ^
1 warning generated.
[ 60%] Building CXX object CMakeFiles/assist_idalib_cli.dir/src/agent/model_recovery_state.cpp.o
In file included from /tmp/assist-native-allocate-ex-root-final/src/agent/claude_cli_codec.cpp:6:
In file included from /tmp/assist-native-allocate-ex-root-final/include/assist/agent/claude_cli_backend.hpp:8:
In file included from /tmp/assist-native-allocate-ex-root-final/include/assist/agent/provider_backend.hpp:19:
In file included from /tmp/assist-native-allocate-ex-root-final/include/assist/agent/openai_client.hpp:22:
In file included from /tmp/assist-native-allocate-ex-root-final/include/assist/agent/service_tier.hpp:3:
In file included from /Applications/Xcode.app/Contents/Developer/Platforms/MacOSX.platform/Developer/SDKs/MacOSX27.2.sdk/usr/include/c++/v1/algorithm:1840:
In file included from /Applications/Xcode.app/Contents/Developer/Platforms/MacOSX.platform/Developer/SDKs/MacOSX27.2.sdk/usr/include/c++/v1/__config:15:
/Applications/Xcode.app/Contents/Developer/Platforms/MacOSX.platform/Developer/SDKs/MacOSX27.2.sdk/usr/include/c++/v1/__configuration/availability.h:204:4: warning: "The selected platform is no longer supported by libc++." [-W#warnings]
  204 | #  warning "The selected platform is no longer supported by libc++."
      |    ^
1 warning generated.
[ 60%] Building CXX object CMakeFiles/assist_idalib_cli.dir/src/agent/model_recovery_driver.cpp.o
In file included from /tmp/assist-native-allocate-ex-root-final/src/agent/claude_cli_backend.cpp:6:
In file included from /tmp/assist-native-allocate-ex-root-final/include/assist/agent/claude_cli_backend.hpp:8:
In file included from /tmp/assist-native-allocate-ex-root-final/include/assist/agent/provider_backend.hpp:19:
In file included from /tmp/assist-native-allocate-ex-root-final/include/assist/agent/openai_client.hpp:22:
In file included from /tmp/assist-native-allocate-ex-root-final/include/assist/agent/service_tier.hpp:3:
In file included from /Applications/Xcode.app/Contents/Developer/Platforms/MacOSX.platform/Developer/SDKs/MacOSX27.2.sdk/usr/include/c++/v1/algorithm:1840:
In file included from /Applications/Xcode.app/Contents/Developer/Platforms/MacOSX.platform/Developer/SDKs/MacOSX27.2.sdk/usr/include/c++/v1/__config:15:
/Applications/Xcode.app/Contents/Developer/Platforms/MacOSX.platform/Developer/SDKs/MacOSX27.2.sdk/usr/include/c++/v1/__configuration/availability.h:204:4: warning: "The selected platform is no longer supported by libc++." [-W#warnings]
  204 | #  warning "The selected platform is no longer supported by libc++."
      |    ^
1 warning generated.
[ 60%] Building CXX object CMakeFiles/assist_idalib_cli.dir/src/agent/provider_accounting.cpp.o
In file included from /tmp/assist-native-allocate-ex-root-final/src/agent/antigravity_cli_relay.cpp:13:
In file included from /tmp/assist-native-allocate-ex-root-final/include/assist/agent/antigravity_cli_backend.hpp:8:
In file included from /tmp/assist-native-allocate-ex-root-final/include/assist/agent/provider_backend.hpp:19:
In file included from /tmp/assist-native-allocate-ex-root-final/include/assist/agent/openai_client.hpp:22:
In file included from /tmp/assist-native-allocate-ex-root-final/include/assist/agent/service_tier.hpp:3:
In file included from /Applications/Xcode.app/Contents/Developer/Platforms/MacOSX.platform/Developer/SDKs/MacOSX27.2.sdk/usr/include/c++/v1/algorithm:1840:
In file included from /Applications/Xcode.app/Contents/Developer/Platforms/MacOSX.platform/Developer/SDKs/MacOSX27.2.sdk/usr/include/c++/v1/__config:15:
/Applications/Xcode.app/Contents/Developer/Platforms/MacOSX.platform/Developer/SDKs/MacOSX27.2.sdk/usr/include/c++/v1/__configuration/availability.h:204:4: warning: "The selected platform is no longer supported by libc++." [-W#warnings]
  204 | #  warning "The selected platform is no longer supported by libc++."
      |    ^
1 warning generated.
In file included from /tmp/assist-native-allocate-ex-root-final/src/common/rust_value.cpp:1:
In file included from /tmp/assist-native-allocate-ex-root-final/include/assist/common/rust_value.hpp:3:
In file included from /tmp/assist-native-allocate-ex-root-final/include/assist/common/json.hpp:76:
In file included from /tmp/assist-native-process-root-macos/_deps/json-src/include/nlohmann/json.hpp:21:
In file included from /Applications/Xcode.app/Contents/Developer/Platforms/MacOSX.platform/Developer/SDKs/MacOSX27.2.sdk/usr/include/c++/v1/algorithm:1840:
In file included from /Applications/Xcode.app/Contents/Developer/Platforms/MacOSX.platform/Developer/SDKs/MacOSX27.2.sdk/usr/include/c++/v1/__config:15:
/Applications/Xcode.app/Contents/Developer/Platforms/MacOSX.platform/Developer/SDKs/MacOSX27.2.sdk/usr/include/c++/v1/__configuration/availability.h:204:4: warning: "The selected platform is no longer supported by libc++." [-W#warnings]
  204 | #  warning "The selected platform is no longer supported by libc++."
      |    ^
1 warning generated.
[ 60%] Building CXX object CMakeFiles/assist_idalib_cli.dir/src/agent/native_agent.cpp.o
In file included from /tmp/assist-native-allocate-ex-root-final/src/agent/antigravity_cli_backend.cpp:6:
In file included from /tmp/assist-native-allocate-ex-root-final/include/assist/agent/antigravity_cli_backend.hpp:8:
In file included from /tmp/assist-native-allocate-ex-root-final/include/assist/agent/provider_backend.hpp:19:
In file included from /tmp/assist-native-allocate-ex-root-final/include/assist/agent/openai_client.hpp:22:
In file included from /tmp/assist-native-allocate-ex-root-final/include/assist/agent/service_tier.hpp:3:
In file included from /Applications/Xcode.app/Contents/Developer/Platforms/MacOSX.platform/Developer/SDKs/MacOSX27.2.sdk/usr/include/c++/v1/algorithm:1840:
In file included from /Applications/Xcode.app/Contents/Developer/Platforms/MacOSX.platform/Developer/SDKs/MacOSX27.2.sdk/usr/include/c++/v1/__config:15:
/Applications/Xcode.app/Contents/Developer/Platforms/MacOSX.platform/Developer/SDKs/MacOSX27.2.sdk/usr/include/c++/v1/__configuration/availability.h:204:4: warning: "The selected platform is no longer supported by libc++." [-W#warnings]
  204 | #  warning "The selected platform is no longer supported by libc++."
      |    ^
1 warning generated.
[ 60%] Building CXX object CMakeFiles/assist_idalib_cli.dir/src/agent/prompt_state.cpp.o
[ 60%] Building CXX object CMakeFiles/assist_idalib_cli.dir/src/agent/compaction.cpp.o
In file included from /tmp/assist-native-allocate-ex-root-final/src/agent/context_management.cpp:6:
In file included from /tmp/assist-native-allocate-ex-root-final/include/assist/agent/context_management.hpp:8:
In file included from /tmp/assist-native-process-root-macos/_deps/json-src/include/nlohmann/json.hpp:21:
In file included from /Applications/Xcode.app/Contents/Developer/Platforms/MacOSX.platform/Developer/SDKs/MacOSX27.2.sdk/usr/include/c++/v1/algorithm:1840:
In file included from /Applications/Xcode.app/Contents/Developer/Platforms/MacOSX.platform/Developer/SDKs/MacOSX27.2.sdk/usr/include/c++/v1/__config:15:
/Applications/Xcode.app/Contents/Developer/Platforms/MacOSX.platform/Developer/SDKs/MacOSX27.2.sdk/usr/include/c++/v1/__configuration/availability.h:204:4: warning: "The selected platform is no longer supported by libc++." [-W#warnings]
  204 | #  warning "The selected platform is no longer supported by libc++."
      |    ^
1 warning generated.
[ 60%] Building CXX object CMakeFiles/assist_idalib_cli.dir/src/core/types.cpp.o
In file included from /tmp/assist-native-allocate-ex-root-final/src/agent/history_notes_client.cpp:6:
In file included from /tmp/assist-native-allocate-ex-root-final/include/assist/agent/history_notes_client.hpp:8:
In file included from /tmp/assist-native-allocate-ex-root-final/include/assist/agent/http_client.hpp:25:
In file included from /Applications/Xcode.app/Contents/Developer/Platforms/MacOSX.platform/Developer/SDKs/MacOSX27.2.sdk/usr/include/c++/v1/atomic:593:
In file included from /Applications/Xcode.app/Contents/Developer/Platforms/MacOSX.platform/Developer/SDKs/MacOSX27.2.sdk/usr/include/c++/v1/__config:15:
/Applications/Xcode.app/Contents/Developer/Platforms/MacOSX.platform/Developer/SDKs/MacOSX27.2.sdk/usr/include/c++/v1/__configuration/availability.h:204:4: warning: "The selected platform is no longer supported by libc++." [-W#warnings]
  204 | #  warning "The selected platform is no longer supported by libc++."
      |    ^
1 warning generated.
[ 60%] Building CXX object CMakeFiles/assist_idalib_cli.dir/src/core/debug_sink.cpp.o
In file included from /tmp/assist-native-allocate-ex-root-final/src/agent/model_recovery_state.cpp:1:
In file included from /tmp/assist-native-allocate-ex-root-final/include/assist/agent/model_recovery_state.hpp:2:
In file included from /tmp/assist-native-allocate-ex-root-final/include/assist/agent/openai_client.hpp:22:
In file included from /tmp/assist-native-allocate-ex-root-final/include/assist/agent/service_tier.hpp:3:
In file included from /Applications/Xcode.app/Contents/Developer/Platforms/MacOSX.platform/Developer/SDKs/MacOSX27.2.sdk/usr/include/c++/v1/algorithm:1840:
In file included from /Applications/Xcode.app/Contents/Developer/Platforms/MacOSX.platform/Developer/SDKs/MacOSX27.2.sdk/usr/include/c++/v1/__config:15:
/Applications/Xcode.app/Contents/Developer/Platforms/MacOSX.platform/Developer/SDKs/MacOSX27.2.sdk/usr/include/c++/v1/__configuration/availability.h:204:4: warning: "The selected platform is no longer supported by libc++." [-W#warnings]
  204 | #  warning "The selected platform is no longer supported by libc++."
      |    ^
1 warning generated.
[ 60%] Building CXX object CMakeFiles/assist_idalib_cli.dir/src/core/perfetto_trace.cpp.o
In file included from /tmp/assist-native-allocate-ex-root-final/src/agent/prompt_state.cpp:1:
In file included from /tmp/assist-native-allocate-ex-root-final/include/assist/agent/prompt_state.hpp:3:
In file included from /Applications/Xcode.app/Contents/Developer/Platforms/MacOSX.platform/Developer/SDKs/MacOSX27.2.sdk/usr/include/c++/v1/cstddef:39:
In file included from /Applications/Xcode.app/Contents/Developer/Platforms/MacOSX.platform/Developer/SDKs/MacOSX27.2.sdk/usr/include/c++/v1/__config:15:
/Applications/Xcode.app/Contents/Developer/Platforms/MacOSX.platform/Developer/SDKs/MacOSX27.2.sdk/usr/include/c++/v1/__configuration/availability.h:204:4: warning: "The selected platform is no longer supported by libc++." [-W#warnings]
  204 | #  warning "The selected platform is no longer supported by libc++."
      |    ^
1 warning generated.
[ 60%] Building CXX object CMakeFiles/assist_idalib_cli.dir/src/core/script_executor.cpp.o
In file included from /tmp/assist-native-allocate-ex-root-final/src/agent/model_recovery_driver.cpp:1:
In file included from /tmp/assist-native-allocate-ex-root-final/include/assist/agent/model_recovery_driver.hpp:3:
In file included from /tmp/assist-native-allocate-ex-root-final/include/assist/agent/model_recovery.hpp:3:
In file included from /tmp/assist-native-allocate-ex-root-final/include/assist/core/model_response.hpp:3:
In file included from /Applications/Xcode.app/Contents/Developer/Platforms/MacOSX.platform/Developer/SDKs/MacOSX27.2.sdk/usr/include/c++/v1/cstdint:146:
In file included from /Applications/Xcode.app/Contents/Developer/Platforms/MacOSX.platform/Developer/SDKs/MacOSX27.2.sdk/usr/include/c++/v1/__config:15:
/Applications/Xcode.app/Contents/Developer/Platforms/MacOSX.platform/Developer/SDKs/MacOSX27.2.sdk/usr/include/c++/v1/__configuration/availability.h:204:4: warning: "The selected platform is no longer supported by libc++." [-W#warnings]
  204 | #  warning "The selected platform is no longer supported by libc++."
      |    ^
1 warning generated.
[ 60%] Building CXX object CMakeFiles/assist_idalib_cli.dir/src/core/chat_callback.cpp.o
In file included from /tmp/assist-native-allocate-ex-root-final/src/agent/provider_accounting.cpp:1:
In file included from /tmp/assist-native-allocate-ex-root-final/include/assist/agent/provider_accounting.hpp:8:
In file included from /tmp/assist-native-allocate-ex-root-final/include/assist/agent/openai_client.hpp:22:
In file included from /tmp/assist-native-allocate-ex-root-final/include/assist/agent/service_tier.hpp:3:
In file included from /Applications/Xcode.app/Contents/Developer/Platforms/MacOSX.platform/Developer/SDKs/MacOSX27.2.sdk/usr/include/c++/v1/algorithm:1840:
In file included from /Applications/Xcode.app/Contents/Developer/Platforms/MacOSX.platform/Developer/SDKs/MacOSX27.2.sdk/usr/include/c++/v1/__config:15:
/Applications/Xcode.app/Contents/Developer/Platforms/MacOSX.platform/Developer/SDKs/MacOSX27.2.sdk/usr/include/c++/v1/__configuration/availability.h:204:4: warning: "The selected platform is no longer supported by libc++." [-W#warnings]
  204 | #  warning "The selected platform is no longer supported by libc++."
      |    ^
1 warning generated.
[ 60%] Building CXX object CMakeFiles/assist_idalib_cli.dir/src/assist/core/permission_escalation_coordinator.cpp.o
In file included from /tmp/assist-native-allocate-ex-root-final/src/agent/compaction.cpp:6:
In file included from /tmp/assist-native-allocate-ex-root-final/include/assist/agent/compaction.hpp:30:
In file included from /tmp/assist-native-allocate-ex-root-final/include/assist/agent/openai_client.hpp:22:
In file included from /tmp/assist-native-allocate-ex-root-final/include/assist/agent/service_tier.hpp:3:
In file included from /Applications/Xcode.app/Contents/Developer/Platforms/MacOSX.platform/Developer/SDKs/MacOSX27.2.sdk/usr/include/c++/v1/algorithm:1840:
In file included from /Applications/Xcode.app/Contents/Developer/Platforms/MacOSX.platform/Developer/SDKs/MacOSX27.2.sdk/usr/include/c++/v1/__config:15:
/Applications/Xcode.app/Contents/Developer/Platforms/MacOSX.platform/Developer/SDKs/MacOSX27.2.sdk/usr/include/c++/v1/__configuration/availability.h:204:4: warning: "The selected platform is no longer supported by libc++." [-W#warnings]
  204 | #  warning "The selected platform is no longer supported by libc++."
      |    ^
1 warning generated.
In file included from /tmp/assist-native-allocate-ex-root-final/src/core/types.cpp:1:
In file included from /tmp/assist-native-allocate-ex-root-final/src/assist/core/types/detail/common.hpp:3:
In file included from /tmp/assist-native-allocate-ex-root-final/include/assist/core/types.hpp:6:
In file included from /tmp/assist-native-allocate-ex-root-final/include/assist/core/host_note_types.hpp:3:
In file included from /tmp/assist-native-allocate-ex-root-final/include/assist/common/json.hpp:76:
In file included from /tmp/assist-native-process-root-macos/_deps/json-src/include/nlohmann/json.hpp:21:
In file included from /Applications/Xcode.app/Contents/Developer/Platforms/MacOSX.platform/Developer/SDKs/MacOSX27.2.sdk/usr/include/c++/v1/algorithm:1840:
In file included from /Applications/Xcode.app/Contents/Developer/Platforms/MacOSX.platform/Developer/SDKs/MacOSX27.2.sdk/usr/include/c++/v1/__config:15:
/Applications/Xcode.app/Contents/Developer/Platforms/MacOSX.platform/Developer/SDKs/MacOSX27.2.sdk/usr/include/c++/v1/__configuration/availability.h:204:4: warning: "The selected platform is no longer supported by libc++." [-W#warnings]
  204 | #  warning "The selected platform is no longer supported by libc++."
      |    ^
1 warning generated.
[ 60%] Building CXX object CMakeFiles/assist_idalib_cli.dir/src/core/chat_core.cpp.o
[ 60%] Building CXX object CMakeFiles/assist_idalib_cli.dir/src/core/anonymizer.cpp.o
In file included from /tmp/assist-native-allocate-ex-root-final/src/core/debug_sink.cpp:13:
In file included from /tmp/assist-native-allocate-ex-root-final/include/assist/core/debug_sink.hpp:31:
In file included from /tmp/assist-native-process-root-macos/_deps/json-src/include/nlohmann/json.hpp:21:
In file included from /Applications/Xcode.app/Contents/Developer/Platforms/MacOSX.platform/Developer/SDKs/MacOSX27.2.sdk/usr/include/c++/v1/algorithm:1840:
In file included from /Applications/Xcode.app/Contents/Developer/Platforms/MacOSX.platform/Developer/SDKs/MacOSX27.2.sdk/usr/include/c++/v1/__config:15:
/Applications/Xcode.app/Contents/Developer/Platforms/MacOSX.platform/Developer/SDKs/MacOSX27.2.sdk/usr/include/c++/v1/__configuration/availability.h:204:4: warning: "The selected platform is no longer supported by libc++." [-W#warnings]
  204 | #  warning "The selected platform is no longer supported by libc++."
      |    ^
1 warning generated.
[ 60%] Building CXX object CMakeFiles/assist_idalib_cli.dir/src/core/anonymizer_ida.cpp.o
In file included from /tmp/assist-native-allocate-ex-root-final/src/core/chat_callback.cpp:6:
In file included from /tmp/assist-native-allocate-ex-root-final/include/assist/core/chat_callback.hpp:8:
In file included from /tmp/assist-native-allocate-ex-root-final/include/assist/core/tool_result_meta.hpp:3:
In file included from /tmp/assist-native-allocate-ex-root-final/include/assist/core/tool_media.hpp:3:
In file included from /Applications/Xcode.app/Contents/Developer/Platforms/MacOSX.platform/Developer/SDKs/MacOSX27.2.sdk/usr/include/c++/v1/cstdint:146:
In file included from /Applications/Xcode.app/Contents/Developer/Platforms/MacOSX.platform/Developer/SDKs/MacOSX27.2.sdk/usr/include/c++/v1/__config:15:
/Applications/Xcode.app/Contents/Developer/Platforms/MacOSX.platform/Developer/SDKs/MacOSX27.2.sdk/usr/include/c++/v1/__configuration/availability.h:204:4: warning: "The selected platform is no longer supported by libc++." [-W#warnings]
  204 | #  warning "The selected platform is no longer supported by libc++."
      |    ^
1 warning generated.
In file included from /tmp/assist-native-allocate-ex-root-final/src/core/perfetto_trace.cpp:11:
In file included from /tmp/assist-native-allocate-ex-root-final/include/assist/core/perfetto_trace.hpp:12:
In file included from /tmp/assist-native-process-root-macos/_deps/json-src/include/nlohmann/json.hpp:21:
In file included from /Applications/Xcode.app/Contents/Developer/Platforms/MacOSX.platform/Developer/SDKs/MacOSX27.2.sdk/usr/include/c++/v1/algorithm:1840:
In file included from /Applications/Xcode.app/Contents/Developer/Platforms/MacOSX.platform/Developer/SDKs/MacOSX27.2.sdk/usr/include/c++/v1/__config:15:
/Applications/Xcode.app/Contents/Developer/Platforms/MacOSX.platform/Developer/SDKs/MacOSX27.2.sdk/usr/include/c++/v1/__configuration/availability.h:204:4: warning: "The selected platform is no longer supported by libc++." [-W#warnings]
  204 | #  warning "The selected platform is no longer supported by libc++."
      |    ^
1 warning generated.
[ 60%] Building CXX object CMakeFiles/assist_idalib_cli.dir/src/core/detail_store.cpp.o
[ 60%] Building CXX object CMakeFiles/assist_idalib_cli.dir/src/core/prompt_history.cpp.o
In file included from /tmp/assist-native-allocate-ex-root-final/src/core/script_executor.cpp:1:
In file included from /tmp/assist-native-allocate-ex-root-final/src/assist/core/script_executor/detail/common.hpp:3:
In file included from /tmp/assist-native-allocate-ex-root-final/include/assist/core/script_executor.hpp:8:
In file included from /tmp/assist-native-allocate-ex-root-final/include/assist/core/idascript_containment.hpp:3:
In file included from /tmp/assist-native-allocate-ex-root-final/include/assist/core/host_note_types.hpp:3:
In file included from /tmp/assist-native-allocate-ex-root-final/include/assist/common/json.hpp:76:
In file included from /tmp/assist-native-process-root-macos/_deps/json-src/include/nlohmann/json.hpp:21:
In file included from /Applications/Xcode.app/Contents/Developer/Platforms/MacOSX.platform/Developer/SDKs/MacOSX27.2.sdk/usr/include/c++/v1/algorithm:1840:
In file included from /Applications/Xcode.app/Contents/Developer/Platforms/MacOSX.platform/Developer/SDKs/MacOSX27.2.sdk/usr/include/c++/v1/__config:15:
/Applications/Xcode.app/Contents/Developer/Platforms/MacOSX.platform/Developer/SDKs/MacOSX27.2.sdk/usr/include/c++/v1/__configuration/availability.h:204:4: warning: "The selected platform is no longer supported by libc++." [-W#warnings]
  204 | #  warning "The selected platform is no longer supported by libc++."
      |    ^
1 warning generated.
[ 60%] Building CXX object CMakeFiles/assist_idalib_cli.dir/src/update/updater.cpp.o
In file included from /tmp/assist-native-allocate-ex-root-final/src/assist/core/permission_escalation_coordinator.cpp:10:
In file included from /tmp/assist-native-allocate-ex-root-final/include/assist/core/permission_escalation_coordinator.hpp:27:
In file included from /tmp/assist-native-allocate-ex-root-final/include/assist/core/permission_escalation.hpp:29:
In file included from /tmp/assist-native-allocate-ex-root-final/include/assist/core/types.hpp:6:
In file included from /tmp/assist-native-allocate-ex-root-final/include/assist/core/host_note_types.hpp:3:
In file included from /tmp/assist-native-allocate-ex-root-final/include/assist/common/json.hpp:76:
In file included from /tmp/assist-native-process-root-macos/_deps/json-src/include/nlohmann/json.hpp:21:
In file included from /Applications/Xcode.app/Contents/Developer/Platforms/MacOSX.platform/Developer/SDKs/MacOSX27.2.sdk/usr/include/c++/v1/algorithm:1840:
In file included from /Applications/Xcode.app/Contents/Developer/Platforms/MacOSX.platform/Developer/SDKs/MacOSX27.2.sdk/usr/include/c++/v1/__config:15:
/Applications/Xcode.app/Contents/Developer/Platforms/MacOSX.platform/Developer/SDKs/MacOSX27.2.sdk/usr/include/c++/v1/__configuration/availability.h:204:4: warning: "The selected platform is no longer supported by libc++." [-W#warnings]
  204 | #  warning "The selected platform is no longer supported by libc++."
      |    ^
1 warning generated.
[ 60%] Building CXX object CMakeFiles/assist_idalib_cli.dir/src/update/provenance.cpp.o
In file included from /tmp/assist-native-allocate-ex-root-final/src/agent/native_agent.cpp:6:
In file included from /tmp/assist-native-allocate-ex-root-final/include/assist/agent/native_agent.hpp:18:
In file included from /tmp/assist-native-allocate-ex-root-final/include/assist/agent/compaction.hpp:30:
In file included from /tmp/assist-native-allocate-ex-root-final/include/assist/agent/openai_client.hpp:22:
In file included from /tmp/assist-native-allocate-ex-root-final/include/assist/agent/service_tier.hpp:3:
In file included from /Applications/Xcode.app/Contents/Developer/Platforms/MacOSX.platform/Developer/SDKs/MacOSX27.2.sdk/usr/include/c++/v1/algorithm:1840:
In file included from /Applications/Xcode.app/Contents/Developer/Platforms/MacOSX.platform/Developer/SDKs/MacOSX27.2.sdk/usr/include/c++/v1/__config:15:
/Applications/Xcode.app/Contents/Developer/Platforms/MacOSX.platform/Developer/SDKs/MacOSX27.2.sdk/usr/include/c++/v1/__configuration/availability.h:204:4: warning: "The selected platform is no longer supported by libc++." [-W#warnings]
  204 | #  warning "The selected platform is no longer supported by libc++."
      |    ^
1 warning generated.
[ 60%] Building CXX object CMakeFiles/assist_idalib_cli.dir/src/mesh/mesh_manager.cpp.o
In file included from /tmp/assist-native-allocate-ex-root-final/src/core/anonymizer_ida.cpp:1:
In file included from /tmp/assist-native-allocate-ex-root-final/include/assist/common/ida_ui.hpp:39:
In file included from /Applications/Xcode.app/Contents/Developer/Platforms/MacOSX.platform/Developer/SDKs/MacOSX27.2.sdk/usr/include/c++/v1/cstddef:39:
In file included from /Applications/Xcode.app/Contents/Developer/Platforms/MacOSX.platform/Developer/SDKs/MacOSX27.2.sdk/usr/include/c++/v1/__config:15:
/Applications/Xcode.app/Contents/Developer/Platforms/MacOSX.platform/Developer/SDKs/MacOSX27.2.sdk/usr/include/c++/v1/__configuration/availability.h:204:4: warning: "The selected platform is no longer supported by libc++." [-W#warnings]
  204 | #  warning "The selected platform is no longer supported by libc++."
      |    ^
1 warning generated.
[ 60%] Building CXX object CMakeFiles/assist_idalib_cli.dir/src/assist/identity/federated_identity.cpp.o
In file included from /tmp/assist-native-allocate-ex-root-final/src/core/prompt_history.cpp:1:
In file included from /tmp/assist-native-allocate-ex-root-final/include/assist/core/prompt_history.hpp:12:
In file included from /Applications/Xcode.app/Contents/Developer/Platforms/MacOSX.platform/Developer/SDKs/MacOSX27.2.sdk/usr/include/c++/v1/cstddef:39:
In file included from /Applications/Xcode.app/Contents/Developer/Platforms/MacOSX.platform/Developer/SDKs/MacOSX27.2.sdk/usr/include/c++/v1/__config:15:
/Applications/Xcode.app/Contents/Developer/Platforms/MacOSX.platform/Developer/SDKs/MacOSX27.2.sdk/usr/include/c++/v1/__configuration/availability.h:204:4: warning: "The selected platform is no longer supported by libc++." [-W#warnings]
  204 | #  warning "The selected platform is no longer supported by libc++."
      |    ^
1 warning generated.
[ 60%] Building CXX object CMakeFiles/assist_idalib_cli.dir/src/mesh/mesh_interface.cpp.o
In file included from /tmp/assist-native-allocate-ex-root-final/src/core/detail_store.cpp:1:
In file included from /tmp/assist-native-allocate-ex-root-final/include/assist/core/detail_store.hpp:3:
In file included from /tmp/assist-native-allocate-ex-root-final/include/assist/core/tool_result_meta.hpp:3:
In file included from /tmp/assist-native-allocate-ex-root-final/include/assist/core/tool_media.hpp:3:
In file included from /Applications/Xcode.app/Contents/Developer/Platforms/MacOSX.platform/Developer/SDKs/MacOSX27.2.sdk/usr/include/c++/v1/cstdint:146:
In file included from /Applications/Xcode.app/Contents/Developer/Platforms/MacOSX.platform/Developer/SDKs/MacOSX27.2.sdk/usr/include/c++/v1/__config:15:
/Applications/Xcode.app/Contents/Developer/Platforms/MacOSX.platform/Developer/SDKs/MacOSX27.2.sdk/usr/include/c++/v1/__configuration/availability.h:204:4: warning: "The selected platform is no longer supported by libc++." [-W#warnings]
  204 | #  warning "The selected platform is no longer supported by libc++."
      |    ^
1 warning generated.
[ 60%] Building CXX object CMakeFiles/assist_idalib_cli.dir/src/mesh/network_ingress.cpp.o
In file included from /tmp/assist-native-allocate-ex-root-final/src/update/updater.cpp:14:
In file included from /tmp/assist-native-allocate-ex-root-final/include/assist/update/updater.hpp:3:
In file included from /tmp/assist-native-allocate-ex-root-final/include/assist/crypto/primitives.hpp:19:
In file included from /Applications/Xcode.app/Contents/Developer/Platforms/MacOSX.platform/Developer/SDKs/MacOSX27.2.sdk/usr/include/c++/v1/array:117:
In file included from /Applications/Xcode.app/Contents/Developer/Platforms/MacOSX.platform/Developer/SDKs/MacOSX27.2.sdk/usr/include/c++/v1/__algorithm/equal.h:13:
In file included from /Applications/Xcode.app/Contents/Developer/Platforms/MacOSX.platform/Developer/SDKs/MacOSX27.2.sdk/usr/include/c++/v1/__algorithm/comp.h:12:
In file included from /Applications/Xcode.app/Contents/Developer/Platforms/MacOSX.platform/Developer/SDKs/MacOSX27.2.sdk/usr/include/c++/v1/__config:15:
/Applications/Xcode.app/Contents/Developer/Platforms/MacOSX.platform/Developer/SDKs/MacOSX27.2.sdk/usr/include/c++/v1/__configuration/availability.h:204:4: warning: "The selected platform is no longer supported by libc++." [-W#warnings]
  204 | #  warning "The selected platform is no longer supported by libc++."
      |    ^
1 warning generated.
[ 60%] Building CXX object CMakeFiles/assist_idalib_cli.dir/src/mesh/process_liveness.cpp.o
In file included from /tmp/assist-native-allocate-ex-root-final/src/mesh/process_liveness.cpp:1:
In file included from /tmp/assist-native-allocate-ex-root-final/include/assist/mesh/process_liveness.hpp:25:
In file included from /Applications/Xcode.app/Contents/Developer/Platforms/MacOSX.platform/Developer/SDKs/MacOSX27.2.sdk/usr/include/c++/v1/cstdint:146:
In file included from /Applications/Xcode.app/Contents/Developer/Platforms/MacOSX.platform/Developer/SDKs/MacOSX27.2.sdk/usr/include/c++/v1/__config:15:
/Applications/Xcode.app/Contents/Developer/Platforms/MacOSX.platform/Developer/SDKs/MacOSX27.2.sdk/usr/include/c++/v1/__configuration/availability.h:204:4: warning: "The selected platform is no longer supported by libc++." [-W#warnings]
  204 | #  warning "The selected platform is no longer supported by libc++."
      |    ^
1 warning generated.
[ 60%] Building CXX object CMakeFiles/assist_idalib_cli.dir/src/api/acp_transport.cpp.o
In file included from /tmp/assist-native-allocate-ex-root-final/src/update/provenance.cpp:1:
In file included from /tmp/assist-native-allocate-ex-root-final/include/assist/update/provenance.hpp:18:
In file included from /tmp/assist-native-allocate-ex-root-final/include/assist/update/handoff.h:25:
In file included from /Applications/Xcode.app/Contents/Developer/Platforms/MacOSX.platform/Developer/SDKs/MacOSX27.2.sdk/usr/include/c++/v1/stdint.h:18:
In file included from /Applications/Xcode.app/Contents/Developer/Platforms/MacOSX.platform/Developer/SDKs/MacOSX27.2.sdk/usr/include/c++/v1/__config:15:
/Applications/Xcode.app/Contents/Developer/Platforms/MacOSX.platform/Developer/SDKs/MacOSX27.2.sdk/usr/include/c++/v1/__configuration/availability.h:204:4: warning: "The selected platform is no longer supported by libc++." [-W#warnings]
  204 | #  warning "The selected platform is no longer supported by libc++."
      |    ^
1 warning generated.
[ 60%] Building CXX object CMakeFiles/assist_idalib_cli.dir/src/api/mcp_sse_server.cpp.o
In file included from /tmp/assist-native-allocate-ex-root-final/src/core/anonymizer.cpp:6:
In file included from /tmp/assist-native-allocate-ex-root-final/src/assist/core/anonymizer/detail/common.hpp:1:
In file included from /tmp/assist-native-allocate-ex-root-final/include/assist/core/masking_json_bounds.hpp:2:
In file included from /tmp/assist-native-process-root-macos/_deps/json-src/include/nlohmann/json.hpp:21:
In file included from /Applications/Xcode.app/Contents/Developer/Platforms/MacOSX.platform/Developer/SDKs/MacOSX27.2.sdk/usr/include/c++/v1/algorithm:1840:
In file included from /Applications/Xcode.app/Contents/Developer/Platforms/MacOSX.platform/Developer/SDKs/MacOSX27.2.sdk/usr/include/c++/v1/__config:15:
/Applications/Xcode.app/Contents/Developer/Platforms/MacOSX.platform/Developer/SDKs/MacOSX27.2.sdk/usr/include/c++/v1/__configuration/availability.h:204:4: warning: "The selected platform is no longer supported by libc++." [-W#warnings]
  204 | #  warning "The selected platform is no longer supported by libc++."
      |    ^
1 warning generated.
[ 60%] Building CXX object CMakeFiles/assist_idalib_cli.dir/src/mcp/session_approval.cpp.o
In file included from /tmp/assist-native-allocate-ex-root-final/src/assist/identity/federated_identity.cpp:11:
In file included from /tmp/assist-native-allocate-ex-root-final/include/assist/identity/federated_identity.hpp:28:
In file included from /tmp/assist-native-allocate-ex-root-final/include/assist/common/json.hpp:76:
In file included from /tmp/assist-native-process-root-macos/_deps/json-src/include/nlohmann/json.hpp:21:
In file included from /Applications/Xcode.app/Contents/Developer/Platforms/MacOSX.platform/Developer/SDKs/MacOSX27.2.sdk/usr/include/c++/v1/algorithm:1840:
In file included from /Applications/Xcode.app/Contents/Developer/Platforms/MacOSX.platform/Developer/SDKs/MacOSX27.2.sdk/usr/include/c++/v1/__config:15:
/Applications/Xcode.app/Contents/Developer/Platforms/MacOSX.platform/Developer/SDKs/MacOSX27.2.sdk/usr/include/c++/v1/__configuration/availability.h:204:4: warning: "The selected platform is no longer supported by libc++." [-W#warnings]
  204 | #  warning "The selected platform is no longer supported by libc++."
      |    ^
1 warning generated.
[ 60%] Building CXX object CMakeFiles/assist_idalib_cli.dir/src/crypto/primitives.cpp.o
In file included from /tmp/assist-native-allocate-ex-root-final/src/mesh/network_ingress.cpp:1:
In file included from /tmp/assist-native-allocate-ex-root-final/include/assist/mesh/network_ingress.hpp:29:
In file included from /tmp/assist-native-allocate-ex-root-final/include/assist/amtp/session.hpp:22:
In file included from /tmp/assist-native-allocate-ex-root-final/include/assist/amtp/wire.hpp:23:
In file included from /Applications/Xcode.app/Contents/Developer/Platforms/MacOSX.platform/Developer/SDKs/MacOSX27.2.sdk/usr/include/c++/v1/cstddef:39:
In file included from /Applications/Xcode.app/Contents/Developer/Platforms/MacOSX.platform/Developer/SDKs/MacOSX27.2.sdk/usr/include/c++/v1/__config:15:
/Applications/Xcode.app/Contents/Developer/Platforms/MacOSX.platform/Developer/SDKs/MacOSX27.2.sdk/usr/include/c++/v1/__configuration/availability.h:204:4: warning: "The selected platform is no longer supported by libc++." [-W#warnings]
  204 | #  warning "The selected platform is no longer supported by libc++."
      |    ^
1 warning generated.
[ 60%] Building CXX object CMakeFiles/assist_idalib_cli.dir/src/amtp/wire.cpp.o
In file included from /tmp/assist-native-allocate-ex-root-final/src/crypto/primitives.cpp:1:
In file included from /tmp/assist-native-allocate-ex-root-final/include/assist/crypto/primitives.hpp:19:
In file included from /Applications/Xcode.app/Contents/Developer/Platforms/MacOSX.platform/Developer/SDKs/MacOSX27.2.sdk/usr/include/c++/v1/array:117:
In file included from /Applications/Xcode.app/Contents/Developer/Platforms/MacOSX.platform/Developer/SDKs/MacOSX27.2.sdk/usr/include/c++/v1/__algorithm/equal.h:13:
In file included from /Applications/Xcode.app/Contents/Developer/Platforms/MacOSX.platform/Developer/SDKs/MacOSX27.2.sdk/usr/include/c++/v1/__algorithm/comp.h:12:
In file included from /Applications/Xcode.app/Contents/Developer/Platforms/MacOSX.platform/Developer/SDKs/MacOSX27.2.sdk/usr/include/c++/v1/__config:15:
/Applications/Xcode.app/Contents/Developer/Platforms/MacOSX.platform/Developer/SDKs/MacOSX27.2.sdk/usr/include/c++/v1/__configuration/availability.h:204:4: warning: "The selected platform is no longer supported by libc++." [-W#warnings]
  204 | #  warning "The selected platform is no longer supported by libc++."
      |    ^
1 warning generated.
[ 60%] Building CXX object CMakeFiles/assist_idalib_cli.dir/src/amtp/session.cpp.o
In file included from /tmp/assist-native-allocate-ex-root-final/src/mcp/session_approval.cpp:12:
In file included from /tmp/assist-native-allocate-ex-root-final/include/assist/mcp/session_approval.hpp:35:
In file included from /tmp/assist-native-process-root-macos/_deps/json-src/include/nlohmann/json.hpp:21:
In file included from /Applications/Xcode.app/Contents/Developer/Platforms/MacOSX.platform/Developer/SDKs/MacOSX27.2.sdk/usr/include/c++/v1/algorithm:1840:
In file included from /Applications/Xcode.app/Contents/Developer/Platforms/MacOSX.platform/Developer/SDKs/MacOSX27.2.sdk/usr/include/c++/v1/__config:15:
/Applications/Xcode.app/Contents/Developer/Platforms/MacOSX.platform/Developer/SDKs/MacOSX27.2.sdk/usr/include/c++/v1/__configuration/availability.h:204:4: warning: "The selected platform is no longer supported by libc++." [-W#warnings]
  204 | #  warning "The selected platform is no longer supported by libc++."
      |    ^
1 warning generated.
[ 60%] Building CXX object CMakeFiles/assist_idalib_cli.dir/src/amtp/local_socket.cpp.o
In file included from /tmp/assist-native-allocate-ex-root-final/src/amtp/wire.cpp:16:
In file included from /tmp/assist-native-allocate-ex-root-final/include/assist/amtp/wire.hpp:23:
In file included from /Applications/Xcode.app/Contents/Developer/Platforms/MacOSX.platform/Developer/SDKs/MacOSX27.2.sdk/usr/include/c++/v1/cstddef:39:
In file included from /Applications/Xcode.app/Contents/Developer/Platforms/MacOSX.platform/Developer/SDKs/MacOSX27.2.sdk/usr/include/c++/v1/__config:15:
/Applications/Xcode.app/Contents/Developer/Platforms/MacOSX.platform/Developer/SDKs/MacOSX27.2.sdk/usr/include/c++/v1/__configuration/availability.h:204:4: warning: "The selected platform is no longer supported by libc++." [-W#warnings]
  204 | #  warning "The selected platform is no longer supported by libc++."
      |    ^
1 warning generated.
[ 60%] Building CXX object CMakeFiles/assist_idalib_cli.dir/src/amtp/owner_only_acl.cpp.o
In file included from /tmp/assist-native-allocate-ex-root-final/src/amtp/session.cpp:14:
In file included from /tmp/assist-native-allocate-ex-root-final/include/assist/amtp/session.hpp:22:
In file included from /tmp/assist-native-allocate-ex-root-final/include/assist/amtp/wire.hpp:23:
In file included from /Applications/Xcode.app/Contents/Developer/Platforms/MacOSX.platform/Developer/SDKs/MacOSX27.2.sdk/usr/include/c++/v1/cstddef:39:
In file included from /Applications/Xcode.app/Contents/Developer/Platforms/MacOSX.platform/Developer/SDKs/MacOSX27.2.sdk/usr/include/c++/v1/__config:15:
/Applications/Xcode.app/Contents/Developer/Platforms/MacOSX.platform/Developer/SDKs/MacOSX27.2.sdk/usr/include/c++/v1/__configuration/availability.h:204:4: warning: "The selected platform is no longer supported by libc++." [-W#warnings]
  204 | #  warning "The selected platform is no longer supported by libc++."
      |    ^
1 warning generated.
In file included from /tmp/assist-native-allocate-ex-root-final/src/api/acp_transport.cpp:1:
In file included from /tmp/assist-native-allocate-ex-root-final/src/assist/api/acp_transport/detail/common.hpp:3:
In file included from /tmp/assist-native-allocate-ex-root-final/include/assist/api/acp_transport/agent_shell_path.hpp:14:
In file included from /tmp/assist-native-allocate-ex-root-final/rust/assist-rs/include/assist_rs.h:24:
In file included from /Applications/Xcode.app/Contents/Developer/Platforms/MacOSX.platform/Developer/SDKs/MacOSX27.2.sdk/usr/include/c++/v1/stddef.h:30:
In file included from /Applications/Xcode.app/Contents/Developer/Platforms/MacOSX.platform/Developer/SDKs/MacOSX27.2.sdk/usr/include/c++/v1/__config:15:
/Applications/Xcode.app/Contents/Developer/Platforms/MacOSX.platform/Developer/SDKs/MacOSX27.2.sdk/usr/include/c++/v1/__configuration/availability.h:204:4: warning: "The selected platform is no longer supported by libc++." [-W#warnings]
  204 | #  warning "The selected platform is no longer supported by libc++."
      |    ^
1 warning generated.
[ 60%] Building CXX object CMakeFiles/assist_idalib_cli.dir/src/amtp/identity_store.cpp.o
[ 60%] Building CXX object CMakeFiles/assist_idalib_cli.dir/src/amtp/service.cpp.o
In file included from /tmp/assist-native-allocate-ex-root-final/src/mesh/mesh_interface.cpp:1:
In file included from /tmp/assist-native-allocate-ex-root-final/include/assist/mesh/mesh_interface.hpp:3:
In file included from /tmp/assist-native-allocate-ex-root-final/include/assist/common/json.hpp:76:
In file included from /tmp/assist-native-process-root-macos/_deps/json-src/include/nlohmann/json.hpp:21:
In file included from /Applications/Xcode.app/Contents/Developer/Platforms/MacOSX.platform/Developer/SDKs/MacOSX27.2.sdk/usr/include/c++/v1/algorithm:1840:
In file included from /Applications/Xcode.app/Contents/Developer/Platforms/MacOSX.platform/Developer/SDKs/MacOSX27.2.sdk/usr/include/c++/v1/__config:15:
/Applications/Xcode.app/Contents/Developer/Platforms/MacOSX.platform/Developer/SDKs/MacOSX27.2.sdk/usr/include/c++/v1/__configuration/availability.h:204:4: warning: "The selected platform is no longer supported by libc++." [-W#warnings]
  204 | #  warning "The selected platform is no longer supported by libc++."
      |    ^
1 warning generated.
[ 60%] Building CXX object CMakeFiles/assist_idalib_cli.dir/src/amtp/tcp_socket.cpp.o
In file included from /tmp/assist-native-allocate-ex-root-final/src/amtp/local_socket.cpp:1:
In file included from /tmp/assist-native-allocate-ex-root-final/include/assist/amtp/local_socket.hpp:27:
In file included from /tmp/assist-native-allocate-ex-root-final/include/assist/amtp/session.hpp:22:
In file included from /tmp/assist-native-allocate-ex-root-final/include/assist/amtp/wire.hpp:23:
In file included from /Applications/Xcode.app/Contents/Developer/Platforms/MacOSX.platform/Developer/SDKs/MacOSX27.2.sdk/usr/include/c++/v1/cstddef:39:
In file included from /Applications/Xcode.app/Contents/Developer/Platforms/MacOSX.platform/Developer/SDKs/MacOSX27.2.sdk/usr/include/c++/v1/__config:15:
/Applications/Xcode.app/Contents/Developer/Platforms/MacOSX.platform/Developer/SDKs/MacOSX27.2.sdk/usr/include/c++/v1/__configuration/availability.h:204:4: warning: "The selected platform is no longer supported by libc++." [-W#warnings]
  204 | #  warning "The selected platform is no longer supported by libc++."
      |    ^
1 warning generated.
In file included from /tmp/assist-native-allocate-ex-root-final/src/amtp/owner_only_acl.cpp:1:
In file included from /tmp/assist-native-allocate-ex-root-final/include/assist/amtp/owner_only_acl.hpp:18:
In file included from /Applications/Xcode.app/Contents/Developer/Platforms/MacOSX.platform/Developer/SDKs/MacOSX27.2.sdk/usr/include/c++/v1/cstdint:146:
In file included from /Applications/Xcode.app/Contents/Developer/Platforms/MacOSX.platform/Developer/SDKs/MacOSX27.2.sdk/usr/include/c++/v1/__config:15:
/Applications/Xcode.app/Contents/Developer/Platforms/MacOSX.platform/Developer/SDKs/MacOSX27.2.sdk/usr/include/c++/v1/__configuration/availability.h:204:4: warning: "The selected platform is no longer supported by libc++." [-W#warnings]
  204 | #  warning "The selected platform is no longer supported by libc++."
      |    ^
1 warning generated.
[ 60%] Building CXX object CMakeFiles/assist_idalib_cli.dir/src/amtp/ingress.cpp.o
[ 60%] Building CXX object CMakeFiles/assist_idalib_cli.dir/src/amtp/ingress_service.cpp.o
In file included from /tmp/assist-native-allocate-ex-root-final/src/amtp/tcp_socket.cpp:1:
In file included from /tmp/assist-native-allocate-ex-root-final/include/assist/amtp/tcp_socket.hpp:20:
In file included from /tmp/assist-native-allocate-ex-root-final/include/assist/amtp/local_socket.hpp:27:
In file included from /tmp/assist-native-allocate-ex-root-final/include/assist/amtp/session.hpp:22:
In file included from /tmp/assist-native-allocate-ex-root-final/include/assist/amtp/wire.hpp:23:
In file included from /Applications/Xcode.app/Contents/Developer/Platforms/MacOSX.platform/Developer/SDKs/MacOSX27.2.sdk/usr/include/c++/v1/cstddef:39:
In file included from /Applications/Xcode.app/Contents/Developer/Platforms/MacOSX.platform/Developer/SDKs/MacOSX27.2.sdk/usr/include/c++/v1/__config:15:
/Applications/Xcode.app/Contents/Developer/Platforms/MacOSX.platform/Developer/SDKs/MacOSX27.2.sdk/usr/include/c++/v1/__configuration/availability.h:204:4: warning: "The selected platform is no longer supported by libc++." [-W#warnings]
  204 | #  warning "The selected platform is no longer supported by libc++."
      |    ^
1 warning generated.
[ 60%] Building CXX object CMakeFiles/assist_idalib_cli.dir/src/plugin/settings.cpp.o
In file included from /tmp/assist-native-allocate-ex-root-final/src/amtp/identity_store.cpp:14:
In file included from /tmp/assist-native-allocate-ex-root-final/include/assist/amtp/identity_store.hpp:22:
In file included from /tmp/assist-native-allocate-ex-root-final/include/assist/amtp/session.hpp:22:
In file included from /tmp/assist-native-allocate-ex-root-final/include/assist/amtp/wire.hpp:23:
In file included from /Applications/Xcode.app/Contents/Developer/Platforms/MacOSX.platform/Developer/SDKs/MacOSX27.2.sdk/usr/include/c++/v1/cstddef:39:
In file included from /Applications/Xcode.app/Contents/Developer/Platforms/MacOSX.platform/Developer/SDKs/MacOSX27.2.sdk/usr/include/c++/v1/__config:15:
/Applications/Xcode.app/Contents/Developer/Platforms/MacOSX.platform/Developer/SDKs/MacOSX27.2.sdk/usr/include/c++/v1/__configuration/availability.h:204:4: warning: "The selected platform is no longer supported by libc++." [-W#warnings]
  204 | #  warning "The selected platform is no longer supported by libc++."
      |    ^
1 warning generated.
[ 60%] Building CXX object CMakeFiles/assist_idalib_cli.dir/src/sdk/loader/discovery.cpp.o
In file included from /tmp/assist-native-allocate-ex-root-final/src/amtp/service.cpp:1:
In file included from /tmp/assist-native-allocate-ex-root-final/include/assist/amtp/service.hpp:19:
In file included from /tmp/assist-native-allocate-ex-root-final/include/assist/amtp/identity_store.hpp:22:
In file included from /tmp/assist-native-allocate-ex-root-final/include/assist/amtp/session.hpp:22:
In file included from /tmp/assist-native-allocate-ex-root-final/include/assist/amtp/wire.hpp:23:
In file included from /Applications/Xcode.app/Contents/Developer/Platforms/MacOSX.platform/Developer/SDKs/MacOSX27.2.sdk/usr/include/c++/v1/cstddef:39:
In file included from /Applications/Xcode.app/Contents/Developer/Platforms/MacOSX.platform/Developer/SDKs/MacOSX27.2.sdk/usr/include/c++/v1/__config:15:
/Applications/Xcode.app/Contents/Developer/Platforms/MacOSX.platform/Developer/SDKs/MacOSX27.2.sdk/usr/include/c++/v1/__configuration/availability.h:204:4: warning: "The selected platform is no longer supported by libc++." [-W#warnings]
  204 | #  warning "The selected platform is no longer supported by libc++."
      |    ^
1 warning generated.
[ 60%] Building CXX object CMakeFiles/assist_idalib_cli.dir/src/sdk/loader/runtime.cpp.o
In file included from /tmp/assist-native-allocate-ex-root-final/src/amtp/ingress.cpp:1:
In file included from /tmp/assist-native-allocate-ex-root-final/include/assist/amtp/ingress.hpp:35:
In file included from /tmp/assist-native-allocate-ex-root-final/include/assist/amtp/service.hpp:19:
In file included from /tmp/assist-native-allocate-ex-root-final/include/assist/amtp/identity_store.hpp:22:
In file included from /tmp/assist-native-allocate-ex-root-final/include/assist/amtp/session.hpp:22:
In file included from /tmp/assist-native-allocate-ex-root-final/include/assist/amtp/wire.hpp:23:
In file included from /Applications/Xcode.app/Contents/Developer/Platforms/MacOSX.platform/Developer/SDKs/MacOSX27.2.sdk/usr/include/c++/v1/cstddef:39:
In file included from /Applications/Xcode.app/Contents/Developer/Platforms/MacOSX.platform/Developer/SDKs/MacOSX27.2.sdk/usr/include/c++/v1/__config:15:
/Applications/Xcode.app/Contents/Developer/Platforms/MacOSX.platform/Developer/SDKs/MacOSX27.2.sdk/usr/include/c++/v1/__configuration/availability.h:204:4: warning: "The selected platform is no longer supported by libc++." [-W#warnings]
  204 | #  warning "The selected platform is no longer supported by libc++."
      |    ^
1 warning generated.
[ 60%] Building CXX object CMakeFiles/assist_idalib_cli.dir/src/sdk/abi/trampolines.cpp.o
In file included from /tmp/assist-native-allocate-ex-root-final/src/amtp/ingress_service.cpp:1:
In file included from /tmp/assist-native-allocate-ex-root-final/include/assist/amtp/ingress_service.hpp:21:
In file included from /tmp/assist-native-allocate-ex-root-final/include/assist/amtp/ingress.hpp:35:
In file included from /tmp/assist-native-allocate-ex-root-final/include/assist/amtp/service.hpp:19:
In file included from /tmp/assist-native-allocate-ex-root-final/include/assist/amtp/identity_store.hpp:22:
In file included from /tmp/assist-native-allocate-ex-root-final/include/assist/amtp/session.hpp:22:
In file included from /tmp/assist-native-allocate-ex-root-final/include/assist/amtp/wire.hpp:23:
In file included from /Applications/Xcode.app/Contents/Developer/Platforms/MacOSX.platform/Developer/SDKs/MacOSX27.2.sdk/usr/include/c++/v1/cstddef:39:
In file included from /Applications/Xcode.app/Contents/Developer/Platforms/MacOSX.platform/Developer/SDKs/MacOSX27.2.sdk/usr/include/c++/v1/__config:15:
/Applications/Xcode.app/Contents/Developer/Platforms/MacOSX.platform/Developer/SDKs/MacOSX27.2.sdk/usr/include/c++/v1/__configuration/availability.h:204:4: warning: "The selected platform is no longer supported by libc++." [-W#warnings]
  204 | #  warning "The selected platform is no longer supported by libc++."
      |    ^
1 warning generated.
[ 60%] Building CXX object CMakeFiles/assist_idalib_cli.dir/src/history/message_history.cpp.o
In file included from /tmp/assist-native-allocate-ex-root-final/src/mesh/mesh_manager.cpp:1:
In file included from /tmp/assist-native-allocate-ex-root-final/include/assist/common/static_text_json.hpp:3:
In file included from /tmp/assist-native-allocate-ex-root-final/include/assist/common/json.hpp:76:
In file included from /tmp/assist-native-process-root-macos/_deps/json-src/include/nlohmann/json.hpp:21:
In file included from /Applications/Xcode.app/Contents/Developer/Platforms/MacOSX.platform/Developer/SDKs/MacOSX27.2.sdk/usr/include/c++/v1/algorithm:1840:
In file included from /Applications/Xcode.app/Contents/Developer/Platforms/MacOSX.platform/Developer/SDKs/MacOSX27.2.sdk/usr/include/c++/v1/__config:15:
/Applications/Xcode.app/Contents/Developer/Platforms/MacOSX.platform/Developer/SDKs/MacOSX27.2.sdk/usr/include/c++/v1/__configuration/availability.h:204:4: warning: "The selected platform is no longer supported by libc++." [-W#warnings]
  204 | #  warning "The selected platform is no longer supported by libc++."
      |    ^
1 warning generated.
[ 60%] Building CXX object CMakeFiles/assist_idalib_cli.dir/src/render/html_transcript.cpp.o
In file included from /tmp/assist-native-allocate-ex-root-final/src/core/chat_core.cpp:1:
In file included from /tmp/assist-native-allocate-ex-root-final/src/assist/core/chat_core/detail/native/history_replay.hpp:3:
In file included from /tmp/assist-native-allocate-ex-root-final/src/assist/core/chat_core/detail/native/../../../../agent/native_agent/request_context.hpp:3:
In file included from /tmp/assist-native-allocate-ex-root-final/include/assist/common/rust_value.hpp:3:
In file included from /tmp/assist-native-allocate-ex-root-final/include/assist/common/json.hpp:76:
In file included from /tmp/assist-native-process-root-macos/_deps/json-src/include/nlohmann/json.hpp:21:
In file included from /Applications/Xcode.app/Contents/Developer/Platforms/MacOSX.platform/Developer/SDKs/MacOSX27.2.sdk/usr/include/c++/v1/algorithm:1840:
In file included from /Applications/Xcode.app/Contents/Developer/Platforms/MacOSX.platform/Developer/SDKs/MacOSX27.2.sdk/usr/include/c++/v1/__config:15:
/Applications/Xcode.app/Contents/Developer/Platforms/MacOSX.platform/Developer/SDKs/MacOSX27.2.sdk/usr/include/c++/v1/__configuration/availability.h:204:4: warning: "The selected platform is no longer supported by libc++." [-W#warnings]
  204 | #  warning "The selected platform is no longer supported by libc++."
      |    ^
1 warning generated.
[ 60%] Building CXX object CMakeFiles/assist_idalib_cli.dir/src/tools/tool_registry.cpp.o
In file included from /tmp/assist-native-allocate-ex-root-final/src/sdk/abi/trampolines.cpp:8:
In file included from /tmp/assist-native-allocate-ex-root-final/include/assist/sdk/abi/trampolines.hpp:21:
In file included from /tmp/assist-native-allocate-ex-root-final/include/assist/sdk/abi/assist_abi.h:33:
In file included from /Applications/Xcode.app/Contents/Developer/Platforms/MacOSX.platform/Developer/SDKs/MacOSX27.2.sdk/usr/include/c++/v1/stddef.h:30:
In file included from /Applications/Xcode.app/Contents/Developer/Platforms/MacOSX.platform/Developer/SDKs/MacOSX27.2.sdk/usr/include/c++/v1/__config:15:
/Applications/Xcode.app/Contents/Developer/Platforms/MacOSX.platform/Developer/SDKs/MacOSX27.2.sdk/usr/include/c++/v1/__configuration/availability.h:204:4: warning: "The selected platform is no longer supported by libc++." [-W#warnings]
  204 | #  warning "The selected platform is no longer supported by libc++."
      |    ^
1 warning generated.
[ 60%] Building CXX object CMakeFiles/assist_idalib_cli.dir/src/tools/approval_system.cpp.o
In file included from /tmp/assist-native-allocate-ex-root-final/src/sdk/loader/discovery.cpp:6:
In file included from /tmp/assist-native-allocate-ex-root-final/include/assist/sdk/loader.hpp:23:
In file included from /tmp/assist-native-allocate-ex-root-final/include/assist/sdk/abi/assist_abi.h:33:
In file included from /Applications/Xcode.app/Contents/Developer/Platforms/MacOSX.platform/Developer/SDKs/MacOSX27.2.sdk/usr/include/c++/v1/stddef.h:30:
In file included from /Applications/Xcode.app/Contents/Developer/Platforms/MacOSX.platform/Developer/SDKs/MacOSX27.2.sdk/usr/include/c++/v1/__config:15:
/Applications/Xcode.app/Contents/Developer/Platforms/MacOSX.platform/Developer/SDKs/MacOSX27.2.sdk/usr/include/c++/v1/__configuration/availability.h:204:4: warning: "The selected platform is no longer supported by libc++." [-W#warnings]
  204 | #  warning "The selected platform is no longer supported by libc++."
      |    ^
1 warning generated.
[ 60%] Building CXX object CMakeFiles/assist_idalib_cli.dir/src/tools/ui_silence.cpp.o
In file included from /tmp/assist-native-allocate-ex-root-final/src/plugin/settings.cpp:6:
In file included from /tmp/assist-native-allocate-ex-root-final/src/assist/plugin/settings/detail/common.hpp:1:
In file included from /tmp/assist-native-allocate-ex-root-final/include/assist/core/masking_json_bounds.hpp:2:
In file included from /tmp/assist-native-process-root-macos/_deps/json-src/include/nlohmann/json.hpp:21:
In file included from /Applications/Xcode.app/Contents/Developer/Platforms/MacOSX.platform/Developer/SDKs/MacOSX27.2.sdk/usr/include/c++/v1/algorithm:1840:
In file included from /Applications/Xcode.app/Contents/Developer/Platforms/MacOSX.platform/Developer/SDKs/MacOSX27.2.sdk/usr/include/c++/v1/__config:15:
/Applications/Xcode.app/Contents/Developer/Platforms/MacOSX.platform/Developer/SDKs/MacOSX27.2.sdk/usr/include/c++/v1/__configuration/availability.h:204:4: warning: "The selected platform is no longer supported by libc++." [-W#warnings]
  204 | #  warning "The selected platform is no longer supported by libc++."
      |    ^
1 warning generated.
[ 60%] Building CXX object CMakeFiles/assist_idalib_cli.dir/src/tools/builtin/analysis/functions/function_analysis.cpp.o
In file included from /tmp/assist-native-allocate-ex-root-final/src/api/mcp_sse_server.cpp:1:
In file included from /tmp/assist-native-allocate-ex-root-final/src/assist/api/mcp_sse_server/detail/common.hpp:1:
In file included from /tmp/assist-native-allocate-ex-root-final/include/assist/sdk/filter.hpp:18:
In file included from /Applications/Xcode.app/Contents/Developer/Platforms/MacOSX.platform/Developer/SDKs/MacOSX27.2.sdk/usr/include/c++/v1/algorithm:1840:
In file included from /Applications/Xcode.app/Contents/Developer/Platforms/MacOSX.platform/Developer/SDKs/MacOSX27.2.sdk/usr/include/c++/v1/__config:15:
/Applications/Xcode.app/Contents/Developer/Platforms/MacOSX.platform/Developer/SDKs/MacOSX27.2.sdk/usr/include/c++/v1/__configuration/availability.h:204:4: warning: "The selected platform is no longer supported by libc++." [-W#warnings]
  204 | #  warning "The selected platform is no longer supported by libc++."
      |    ^
1 warning generated.
[ 80%] Building CXX object CMakeFiles/assist_idalib_cli.dir/src/tools/builtin/agent/propose_followups.cpp.o
In file included from /tmp/assist-native-allocate-ex-root-final/src/tools/ui_silence.cpp:1:
In file included from /tmp/assist-native-allocate-ex-root-final/include/assist/tools/ui_silence.hpp:3:
In file included from /Applications/Xcode.app/Contents/Developer/Platforms/MacOSX.platform/Developer/SDKs/MacOSX27.2.sdk/usr/include/c++/v1/cstddef:39:
In file included from /Applications/Xcode.app/Contents/Developer/Platforms/MacOSX.platform/Developer/SDKs/MacOSX27.2.sdk/usr/include/c++/v1/__config:15:
/Applications/Xcode.app/Contents/Developer/Platforms/MacOSX.platform/Developer/SDKs/MacOSX27.2.sdk/usr/include/c++/v1/__configuration/availability.h:204:4: warning: "The selected platform is no longer supported by libc++." [-W#warnings]
  204 | #  warning "The selected platform is no longer supported by libc++."
      |    ^
1 warning generated.
[ 80%] Building CXX object CMakeFiles/assist_idalib_cli.dir/src/tools/builtin/agent/detail_store.cpp.o
In file included from /tmp/assist-native-allocate-ex-root-final/src/sdk/loader/runtime.cpp:8:
In file included from /tmp/assist-native-allocate-ex-root-final/include/assist/sdk/loader.hpp:23:
In file included from /tmp/assist-native-allocate-ex-root-final/include/assist/sdk/abi/assist_abi.h:33:
In file included from /Applications/Xcode.app/Contents/Developer/Platforms/MacOSX.platform/Developer/SDKs/MacOSX27.2.sdk/usr/include/c++/v1/stddef.h:30:
In file included from /Applications/Xcode.app/Contents/Developer/Platforms/MacOSX.platform/Developer/SDKs/MacOSX27.2.sdk/usr/include/c++/v1/__config:15:
/Applications/Xcode.app/Contents/Developer/Platforms/MacOSX.platform/Developer/SDKs/MacOSX27.2.sdk/usr/include/c++/v1/__configuration/availability.h:204:4: warning: "The selected platform is no longer supported by libc++." [-W#warnings]
  204 | #  warning "The selected platform is no longer supported by libc++."
      |    ^
1 warning generated.
[ 80%] Building CXX object CMakeFiles/assist_idalib_cli.dir/src/tools/builtin/context/ui_focus.cpp.o
In file included from /tmp/assist-native-allocate-ex-root-final/src/history/message_history.cpp:12:
In file included from /tmp/assist-native-allocate-ex-root-final/include/assist/history/message_history.hpp:10:
In file included from /tmp/assist-native-allocate-ex-root-final/include/assist/core/notice_envelope.hpp:29:
In file included from /tmp/assist-native-allocate-ex-root-final/include/assist/common/json.hpp:76:
In file included from /tmp/assist-native-process-root-macos/_deps/json-src/include/nlohmann/json.hpp:21:
In file included from /Applications/Xcode.app/Contents/Developer/Platforms/MacOSX.platform/Developer/SDKs/MacOSX27.2.sdk/usr/include/c++/v1/algorithm:1840:
In file included from /Applications/Xcode.app/Contents/Developer/Platforms/MacOSX.platform/Developer/SDKs/MacOSX27.2.sdk/usr/include/c++/v1/__config:15:
/Applications/Xcode.app/Contents/Developer/Platforms/MacOSX.platform/Developer/SDKs/MacOSX27.2.sdk/usr/include/c++/v1/__configuration/availability.h:204:4: warning: "The selected platform is no longer supported by libc++." [-W#warnings]
  204 | #  warning "The selected platform is no longer supported by libc++."
      |    ^
1 warning generated.
[ 80%] Building CXX object CMakeFiles/assist_idalib_cli.dir/src/tools/builtin/script/execution/idascript.cpp.o
In file included from /tmp/assist-native-allocate-ex-root-final/src/tools/approval_system.cpp:6:
In file included from /tmp/assist-native-allocate-ex-root-final/src/assist/tools/approval_system/detail/common.hpp:3:
In file included from /tmp/assist-native-allocate-ex-root-final/include/assist/tools/approval_system.hpp:11:
In file included from /tmp/assist-native-allocate-ex-root-final/include/assist/tools/tool_registry.hpp:8:
In file included from /tmp/assist-native-allocate-ex-root-final/include/assist/tools/tool_registry/detail/core_types.hpp:3:
In file included from /tmp/assist-native-allocate-ex-root-final/include/assist/common/json.hpp:76:
In file included from /tmp/assist-native-process-root-macos/_deps/json-src/include/nlohmann/json.hpp:21:
In file included from /Applications/Xcode.app/Contents/Developer/Platforms/MacOSX.platform/Developer/SDKs/MacOSX27.2.sdk/usr/include/c++/v1/algorithm:1840:
In file included from /Applications/Xcode.app/Contents/Developer/Platforms/MacOSX.platform/Developer/SDKs/MacOSX27.2.sdk/usr/include/c++/v1/__config:15:
/Applications/Xcode.app/Contents/Developer/Platforms/MacOSX.platform/Developer/SDKs/MacOSX27.2.sdk/usr/include/c++/v1/__configuration/availability.h:204:4: warning: "The selected platform is no longer supported by libc++." [-W#warnings]
  204 | #  warning "The selected platform is no longer supported by libc++."
      |    ^
1 warning generated.
[ 80%] Building CXX object CMakeFiles/assist_idalib_cli.dir/src/tools/builtin/analysis/decompiler/hexrays_read.cpp.o
In file included from /tmp/assist-native-allocate-ex-root-final/src/tools/builtin/agent/propose_followups.cpp:1:
In file included from /tmp/assist-native-allocate-ex-root-final/include/assist/common/static_text_json.hpp:3:
In file included from /tmp/assist-native-allocate-ex-root-final/include/assist/common/json.hpp:76:
In file included from /tmp/assist-native-process-root-macos/_deps/json-src/include/nlohmann/json.hpp:21:
In file included from /Applications/Xcode.app/Contents/Developer/Platforms/MacOSX.platform/Developer/SDKs/MacOSX27.2.sdk/usr/include/c++/v1/algorithm:1840:
In file included from /Applications/Xcode.app/Contents/Developer/Platforms/MacOSX.platform/Developer/SDKs/MacOSX27.2.sdk/usr/include/c++/v1/__config:15:
/Applications/Xcode.app/Contents/Developer/Platforms/MacOSX.platform/Developer/SDKs/MacOSX27.2.sdk/usr/include/c++/v1/__configuration/availability.h:204:4: warning: "The selected platform is no longer supported by libc++." [-W#warnings]
  204 | #  warning "The selected platform is no longer supported by libc++."
      |    ^
1 warning generated.
[ 80%] Building CXX object CMakeFiles/assist_idalib_cli.dir/src/tools/builtin/analysis/decompiler/local_variable_storage.cpp.o
In file included from /tmp/assist-native-allocate-ex-root-final/src/tools/tool_registry.cpp:1:
In file included from /tmp/assist-native-allocate-ex-root-final/include/assist/analysis/function_analysis.hpp:3:
In file included from /tmp/assist-native-allocate-ex-root-final/include/assist/common/json.hpp:76:
In file included from /tmp/assist-native-process-root-macos/_deps/json-src/include/nlohmann/json.hpp:21:
In file included from /Applications/Xcode.app/Contents/Developer/Platforms/MacOSX.platform/Developer/SDKs/MacOSX27.2.sdk/usr/include/c++/v1/algorithm:1840:
In file included from /Applications/Xcode.app/Contents/Developer/Platforms/MacOSX.platform/Developer/SDKs/MacOSX27.2.sdk/usr/include/c++/v1/__config:15:
/Applications/Xcode.app/Contents/Developer/Platforms/MacOSX.platform/Developer/SDKs/MacOSX27.2.sdk/usr/include/c++/v1/__configuration/availability.h:204:4: warning: "The selected platform is no longer supported by libc++." [-W#warnings]
  204 | #  warning "The selected platform is no longer supported by libc++."
      |    ^
1 warning generated.
[ 80%] Building CXX object CMakeFiles/assist_idalib_cli.dir/src/tools/builtin/database/naming/local_variables_and_symbols.cpp.o
In file included from /tmp/assist-native-allocate-ex-root-final/src/tools/builtin/agent/detail_store.cpp:1:
In file included from /tmp/assist-native-allocate-ex-root-final/include/assist/common/static_text_json.hpp:3:
In file included from /tmp/assist-native-allocate-ex-root-final/include/assist/common/json.hpp:76:
In file included from /tmp/assist-native-process-root-macos/_deps/json-src/include/nlohmann/json.hpp:21:
In file included from /Applications/Xcode.app/Contents/Developer/Platforms/MacOSX.platform/Developer/SDKs/MacOSX27.2.sdk/usr/include/c++/v1/algorithm:1840:
In file included from /Applications/Xcode.app/Contents/Developer/Platforms/MacOSX.platform/Developer/SDKs/MacOSX27.2.sdk/usr/include/c++/v1/__config:15:
/Applications/Xcode.app/Contents/Developer/Platforms/MacOSX.platform/Developer/SDKs/MacOSX27.2.sdk/usr/include/c++/v1/__configuration/availability.h:204:4: warning: "The selected platform is no longer supported by libc++." [-W#warnings]
  204 | #  warning "The selected platform is no longer supported by libc++."
      |    ^
1 warning generated.
[ 80%] Building CXX object CMakeFiles/assist_idalib_cli.dir/src/tools/builtin/database/patching/bytes_and_nops.cpp.o
In file included from /tmp/assist-native-allocate-ex-root-final/src/tools/builtin/analysis/functions/function_analysis.cpp:1:
In file included from /tmp/assist-native-allocate-ex-root-final/include/assist/analysis/function_analysis.hpp:3:
In file included from /tmp/assist-native-allocate-ex-root-final/include/assist/common/json.hpp:76:
In file included from /tmp/assist-native-process-root-macos/_deps/json-src/include/nlohmann/json.hpp:21:
In file included from /Applications/Xcode.app/Contents/Developer/Platforms/MacOSX.platform/Developer/SDKs/MacOSX27.2.sdk/usr/include/c++/v1/algorithm:1840:
In file included from /Applications/Xcode.app/Contents/Developer/Platforms/MacOSX.platform/Developer/SDKs/MacOSX27.2.sdk/usr/include/c++/v1/__config:15:
/Applications/Xcode.app/Contents/Developer/Platforms/MacOSX.platform/Developer/SDKs/MacOSX27.2.sdk/usr/include/c++/v1/__configuration/availability.h:204:4: warning: "The selected platform is no longer supported by libc++." [-W#warnings]
  204 | #  warning "The selected platform is no longer supported by libc++."
      |    ^
1 warning generated.
[ 80%] Building CXX object CMakeFiles/assist_idalib_cli.dir/src/tools/builtin/database/edit/high_value_idb_edits.cpp.o
In file included from /tmp/assist-native-allocate-ex-root-final/src/render/html_transcript.cpp:6:
In file included from /tmp/assist-native-allocate-ex-root-final/src/assist/render/html_transcript/detail/common.hpp:3:
In file included from /tmp/assist-native-allocate-ex-root-final/include/assist/common/json.hpp:76:
In file included from /tmp/assist-native-process-root-macos/_deps/json-src/include/nlohmann/json.hpp:21:
In file included from /Applications/Xcode.app/Contents/Developer/Platforms/MacOSX.platform/Developer/SDKs/MacOSX27.2.sdk/usr/include/c++/v1/algorithm:1840:
In file included from /Applications/Xcode.app/Contents/Developer/Platforms/MacOSX.platform/Developer/SDKs/MacOSX27.2.sdk/usr/include/c++/v1/__config:15:
/Applications/Xcode.app/Contents/Developer/Platforms/MacOSX.platform/Developer/SDKs/MacOSX27.2.sdk/usr/include/c++/v1/__configuration/availability.h:204:4: warning: "The selected platform is no longer supported by libc++." [-W#warnings]
  204 | #  warning "The selected platform is no longer supported by libc++."
      |    ^
1 warning generated.
[ 80%] Building CXX object CMakeFiles/assist_idalib_cli.dir/src/tools/builtin/database/types/enums.cpp.o
In file included from /tmp/assist-native-allocate-ex-root-final/src/tools/builtin/script/execution/idascript.cpp:1:
In file included from /tmp/assist-native-allocate-ex-root-final/include/assist/common/static_text_json.hpp:3:
In file included from /tmp/assist-native-allocate-ex-root-final/include/assist/common/json.hpp:76:
In file included from /tmp/assist-native-process-root-macos/_deps/json-src/include/nlohmann/json.hpp:21:
In file included from /Applications/Xcode.app/Contents/Developer/Platforms/MacOSX.platform/Developer/SDKs/MacOSX27.2.sdk/usr/include/c++/v1/algorithm:1840:
In file included from /Applications/Xcode.app/Contents/Developer/Platforms/MacOSX.platform/Developer/SDKs/MacOSX27.2.sdk/usr/include/c++/v1/__config:15:
/Applications/Xcode.app/Contents/Developer/Platforms/MacOSX.platform/Developer/SDKs/MacOSX27.2.sdk/usr/include/c++/v1/__configuration/availability.h:204:4: warning: "The selected platform is no longer supported by libc++." [-W#warnings]
  204 | #  warning "The selected platform is no longer supported by libc++."
      |    ^
1 warning generated.
[ 80%] Building CXX object CMakeFiles/assist_idalib_cli.dir/src/tools/builtin/analysis/xrefs/address_resolution.cpp.o
In file included from /tmp/assist-native-allocate-ex-root-final/src/tools/builtin/context/ui_focus.cpp:1:
In file included from /tmp/assist-native-allocate-ex-root-final/include/assist/common/static_text_json.hpp:3:
In file included from /tmp/assist-native-allocate-ex-root-final/include/assist/common/json.hpp:76:
In file included from /tmp/assist-native-process-root-macos/_deps/json-src/include/nlohmann/json.hpp:21:
In file included from /Applications/Xcode.app/Contents/Developer/Platforms/MacOSX.platform/Developer/SDKs/MacOSX27.2.sdk/usr/include/c++/v1/algorithm:1840:
In file included from /Applications/Xcode.app/Contents/Developer/Platforms/MacOSX.platform/Developer/SDKs/MacOSX27.2.sdk/usr/include/c++/v1/__config:15:
/Applications/Xcode.app/Contents/Developer/Platforms/MacOSX.platform/Developer/SDKs/MacOSX27.2.sdk/usr/include/c++/v1/__configuration/availability.h:204:4: warning: "The selected platform is no longer supported by libc++." [-W#warnings]
  204 | #  warning "The selected platform is no longer supported by libc++."
      |    ^
1 warning generated.
[ 80%] Building CXX object CMakeFiles/assist_idalib_cli.dir/src/tools/builtin/analysis/strings/search_strings.cpp.o
In file included from /tmp/assist-native-allocate-ex-root-final/src/tools/builtin/analysis/decompiler/hexrays_read.cpp:1:
In file included from /tmp/assist-native-allocate-ex-root-final/include/assist/common/static_text_json.hpp:3:
In file included from /tmp/assist-native-allocate-ex-root-final/include/assist/common/json.hpp:76:
In file included from /tmp/assist-native-process-root-macos/_deps/json-src/include/nlohmann/json.hpp:21:
In file included from /Applications/Xcode.app/Contents/Developer/Platforms/MacOSX.platform/Developer/SDKs/MacOSX27.2.sdk/usr/include/c++/v1/algorithm:1840:
In file included from /Applications/Xcode.app/Contents/Developer/Platforms/MacOSX.platform/Developer/SDKs/MacOSX27.2.sdk/usr/include/c++/v1/__config:15:
/Applications/Xcode.app/Contents/Developer/Platforms/MacOSX.platform/Developer/SDKs/MacOSX27.2.sdk/usr/include/c++/v1/__configuration/availability.h:204:4: warning: "The selected platform is no longer supported by libc++." [-W#warnings]
  204 | #  warning "The selected platform is no longer supported by libc++."
      |    ^
1 warning generated.
[ 80%] Building CXX object CMakeFiles/assist_idalib_cli.dir/src/tools/builtin/database/types/structures_and_function_types.cpp.o
In file included from /tmp/assist-native-allocate-ex-root-final/src/tools/builtin/analysis/decompiler/local_variable_storage.cpp:1:
In file included from /tmp/assist-native-allocate-ex-root-final/include/assist/common/static_text_json.hpp:3:
In file included from /tmp/assist-native-allocate-ex-root-final/include/assist/common/json.hpp:76:
In file included from /tmp/assist-native-process-root-macos/_deps/json-src/include/nlohmann/json.hpp:21:
In file included from /Applications/Xcode.app/Contents/Developer/Platforms/MacOSX.platform/Developer/SDKs/MacOSX27.2.sdk/usr/include/c++/v1/algorithm:1840:
In file included from /Applications/Xcode.app/Contents/Developer/Platforms/MacOSX.platform/Developer/SDKs/MacOSX27.2.sdk/usr/include/c++/v1/__config:15:
/Applications/Xcode.app/Contents/Developer/Platforms/MacOSX.platform/Developer/SDKs/MacOSX27.2.sdk/usr/include/c++/v1/__configuration/availability.h:204:4: warning: "The selected platform is no longer supported by libc++." [-W#warnings]
  204 | #  warning "The selected platform is no longer supported by libc++."
      |    ^
1 warning generated.
[ 80%] Building CXX object CMakeFiles/assist_idalib_cli.dir/src/tools/builtin/analysis/functions/function_metadata_and_bytes.cpp.o
In file included from /tmp/assist-native-allocate-ex-root-final/src/tools/builtin/database/naming/local_variables_and_symbols.cpp:1:
In file included from /tmp/assist-native-allocate-ex-root-final/include/assist/common/static_text_json.hpp:3:
In file included from /tmp/assist-native-allocate-ex-root-final/include/assist/common/json.hpp:76:
In file included from /tmp/assist-native-process-root-macos/_deps/json-src/include/nlohmann/json.hpp:21:
In file included from /Applications/Xcode.app/Contents/Developer/Platforms/MacOSX.platform/Developer/SDKs/MacOSX27.2.sdk/usr/include/c++/v1/algorithm:1840:
In file included from /Applications/Xcode.app/Contents/Developer/Platforms/MacOSX.platform/Developer/SDKs/MacOSX27.2.sdk/usr/include/c++/v1/__config:15:
/Applications/Xcode.app/Contents/Developer/Platforms/MacOSX.platform/Developer/SDKs/MacOSX27.2.sdk/usr/include/c++/v1/__configuration/availability.h:204:4: warning: "The selected platform is no longer supported by libc++." [-W#warnings]
  204 | #  warning "The selected platform is no longer supported by libc++."
      |    ^
1 warning generated.
[ 80%] Building CXX object CMakeFiles/assist_idalib_cli.dir/src/tools/builtin/analysis/dataflow/register_trace.cpp.o
In file included from /tmp/assist-native-allocate-ex-root-final/src/tools/builtin/database/patching/bytes_and_nops.cpp:1:
In file included from /tmp/assist-native-allocate-ex-root-final/include/assist/common/static_text_json.hpp:3:
In file included from /tmp/assist-native-allocate-ex-root-final/include/assist/common/json.hpp:76:
In file included from /tmp/assist-native-process-root-macos/_deps/json-src/include/nlohmann/json.hpp:21:
In file included from /Applications/Xcode.app/Contents/Developer/Platforms/MacOSX.platform/Developer/SDKs/MacOSX27.2.sdk/usr/include/c++/v1/algorithm:1840:
In file included from /Applications/Xcode.app/Contents/Developer/Platforms/MacOSX.platform/Developer/SDKs/MacOSX27.2.sdk/usr/include/c++/v1/__config:15:
/Applications/Xcode.app/Contents/Developer/Platforms/MacOSX.platform/Developer/SDKs/MacOSX27.2.sdk/usr/include/c++/v1/__configuration/availability.h:204:4: warning: "The selected platform is no longer supported by libc++." [-W#warnings]
  204 | #  warning "The selected platform is no longer supported by libc++."
      |    ^
1 warning generated.
[ 80%] Building CXX object CMakeFiles/assist_idalib_cli.dir/src/tools/builtin/analysis/dataflow/register_lifetime.cpp.o
In file included from /tmp/assist-native-allocate-ex-root-final/src/tools/builtin/database/edit/high_value_idb_edits.cpp:1:
In file included from /tmp/assist-native-allocate-ex-root-final/include/assist/common/static_text_json.hpp:3:
In file included from /tmp/assist-native-allocate-ex-root-final/include/assist/common/json.hpp:76:
In file included from /tmp/assist-native-process-root-macos/_deps/json-src/include/nlohmann/json.hpp:21:
In file included from /Applications/Xcode.app/Contents/Developer/Platforms/MacOSX.platform/Developer/SDKs/MacOSX27.2.sdk/usr/include/c++/v1/algorithm:1840:
In file included from /Applications/Xcode.app/Contents/Developer/Platforms/MacOSX.platform/Developer/SDKs/MacOSX27.2.sdk/usr/include/c++/v1/__config:15:
/Applications/Xcode.app/Contents/Developer/Platforms/MacOSX.platform/Developer/SDKs/MacOSX27.2.sdk/usr/include/c++/v1/__configuration/availability.h:204:4: warning: "The selected platform is no longer supported by libc++." [-W#warnings]
  204 | #  warning "The selected platform is no longer supported by libc++."
      |    ^
1 warning generated.
[ 80%] Building CXX object CMakeFiles/assist_idalib_cli.dir/src/tools/builtin/analysis/dataflow/index_loops.cpp.o
In file included from /tmp/assist-native-allocate-ex-root-final/src/tools/builtin/database/types/enums.cpp:1:
In file included from /tmp/assist-native-allocate-ex-root-final/include/assist/common/static_text_json.hpp:3:
In file included from /tmp/assist-native-allocate-ex-root-final/include/assist/common/json.hpp:76:
In file included from /tmp/assist-native-process-root-macos/_deps/json-src/include/nlohmann/json.hpp:21:
In file included from /Applications/Xcode.app/Contents/Developer/Platforms/MacOSX.platform/Developer/SDKs/MacOSX27.2.sdk/usr/include/c++/v1/algorithm:1840:
In file included from /Applications/Xcode.app/Contents/Developer/Platforms/MacOSX.platform/Developer/SDKs/MacOSX27.2.sdk/usr/include/c++/v1/__config:15:
/Applications/Xcode.app/Contents/Developer/Platforms/MacOSX.platform/Developer/SDKs/MacOSX27.2.sdk/usr/include/c++/v1/__configuration/availability.h:204:4: warning: "The selected platform is no longer supported by libc++." [-W#warnings]
  204 | #  warning "The selected platform is no longer supported by libc++."
      |    ^
1 warning generated.
[ 80%] Building CXX object CMakeFiles/assist_idalib_cli.dir/src/tools/builtin/analysis/dataflow/conditional_sites.cpp.o
In file included from /tmp/assist-native-allocate-ex-root-final/src/tools/builtin/analysis/xrefs/address_resolution.cpp:1:
In file included from /tmp/assist-native-allocate-ex-root-final/include/assist/common/static_text_json.hpp:3:
In file included from /tmp/assist-native-allocate-ex-root-final/include/assist/common/json.hpp:76:
In file included from /tmp/assist-native-process-root-macos/_deps/json-src/include/nlohmann/json.hpp:21:
In file included from /Applications/Xcode.app/Contents/Developer/Platforms/MacOSX.platform/Developer/SDKs/MacOSX27.2.sdk/usr/include/c++/v1/algorithm:1840:
In file included from /Applications/Xcode.app/Contents/Developer/Platforms/MacOSX.platform/Developer/SDKs/MacOSX27.2.sdk/usr/include/c++/v1/__config:15:
/Applications/Xcode.app/Contents/Developer/Platforms/MacOSX.platform/Developer/SDKs/MacOSX27.2.sdk/usr/include/c++/v1/__configuration/availability.h:204:4: warning: "The selected platform is no longer supported by libc++." [-W#warnings]
  204 | #  warning "The selected platform is no longer supported by libc++."
      |    ^
1 warning generated.
[ 80%] Building CXX object CMakeFiles/assist_idalib_cli.dir/src/tools/builtin/analysis/dataflow/multi_register_return.cpp.o
In file included from /tmp/assist-native-allocate-ex-root-final/src/tools/builtin/analysis/strings/search_strings.cpp:1:
In file included from /tmp/assist-native-allocate-ex-root-final/include/assist/common/static_text_json.hpp:3:
In file included from /tmp/assist-native-allocate-ex-root-final/include/assist/common/json.hpp:76:
In file included from /tmp/assist-native-process-root-macos/_deps/json-src/include/nlohmann/json.hpp:21:
In file included from /Applications/Xcode.app/Contents/Developer/Platforms/MacOSX.platform/Developer/SDKs/MacOSX27.2.sdk/usr/include/c++/v1/algorithm:1840:
In file included from /Applications/Xcode.app/Contents/Developer/Platforms/MacOSX.platform/Developer/SDKs/MacOSX27.2.sdk/usr/include/c++/v1/__config:15:
/Applications/Xcode.app/Contents/Developer/Platforms/MacOSX.platform/Developer/SDKs/MacOSX27.2.sdk/usr/include/c++/v1/__configuration/availability.h:204:4: warning: "The selected platform is no longer supported by libc++." [-W#warnings]
  204 | #  warning "The selected platform is no longer supported by libc++."
      |    ^
1 warning generated.
[ 80%] Building CXX object CMakeFiles/assist_idalib_cli.dir/src/tools/builtin/analysis/functions/rank_functions.cpp.o
In file included from /tmp/assist-native-allocate-ex-root-final/src/tools/builtin/analysis/dataflow/register_lifetime.cpp:1:
In file included from /tmp/assist-native-allocate-ex-root-final/include/assist/common/static_text_json.hpp:3:
In file included from /tmp/assist-native-allocate-ex-root-final/include/assist/common/json.hpp:76:
In file included from /tmp/assist-native-process-root-macos/_deps/json-src/include/nlohmann/json.hpp:21:
In file included from /Applications/Xcode.app/Contents/Developer/Platforms/MacOSX.platform/Developer/SDKs/MacOSX27.2.sdk/usr/include/c++/v1/algorithm:1840:
In file included from /Applications/Xcode.app/Contents/Developer/Platforms/MacOSX.platform/Developer/SDKs/MacOSX27.2.sdk/usr/include/c++/v1/__config:15:
/Applications/Xcode.app/Contents/Developer/Platforms/MacOSX.platform/Developer/SDKs/MacOSX27.2.sdk/usr/include/c++/v1/__configuration/availability.h:204:4: warning: "The selected platform is no longer supported by libc++." [-W#warnings]
  204 | #  warning "The selected platform is no longer supported by libc++."
      |    ^
1 warning generated.
[ 80%] Building CXX object CMakeFiles/assist_idalib_cli.dir/src/tools/builtin/analysis/binary_layout/segments_imports_exports.cpp.o
In file included from /tmp/assist-native-allocate-ex-root-final/src/tools/builtin/analysis/dataflow/register_trace.cpp:1:
In file included from /tmp/assist-native-allocate-ex-root-final/include/assist/common/static_text_json.hpp:3:
In file included from /tmp/assist-native-allocate-ex-root-final/include/assist/common/json.hpp:76:
In file included from /tmp/assist-native-process-root-macos/_deps/json-src/include/nlohmann/json.hpp:21:
In file included from /Applications/Xcode.app/Contents/Developer/Platforms/MacOSX.platform/Developer/SDKs/MacOSX27.2.sdk/usr/include/c++/v1/algorithm:1840:
In file included from /Applications/Xcode.app/Contents/Developer/Platforms/MacOSX.platform/Developer/SDKs/MacOSX27.2.sdk/usr/include/c++/v1/__config:15:
/Applications/Xcode.app/Contents/Developer/Platforms/MacOSX.platform/Developer/SDKs/MacOSX27.2.sdk/usr/include/c++/v1/__configuration/availability.h:204:4: warning: "The selected platform is no longer supported by libc++." [-W#warnings]
  204 | #  warning "The selected platform is no longer supported by libc++."
      |    ^
1 warning generated.
[ 80%] Building CXX object CMakeFiles/assist_idalib_cli.dir/src/assist/triage/triage_driver.cpp.o
In file included from /tmp/assist-native-allocate-ex-root-final/src/tools/builtin/analysis/functions/function_metadata_and_bytes.cpp:1:
In file included from /tmp/assist-native-allocate-ex-root-final/include/assist/common/static_text_json.hpp:3:
In file included from /tmp/assist-native-allocate-ex-root-final/include/assist/common/json.hpp:76:
In file included from /tmp/assist-native-process-root-macos/_deps/json-src/include/nlohmann/json.hpp:21:
In file included from /Applications/Xcode.app/Contents/Developer/Platforms/MacOSX.platform/Developer/SDKs/MacOSX27.2.sdk/usr/include/c++/v1/algorithm:1840:
In file included from /Applications/Xcode.app/Contents/Developer/Platforms/MacOSX.platform/Developer/SDKs/MacOSX27.2.sdk/usr/include/c++/v1/__config:15:
/Applications/Xcode.app/Contents/Developer/Platforms/MacOSX.platform/Developer/SDKs/MacOSX27.2.sdk/usr/include/c++/v1/__configuration/availability.h:204:4: warning: "The selected platform is no longer supported by libc++." [-W#warnings]
  204 | #  warning "The selected platform is no longer supported by libc++."
      |    ^
1 warning generated.
[ 80%] Building CXX object CMakeFiles/assist_idalib_cli.dir/src/assist/triage/finding_memory_writer.cpp.o
In file included from /tmp/assist-native-allocate-ex-root-final/src/tools/builtin/database/types/structures_and_function_types.cpp:1:
In file included from /tmp/assist-native-allocate-ex-root-final/include/assist/common/static_text_json.hpp:3:
In file included from /tmp/assist-native-allocate-ex-root-final/include/assist/common/json.hpp:76:
In file included from /tmp/assist-native-process-root-macos/_deps/json-src/include/nlohmann/json.hpp:21:
In file included from /Applications/Xcode.app/Contents/Developer/Platforms/MacOSX.platform/Developer/SDKs/MacOSX27.2.sdk/usr/include/c++/v1/algorithm:1840:
In file included from /Applications/Xcode.app/Contents/Developer/Platforms/MacOSX.platform/Developer/SDKs/MacOSX27.2.sdk/usr/include/c++/v1/__config:15:
/Applications/Xcode.app/Contents/Developer/Platforms/MacOSX.platform/Developer/SDKs/MacOSX27.2.sdk/usr/include/c++/v1/__configuration/availability.h:204:4: warning: "The selected platform is no longer supported by libc++." [-W#warnings]
  204 | #  warning "The selected platform is no longer supported by libc++."
      |    ^
1 warning generated.
[ 80%] Building CXX object CMakeFiles/assist_idalib_cli.dir/src/assist/triage/finding_corroboration.cpp.o
In file included from /tmp/assist-native-allocate-ex-root-final/src/tools/builtin/analysis/dataflow/index_loops.cpp:1:
In file included from /tmp/assist-native-allocate-ex-root-final/include/assist/common/static_text_json.hpp:3:
In file included from /tmp/assist-native-allocate-ex-root-final/include/assist/common/json.hpp:76:
In file included from /tmp/assist-native-process-root-macos/_deps/json-src/include/nlohmann/json.hpp:21:
In file included from /Applications/Xcode.app/Contents/Developer/Platforms/MacOSX.platform/Developer/SDKs/MacOSX27.2.sdk/usr/include/c++/v1/algorithm:1840:
In file included from /Applications/Xcode.app/Contents/Developer/Platforms/MacOSX.platform/Developer/SDKs/MacOSX27.2.sdk/usr/include/c++/v1/__config:15:
/Applications/Xcode.app/Contents/Developer/Platforms/MacOSX.platform/Developer/SDKs/MacOSX27.2.sdk/usr/include/c++/v1/__configuration/availability.h:204:4: warning: "The selected platform is no longer supported by libc++." [-W#warnings]
  204 | #  warning "The selected platform is no longer supported by libc++."
      |    ^
1 warning generated.
[ 80%] Building CXX object CMakeFiles/assist_idalib_cli.dir/src/tools/builtin/analysis/signatures/signature_tools.cpp.o
In file included from /tmp/assist-native-allocate-ex-root-final/src/tools/builtin/analysis/dataflow/conditional_sites.cpp:1:
In file included from /tmp/assist-native-allocate-ex-root-final/include/assist/common/static_text_json.hpp:3:
In file included from /tmp/assist-native-allocate-ex-root-final/include/assist/common/json.hpp:76:
In file included from /tmp/assist-native-process-root-macos/_deps/json-src/include/nlohmann/json.hpp:21:
In file included from /Applications/Xcode.app/Contents/Developer/Platforms/MacOSX.platform/Developer/SDKs/MacOSX27.2.sdk/usr/include/c++/v1/algorithm:1840:
In file included from /Applications/Xcode.app/Contents/Developer/Platforms/MacOSX.platform/Developer/SDKs/MacOSX27.2.sdk/usr/include/c++/v1/__config:15:
/Applications/Xcode.app/Contents/Developer/Platforms/MacOSX.platform/Developer/SDKs/MacOSX27.2.sdk/usr/include/c++/v1/__configuration/availability.h:204:4: warning: "The selected platform is no longer supported by libc++." [-W#warnings]
  204 | #  warning "The selected platform is no longer supported by libc++."
      |    ^
1 warning generated.
[ 80%] Building CXX object CMakeFiles/assist_idalib_cli.dir/src/tools/builtin/analysis/disassembly/scan_disasm.cpp.o
In file included from /tmp/assist-native-allocate-ex-root-final/src/assist/triage/finding_memory_writer.cpp:4:
In file included from /tmp/assist-native-allocate-ex-root-final/include/assist/triage/finding_memory_writer.hpp:6:
In file included from /tmp/assist-native-allocate-ex-root-final/include/assist/common/json.hpp:76:
In file included from /tmp/assist-native-process-root-macos/_deps/json-src/include/nlohmann/json.hpp:21:
In file included from /Applications/Xcode.app/Contents/Developer/Platforms/MacOSX.platform/Developer/SDKs/MacOSX27.2.sdk/usr/include/c++/v1/algorithm:1840:
In file included from /Applications/Xcode.app/Contents/Developer/Platforms/MacOSX.platform/Developer/SDKs/MacOSX27.2.sdk/usr/include/c++/v1/__config:15:
/Applications/Xcode.app/Contents/Developer/Platforms/MacOSX.platform/Developer/SDKs/MacOSX27.2.sdk/usr/include/c++/v1/__configuration/availability.h:204:4: warning: "The selected platform is no longer supported by libc++." [-W#warnings]
  204 | #  warning "The selected platform is no longer supported by libc++."
      |    ^
1 warning generated.
[ 80%] Building CXX object CMakeFiles/assist_idalib_cli.dir/src/tools/builtin/database/types/set_type.cpp.o
In file included from /tmp/assist-native-allocate-ex-root-final/src/tools/builtin/analysis/dataflow/multi_register_return.cpp:1:
In file included from /tmp/assist-native-allocate-ex-root-final/include/assist/common/static_text_json.hpp:3:
In file included from /tmp/assist-native-allocate-ex-root-final/include/assist/common/json.hpp:76:
In file included from /tmp/assist-native-process-root-macos/_deps/json-src/include/nlohmann/json.hpp:21:
In file included from /Applications/Xcode.app/Contents/Developer/Platforms/MacOSX.platform/Developer/SDKs/MacOSX27.2.sdk/usr/include/c++/v1/algorithm:1840:
In file included from /Applications/Xcode.app/Contents/Developer/Platforms/MacOSX.platform/Developer/SDKs/MacOSX27.2.sdk/usr/include/c++/v1/__config:15:
/Applications/Xcode.app/Contents/Developer/Platforms/MacOSX.platform/Developer/SDKs/MacOSX27.2.sdk/usr/include/c++/v1/__configuration/availability.h:204:4: warning: "The selected platform is no longer supported by libc++." [-W#warnings]
  204 | #  warning "The selected platform is no longer supported by libc++."
      |    ^
1 warning generated.
[ 80%] Building CXX object CMakeFiles/assist_idalib_cli.dir/src/tools/builtin/database/repair/range_reanalysis.cpp.o
In file included from /tmp/assist-native-allocate-ex-root-final/src/tools/builtin/analysis/functions/rank_functions.cpp:1:
In file included from /tmp/assist-native-allocate-ex-root-final/include/assist/common/static_text_json.hpp:3:
In file included from /tmp/assist-native-allocate-ex-root-final/include/assist/common/json.hpp:76:
In file included from /tmp/assist-native-process-root-macos/_deps/json-src/include/nlohmann/json.hpp:21:
In file included from /Applications/Xcode.app/Contents/Developer/Platforms/MacOSX.platform/Developer/SDKs/MacOSX27.2.sdk/usr/include/c++/v1/algorithm:1840:
In file included from /Applications/Xcode.app/Contents/Developer/Platforms/MacOSX.platform/Developer/SDKs/MacOSX27.2.sdk/usr/include/c++/v1/__config:15:
/Applications/Xcode.app/Contents/Developer/Platforms/MacOSX.platform/Developer/SDKs/MacOSX27.2.sdk/usr/include/c++/v1/__configuration/availability.h:204:4: warning: "The selected platform is no longer supported by libc++." [-W#warnings]
  204 | #  warning "The selected platform is no longer supported by libc++."
      |    ^
1 warning generated.
[ 80%] Building CXX object CMakeFiles/assist_idalib_cli.dir/src/tools/builtin/database/repair/item_creation.cpp.o
In file included from /tmp/assist-native-allocate-ex-root-final/src/assist/triage/finding_corroboration.cpp:9:
In file included from /tmp/assist-native-allocate-ex-root-final/include/assist/triage/finding_corroboration.hpp:25:
In file included from /tmp/assist-native-allocate-ex-root-final/include/assist/common/json.hpp:76:
In file included from /tmp/assist-native-process-root-macos/_deps/json-src/include/nlohmann/json.hpp:21:
In file included from /Applications/Xcode.app/Contents/Developer/Platforms/MacOSX.platform/Developer/SDKs/MacOSX27.2.sdk/usr/include/c++/v1/algorithm:1840:
In file included from /Applications/Xcode.app/Contents/Developer/Platforms/MacOSX.platform/Developer/SDKs/MacOSX27.2.sdk/usr/include/c++/v1/__config:15:
/Applications/Xcode.app/Contents/Developer/Platforms/MacOSX.platform/Developer/SDKs/MacOSX27.2.sdk/usr/include/c++/v1/__configuration/availability.h:204:4: warning: "The selected platform is no longer supported by libc++." [-W#warnings]
  204 | #  warning "The selected platform is no longer supported by libc++."
      |    ^
1 warning generated.
[ 80%] Building CXX object CMakeFiles/assist_idalib_cli.dir/src/tools/builtin/database/types/declarations_and_decompiler_reset.cpp.o
In file included from /tmp/assist-native-allocate-ex-root-final/src/assist/triage/triage_driver.cpp:9:
In file included from /tmp/assist-native-allocate-ex-root-final/src/assist/tools/builtin/common.hpp:3:
In file included from /tmp/assist-native-allocate-ex-root-final/include/assist/context/context_provider.hpp:14:
In file included from /tmp/assist-native-allocate-ex-root-final/include/assist/common/json.hpp:76:
In file included from /tmp/assist-native-process-root-macos/_deps/json-src/include/nlohmann/json.hpp:21:
In file included from /Applications/Xcode.app/Contents/Developer/Platforms/MacOSX.platform/Developer/SDKs/MacOSX27.2.sdk/usr/include/c++/v1/algorithm:1840:
In file included from /Applications/Xcode.app/Contents/Developer/Platforms/MacOSX.platform/Developer/SDKs/MacOSX27.2.sdk/usr/include/c++/v1/__config:15:
/Applications/Xcode.app/Contents/Developer/Platforms/MacOSX.platform/Developer/SDKs/MacOSX27.2.sdk/usr/include/c++/v1/__configuration/availability.h:204:4: warning: "The selected platform is no longer supported by libc++." [-W#warnings]
  204 | #  warning "The selected platform is no longer supported by libc++."
      |    ^
1 warning generated.
[ 80%] Building CXX object CMakeFiles/assist_idalib_cli.dir/src/tools/builtin/database/repair/region_repair.cpp.o
In file included from /tmp/assist-native-allocate-ex-root-final/src/tools/builtin/analysis/binary_layout/segments_imports_exports.cpp:1:
In file included from /tmp/assist-native-allocate-ex-root-final/include/assist/common/static_text_json.hpp:3:
In file included from /tmp/assist-native-allocate-ex-root-final/include/assist/common/json.hpp:76:
In file included from /tmp/assist-native-process-root-macos/_deps/json-src/include/nlohmann/json.hpp:21:
In file included from /Applications/Xcode.app/Contents/Developer/Platforms/MacOSX.platform/Developer/SDKs/MacOSX27.2.sdk/usr/include/c++/v1/algorithm:1840:
In file included from /Applications/Xcode.app/Contents/Developer/Platforms/MacOSX.platform/Developer/SDKs/MacOSX27.2.sdk/usr/include/c++/v1/__config:15:
/Applications/Xcode.app/Contents/Developer/Platforms/MacOSX.platform/Developer/SDKs/MacOSX27.2.sdk/usr/include/c++/v1/__configuration/availability.h:204:4: warning: "The selected platform is no longer supported by libc++." [-W#warnings]
  204 | #  warning "The selected platform is no longer supported by libc++."
      |    ^
1 warning generated.
[ 80%] Building CXX object CMakeFiles/assist_idalib_cli.dir/src/tools/builtin/database/types/structure_edits.cpp.o
In file included from /tmp/assist-native-allocate-ex-root-final/src/tools/builtin/analysis/signatures/signature_tools.cpp:1:
In file included from /tmp/assist-native-allocate-ex-root-final/include/assist/common/static_text_json.hpp:3:
In file included from /tmp/assist-native-allocate-ex-root-final/include/assist/common/json.hpp:76:
In file included from /tmp/assist-native-process-root-macos/_deps/json-src/include/nlohmann/json.hpp:21:
In file included from /Applications/Xcode.app/Contents/Developer/Platforms/MacOSX.platform/Developer/SDKs/MacOSX27.2.sdk/usr/include/c++/v1/algorithm:1840:
In file included from /Applications/Xcode.app/Contents/Developer/Platforms/MacOSX.platform/Developer/SDKs/MacOSX27.2.sdk/usr/include/c++/v1/__config:15:
/Applications/Xcode.app/Contents/Developer/Platforms/MacOSX.platform/Developer/SDKs/MacOSX27.2.sdk/usr/include/c++/v1/__configuration/availability.h:204:4: warning: "The selected platform is no longer supported by libc++." [-W#warnings]
  204 | #  warning "The selected platform is no longer supported by libc++."
      |    ^
1 warning generated.
[ 80%] Building CXX object CMakeFiles/assist_idalib_cli.dir/src/tools/builtin/database/state/database_state.cpp.o
In file included from /tmp/assist-native-allocate-ex-root-final/src/tools/builtin/database/types/set_type.cpp:1:
In file included from /tmp/assist-native-allocate-ex-root-final/include/assist/common/static_text_json.hpp:3:
In file included from /tmp/assist-native-allocate-ex-root-final/include/assist/common/json.hpp:76:
In file included from /tmp/assist-native-process-root-macos/_deps/json-src/include/nlohmann/json.hpp:21:
In file included from /Applications/Xcode.app/Contents/Developer/Platforms/MacOSX.platform/Developer/SDKs/MacOSX27.2.sdk/usr/include/c++/v1/algorithm:1840:
In file included from /Applications/Xcode.app/Contents/Developer/Platforms/MacOSX.platform/Developer/SDKs/MacOSX27.2.sdk/usr/include/c++/v1/__config:15:
/Applications/Xcode.app/Contents/Developer/Platforms/MacOSX.platform/Developer/SDKs/MacOSX27.2.sdk/usr/include/c++/v1/__configuration/availability.h:204:4: warning: "The selected platform is no longer supported by libc++." [-W#warnings]
  204 | #  warning "The selected platform is no longer supported by libc++."
      |    ^
1 warning generated.
[ 80%] Building CXX object CMakeFiles/assist_idalib_cli.dir/src/tools/builtin/knowledge/memory/facts.cpp.o
In file included from /tmp/assist-native-allocate-ex-root-final/src/tools/builtin/analysis/disassembly/scan_disasm.cpp:1:
In file included from /tmp/assist-native-allocate-ex-root-final/include/assist/common/static_text_json.hpp:3:
In file included from /tmp/assist-native-allocate-ex-root-final/include/assist/common/json.hpp:76:
In file included from /tmp/assist-native-process-root-macos/_deps/json-src/include/nlohmann/json.hpp:21:
In file included from /Applications/Xcode.app/Contents/Developer/Platforms/MacOSX.platform/Developer/SDKs/MacOSX27.2.sdk/usr/include/c++/v1/algorithm:1840:
In file included from /Applications/Xcode.app/Contents/Developer/Platforms/MacOSX.platform/Developer/SDKs/MacOSX27.2.sdk/usr/include/c++/v1/__config:15:
/Applications/Xcode.app/Contents/Developer/Platforms/MacOSX.platform/Developer/SDKs/MacOSX27.2.sdk/usr/include/c++/v1/__configuration/availability.h:204:4: warning: "The selected platform is no longer supported by libc++." [-W#warnings]
  204 | #  warning "The selected platform is no longer supported by libc++."
      |    ^
1 warning generated.
[ 80%] Building CXX object CMakeFiles/assist_idalib_cli.dir/src/tools/builtin/knowledge/memory/propagation.cpp.o
In file included from /tmp/assist-native-allocate-ex-root-final/src/tools/builtin/database/repair/range_reanalysis.cpp:1:
In file included from /tmp/assist-native-allocate-ex-root-final/include/assist/common/static_text_json.hpp:3:
In file included from /tmp/assist-native-allocate-ex-root-final/include/assist/common/json.hpp:76:
In file included from /tmp/assist-native-process-root-macos/_deps/json-src/include/nlohmann/json.hpp:21:
In file included from /Applications/Xcode.app/Contents/Developer/Platforms/MacOSX.platform/Developer/SDKs/MacOSX27.2.sdk/usr/include/c++/v1/algorithm:1840:
In file included from /Applications/Xcode.app/Contents/Developer/Platforms/MacOSX.platform/Developer/SDKs/MacOSX27.2.sdk/usr/include/c++/v1/__config:15:
/Applications/Xcode.app/Contents/Developer/Platforms/MacOSX.platform/Developer/SDKs/MacOSX27.2.sdk/usr/include/c++/v1/__configuration/availability.h:204:4: warning: "The selected platform is no longer supported by libc++." [-W#warnings]
  204 | #  warning "The selected platform is no longer supported by libc++."
      |    ^
1 warning generated.
[ 80%] Building CXX object CMakeFiles/assist_idalib_cli.dir/src/tools/builtin/vision/screenshots/screenshot.cpp.o
In file included from /tmp/assist-native-allocate-ex-root-final/src/tools/builtin/database/repair/item_creation.cpp:1:
In file included from /tmp/assist-native-allocate-ex-root-final/include/assist/common/ida_ui.hpp:39:
In file included from /Applications/Xcode.app/Contents/Developer/Platforms/MacOSX.platform/Developer/SDKs/MacOSX27.2.sdk/usr/include/c++/v1/cstddef:39:
In file included from /Applications/Xcode.app/Contents/Developer/Platforms/MacOSX.platform/Developer/SDKs/MacOSX27.2.sdk/usr/include/c++/v1/__config:15:
/Applications/Xcode.app/Contents/Developer/Platforms/MacOSX.platform/Developer/SDKs/MacOSX27.2.sdk/usr/include/c++/v1/__configuration/availability.h:204:4: warning: "The selected platform is no longer supported by libc++." [-W#warnings]
  204 | #  warning "The selected platform is no longer supported by libc++."
      |    ^
1 warning generated.
[ 80%] Building CXX object CMakeFiles/assist_idalib_cli.dir/src/tools/builtin/visual/render_visual.cpp.o
In file included from /tmp/assist-native-allocate-ex-root-final/src/tools/builtin/database/types/declarations_and_decompiler_reset.cpp:1:
In file included from /tmp/assist-native-allocate-ex-root-final/include/assist/common/static_text_json.hpp:3:
In file included from /tmp/assist-native-allocate-ex-root-final/include/assist/common/json.hpp:76:
In file included from /tmp/assist-native-process-root-macos/_deps/json-src/include/nlohmann/json.hpp:21:
In file included from /Applications/Xcode.app/Contents/Developer/Platforms/MacOSX.platform/Developer/SDKs/MacOSX27.2.sdk/usr/include/c++/v1/algorithm:1840:
In file included from /Applications/Xcode.app/Contents/Developer/Platforms/MacOSX.platform/Developer/SDKs/MacOSX27.2.sdk/usr/include/c++/v1/__config:15:
/Applications/Xcode.app/Contents/Developer/Platforms/MacOSX.platform/Developer/SDKs/MacOSX27.2.sdk/usr/include/c++/v1/__configuration/availability.h:204:4: warning: "The selected platform is no longer supported by libc++." [-W#warnings]
  204 | #  warning "The selected platform is no longer supported by libc++."
      |    ^
1 warning generated.
[ 80%] Building CXX object CMakeFiles/assist_idalib_cli.dir/src/tools/builtin/analysis/graphs/cfg_and_call_graph.cpp.o
In file included from /tmp/assist-native-allocate-ex-root-final/src/tools/builtin/database/repair/region_repair.cpp:1:
In file included from /tmp/assist-native-allocate-ex-root-final/include/assist/common/static_text_json.hpp:3:
In file included from /tmp/assist-native-allocate-ex-root-final/include/assist/common/json.hpp:76:
In file included from /tmp/assist-native-process-root-macos/_deps/json-src/include/nlohmann/json.hpp:21:
In file included from /Applications/Xcode.app/Contents/Developer/Platforms/MacOSX.platform/Developer/SDKs/MacOSX27.2.sdk/usr/include/c++/v1/algorithm:1840:
In file included from /Applications/Xcode.app/Contents/Developer/Platforms/MacOSX.platform/Developer/SDKs/MacOSX27.2.sdk/usr/include/c++/v1/__config:15:
/Applications/Xcode.app/Contents/Developer/Platforms/MacOSX.platform/Developer/SDKs/MacOSX27.2.sdk/usr/include/c++/v1/__configuration/availability.h:204:4: warning: "The selected platform is no longer supported by libc++." [-W#warnings]
  204 | #  warning "The selected platform is no longer supported by libc++."
      |    ^
1 warning generated.
[ 80%] Building CXX object CMakeFiles/assist_idalib_cli.dir/src/tools/builtin/analysis/yara/yara_generation.cpp.o
In file included from /tmp/assist-native-allocate-ex-root-final/src/tools/builtin/knowledge/memory/propagation.cpp:1:
In file included from /tmp/assist-native-allocate-ex-root-final/include/assist/common/static_text_json.hpp:3:
In file included from /tmp/assist-native-allocate-ex-root-final/include/assist/common/json.hpp:76:
In file included from /tmp/assist-native-process-root-macos/_deps/json-src/include/nlohmann/json.hpp:21:
In file included from /Applications/Xcode.app/Contents/Developer/Platforms/MacOSX.platform/Developer/SDKs/MacOSX27.2.sdk/usr/include/c++/v1/algorithm:1840:
In file included from /Applications/Xcode.app/Contents/Developer/Platforms/MacOSX.platform/Developer/SDKs/MacOSX27.2.sdk/usr/include/c++/v1/__config:15:
/Applications/Xcode.app/Contents/Developer/Platforms/MacOSX.platform/Developer/SDKs/MacOSX27.2.sdk/usr/include/c++/v1/__configuration/availability.h:204:4: warning: "The selected platform is no longer supported by libc++." [-W#warnings]
  204 | #  warning "The selected platform is no longer supported by libc++."
      |    ^
1 warning generated.
[ 80%] Building CXX object CMakeFiles/assist_idalib_cli.dir/src/tools/builtin/debugger/runtime/debugger_controls.cpp.o
In file included from /tmp/assist-native-allocate-ex-root-final/src/tools/builtin/database/types/structure_edits.cpp:1:
In file included from /tmp/assist-native-allocate-ex-root-final/include/assist/common/static_text_json.hpp:3:
In file included from /tmp/assist-native-allocate-ex-root-final/include/assist/common/json.hpp:76:
In file included from /tmp/assist-native-process-root-macos/_deps/json-src/include/nlohmann/json.hpp:21:
In file included from /Applications/Xcode.app/Contents/Developer/Platforms/MacOSX.platform/Developer/SDKs/MacOSX27.2.sdk/usr/include/c++/v1/algorithm:1840:
In file included from /Applications/Xcode.app/Contents/Developer/Platforms/MacOSX.platform/Developer/SDKs/MacOSX27.2.sdk/usr/include/c++/v1/__config:15:
/Applications/Xcode.app/Contents/Developer/Platforms/MacOSX.platform/Developer/SDKs/MacOSX27.2.sdk/usr/include/c++/v1/__configuration/availability.h:204:4: warning: "The selected platform is no longer supported by libc++." [-W#warnings]
  204 | #  warning "The selected platform is no longer supported by libc++."
      |    ^
1 warning generated.
[ 80%] Building CXX object CMakeFiles/assist_idalib_cli.dir/src/tools/builtin/emulation/stateless/micro_emulation.cpp.o
In file included from /tmp/assist-native-allocate-ex-root-final/src/tools/builtin/database/state/database_state.cpp:8:
In file included from /tmp/assist-native-allocate-ex-root-final/include/assist/analysis/function_analysis.hpp:3:
In file included from /tmp/assist-native-allocate-ex-root-final/include/assist/common/json.hpp:76:
In file included from /tmp/assist-native-process-root-macos/_deps/json-src/include/nlohmann/json.hpp:21:
In file included from /Applications/Xcode.app/Contents/Developer/Platforms/MacOSX.platform/Developer/SDKs/MacOSX27.2.sdk/usr/include/c++/v1/algorithm:1840:
In file included from /Applications/Xcode.app/Contents/Developer/Platforms/MacOSX.platform/Developer/SDKs/MacOSX27.2.sdk/usr/include/c++/v1/__config:15:
/Applications/Xcode.app/Contents/Developer/Platforms/MacOSX.platform/Developer/SDKs/MacOSX27.2.sdk/usr/include/c++/v1/__configuration/availability.h:204:4: warning: "The selected platform is no longer supported by libc++." [-W#warnings]
  204 | #  warning "The selected platform is no longer supported by libc++."
      |    ^
1 warning generated.
[ 80%] Building CXX object CMakeFiles/assist_idalib_cli.dir/src/tools/builtin/emulation/sessions/session_tools.cpp.o
In file included from /tmp/assist-native-allocate-ex-root-final/src/tools/builtin/vision/screenshots/screenshot.cpp:1:
In file included from /tmp/assist-native-allocate-ex-root-final/include/assist/common/static_text_json.hpp:3:
In file included from /tmp/assist-native-allocate-ex-root-final/include/assist/common/json.hpp:76:
In file included from /tmp/assist-native-process-root-macos/_deps/json-src/include/nlohmann/json.hpp:21:
In file included from /Applications/Xcode.app/Contents/Developer/Platforms/MacOSX.platform/Developer/SDKs/MacOSX27.2.sdk/usr/include/c++/v1/algorithm:1840:
In file included from /Applications/Xcode.app/Contents/Developer/Platforms/MacOSX.platform/Developer/SDKs/MacOSX27.2.sdk/usr/include/c++/v1/__config:15:
/Applications/Xcode.app/Contents/Developer/Platforms/MacOSX.platform/Developer/SDKs/MacOSX27.2.sdk/usr/include/c++/v1/__configuration/availability.h:204:4: warning: "The selected platform is no longer supported by libc++." [-W#warnings]
  204 | #  warning "The selected platform is no longer supported by libc++."
      |    ^
1 warning generated.
[ 80%] Building CXX object CMakeFiles/assist_idalib_cli.dir/src/tools/builtin/emulation/sessions/process_tool.cpp.o
In file included from /tmp/assist-native-allocate-ex-root-final/src/tools/builtin/visual/render_visual.cpp:1:
In file included from /tmp/assist-native-allocate-ex-root-final/include/assist/common/static_text_json.hpp:3:
In file included from /tmp/assist-native-allocate-ex-root-final/include/assist/common/json.hpp:76:
In file included from /tmp/assist-native-process-root-macos/_deps/json-src/include/nlohmann/json.hpp:21:
In file included from /Applications/Xcode.app/Contents/Developer/Platforms/MacOSX.platform/Developer/SDKs/MacOSX27.2.sdk/usr/include/c++/v1/algorithm:1840:
In file included from /Applications/Xcode.app/Contents/Developer/Platforms/MacOSX.platform/Developer/SDKs/MacOSX27.2.sdk/usr/include/c++/v1/__config:15:
/Applications/Xcode.app/Contents/Developer/Platforms/MacOSX.platform/Developer/SDKs/MacOSX27.2.sdk/usr/include/c++/v1/__configuration/availability.h:204:4: warning: "The selected platform is no longer supported by libc++." [-W#warnings]
  204 | #  warning "The selected platform is no longer supported by libc++."
      |    ^
1 warning generated.
[ 80%] Building CXX object CMakeFiles/assist_idalib_cli.dir/src/tools/builtin/solver/constraints/z3_constraints.cpp.o
In file included from /tmp/assist-native-allocate-ex-root-final/src/tools/builtin/knowledge/memory/facts.cpp:1:
In file included from /tmp/assist-native-allocate-ex-root-final/include/assist/common/static_text_json.hpp:3:
In file included from /tmp/assist-native-allocate-ex-root-final/include/assist/common/json.hpp:76:
In file included from /tmp/assist-native-process-root-macos/_deps/json-src/include/nlohmann/json.hpp:21:
In file included from /Applications/Xcode.app/Contents/Developer/Platforms/MacOSX.platform/Developer/SDKs/MacOSX27.2.sdk/usr/include/c++/v1/algorithm:1840:
In file included from /Applications/Xcode.app/Contents/Developer/Platforms/MacOSX.platform/Developer/SDKs/MacOSX27.2.sdk/usr/include/c++/v1/__config:15:
/Applications/Xcode.app/Contents/Developer/Platforms/MacOSX.platform/Developer/SDKs/MacOSX27.2.sdk/usr/include/c++/v1/__configuration/availability.h:204:4: warning: "The selected platform is no longer supported by libc++." [-W#warnings]
  204 | #  warning "The selected platform is no longer supported by libc++."
      |    ^
1 warning generated.
[ 80%] Building CXX object CMakeFiles/assist_idalib_cli.dir/src/tools/builtin/navigation/bookmarks/navigation_and_bookmarks.cpp.o
In file included from /tmp/assist-native-allocate-ex-root-final/src/tools/builtin/analysis/graphs/cfg_and_call_graph.cpp:1:
In file included from /tmp/assist-native-allocate-ex-root-final/include/assist/common/static_text_json.hpp:3:
In file included from /tmp/assist-native-allocate-ex-root-final/include/assist/common/json.hpp:76:
In file included from /tmp/assist-native-process-root-macos/_deps/json-src/include/nlohmann/json.hpp:21:
In file included from /Applications/Xcode.app/Contents/Developer/Platforms/MacOSX.platform/Developer/SDKs/MacOSX27.2.sdk/usr/include/c++/v1/algorithm:1840:
In file included from /Applications/Xcode.app/Contents/Developer/Platforms/MacOSX.platform/Developer/SDKs/MacOSX27.2.sdk/usr/include/c++/v1/__config:15:
/Applications/Xcode.app/Contents/Developer/Platforms/MacOSX.platform/Developer/SDKs/MacOSX27.2.sdk/usr/include/c++/v1/__configuration/availability.h:204:4: warning: "The selected platform is no longer supported by libc++." [-W#warnings]
  204 | #  warning "The selected platform is no longer supported by libc++."
      |    ^
1 warning generated.
[ 80%] Building CXX object CMakeFiles/assist_idalib_cli.dir/src/tools/builtin/system/filesystem_and_shell.cpp.o
In file included from /tmp/assist-native-allocate-ex-root-final/src/tools/builtin/analysis/yara/yara_generation.cpp:1:
In file included from /tmp/assist-native-allocate-ex-root-final/include/assist/common/static_text_json.hpp:3:
In file included from /tmp/assist-native-allocate-ex-root-final/include/assist/common/json.hpp:76:
In file included from /tmp/assist-native-process-root-macos/_deps/json-src/include/nlohmann/json.hpp:21:
In file included from /Applications/Xcode.app/Contents/Developer/Platforms/MacOSX.platform/Developer/SDKs/MacOSX27.2.sdk/usr/include/c++/v1/algorithm:1840:
In file included from /Applications/Xcode.app/Contents/Developer/Platforms/MacOSX.platform/Developer/SDKs/MacOSX27.2.sdk/usr/include/c++/v1/__config:15:
/Applications/Xcode.app/Contents/Developer/Platforms/MacOSX.platform/Developer/SDKs/MacOSX27.2.sdk/usr/include/c++/v1/__configuration/availability.h:204:4: warning: "The selected platform is no longer supported by libc++." [-W#warnings]
  204 | #  warning "The selected platform is no longer supported by libc++."
      |    ^
1 warning generated.
[ 80%] Building CXX object CMakeFiles/assist_idalib_cli.dir/src/context/viewer_class.cpp.o
In file included from /tmp/assist-native-allocate-ex-root-final/src/context/viewer_class.cpp:17:
In file included from /tmp/assist-native-allocate-ex-root-final/include/assist/context/viewer_class.hpp:24:
In file included from /tmp/assist-native-allocate-ex-root-final/include/assist/context/navigation_target.hpp:31:
In file included from /Applications/Xcode.app/Contents/Developer/Platforms/MacOSX.platform/Developer/SDKs/MacOSX27.2.sdk/usr/include/c++/v1/charconv:81:
In file included from /Applications/Xcode.app/Contents/Developer/Platforms/MacOSX.platform/Developer/SDKs/MacOSX27.2.sdk/usr/include/c++/v1/__config:15:
/Applications/Xcode.app/Contents/Developer/Platforms/MacOSX.platform/Developer/SDKs/MacOSX27.2.sdk/usr/include/c++/v1/__configuration/availability.h:204:4: warning: "The selected platform is no longer supported by libc++." [-W#warnings]
  204 | #  warning "The selected platform is no longer supported by libc++."
      |    ^
1 warning generated.
[ 80%] Building CXX object CMakeFiles/assist_idalib_cli.dir/src/analysis/function_analysis.cpp.o
In file included from /tmp/assist-native-allocate-ex-root-final/src/tools/builtin/emulation/sessions/process_tool.cpp:1:
In file included from /tmp/assist-native-allocate-ex-root-final/include/assist/common/static_text_json.hpp:3:
In file included from /tmp/assist-native-allocate-ex-root-final/include/assist/common/json.hpp:76:
In file included from /tmp/assist-native-process-root-macos/_deps/json-src/include/nlohmann/json.hpp:21:
In file included from /Applications/Xcode.app/Contents/Developer/Platforms/MacOSX.platform/Developer/SDKs/MacOSX27.2.sdk/usr/include/c++/v1/algorithm:1840:
In file included from /Applications/Xcode.app/Contents/Developer/Platforms/MacOSX.platform/Developer/SDKs/MacOSX27.2.sdk/usr/include/c++/v1/__config:15:
/Applications/Xcode.app/Contents/Developer/Platforms/MacOSX.platform/Developer/SDKs/MacOSX27.2.sdk/usr/include/c++/v1/__configuration/availability.h:204:4: warning: "The selected platform is no longer supported by libc++." [-W#warnings]
  204 | #  warning "The selected platform is no longer supported by libc++."
      |    ^
1 warning generated.
[ 80%] Building CXX object CMakeFiles/assist_idalib_cli.dir/src/analysis/function_analysis_model.cpp.o
In file included from /tmp/assist-native-allocate-ex-root-final/src/tools/builtin/debugger/runtime/debugger_controls.cpp:1:
In file included from /tmp/assist-native-allocate-ex-root-final/include/assist/common/filesystem_utf8.hpp:2:
In file included from /Applications/Xcode.app/Contents/Developer/Platforms/MacOSX.platform/Developer/SDKs/MacOSX27.2.sdk/usr/include/c++/v1/filesystem:539:
In file included from /Applications/Xcode.app/Contents/Developer/Platforms/MacOSX.platform/Developer/SDKs/MacOSX27.2.sdk/usr/include/c++/v1/__config:15:
/Applications/Xcode.app/Contents/Developer/Platforms/MacOSX.platform/Developer/SDKs/MacOSX27.2.sdk/usr/include/c++/v1/__configuration/availability.h:204:4: warning: "The selected platform is no longer supported by libc++." [-W#warnings]
  204 | #  warning "The selected platform is no longer supported by libc++."
      |    ^
1 warning generated.
[ 80%] Building CXX object CMakeFiles/assist_idalib_cli.dir/src/analysis/function_analysis_capture.cpp.o
In file included from /tmp/assist-native-allocate-ex-root-final/src/tools/builtin/solver/constraints/z3_constraints.cpp:1:
In file included from /tmp/assist-native-allocate-ex-root-final/include/assist/common/static_text_json.hpp:3:
In file included from /tmp/assist-native-allocate-ex-root-final/include/assist/common/json.hpp:76:
In file included from /tmp/assist-native-process-root-macos/_deps/json-src/include/nlohmann/json.hpp:21:
In file included from /Applications/Xcode.app/Contents/Developer/Platforms/MacOSX.platform/Developer/SDKs/MacOSX27.2.sdk/usr/include/c++/v1/algorithm:1840:
In file included from /Applications/Xcode.app/Contents/Developer/Platforms/MacOSX.platform/Developer/SDKs/MacOSX27.2.sdk/usr/include/c++/v1/__config:15:
/Applications/Xcode.app/Contents/Developer/Platforms/MacOSX.platform/Developer/SDKs/MacOSX27.2.sdk/usr/include/c++/v1/__configuration/availability.h:204:4: warning: "The selected platform is no longer supported by libc++." [-W#warnings]
  204 | #  warning "The selected platform is no longer supported by libc++."
      |    ^
1 warning generated.
[ 80%] Building CXX object CMakeFiles/assist_idalib_cli.dir/src/analysis/function_analysis_microcode.cpp.o
In file included from /tmp/assist-native-allocate-ex-root-final/src/tools/builtin/navigation/bookmarks/navigation_and_bookmarks.cpp:1:
In file included from /tmp/assist-native-allocate-ex-root-final/include/assist/common/static_text_json.hpp:3:
In file included from /tmp/assist-native-allocate-ex-root-final/include/assist/common/json.hpp:76:
In file included from /tmp/assist-native-process-root-macos/_deps/json-src/include/nlohmann/json.hpp:21:
In file included from /Applications/Xcode.app/Contents/Developer/Platforms/MacOSX.platform/Developer/SDKs/MacOSX27.2.sdk/usr/include/c++/v1/algorithm:1840:
In file included from /Applications/Xcode.app/Contents/Developer/Platforms/MacOSX.platform/Developer/SDKs/MacOSX27.2.sdk/usr/include/c++/v1/__config:15:
/Applications/Xcode.app/Contents/Developer/Platforms/MacOSX.platform/Developer/SDKs/MacOSX27.2.sdk/usr/include/c++/v1/__configuration/availability.h:204:4: warning: "The selected platform is no longer supported by libc++." [-W#warnings]
  204 | #  warning "The selected platform is no longer supported by libc++."
      |    ^
1 warning generated.
[ 80%] Building CXX object CMakeFiles/assist_idalib_cli.dir/src/analysis/chernobog/architecture.cpp.o
In file included from /tmp/assist-native-allocate-ex-root-final/src/analysis/function_analysis.cpp:1:
In file included from /tmp/assist-native-allocate-ex-root-final/src/analysis/function_analysis_internal.hpp:3:
In file included from /tmp/assist-native-allocate-ex-root-final/include/assist/analysis/function_analysis.hpp:3:
In file included from /tmp/assist-native-allocate-ex-root-final/include/assist/common/json.hpp:76:
In file included from /tmp/assist-native-process-root-macos/_deps/json-src/include/nlohmann/json.hpp:21:
In file included from /Applications/Xcode.app/Contents/Developer/Platforms/MacOSX.platform/Developer/SDKs/MacOSX27.2.sdk/usr/include/c++/v1/algorithm:1840:
In file included from /Applications/Xcode.app/Contents/Developer/Platforms/MacOSX.platform/Developer/SDKs/MacOSX27.2.sdk/usr/include/c++/v1/__config:15:
/Applications/Xcode.app/Contents/Developer/Platforms/MacOSX.platform/Developer/SDKs/MacOSX27.2.sdk/usr/include/c++/v1/__configuration/availability.h:204:4: warning: "The selected platform is no longer supported by libc++." [-W#warnings]
  204 | #  warning "The selected platform is no longer supported by libc++."
      |    ^
1 warning generated.
[ 80%] Building CXX object CMakeFiles/assist_idalib_cli.dir/src/analysis/chernobog/program_model_core.cpp.o
In file included from /tmp/assist-native-allocate-ex-root-final/src/tools/builtin/emulation/stateless/micro_emulation.cpp:1:
In file included from /tmp/assist-native-allocate-ex-root-final/include/assist/common/static_text_json.hpp:3:
In file included from /tmp/assist-native-allocate-ex-root-final/include/assist/common/json.hpp:76:
In file included from /tmp/assist-native-process-root-macos/_deps/json-src/include/nlohmann/json.hpp:21:
In file included from /Applications/Xcode.app/Contents/Developer/Platforms/MacOSX.platform/Developer/SDKs/MacOSX27.2.sdk/usr/include/c++/v1/algorithm:1840:
In file included from /Applications/Xcode.app/Contents/Developer/Platforms/MacOSX.platform/Developer/SDKs/MacOSX27.2.sdk/usr/include/c++/v1/__config:15:
/Applications/Xcode.app/Contents/Developer/Platforms/MacOSX.platform/Developer/SDKs/MacOSX27.2.sdk/usr/include/c++/v1/__configuration/availability.h:204:4: warning: "The selected platform is no longer supported by libc++." [-W#warnings]
  204 | #  warning "The selected platform is no longer supported by libc++."
      |    ^
1 warning generated.
[ 80%] Building CXX object CMakeFiles/assist_idalib_cli.dir/src/analysis/chernobog/constant_evaluator.cpp.o
In file included from /tmp/assist-native-allocate-ex-root-final/src/analysis/function_analysis_capture.cpp:2:
In file included from /tmp/assist-native-allocate-ex-root-final/src/analysis/function_analysis_internal.hpp:3:
In file included from /tmp/assist-native-allocate-ex-root-final/include/assist/analysis/function_analysis.hpp:3:
In file included from /tmp/assist-native-allocate-ex-root-final/include/assist/common/json.hpp:76:
In file included from /tmp/assist-native-process-root-macos/_deps/json-src/include/nlohmann/json.hpp:21:
In file included from /Applications/Xcode.app/Contents/Developer/Platforms/MacOSX.platform/Developer/SDKs/MacOSX27.2.sdk/usr/include/c++/v1/algorithm:1840:
In file included from /Applications/Xcode.app/Contents/Developer/Platforms/MacOSX.platform/Developer/SDKs/MacOSX27.2.sdk/usr/include/c++/v1/__config:15:
/Applications/Xcode.app/Contents/Developer/Platforms/MacOSX.platform/Developer/SDKs/MacOSX27.2.sdk/usr/include/c++/v1/__configuration/availability.h:204:4: warning: "The selected platform is no longer supported by libc++." [-W#warnings]
  204 | #  warning "The selected platform is no longer supported by libc++."
      |    ^
1 warning generated.
[ 80%] Building CXX object CMakeFiles/assist_idalib_cli.dir/src/analysis/chernobog/target_evaluator.cpp.o
In file included from /tmp/assist-native-allocate-ex-root-final/src/analysis/chernobog/architecture.cpp:8:
In file included from /tmp/assist-native-allocate-ex-root-final/src/analysis/chernobog/program_model.hpp:13:
In file included from /Applications/Xcode.app/Contents/Developer/Platforms/MacOSX.platform/Developer/SDKs/MacOSX27.2.sdk/usr/include/c++/v1/cstddef:39:
In file included from /Applications/Xcode.app/Contents/Developer/Platforms/MacOSX.platform/Developer/SDKs/MacOSX27.2.sdk/usr/include/c++/v1/__config:15:
/Applications/Xcode.app/Contents/Developer/Platforms/MacOSX.platform/Developer/SDKs/MacOSX27.2.sdk/usr/include/c++/v1/__configuration/availability.h:204:4: warning: "The selected platform is no longer supported by libc++." [-W#warnings]
  204 | #  warning "The selected platform is no longer supported by libc++."
      |    ^
1 warning generated.
[ 80%] Building CXX object CMakeFiles/assist_idalib_cli.dir/src/analysis/function_analysis_rax.cpp.o
In file included from /tmp/assist-native-allocate-ex-root-final/src/tools/builtin/system/filesystem_and_shell.cpp:1:
In file included from /tmp/assist-native-allocate-ex-root-final/include/assist/agent/claude_cli_process.hpp:8:
In file included from /Applications/Xcode.app/Contents/Developer/Platforms/MacOSX.platform/Developer/SDKs/MacOSX27.2.sdk/usr/include/c++/v1/filesystem:539:
In file included from /Applications/Xcode.app/Contents/Developer/Platforms/MacOSX.platform/Developer/SDKs/MacOSX27.2.sdk/usr/include/c++/v1/__config:15:
/Applications/Xcode.app/Contents/Developer/Platforms/MacOSX.platform/Developer/SDKs/MacOSX27.2.sdk/usr/include/c++/v1/__configuration/availability.h:204:4: warning: "The selected platform is no longer supported by libc++." [-W#warnings]
  204 | #  warning "The selected platform is no longer supported by libc++."
      |    ^
1 warning generated.
In file included from /tmp/assist-native-allocate-ex-root-final/src/analysis/chernobog/program_model_core.cpp:9:
In file included from /tmp/assist-native-allocate-ex-root-final/src/analysis/chernobog/program_model.hpp:13:
In file included from /Applications/Xcode.app/Contents/Developer/Platforms/MacOSX.platform/Developer/SDKs/MacOSX27.2.sdk/usr/include/c++/v1/cstddef:39:
In file included from /Applications/Xcode.app/Contents/Developer/Platforms/MacOSX.platform/Developer/SDKs/MacOSX27.2.sdk/usr/include/c++/v1/__config:15:
/Applications/Xcode.app/Contents/Developer/Platforms/MacOSX.platform/Developer/SDKs/MacOSX27.2.sdk/usr/include/c++/v1/__configuration/availability.h:204:4: warning: "The selected platform is no longer supported by libc++." [-W#warnings]
  204 | #  warning "The selected platform is no longer supported by libc++."
      |    ^
1 warning generated.
[ 80%] Building CXX object CMakeFiles/assist_idalib_cli.dir/src/analysis/chernobog/abi_policy.cpp.o
[ 80%] Building CXX object CMakeFiles/assist_idalib_cli.dir/src/analysis/chernobog/decoder_core.cpp.o
In file included from /tmp/assist-native-allocate-ex-root-final/src/tools/builtin/emulation/sessions/session_tools.cpp:1:
In file included from /tmp/assist-native-allocate-ex-root-final/include/assist/common/static_text_json.hpp:3:
In file included from /tmp/assist-native-allocate-ex-root-final/include/assist/common/json.hpp:76:
In file included from /tmp/assist-native-process-root-macos/_deps/json-src/include/nlohmann/json.hpp:21:
In file included from /Applications/Xcode.app/Contents/Developer/Platforms/MacOSX.platform/Developer/SDKs/MacOSX27.2.sdk/usr/include/c++/v1/algorithm:1840:
In file included from /Applications/Xcode.app/Contents/Developer/Platforms/MacOSX.platform/Developer/SDKs/MacOSX27.2.sdk/usr/include/c++/v1/__config:15:
/Applications/Xcode.app/Contents/Developer/Platforms/MacOSX.platform/Developer/SDKs/MacOSX27.2.sdk/usr/include/c++/v1/__configuration/availability.h:204:4: warning: "The selected platform is no longer supported by libc++." [-W#warnings]
  204 | #  warning "The selected platform is no longer supported by libc++."
      |    ^
1 warning generated.
In file included from /tmp/assist-native-allocate-ex-root-final/src/analysis/function_analysis_microcode.cpp:1:
In file included from /tmp/assist-native-allocate-ex-root-final/src/analysis/function_analysis_internal.hpp:3:
In file included from /tmp/assist-native-allocate-ex-root-final/include/assist/analysis/function_analysis.hpp:3:
In file included from /tmp/assist-native-allocate-ex-root-final/include/assist/common/json.hpp:76:
In file included from /tmp/assist-native-process-root-macos/_deps/json-src/include/nlohmann/json.hpp:21:
In file included from /Applications/Xcode.app/Contents/Developer/Platforms/MacOSX.platform/Developer/SDKs/MacOSX27.2.sdk/usr/include/c++/v1/algorithm:1840:
In file included from /Applications/Xcode.app/Contents/Developer/Platforms/MacOSX.platform/Developer/SDKs/MacOSX27.2.sdk/usr/include/c++/v1/__config:15:
/Applications/Xcode.app/Contents/Developer/Platforms/MacOSX.platform/Developer/SDKs/MacOSX27.2.sdk/usr/include/c++/v1/__configuration/availability.h:204:4: warning: "The selected platform is no longer supported by libc++." [-W#warnings]
  204 | #  warning "The selected platform is no longer supported by libc++."
      |    ^
1 warning generated.
[ 80%] Building CXX object CMakeFiles/assist_idalib_cli.dir/src/analysis/chernobog/emu_driver.cpp.o
[ 80%] Building CXX object CMakeFiles/assist_idalib_cli.dir/src/analysis/chernobog/smir_analysis.cpp.o
In file included from /tmp/assist-native-allocate-ex-root-final/src/analysis/function_analysis_model.cpp:1:
In file included from /tmp/assist-native-allocate-ex-root-final/src/analysis/function_analysis_internal.hpp:3:
In file included from /tmp/assist-native-allocate-ex-root-final/include/assist/analysis/function_analysis.hpp:3:
In file included from /tmp/assist-native-allocate-ex-root-final/include/assist/common/json.hpp:76:
In file included from /tmp/assist-native-process-root-macos/_deps/json-src/include/nlohmann/json.hpp:21:
In file included from /Applications/Xcode.app/Contents/Developer/Platforms/MacOSX.platform/Developer/SDKs/MacOSX27.2.sdk/usr/include/c++/v1/algorithm:1840:
In file included from /Applications/Xcode.app/Contents/Developer/Platforms/MacOSX.platform/Developer/SDKs/MacOSX27.2.sdk/usr/include/c++/v1/__config:15:
/Applications/Xcode.app/Contents/Developer/Platforms/MacOSX.platform/Developer/SDKs/MacOSX27.2.sdk/usr/include/c++/v1/__configuration/availability.h:204:4: warning: "The selected platform is no longer supported by libc++." [-W#warnings]
  204 | #  warning "The selected platform is no longer supported by libc++."
      |    ^
1 warning generated.
[ 80%] Building CXX object CMakeFiles/assist_idalib_cli.dir/src/analysis/chernobog/evidence.cpp.o
In file included from /tmp/assist-native-allocate-ex-root-final/src/analysis/chernobog/decoder_core.cpp:2:
In file included from /tmp/assist-native-allocate-ex-root-final/src/analysis/chernobog/decoder_core.hpp:13:
In file included from /Applications/Xcode.app/Contents/Developer/Platforms/MacOSX.platform/Developer/SDKs/MacOSX27.2.sdk/usr/include/c++/v1/cstddef:39:
In file included from /Applications/Xcode.app/Contents/Developer/Platforms/MacOSX.platform/Developer/SDKs/MacOSX27.2.sdk/usr/include/c++/v1/__config:15:
/Applications/Xcode.app/Contents/Developer/Platforms/MacOSX.platform/Developer/SDKs/MacOSX27.2.sdk/usr/include/c++/v1/__configuration/availability.h:204:4: warning: "The selected platform is no longer supported by libc++." [-W#warnings]
  204 | #  warning "The selected platform is no longer supported by libc++."
      |    ^
1 warning generated.
[ 80%] Building CXX object CMakeFiles/assist_idalib_cli.dir/src/analysis/chernobog/native_read_strings.cpp.o
In file included from /tmp/assist-native-allocate-ex-root-final/src/analysis/chernobog/constant_evaluator.cpp:3:
In file included from /tmp/assist-native-allocate-ex-root-final/src/analysis/chernobog/constant_evaluator.hpp:3:
In file included from /Applications/Xcode.app/Contents/Developer/Platforms/MacOSX.platform/Developer/SDKs/MacOSX27.2.sdk/usr/include/c++/v1/map:577:
In file included from /Applications/Xcode.app/Contents/Developer/Platforms/MacOSX.platform/Developer/SDKs/MacOSX27.2.sdk/usr/include/c++/v1/__algorithm/equal.h:13:
In file included from /Applications/Xcode.app/Contents/Developer/Platforms/MacOSX.platform/Developer/SDKs/MacOSX27.2.sdk/usr/include/c++/v1/__algorithm/comp.h:12:
In file included from /Applications/Xcode.app/Contents/Developer/Platforms/MacOSX.platform/Developer/SDKs/MacOSX27.2.sdk/usr/include/c++/v1/__config:15:
/Applications/Xcode.app/Contents/Developer/Platforms/MacOSX.platform/Developer/SDKs/MacOSX27.2.sdk/usr/include/c++/v1/__configuration/availability.h:204:4: warning: "The selected platform is no longer supported by libc++." [-W#warnings]
  204 | #  warning "The selected platform is no longer supported by libc++."
      |    ^
1 warning generated.
[ 80%] Building CXX object CMakeFiles/assist_idalib_cli.dir/src/analysis/chernobog/entry_state.cpp.o
In file included from /tmp/assist-native-allocate-ex-root-final/src/analysis/chernobog/smir_analysis.cpp:2:
In file included from /tmp/assist-native-allocate-ex-root-final/src/analysis/chernobog/smir_analysis.hpp:5:
In file included from /Applications/Xcode.app/Contents/Developer/Platforms/MacOSX.platform/Developer/SDKs/MacOSX27.2.sdk/usr/include/c++/v1/cstddef:39:
In file included from /Applications/Xcode.app/Contents/Developer/Platforms/MacOSX.platform/Developer/SDKs/MacOSX27.2.sdk/usr/include/c++/v1/__config:15:
/Applications/Xcode.app/Contents/Developer/Platforms/MacOSX.platform/Developer/SDKs/MacOSX27.2.sdk/usr/include/c++/v1/__configuration/availability.h:204:4: warning: "The selected platform is no longer supported by libc++." [-W#warnings]
  204 | #  warning "The selected platform is no longer supported by libc++."
      |    ^
1 warning generated.
[ 80%] Building CXX object CMakeFiles/assist_idalib_cli.dir/src/analysis/chernobog/static_analysis.cpp.o
In file included from /tmp/assist-native-allocate-ex-root-final/src/analysis/chernobog/abi_policy.cpp:2:
In file included from /tmp/assist-native-allocate-ex-root-final/src/analysis/chernobog/abi_policy.hpp:11:
In file included from /Applications/Xcode.app/Contents/Developer/Platforms/MacOSX.platform/Developer/SDKs/MacOSX27.2.sdk/usr/include/c++/v1/array:117:
In file included from /Applications/Xcode.app/Contents/Developer/Platforms/MacOSX.platform/Developer/SDKs/MacOSX27.2.sdk/usr/include/c++/v1/__algorithm/equal.h:13:
In file included from /Applications/Xcode.app/Contents/Developer/Platforms/MacOSX.platform/Developer/SDKs/MacOSX27.2.sdk/usr/include/c++/v1/__algorithm/comp.h:12:
In file included from /Applications/Xcode.app/Contents/Developer/Platforms/MacOSX.platform/Developer/SDKs/MacOSX27.2.sdk/usr/include/c++/v1/__config:15:
/Applications/Xcode.app/Contents/Developer/Platforms/MacOSX.platform/Developer/SDKs/MacOSX27.2.sdk/usr/include/c++/v1/__configuration/availability.h:204:4: warning: "The selected platform is no longer supported by libc++." [-W#warnings]
  204 | #  warning "The selected platform is no longer supported by libc++."
      |    ^
1 warning generated.
[ 80%] Building CXX object CMakeFiles/assist_idalib_cli.dir/src/analysis/chernobog/call_summary.cpp.o
In file included from /tmp/assist-native-allocate-ex-root-final/src/analysis/chernobog/target_evaluator.cpp:3:
In file included from /tmp/assist-native-allocate-ex-root-final/src/analysis/chernobog/target_evaluator.hpp:3:
In file included from /tmp/assist-native-allocate-ex-root-final/src/analysis/chernobog/constant_evaluator.hpp:3:
In file included from /Applications/Xcode.app/Contents/Developer/Platforms/MacOSX.platform/Developer/SDKs/MacOSX27.2.sdk/usr/include/c++/v1/map:577:
In file included from /Applications/Xcode.app/Contents/Developer/Platforms/MacOSX.platform/Developer/SDKs/MacOSX27.2.sdk/usr/include/c++/v1/__algorithm/equal.h:13:
In file included from /Applications/Xcode.app/Contents/Developer/Platforms/MacOSX.platform/Developer/SDKs/MacOSX27.2.sdk/usr/include/c++/v1/__algorithm/comp.h:12:
In file included from /Applications/Xcode.app/Contents/Developer/Platforms/MacOSX.platform/Developer/SDKs/MacOSX27.2.sdk/usr/include/c++/v1/__config:15:
/Applications/Xcode.app/Contents/Developer/Platforms/MacOSX.platform/Developer/SDKs/MacOSX27.2.sdk/usr/include/c++/v1/__configuration/availability.h:204:4: warning: "The selected platform is no longer supported by libc++." [-W#warnings]
  204 | #  warning "The selected platform is no longer supported by libc++."
      |    ^
1 warning generated.
[100%] Building CXX object CMakeFiles/assist_idalib_cli.dir/src/analysis/chernobog/call_summary_policy.cpp.o
In file included from /tmp/assist-native-allocate-ex-root-final/src/analysis/chernobog/static_analysis.cpp:2:
In file included from /tmp/assist-native-allocate-ex-root-final/src/analysis/chernobog/static_analysis.hpp:5:
In file included from /Applications/Xcode.app/Contents/Developer/Platforms/MacOSX.platform/Developer/SDKs/MacOSX27.2.sdk/usr/include/c++/v1/cstddef:39:
In file included from /Applications/Xcode.app/Contents/Developer/Platforms/MacOSX.platform/Developer/SDKs/MacOSX27.2.sdk/usr/include/c++/v1/__config:15:
/Applications/Xcode.app/Contents/Developer/Platforms/MacOSX.platform/Developer/SDKs/MacOSX27.2.sdk/usr/include/c++/v1/__configuration/availability.h:204:4: warning: "The selected platform is no longer supported by libc++." [-W#warnings]
  204 | #  warning "The selected platform is no longer supported by libc++."
      |    ^
1 warning generated.
[100%] Building CXX object CMakeFiles/assist_idalib_cli.dir/src/tools/frida_rpc.cpp.o
In file included from /tmp/assist-native-allocate-ex-root-final/src/analysis/chernobog/call_summary.cpp:2:
In file included from /tmp/assist-native-allocate-ex-root-final/src/analysis/chernobog/call_summary.hpp:5:
In file included from /Applications/Xcode.app/Contents/Developer/Platforms/MacOSX.platform/Developer/SDKs/MacOSX27.2.sdk/usr/include/c++/v1/cstddef:39:
In file included from /Applications/Xcode.app/Contents/Developer/Platforms/MacOSX.platform/Developer/SDKs/MacOSX27.2.sdk/usr/include/c++/v1/__config:15:
/Applications/Xcode.app/Contents/Developer/Platforms/MacOSX.platform/Developer/SDKs/MacOSX27.2.sdk/usr/include/c++/v1/__configuration/availability.h:204:4: warning: "The selected platform is no longer supported by libc++." [-W#warnings]
  204 | #  warning "The selected platform is no longer supported by libc++."
      |    ^
1 warning generated.
[100%] Building CXX object CMakeFiles/assist_idalib_cli.dir/src/tools/resident_python_process.cpp.o
In file included from /tmp/assist-native-allocate-ex-root-final/src/analysis/chernobog/entry_state.cpp:2:
In file included from /tmp/assist-native-allocate-ex-root-final/src/analysis/chernobog/entry_state.hpp:11:
In file included from /Applications/Xcode.app/Contents/Developer/Platforms/MacOSX.platform/Developer/SDKs/MacOSX27.2.sdk/usr/include/c++/v1/cstddef:39:
In file included from /Applications/Xcode.app/Contents/Developer/Platforms/MacOSX.platform/Developer/SDKs/MacOSX27.2.sdk/usr/include/c++/v1/__config:15:
/Applications/Xcode.app/Contents/Developer/Platforms/MacOSX.platform/Developer/SDKs/MacOSX27.2.sdk/usr/include/c++/v1/__configuration/availability.h:204:4: warning: "The selected platform is no longer supported by libc++." [-W#warnings]
  204 | #  warning "The selected platform is no longer supported by libc++."
      |    ^
1 warning generated.
[100%] Building CXX object CMakeFiles/assist_idalib_cli.dir/src/tools/string_cache.cpp.o
In file included from /tmp/assist-native-allocate-ex-root-final/src/analysis/chernobog/call_summary_policy.cpp:2:
In file included from /tmp/assist-native-allocate-ex-root-final/src/analysis/chernobog/call_summary_policy.hpp:5:
In file included from /Applications/Xcode.app/Contents/Developer/Platforms/MacOSX.platform/Developer/SDKs/MacOSX27.2.sdk/usr/include/c++/v1/optional:261:
In file included from /Applications/Xcode.app/Contents/Developer/Platforms/MacOSX.platform/Developer/SDKs/MacOSX27.2.sdk/usr/include/c++/v1/__assert:13:
In file included from /Applications/Xcode.app/Contents/Developer/Platforms/MacOSX.platform/Developer/SDKs/MacOSX27.2.sdk/usr/include/c++/v1/__assertion_handler:18:
In file included from /Applications/Xcode.app/Contents/Developer/Platforms/MacOSX.platform/Developer/SDKs/MacOSX27.2.sdk/usr/include/c++/v1/__config:15:
/Applications/Xcode.app/Contents/Developer/Platforms/MacOSX.platform/Developer/SDKs/MacOSX27.2.sdk/usr/include/c++/v1/__configuration/availability.h:204:4: warning: "The selected platform is no longer supported by libc++." [-W#warnings]
  204 | #  warning "The selected platform is no longer supported by libc++."
      |    ^
1 warning generated.
[100%] Building CXX object CMakeFiles/assist_idalib_cli.dir/src/context/function_diagnostics.cpp.o
In file included from /tmp/assist-native-allocate-ex-root-final/src/analysis/chernobog/emu_driver.cpp:18:
In file included from /tmp/assist-native-allocate-ex-root-final/src/analysis/chernobog/emu_driver.hpp:13:
In file included from /Applications/Xcode.app/Contents/Developer/Platforms/MacOSX.platform/Developer/SDKs/MacOSX27.2.sdk/usr/include/c++/v1/cstdint:146:
In file included from /Applications/Xcode.app/Contents/Developer/Platforms/MacOSX.platform/Developer/SDKs/MacOSX27.2.sdk/usr/include/c++/v1/__config:15:
/Applications/Xcode.app/Contents/Developer/Platforms/MacOSX.platform/Developer/SDKs/MacOSX27.2.sdk/usr/include/c++/v1/__configuration/availability.h:204:4: warning: "The selected platform is no longer supported by libc++." [-W#warnings]
  204 | #  warning "The selected platform is no longer supported by libc++."
      |    ^
1 warning generated.
[100%] Building CXX object CMakeFiles/assist_idalib_cli.dir/src/standalone/headless_selection_facts.cpp.o
In file included from /tmp/assist-native-allocate-ex-root-final/src/analysis/function_analysis_rax.cpp:2:
In file included from /tmp/assist-native-allocate-ex-root-final/src/analysis/function_analysis_internal.hpp:3:
In file included from /tmp/assist-native-allocate-ex-root-final/include/assist/analysis/function_analysis.hpp:3:
In file included from /tmp/assist-native-allocate-ex-root-final/include/assist/common/json.hpp:76:
In file included from /tmp/assist-native-process-root-macos/_deps/json-src/include/nlohmann/json.hpp:21:
In file included from /Applications/Xcode.app/Contents/Developer/Platforms/MacOSX.platform/Developer/SDKs/MacOSX27.2.sdk/usr/include/c++/v1/algorithm:1840:
In file included from /Applications/Xcode.app/Contents/Developer/Platforms/MacOSX.platform/Developer/SDKs/MacOSX27.2.sdk/usr/include/c++/v1/__config:15:
/Applications/Xcode.app/Contents/Developer/Platforms/MacOSX.platform/Developer/SDKs/MacOSX27.2.sdk/usr/include/c++/v1/__configuration/availability.h:204:4: warning: "The selected platform is no longer supported by libc++." [-W#warnings]
  204 | #  warning "The selected platform is no longer supported by libc++."
      |    ^
1 warning generated.
[100%] Building CXX object CMakeFiles/assist_idalib_cli.dir/src/standalone/headless_hex_span_facts.cpp.o
In file included from /tmp/assist-native-allocate-ex-root-final/src/analysis/chernobog/native_read_strings.cpp:3:
In file included from /tmp/assist-native-allocate-ex-root-final/src/analysis/chernobog/evidence.hpp:5:
In file included from /Applications/Xcode.app/Contents/Developer/Platforms/MacOSX.platform/Developer/SDKs/MacOSX27.2.sdk/usr/include/c++/v1/cstddef:39:
In file included from /Applications/Xcode.app/Contents/Developer/Platforms/MacOSX.platform/Developer/SDKs/MacOSX27.2.sdk/usr/include/c++/v1/__config:15:
/Applications/Xcode.app/Contents/Developer/Platforms/MacOSX.platform/Developer/SDKs/MacOSX27.2.sdk/usr/include/c++/v1/__configuration/availability.h:204:4: warning: "The selected platform is no longer supported by libc++." [-W#warnings]
  204 | #  warning "The selected platform is no longer supported by libc++."
      |    ^
1 warning generated.
[100%] Building CXX object CMakeFiles/assist_idalib_cli.dir/src/standalone/headless_context_provider.cpp.o
In file included from /tmp/assist-native-allocate-ex-root-final/src/analysis/chernobog/evidence.cpp:2:
In file included from /tmp/assist-native-allocate-ex-root-final/src/analysis/chernobog/evidence.hpp:5:
In file included from /Applications/Xcode.app/Contents/Developer/Platforms/MacOSX.platform/Developer/SDKs/MacOSX27.2.sdk/usr/include/c++/v1/cstddef:39:
In file included from /Applications/Xcode.app/Contents/Developer/Platforms/MacOSX.platform/Developer/SDKs/MacOSX27.2.sdk/usr/include/c++/v1/__config:15:
/Applications/Xcode.app/Contents/Developer/Platforms/MacOSX.platform/Developer/SDKs/MacOSX27.2.sdk/usr/include/c++/v1/__configuration/availability.h:204:4: warning: "The selected platform is no longer supported by libc++." [-W#warnings]
  204 | #  warning "The selected platform is no longer supported by libc++."
      |    ^
1 warning generated.
[100%] Building CXX object CMakeFiles/assist_idalib_cli.dir/src/assist/suggest/signal_collector.cpp.o
In file included from /tmp/assist-native-allocate-ex-root-final/src/tools/string_cache.cpp:7:
In file included from /Applications/Xcode.app/Contents/Developer/Platforms/MacOSX.platform/Developer/SDKs/MacOSX27.2.sdk/usr/include/c++/v1/algorithm:1840:
In file included from /Applications/Xcode.app/Contents/Developer/Platforms/MacOSX.platform/Developer/SDKs/MacOSX27.2.sdk/usr/include/c++/v1/__config:15:
/Applications/Xcode.app/Contents/Developer/Platforms/MacOSX.platform/Developer/SDKs/MacOSX27.2.sdk/usr/include/c++/v1/__configuration/availability.h:204:4: warning: "The selected platform is no longer supported by libc++." [-W#warnings]
  204 | #  warning "The selected platform is no longer supported by libc++."
      |    ^
1 warning generated.
[100%] Building CXX object CMakeFiles/assist_idalib_cli.dir/src/standalone/headless_vision.cpp.o
In file included from /tmp/assist-native-allocate-ex-root-final/src/tools/resident_python_process.cpp:1:
In file included from /tmp/assist-native-allocate-ex-root-final/include/assist/tools/resident_python_process.hpp:3:
In file included from /tmp/assist-native-allocate-ex-root-final/include/assist/common/json.hpp:76:
In file included from /tmp/assist-native-process-root-macos/_deps/json-src/include/nlohmann/json.hpp:21:
In file included from /Applications/Xcode.app/Contents/Developer/Platforms/MacOSX.platform/Developer/SDKs/MacOSX27.2.sdk/usr/include/c++/v1/algorithm:1840:
In file included from /Applications/Xcode.app/Contents/Developer/Platforms/MacOSX.platform/Developer/SDKs/MacOSX27.2.sdk/usr/include/c++/v1/__config:15:
/Applications/Xcode.app/Contents/Developer/Platforms/MacOSX.platform/Developer/SDKs/MacOSX27.2.sdk/usr/include/c++/v1/__configuration/availability.h:204:4: warning: "The selected platform is no longer supported by libc++." [-W#warnings]
  204 | #  warning "The selected platform is no longer supported by libc++."
      |    ^
1 warning generated.
[100%] Building CXX object CMakeFiles/assist_idalib_cli.dir/src/knowledge/knowledge_graph.cpp.o
In file included from /tmp/assist-native-allocate-ex-root-final/src/standalone/headless_hex_span_facts.cpp:1:
In file included from /tmp/assist-native-allocate-ex-root-final/src/assist/context/hex_span_facts/detail/common.hpp:3:
In file included from /tmp/assist-native-allocate-ex-root-final/include/assist/context/hex_span_facts.hpp:17:
In file included from /tmp/assist-native-allocate-ex-root-final/include/assist/context/context_provider.hpp:14:
In file included from /tmp/assist-native-allocate-ex-root-final/include/assist/common/json.hpp:76:
In file included from /tmp/assist-native-process-root-macos/_deps/json-src/include/nlohmann/json.hpp:21:
In file included from /Applications/Xcode.app/Contents/Developer/Platforms/MacOSX.platform/Developer/SDKs/MacOSX27.2.sdk/usr/include/c++/v1/algorithm:1840:
In file included from /Applications/Xcode.app/Contents/Developer/Platforms/MacOSX.platform/Developer/SDKs/MacOSX27.2.sdk/usr/include/c++/v1/__config:15:
/Applications/Xcode.app/Contents/Developer/Platforms/MacOSX.platform/Developer/SDKs/MacOSX27.2.sdk/usr/include/c++/v1/__configuration/availability.h:204:4: warning: "The selected platform is no longer supported by libc++." [-W#warnings]
  204 | #  warning "The selected platform is no longer supported by libc++."
      |    ^
1 warning generated.
In file included from /tmp/assist-native-allocate-ex-root-final/src/standalone/headless_vision.cpp:11:
In file included from /Users/int/dev/ida-sdk/src/include/pro.h:72:
In file included from /Applications/Xcode.app/Contents/Developer/Platforms/MacOSX.platform/Developer/SDKs/MacOSX27.2.sdk/usr/include/c++/v1/stdlib.h:79:
In file included from /Applications/Xcode.app/Contents/Developer/Platforms/MacOSX.platform/Developer/SDKs/MacOSX27.2.sdk/usr/include/c++/v1/__config:15:
/Applications/Xcode.app/Contents/Developer/Platforms/MacOSX.platform/Developer/SDKs/MacOSX27.2.sdk/usr/include/c++/v1/__configuration/availability.h:204:4: warning: "The selected platform is no longer supported by libc++." [-W#warnings]
  204 | #  warning "The selected platform is no longer supported by libc++."
      |    ^
1 warning generated.
[100%] Building CXX object CMakeFiles/assist_idalib_cli.dir/src/emulation/backend_factory.cpp.o
[100%] Building CXX object CMakeFiles/assist_idalib_cli.dir/src/solver/z3_solver.cpp.o
In file included from /tmp/assist-native-allocate-ex-root-final/src/tools/frida_rpc.cpp:1:
In file included from /tmp/assist-native-allocate-ex-root-final/include/assist/common/static_text_json.hpp:3:
In file included from /tmp/assist-native-allocate-ex-root-final/include/assist/common/json.hpp:76:
In file included from /tmp/assist-native-process-root-macos/_deps/json-src/include/nlohmann/json.hpp:21:
In file included from /Applications/Xcode.app/Contents/Developer/Platforms/MacOSX.platform/Developer/SDKs/MacOSX27.2.sdk/usr/include/c++/v1/algorithm:1840:
In file included from /Applications/Xcode.app/Contents/Developer/Platforms/MacOSX.platform/Developer/SDKs/MacOSX27.2.sdk/usr/include/c++/v1/__config:15:
/Applications/Xcode.app/Contents/Developer/Platforms/MacOSX.platform/Developer/SDKs/MacOSX27.2.sdk/usr/include/c++/v1/__configuration/availability.h:204:4: warning: "The selected platform is no longer supported by libc++." [-W#warnings]
  204 | #  warning "The selected platform is no longer supported by libc++."
      |    ^
1 warning generated.
[100%] Building CXX object CMakeFiles/assist_idalib_cli.dir/src/emulation/rax/librax_loader.cpp.o
In file included from /tmp/assist-native-allocate-ex-root-final/src/context/function_diagnostics.cpp:1:
In file included from /tmp/assist-native-allocate-ex-root-final/src/assist/context/function_diagnostics/detail/common.hpp:3:
In file included from /tmp/assist-native-allocate-ex-root-final/include/assist/context/function_diagnostics.hpp:3:
In file included from /tmp/assist-native-allocate-ex-root-final/include/assist/common/json.hpp:76:
In file included from /tmp/assist-native-process-root-macos/_deps/json-src/include/nlohmann/json.hpp:21:
In file included from /Applications/Xcode.app/Contents/Developer/Platforms/MacOSX.platform/Developer/SDKs/MacOSX27.2.sdk/usr/include/c++/v1/algorithm:1840:
In file included from /Applications/Xcode.app/Contents/Developer/Platforms/MacOSX.platform/Developer/SDKs/MacOSX27.2.sdk/usr/include/c++/v1/__config:15:
/Applications/Xcode.app/Contents/Developer/Platforms/MacOSX.platform/Developer/SDKs/MacOSX27.2.sdk/usr/include/c++/v1/__configuration/availability.h:204:4: warning: "The selected platform is no longer supported by libc++." [-W#warnings]
  204 | #  warning "The selected platform is no longer supported by libc++."
      |    ^
1 warning generated.
In file included from /tmp/assist-native-allocate-ex-root-final/src/standalone/headless_selection_facts.cpp:1:
In file included from /tmp/assist-native-allocate-ex-root-final/src/assist/context/selection_facts/detail/common.hpp:3:
In file included from /tmp/assist-native-allocate-ex-root-final/include/assist/context/selection_facts.hpp:3:
In file included from /tmp/assist-native-allocate-ex-root-final/include/assist/context/context_provider.hpp:14:
In file included from /tmp/assist-native-allocate-ex-root-final/include/assist/common/json.hpp:76:
In file included from /tmp/assist-native-process-root-macos/_deps/json-src/include/nlohmann/json.hpp:21:
In file included from /Applications/Xcode.app/Contents/Developer/Platforms/MacOSX.platform/Developer/SDKs/MacOSX27.2.sdk/usr/include/c++/v1/algorithm:1840:
In file included from /Applications/Xcode.app/Contents/Developer/Platforms/MacOSX.platform/Developer/SDKs/MacOSX27.2.sdk/usr/include/c++/v1/__config:15:
/Applications/Xcode.app/Contents/Developer/Platforms/MacOSX.platform/Developer/SDKs/MacOSX27.2.sdk/usr/include/c++/v1/__configuration/availability.h:204:4: warning: "The selected platform is no longer supported by libc++." [-W#warnings]
  204 | #  warning "The selected platform is no longer supported by libc++."
      |    ^
1 warning generated.
[100%] Building CXX object CMakeFiles/assist_idalib_cli.dir/src/emulation/rax/rax_process.cpp.o
[100%] Building CXX object CMakeFiles/assist_idalib_cli.dir/src/emulation/rax/rax_emulator_backend.cpp.o
In file included from /tmp/assist-native-allocate-ex-root-final/src/solver/z3_solver.cpp:1:
In file included from /tmp/assist-native-allocate-ex-root-final/src/assist/solver/z3_solver/detail/common.hpp:3:
In file included from /tmp/assist-native-allocate-ex-root-final/include/assist/solver/z3_solver.hpp:14:
In file included from /tmp/assist-native-allocate-ex-root-final/include/assist/common/json.hpp:76:
In file included from /tmp/assist-native-process-root-macos/_deps/json-src/include/nlohmann/json.hpp:21:
In file included from /Applications/Xcode.app/Contents/Developer/Platforms/MacOSX.platform/Developer/SDKs/MacOSX27.2.sdk/usr/include/c++/v1/algorithm:1840:
In file included from /Applications/Xcode.app/Contents/Developer/Platforms/MacOSX.platform/Developer/SDKs/MacOSX27.2.sdk/usr/include/c++/v1/__config:15:
/Applications/Xcode.app/Contents/Developer/Platforms/MacOSX.platform/Developer/SDKs/MacOSX27.2.sdk/usr/include/c++/v1/__configuration/availability.h:204:4: warning: "The selected platform is no longer supported by libc++." [-W#warnings]
  204 | #  warning "The selected platform is no longer supported by libc++."
      |    ^
1 warning generated.
In file included from /tmp/assist-native-allocate-ex-root-final/src/emulation/backend_factory.cpp:19:
In file included from /tmp/assist-native-allocate-ex-root-final/include/assist/emulation/capability_policy.hpp:17:
In file included from /tmp/assist-native-allocate-ex-root-final/include/assist/emulation/emulator_backend.hpp:16:
In file included from /tmp/assist-native-allocate-ex-root-final/include/assist/common/json.hpp:76:
In file included from /tmp/assist-native-process-root-macos/_deps/json-src/include/nlohmann/json.hpp:21:
In file included from /Applications/Xcode.app/Contents/Developer/Platforms/MacOSX.platform/Developer/SDKs/MacOSX27.2.sdk/usr/include/c++/v1/algorithm:1840:
In file included from /Applications/Xcode.app/Contents/Developer/Platforms/MacOSX.platform/Developer/SDKs/MacOSX27.2.sdk/usr/include/c++/v1/__config:15:
/Applications/Xcode.app/Contents/Developer/Platforms/MacOSX.platform/Developer/SDKs/MacOSX27.2.sdk/usr/include/c++/v1/__configuration/availability.h:204:4: warning: "The selected platform is no longer supported by libc++." [-W#warnings]
  204 | #  warning "The selected platform is no longer supported by libc++."
      |    ^
1 warning generated.
In file included from /tmp/assist-native-allocate-ex-root-final/src/standalone/headless_context_provider.cpp:1:
In file included from /tmp/assist-native-allocate-ex-root-final/include/assist/common/ida_ui.hpp:39:
In file included from /Applications/Xcode.app/Contents/Developer/Platforms/MacOSX.platform/Developer/SDKs/MacOSX27.2.sdk/usr/include/c++/v1/cstddef:39:
In file included from /Applications/Xcode.app/Contents/Developer/Platforms/MacOSX.platform/Developer/SDKs/MacOSX27.2.sdk/usr/include/c++/v1/__config:15:
/Applications/Xcode.app/Contents/Developer/Platforms/MacOSX.platform/Developer/SDKs/MacOSX27.2.sdk/usr/include/c++/v1/__configuration/availability.h:204:4: warning: "The selected platform is no longer supported by libc++." [-W#warnings]
  204 | #  warning "The selected platform is no longer supported by libc++."
      |    ^
1 warning generated.
In file included from /tmp/assist-native-allocate-ex-root-final/src/emulation/rax/librax_loader.cpp:6:
In file included from /tmp/assist-native-allocate-ex-root-final/include/assist/emulation/rax/librax_loader.hpp:13:
In file included from /tmp/assist-native-allocate-ex-root-final/vendor/rax/capi/include/rax.h:31:
In file included from /Applications/Xcode.app/Contents/Developer/Platforms/MacOSX.platform/Developer/SDKs/MacOSX27.2.sdk/usr/include/c++/v1/stddef.h:30:
In file included from /Applications/Xcode.app/Contents/Developer/Platforms/MacOSX.platform/Developer/SDKs/MacOSX27.2.sdk/usr/include/c++/v1/__config:15:
/Applications/Xcode.app/Contents/Developer/Platforms/MacOSX.platform/Developer/SDKs/MacOSX27.2.sdk/usr/include/c++/v1/__configuration/availability.h:204:4: warning: "The selected platform is no longer supported by libc++." [-W#warnings]
  204 | #  warning "The selected platform is no longer supported by libc++."
      |    ^
1 warning generated.
In file included from /tmp/assist-native-allocate-ex-root-final/src/assist/suggest/signal_collector.cpp:15:
In file included from /tmp/assist-native-allocate-ex-root-final/include/assist/suggest/signal_collector.hpp:23:
In file included from /tmp/assist-native-allocate-ex-root-final/include/assist/context/context_provider.hpp:14:
In file included from /tmp/assist-native-allocate-ex-root-final/include/assist/common/json.hpp:76:
In file included from /tmp/assist-native-process-root-macos/_deps/json-src/include/nlohmann/json.hpp:21:
In file included from /Applications/Xcode.app/Contents/Developer/Platforms/MacOSX.platform/Developer/SDKs/MacOSX27.2.sdk/usr/include/c++/v1/algorithm:1840:
In file included from /Applications/Xcode.app/Contents/Developer/Platforms/MacOSX.platform/Developer/SDKs/MacOSX27.2.sdk/usr/include/c++/v1/__config:15:
/Applications/Xcode.app/Contents/Developer/Platforms/MacOSX.platform/Developer/SDKs/MacOSX27.2.sdk/usr/include/c++/v1/__configuration/availability.h:204:4: warning: "The selected platform is no longer supported by libc++." [-W#warnings]
  204 | #  warning "The selected platform is no longer supported by libc++."
      |    ^
1 warning generated.
In file included from /tmp/assist-native-allocate-ex-root-final/src/emulation/rax/rax_process.cpp:1:
In file included from /tmp/assist-native-allocate-ex-root-final/include/assist/emulation/rax/rax_process.hpp:3:
In file included from /tmp/assist-native-allocate-ex-root-final/include/assist/emulation/rax/librax_loader.hpp:13:
In file included from /tmp/assist-native-allocate-ex-root-final/vendor/rax/capi/include/rax.h:31:
In file included from /Applications/Xcode.app/Contents/Developer/Platforms/MacOSX.platform/Developer/SDKs/MacOSX27.2.sdk/usr/include/c++/v1/stddef.h:30:
In file included from /Applications/Xcode.app/Contents/Developer/Platforms/MacOSX.platform/Developer/SDKs/MacOSX27.2.sdk/usr/include/c++/v1/__config:15:
/Applications/Xcode.app/Contents/Developer/Platforms/MacOSX.platform/Developer/SDKs/MacOSX27.2.sdk/usr/include/c++/v1/__configuration/availability.h:204:4: warning: "The selected platform is no longer supported by libc++." [-W#warnings]
  204 | #  warning "The selected platform is no longer supported by libc++."
      |    ^
1 warning generated.
In file included from /tmp/assist-native-allocate-ex-root-final/src/knowledge/knowledge_graph.cpp:6:
In file included from /tmp/assist-native-allocate-ex-root-final/src/assist/knowledge/knowledge_graph/detail/common.hpp:3:
In file included from /tmp/assist-native-allocate-ex-root-final/include/assist/knowledge/knowledge_graph.hpp:5:
In file included from /tmp/assist-native-allocate-ex-root-final/include/assist/common/json.hpp:76:
In file included from /tmp/assist-native-process-root-macos/_deps/json-src/include/nlohmann/json.hpp:21:
In file included from /Applications/Xcode.app/Contents/Developer/Platforms/MacOSX.platform/Developer/SDKs/MacOSX27.2.sdk/usr/include/c++/v1/algorithm:1840:
In file included from /Applications/Xcode.app/Contents/Developer/Platforms/MacOSX.platform/Developer/SDKs/MacOSX27.2.sdk/usr/include/c++/v1/__config:15:
/Applications/Xcode.app/Contents/Developer/Platforms/MacOSX.platform/Developer/SDKs/MacOSX27.2.sdk/usr/include/c++/v1/__configuration/availability.h:204:4: warning: "The selected platform is no longer supported by libc++." [-W#warnings]
  204 | #  warning "The selected platform is no longer supported by libc++."
      |    ^
1 warning generated.
In file included from /tmp/assist-native-allocate-ex-root-final/src/emulation/rax/rax_emulator_backend.cpp:1:
In file included from /tmp/assist-native-allocate-ex-root-final/include/assist/emulation/rax/rax_emulator_backend.hpp:3:
In file included from /tmp/assist-native-allocate-ex-root-final/include/assist/emulation/emulator_backend.hpp:16:
In file included from /tmp/assist-native-allocate-ex-root-final/include/assist/common/json.hpp:76:
In file included from /tmp/assist-native-process-root-macos/_deps/json-src/include/nlohmann/json.hpp:21:
In file included from /Applications/Xcode.app/Contents/Developer/Platforms/MacOSX.platform/Developer/SDKs/MacOSX27.2.sdk/usr/include/c++/v1/algorithm:1840:
In file included from /Applications/Xcode.app/Contents/Developer/Platforms/MacOSX.platform/Developer/SDKs/MacOSX27.2.sdk/usr/include/c++/v1/__config:15:
/Applications/Xcode.app/Contents/Developer/Platforms/MacOSX.platform/Developer/SDKs/MacOSX27.2.sdk/usr/include/c++/v1/__configuration/availability.h:204:4: warning: "The selected platform is no longer supported by libc++." [-W#warnings]
  204 | #  warning "The selected platform is no longer supported by libc++."
      |    ^
1 warning generated.
[100%] Linking CXX executable assist-cli
ld: warning: building for macOS-11.0, but linking with dylib '@rpath/libidalib.dylib' which was built for newer version 12.0
ld: warning: building for macOS-11.0, but linking with dylib '@rpath/libida.dylib' which was built for newer version 12.0
ld: warning: building for macOS-11.0, but linking with dylib '@rpath/libida.dylib' which was built for newer version 15.0
ld: warning: building for macOS-11.0, but linking with dylib '@rpath/libidalib.dylib' which was built for newer version 12.0
Checking protected plaintext in assist_idalib_cli
Static text scan: 1 artifacts, 0 failures
[100%] Built target assist_idalib_cli
